"Performance Index, 2023-24"
"All Districts"
"Notes:"
"The Performance Index is the average performance of students in a subject area (i.e., ELA, Mathematics or Science) on the state summative assessments."
"The Performance Index ranges from 0-100 and is reported for all students and for students in each individual student group."
"Connecticut's ultimate target for a Performance Index is 75."
"Starting with 2018-19, Connecticut began implementation of new science assessments aligned to the Next Generation Science Standards."
"Therefore, 2018-19 science performance index scores cannot be compared to those from prior years; they can serve as a baseline for future years."

"District Name","District Code","Category","Student Group","ELACount","ELAPerformanceIndex","MathCount","MathPerformanceIndex","ScienceCount","SciencePerformanceIndex"
"Andover School District","=""0010011""","All Students","District",88,72.1,88,70.4,22,70.9
"Andover School District","=""0010011""","English Language Learners (EL)","English Learners",6,"*",6,"*","*","*"
"Andover School District","=""0010011""","English Language Learners (EL)","Not English Learners",82,72.5,82,70.8,"*","*"
"Andover School District","=""0010011""","Gender","Female",45,76.0,45,70.3,9,"*"
"Andover School District","=""0010011""","Gender","Male",43,68.0,43,70.5,13,"*"
"Andover School District","=""0010011""","Grade","03",23,69.4,23,62.1,"N/A","N/A"
"Andover School District","=""0010011""","Grade","04",24,74.8,24,71.9,"N/A","N/A"
"Andover School District","=""0010011""","Grade","05",22,70.1,22,71.7,22,70.9
"Andover School District","=""0010011""","Grade","06",19,"*",19,"*","N/A","N/A"
"Andover School District","=""0010011""","High Needs (F/R, EL or SWD)","High Needs",33,63.3,33,58.9,8,"*"
"Andover School District","=""0010011""","High Needs (F/R, EL or SWD)","Not High Needs",55,77.4,55,77.2,14,"*"
"Andover School District","=""0010011""","Free/Reduced Price Meal Eligibility (2-level)","Eligible For Free Or Reduced Price Meals",26,65.2,26,61.9,6,"*"
"Andover School District","=""0010011""","Free/Reduced Price Meal Eligibility (2-level)","Not Eligible For Free Or Reduced Price Meals",62,75.0,62,73.9,16,"*"
"Andover School District","=""0010011""","Race/Ethnicity","Black or African American",0,"N/A",0,"N/A","N/A","N/A"
"Andover School District","=""0010011""","Race/Ethnicity","Hispanic or Latino","*","*","*","*","*","*"
"Andover School District","=""0010011""","Race/Ethnicity","Two or More Races","*","*","*","*","N/A","N/A"
"Andover School District","=""0010011""","Race/Ethnicity","White",74,73.0,74,71.6,"*","*"
"Andover School District","=""0010011""","Special Education Status (SWD)","Students with Disabilities",9,"*",9,"*","*","*"
"Andover School District","=""0010011""","Special Education Status (SWD)","Students without Disabilities",79,74.7,79,73.4,"*","*"
"Ansonia School District","=""0020011""","All Students","District",1217,52.2,1214,47.0,508,48.7
"Ansonia School District","=""0020011""","English Language Learners (EL)","English Learners",142,48.2,142,45.1,52,46.8
"Ansonia School District","=""0020011""","English Language Learners (EL)","Not English Learners",1075,52.7,1072,47.2,456,48.9
"Ansonia School District","=""0020011""","Gender","Female",588,54.2,586,46.7,250,48.6
"Ansonia School District","=""0020011""","Gender","Male",629,50.4,628,47.3,258,48.7
"Ansonia School District","=""0020011""","Grade","03",184,58.0,184,55.1,"N/A","N/A"
"Ansonia School District","=""0020011""","Grade","04",166,58.9,166,55.6,"N/A","N/A"
"Ansonia School District","=""0020011""","Grade","05",175,54.3,174,52.3,174,50.6
"Ansonia School District","=""0020011""","Grade","06",173,53.1,173,44.2,"N/A","N/A"
"Ansonia School District","=""0020011""","Grade","07",185,46.5,184,42.5,"N/A","N/A"
"Ansonia School District","=""0020011""","Grade","08",182,50.6,181,40.3,182,48.2
"Ansonia School District","=""0020011""","Grade","11",152,43.2,152,38.3,152,47.0
"Ansonia School District","=""0020011""","High Needs (F/R, EL or SWD)","High Needs",906,49.6,903,44.2,370,46.2
"Ansonia School District","=""0020011""","High Needs (F/R, EL or SWD)","Not High Needs",311,59.9,311,55.2,138,55.3
"Ansonia School District","=""0020011""","Free/Reduced Price Meal Eligibility (2-level)","Eligible For Free Or Reduced Price Meals",820,50.2,818,44.5,336,46.7
"Ansonia School District","=""0020011""","Free/Reduced Price Meal Eligibility (2-level)","Not Eligible For Free Or Reduced Price Meals",397,56.5,396,52.1,172,52.4
"Ansonia School District","=""0020011""","Race/Ethnicity","American Indian or Alaska Native","*","*","*","*","*","*"
"Ansonia School District","=""0020011""","Race/Ethnicity","Asian",15,"*",15,"*","*","*"
"Ansonia School District","=""0020011""","Race/Ethnicity","Black or African American",267,47.8,268,41.7,103,41.8
"Ansonia School District","=""0020011""","Race/Ethnicity","Hispanic or Latino",595,51.8,593,46.8,253,48.6
"Ansonia School District","=""0020011""","Race/Ethnicity","Native Hawaiian or Other Pacific Islander","*","*","*","*","*","*"
"Ansonia School District","=""0020011""","Race/Ethnicity","Two or More Races",68,51.7,66,44.7,26,47.2
"Ansonia School District","=""0020011""","Race/Ethnicity","White",267,57.4,267,52.7,119,55.3
"Ansonia School District","=""0020011""","Special Education Status (SWD)","Students with Disabilities",208,34.2,206,29.6,80,35.2
"Ansonia School District","=""0020011""","Special Education Status (SWD)","Students without Disabilities",1009,55.9,1008,50.5,428,51.2
"Ashford School District","=""0030011""","All Students","District",219,67.8,218,64.2,84,68.1
"Ashford School District","=""0030011""","English Language Learners (EL)","English Learners",7,"*",7,"*","*","*"
"Ashford School District","=""0030011""","English Language Learners (EL)","Not English Learners",212,68.0,211,64.2,"*","*"
"Ashford School District","=""0030011""","Gender","Female",103,70.9,102,63.8,36,69.5
"Ashford School District","=""0030011""","Gender","Male",116,65.1,116,64.6,48,67.0
"Ashford School District","=""0030011""","Grade","03",30,72.4,30,71.2,"N/A","N/A"
"Ashford School District","=""0030011""","Grade","04",36,72.0,36,69.0,"N/A","N/A"
"Ashford School District","=""0030011""","Grade","05",43,64.5,43,59.9,43,65.5
"Ashford School District","=""0030011""","Grade","06",39,67.7,39,66.7,"N/A","N/A"
"Ashford School District","=""0030011""","Grade","07",30,71.1,30,67.1,"N/A","N/A"
"Ashford School District","=""0030011""","Grade","08",41,61.9,40,54.8,41,70.8
"Ashford School District","=""0030011""","High Needs (F/R, EL or SWD)","High Needs",97,60.4,96,55.6,42,61.2
"Ashford School District","=""0030011""","High Needs (F/R, EL or SWD)","Not High Needs",122,73.7,122,71.0,42,75.0
"Ashford School District","=""0030011""","Free/Reduced Price Meal Eligibility (2-level)","Eligible For Free Or Reduced Price Meals",73,64.4,72,60.6,30,63.2
"Ashford School District","=""0030011""","Free/Reduced Price Meal Eligibility (2-level)","Not Eligible For Free Or Reduced Price Meals",146,69.5,146,66.0,54,70.9
"Ashford School District","=""0030011""","Race/Ethnicity","Asian","*","*","*","*","*","*"
"Ashford School District","=""0030011""","Race/Ethnicity","Black or African American","*","*","*","*","*","*"
"Ashford School District","=""0030011""","Race/Ethnicity","Hispanic or Latino",17,"*",16,"*",7,"*"
"Ashford School District","=""0030011""","Race/Ethnicity","Two or More Races",7,"*",7,"*","*","*"
"Ashford School District","=""0030011""","Race/Ethnicity","White",188,68.3,188,64.7,70,67.2
"Ashford School District","=""0030011""","Special Education Status (SWD)","Students with Disabilities",38,51.3,37,44.2,15,"*"
"Ashford School District","=""0030011""","Special Education Status (SWD)","Students without Disabilities",181,71.3,181,68.3,69,70.9
"Avon School District","=""0040011""","All Students","District",1638,76.6,1636,72.5,710,71.3
"Avon School District","=""0040011""","English Language Learners (EL)","English Learners",97,68.9,97,66.1,27,52.6
"Avon School District","=""0040011""","English Language Learners (EL)","Not English Learners",1541,77.1,1539,72.9,683,72.0
"Avon School District","=""0040011""","Gender","Female",864,78.0,863,71.5,361,71.2
"Avon School District","=""0040011""","Gender","Male","*","*","*","*","*","*"
"Avon School District","=""0040011""","Gender","Non-Binary","*","*","*","*","*","*"
"Avon School District","=""0040011""","Grade","03",230,74.8,230,71.5,"N/A","N/A"
"Avon School District","=""0040011""","Grade","04",240,81.5,240,76.3,"N/A","N/A"
"Avon School District","=""0040011""","Grade","05",233,75.6,232,72.9,232,71.9
"Avon School District","=""0040011""","Grade","06",205,76.6,205,73.4,"N/A","N/A"
"Avon School District","=""0040011""","Grade","07",255,80.5,254,73.9,"N/A","N/A"
"Avon School District","=""0040011""","Grade","08",247,77.6,247,73.7,247,74.6
"Avon School District","=""0040011""","Grade","11",228,69.1,228,65.2,231,67.2
"Avon School District","=""0040011""","High Needs (F/R, EL or SWD)","High Needs",408,61.0,407,55.8,173,54.2
"Avon School District","=""0040011""","High Needs (F/R, EL or SWD)","Not High Needs",1230,81.8,1229,78.0,537,76.8
"Avon School District","=""0040011""","Free/Reduced Price Meal Eligibility (2-level)","Eligible For Free Or Reduced Price Meals",210,64.2,209,57.9,96,58.4
"Avon School District","=""0040011""","Free/Reduced Price Meal Eligibility (2-level)","Not Eligible For Free Or Reduced Price Meals",1428,78.5,1427,74.6,614,73.3
"Avon School District","=""0040011""","Race/Ethnicity","American Indian or Alaska Native","*","*","*","*","*","*"
"Avon School District","=""0040011""","Race/Ethnicity","Asian",312,84.0,312,84.9,142,78.9
"Avon School District","=""0040011""","Race/Ethnicity","Black or African American",104,58.6,103,52.2,54,52.5
"Avon School District","=""0040011""","Race/Ethnicity","Hispanic or Latino",119,70.0,119,63.5,47,63.1
"Avon School District","=""0040011""","Race/Ethnicity","Native Hawaiian or Other Pacific Islander","*","*","*","*","N/A","N/A"
"Avon School District","=""0040011""","Race/Ethnicity","Two or More Races",72,82.2,72,76.4,"*","*"
"Avon School District","=""0040011""","Race/Ethnicity","White",1026,76.6,1025,71.5,433,71.4
"Avon School District","=""0040011""","Special Education Status (SWD)","Students with Disabilities",204,49.6,204,43.6,91,45.7
"Avon School District","=""0040011""","Special Education Status (SWD)","Students without Disabilities",1434,80.5,1432,76.6,619,75.1
"Barkhamsted School District","=""0050011""","All Students","District",114,69.1,114,71.4,23,69.4
"Barkhamsted School District","=""0050011""","English Language Learners (EL)","English Learners","*","*","*","*","N/A","N/A"
"Barkhamsted School District","=""0050011""","English Language Learners (EL)","Not English Learners","*","*","*","*",23,69.4
"Barkhamsted School District","=""0050011""","Gender","Female",51,71.8,51,72.5,9,"*"
"Barkhamsted School District","=""0050011""","Gender","Male",63,66.8,63,70.6,14,"*"
"Barkhamsted School District","=""0050011""","Grade","03",32,59.0,32,60.9,"N/A","N/A"
"Barkhamsted School District","=""0050011""","Grade","04",28,77.1,28,79.0,"N/A","N/A"
"Barkhamsted School District","=""0050011""","Grade","05",23,66.6,23,72.2,23,69.4
"Barkhamsted School District","=""0050011""","Grade","06",31,73.9,31,75.0,"N/A","N/A"
"Barkhamsted School District","=""0050011""","High Needs (F/R, EL or SWD)","High Needs",59,62.3,59,64.6,13,"*"
"Barkhamsted School District","=""0050011""","High Needs (F/R, EL or SWD)","Not High Needs",55,76.3,55,78.8,10,"*"
"Barkhamsted School District","=""0050011""","Free/Reduced Price Meal Eligibility (2-level)","Eligible For Free Or Reduced Price Meals",29,62.7,29,65.7,8,"*"
"Barkhamsted School District","=""0050011""","Free/Reduced Price Meal Eligibility (2-level)","Not Eligible For Free Or Reduced Price Meals",85,71.2,85,73.4,15,"*"
"Barkhamsted School District","=""0050011""","Race/Ethnicity","Black or African American","*","*","*","*","N/A","N/A"
"Barkhamsted School District","=""0050011""","Race/Ethnicity","Hispanic or Latino",8,"*",8,"*","N/A","N/A"
"Barkhamsted School District","=""0050011""","Race/Ethnicity","Two or More Races","*","*","*","*","*","*"
"Barkhamsted School District","=""0050011""","Race/Ethnicity","White",98,69.5,98,72.3,"*","*"
"Barkhamsted School District","=""0050011""","Special Education Status (SWD)","Students with Disabilities",38,58.9,38,59.6,7,"*"
"Barkhamsted School District","=""0050011""","Special Education Status (SWD)","Students without Disabilities",76,74.1,76,77.4,16,"*"
"Berlin School District","=""0070011""","All Students","District",1374,70.3,1373,68.6,629,70.0
"Berlin School District","=""0070011""","English Language Learners (EL)","English Learners",109,63.5,109,65.5,43,60.1
"Berlin School District","=""0070011""","English Language Learners (EL)","Not English Learners",1265,70.9,1264,68.8,586,70.7
"Berlin School District","=""0070011""","Gender","Female",670,71.3,671,66.9,299,68.3
"Berlin School District","=""0070011""","Gender","Male",704,69.3,702,70.2,330,71.5
"Berlin School District","=""0070011""","Grade","03",181,73.0,181,69.2,"N/A","N/A"
"Berlin School District","=""0070011""","Grade","04",182,77.8,182,77.2,"N/A","N/A"
"Berlin School District","=""0070011""","Grade","05",196,70.5,196,69.4,196,68.7
"Berlin School District","=""0070011""","Grade","06",199,76.4,199,73.6,"N/A","N/A"
"Berlin School District","=""0070011""","Grade","07",181,72.8,181,72.2,"N/A","N/A"
"Berlin School District","=""0070011""","Grade","08",199,65.9,198,67.1,201,67.6
"Berlin School District","=""0070011""","Grade","11",236,59.0,236,54.9,232,73.1
"Berlin School District","=""0070011""","High Needs (F/R, EL or SWD)","High Needs",505,61.6,506,58.5,220,58.6
"Berlin School District","=""0070011""","High Needs (F/R, EL or SWD)","Not High Needs",869,75.4,867,74.5,409,76.1
"Berlin School District","=""0070011""","Free/Reduced Price Meal Eligibility (2-level)","Eligible For Free Or Reduced Price Meals",342,63.8,343,60.3,148,61.5
"Berlin School District","=""0070011""","Free/Reduced Price Meal Eligibility (2-level)","Not Eligible For Free Or Reduced Price Meals",1032,72.4,1030,71.3,481,72.6
"Berlin School District","=""0070011""","Race/Ethnicity","Asian",58,76.0,58,77.1,23,78.8
"Berlin School District","=""0070011""","Race/Ethnicity","Black or African American",40,61.0,40,57.9,17,"*"
"Berlin School District","=""0070011""","Race/Ethnicity","Hispanic or Latino",176,63.2,176,59.1,73,57.6
"Berlin School District","=""0070011""","Race/Ethnicity","Two or More Races",35,76.2,35,73.2,12,"*"
"Berlin School District","=""0070011""","Race/Ethnicity","White",1065,71.3,1064,69.9,504,71.8
"Berlin School District","=""0070011""","Special Education Status (SWD)","Students with Disabilities",201,48.7,200,43.2,94,44.2
"Berlin School District","=""0070011""","Special Education Status (SWD)","Students without Disabilities",1173,74.0,1173,72.9,535,74.5
"Bethany School District","=""0080011""","All Students","District",250,81.7,250,78.0,59,80.1
"Bethany School District","=""0080011""","English Language Learners (EL)","English Learners",22,72.3,22,72.2,"*","*"
"Bethany School District","=""0080011""","English Language Learners (EL)","Not English Learners",228,82.6,228,78.5,"*","*"
"Bethany School District","=""0080011""","Gender","Female",119,84.1,119,77.6,32,80.3
"Bethany School District","=""0080011""","Gender","Male",131,79.6,131,78.3,27,79.9
"Bethany School District","=""0080011""","Grade","03",53,75.0,53,71.7,"N/A","N/A"
"Bethany School District","=""0080011""","Grade","04",76,83.2,76,79.6,"N/A","N/A"
"Bethany School District","=""0080011""","Grade","05",59,86.6,59,80.9,59,80.1
"Bethany School District","=""0080011""","Grade","06",62,81.1,62,78.5,"N/A","N/A"
"Bethany School District","=""0080011""","High Needs (F/R, EL or SWD)","High Needs",80,72.2,80,68.1,12,"*"
"Bethany School District","=""0080011""","High Needs (F/R, EL or SWD)","Not High Needs",170,86.2,170,82.6,47,81.7
"Bethany School District","=""0080011""","Free/Reduced Price Meal Eligibility (2-level)","Eligible For Free Or Reduced Price Meals",32,71.7,32,66.6,8,"*"
"Bethany School District","=""0080011""","Free/Reduced Price Meal Eligibility (2-level)","Not Eligible For Free Or Reduced Price Meals",218,83.2,218,79.6,51,81.5
"Bethany School District","=""0080011""","Race/Ethnicity","American Indian or Alaska Native","*","*","*","*","*","*"
"Bethany School District","=""0080011""","Race/Ethnicity","Asian",21,91.8,21,91.7,"*","*"
"Bethany School District","=""0080011""","Race/Ethnicity","Black or African American","*","*","*","*","*","*"
"Bethany School District","=""0080011""","Race/Ethnicity","Hispanic or Latino",26,70.5,26,70.3,"*","*"
"Bethany School District","=""0080011""","Race/Ethnicity","Two or More Races","*","*","*","*","*","*"
"Bethany School District","=""0080011""","Race/Ethnicity","White",193,81.9,193,77.2,47,78.4
"Bethany School District","=""0080011""","Special Education Status (SWD)","Students with Disabilities",44,69.1,44,63.4,"*","*"
"Bethany School District","=""0080011""","Special Education Status (SWD)","Students without Disabilities",206,84.4,206,81.1,"*","*"
"Bethel School District","=""0090011""","All Students","District",1667,69.1,1666,68.5,754,73.1
"Bethel School District","=""0090011""","English Language Learners (EL)","English Learners",206,55.2,205,58.9,75,58.9
"Bethel School District","=""0090011""","English Language Learners (EL)","Not English Learners",1461,71.1,1461,69.8,679,74.7
"Bethel School District","=""0090011""","Gender","Female","*","*","*","*","*","*"
"Bethel School District","=""0090011""","Gender","Male",854,67.9,853,70.0,389,73.2
"Bethel School District","=""0090011""","Gender","Non-Binary","*","*","*","*","*","*"
"Bethel School District","=""0090011""","Grade","03",202,70.2,202,66.4,"N/A","N/A"
"Bethel School District","=""0090011""","Grade","04",232,74.6,232,74.1,"N/A","N/A"
"Bethel School District","=""0090011""","Grade","05",226,74.4,226,73.4,226,75.7
"Bethel School District","=""0090011""","Grade","06",245,71.7,245,68.8,"N/A","N/A"
"Bethel School District","=""0090011""","Grade","07",243,66.9,242,68.1,"N/A","N/A"
"Bethel School District","=""0090011""","Grade","08",251,69.0,251,73.1,250,69.5
"Bethel School District","=""0090011""","Grade","11",268,58.9,268,56.8,278,74.2
"Bethel School District","=""0090011""","High Needs (F/R, EL or SWD)","High Needs",718,59.7,717,59.2,300,61.8
"Bethel School District","=""0090011""","High Needs (F/R, EL or SWD)","Not High Needs",949,76.3,949,75.5,454,80.5
"Bethel School District","=""0090011""","Free/Reduced Price Meal Eligibility (2-level)","Eligible For Free Or Reduced Price Meals",528,61.3,528,60.4,224,63.6
"Bethel School District","=""0090011""","Free/Reduced Price Meal Eligibility (2-level)","Not Eligible For Free Or Reduced Price Meals",1139,72.7,1138,72.2,530,77.1
"Bethel School District","=""0090011""","Race/Ethnicity","American Indian or Alaska Native","*","*","*","*","*","*"
"Bethel School District","=""0090011""","Race/Ethnicity","Asian",128,81.3,127,84.3,52,79.1
"Bethel School District","=""0090011""","Race/Ethnicity","Black or African American",78,63.1,78,60.3,33,59.2
"Bethel School District","=""0090011""","Race/Ethnicity","Hispanic or Latino",450,63.0,450,61.5,204,65.6
"Bethel School District","=""0090011""","Race/Ethnicity","Native Hawaiian or Other Pacific Islander","*","*","*","*","*","*"
"Bethel School District","=""0090011""","Race/Ethnicity","Two or More Races",71,73.6,71,71.7,26,72.6
"Bethel School District","=""0090011""","Race/Ethnicity","White",913,71.1,913,70.5,427,77.6
"Bethel School District","=""0090011""","Special Education Status (SWD)","Students with Disabilities",223,49.8,222,46.3,88,49.3
"Bethel School District","=""0090011""","Special Education Status (SWD)","Students without Disabilities",1444,72.1,1444,71.9,666,76.2
"Bloomfield School District","=""0110011""","All Students","District",856,55.0,854,49.5,421,52.3
"Bloomfield School District","=""0110011""","English Language Learners (EL)","English Learners",63,47.4,63,42.3,26,42.0
"Bloomfield School District","=""0110011""","English Language Learners (EL)","Not English Learners",793,55.6,791,50.1,395,53.0
"Bloomfield School District","=""0110011""","Gender","Female","*","*","*","*",219,52.4
"Bloomfield School District","=""0110011""","Gender","Male",434,53.1,433,49.8,"*","*"
"Bloomfield School District","=""0110011""","Gender","Non-Binary","*","*","*","*","*","*"
"Bloomfield School District","=""0110011""","Grade","03",87,61.7,86,56.8,"N/A","N/A"
"Bloomfield School District","=""0110011""","Grade","04",99,66.2,99,63.8,"N/A","N/A"
"Bloomfield School District","=""0110011""","Grade","05",107,57.8,107,52.8,107,57.8
"Bloomfield School District","=""0110011""","Grade","06",127,57.5,127,47.7,"N/A","N/A"
"Bloomfield School District","=""0110011""","Grade","07",116,58.4,115,51.3,"N/A","N/A"
"Bloomfield School District","=""0110011""","Grade","08",157,49.4,157,45.6,158,50.3
"Bloomfield School District","=""0110011""","Grade","11",163,43.7,163,38.8,156,50.6
"Bloomfield School District","=""0110011""","High Needs (F/R, EL or SWD)","High Needs",548,50.0,546,44.9,273,47.6
"Bloomfield School District","=""0110011""","High Needs (F/R, EL or SWD)","Not High Needs",308,64.0,308,57.6,148,61.0
"Bloomfield School District","=""0110011""","Free/Reduced Price Meal Eligibility (2-level)","Eligible For Free Or Reduced Price Meals",442,51.3,440,45.8,223,48.9
"Bloomfield School District","=""0110011""","Free/Reduced Price Meal Eligibility (2-level)","Not Eligible For Free Or Reduced Price Meals",414,59.0,414,53.4,198,56.2
"Bloomfield School District","=""0110011""","Race/Ethnicity","American Indian or Alaska Native","*","*","*","*","N/A","N/A"
"Bloomfield School District","=""0110011""","Race/Ethnicity","Asian",12,"*",12,"*","*","*"
"Bloomfield School District","=""0110011""","Race/Ethnicity","Black or African American",624,56.0,623,50.0,309,53.8
"Bloomfield School District","=""0110011""","Race/Ethnicity","Hispanic or Latino",142,49.4,142,45.7,71,43.7
"Bloomfield School District","=""0110011""","Race/Ethnicity","Native Hawaiian or Other Pacific Islander","*","*","*","*","N/A","N/A"
"Bloomfield School District","=""0110011""","Race/Ethnicity","Two or More Races",40,52.9,40,48.7,19,"*"
"Bloomfield School District","=""0110011""","Race/Ethnicity","White",34,60.6,33,53.2,19,"*"
"Bloomfield School District","=""0110011""","Special Education Status (SWD)","Students with Disabilities",196,39.1,195,34.1,102,38.4
"Bloomfield School District","=""0110011""","Special Education Status (SWD)","Students without Disabilities",660,59.7,659,54.1,319,56.8
"Bolton School District","=""0120011""","All Students","District",357,71.4,357,68.8,159,72.7
"Bolton School District","=""0120011""","English Language Learners (EL)","English Learners","*","*","*","*","N/A","N/A"
"Bolton School District","=""0120011""","English Language Learners (EL)","Not English Learners","*","*","*","*",159,72.7
"Bolton School District","=""0120011""","Gender","Female",174,75.5,174,71.0,71,73.8
"Bolton School District","=""0120011""","Gender","Male",183,67.6,183,66.8,88,71.9
"Bolton School District","=""0120011""","Grade","03",49,76.4,49,78.6,"N/A","N/A"
"Bolton School District","=""0120011""","Grade","04",47,74.9,47,73.6,"N/A","N/A"
"Bolton School District","=""0120011""","Grade","05",56,72.2,56,67.7,56,72.1
"Bolton School District","=""0120011""","Grade","06",53,71.8,53,66.8,"N/A","N/A"
"Bolton School District","=""0120011""","Grade","07",49,75.2,49,72.9,"N/A","N/A"
"Bolton School District","=""0120011""","Grade","08",55,68.0,55,63.7,55,72.6
"Bolton School District","=""0120011""","Grade","11",48,61.6,48,59.6,48,73.5
"Bolton School District","=""0120011""","High Needs (F/R, EL or SWD)","High Needs",110,55.8,110,51.5,52,58.4
"Bolton School District","=""0120011""","High Needs (F/R, EL or SWD)","Not High Needs",247,78.4,247,76.6,107,79.7
"Bolton School District","=""0120011""","Free/Reduced Price Meal Eligibility (2-level)","Eligible For Free Or Reduced Price Meals",92,55.7,92,51.8,46,58.6
"Bolton School District","=""0120011""","Free/Reduced Price Meal Eligibility (2-level)","Not Eligible For Free Or Reduced Price Meals",265,76.9,265,74.8,113,78.5
"Bolton School District","=""0120011""","Race/Ethnicity","Asian",10,"*",10,"*","*","*"
"Bolton School District","=""0120011""","Race/Ethnicity","Black or African American",18,"*",18,"*",9,"*"
"Bolton School District","=""0120011""","Race/Ethnicity","Hispanic or Latino",44,70.3,44,64.7,21,67.7
"Bolton School District","=""0120011""","Race/Ethnicity","Two or More Races",21,64.2,21,61.3,"*","*"
"Bolton School District","=""0120011""","Race/Ethnicity","White",264,73.2,264,71.1,117,75.1
"Bolton School District","=""0120011""","Special Education Status (SWD)","Students with Disabilities",43,46.9,43,40.2,19,"*"
"Bolton School District","=""0120011""","Special Education Status (SWD)","Students without Disabilities",314,74.8,314,72.8,140,76.1
"Bozrah School District","=""0130011""","All Students","District",97,68.6,97,69.1,29,69.6
"Bozrah School District","=""0130011""","English Language Learners (EL)","English Learners","*","*","*","*","*","*"
"Bozrah School District","=""0130011""","English Language Learners (EL)","Not English Learners","*","*","*","*","*","*"
"Bozrah School District","=""0130011""","Gender","Female",41,69.6,41,69.8,13,"*"
"Bozrah School District","=""0130011""","Gender","Male",56,67.9,56,68.5,16,"*"
"Bozrah School District","=""0130011""","Grade","03",16,"*",16,"*","N/A","N/A"
"Bozrah School District","=""0130011""","Grade","04",15,"*",15,"*","N/A","N/A"
"Bozrah School District","=""0130011""","Grade","05",14,"*",14,"*",14,"*"
"Bozrah School District","=""0130011""","Grade","06",20,64.4,20,62.4,"N/A","N/A"
"Bozrah School District","=""0130011""","Grade","07",17,"*",17,"*","N/A","N/A"
"Bozrah School District","=""0130011""","Grade","08",15,"*",15,"*",15,"*"
"Bozrah School District","=""0130011""","High Needs (F/R, EL or SWD)","High Needs",50,61.0,50,61.5,16,"*"
"Bozrah School District","=""0130011""","High Needs (F/R, EL or SWD)","Not High Needs",47,76.8,47,77.1,13,"*"
"Bozrah School District","=""0130011""","Free/Reduced Price Meal Eligibility (2-level)","Eligible For Free Or Reduced Price Meals",38,62.4,38,64.6,15,"*"
"Bozrah School District","=""0130011""","Free/Reduced Price Meal Eligibility (2-level)","Not Eligible For Free Or Reduced Price Meals",59,72.6,59,71.9,14,"*"
"Bozrah School District","=""0130011""","Race/Ethnicity","Asian","*","*","*","*","N/A","N/A"
"Bozrah School District","=""0130011""","Race/Ethnicity","Black or African American","*","*","*","*","N/A","N/A"
"Bozrah School District","=""0130011""","Race/Ethnicity","Hispanic or Latino",14,"*",14,"*","*","*"
"Bozrah School District","=""0130011""","Race/Ethnicity","Two or More Races",8,"*",8,"*","*","*"
"Bozrah School District","=""0130011""","Race/Ethnicity","White",73,71.5,73,71.5,21,73.9
"Bozrah School District","=""0130011""","Special Education Status (SWD)","Students with Disabilities",19,"*",19,"*","*","*"
"Bozrah School District","=""0130011""","Special Education Status (SWD)","Students without Disabilities",78,73.4,78,74.2,"*","*"
"Branford School District","=""0140011""","All Students","District",1300,67.4,1290,65.1,580,62.7
"Branford School District","=""0140011""","English Language Learners (EL)","English Learners",143,64.9,140,64.2,50,57.9
"Branford School District","=""0140011""","English Language Learners (EL)","Not English Learners",1157,67.8,1150,65.2,530,63.1
"Branford School District","=""0140011""","Gender","Female","*","*","*","*","*","*"
"Branford School District","=""0140011""","Gender","Male",663,65.5,658,64.9,301,62.8
"Branford School District","=""0140011""","Gender","Non-Binary","*","*","*","*","*","*"
"Branford School District","=""0140011""","Grade","03",174,74.7,174,72.2,"N/A","N/A"
"Branford School District","=""0140011""","Grade","04",169,73.1,169,68.5,"N/A","N/A"
"Branford School District","=""0140011""","Grade","05",205,69.9,205,71.6,199,67.6
"Branford School District","=""0140011""","Grade","06",172,71.5,170,67.2,"N/A","N/A"
"Branford School District","=""0140011""","Grade","07",195,66.8,191,63.7,"N/A","N/A"
"Branford School District","=""0140011""","Grade","08",197,61.5,193,60.7,198,62.9
"Branford School District","=""0140011""","Grade","11",188,56.1,188,52.2,183,57.2
"Branford School District","=""0140011""","High Needs (F/R, EL or SWD)","High Needs",608,60.1,599,57.6,245,54.4
"Branford School District","=""0140011""","High Needs (F/R, EL or SWD)","Not High Needs",692,73.9,691,71.6,335,68.7
"Branford School District","=""0140011""","Free/Reduced Price Meal Eligibility (2-level)","Eligible For Free Or Reduced Price Meals",463,61.2,460,58.4,185,55.5
"Branford School District","=""0140011""","Free/Reduced Price Meal Eligibility (2-level)","Not Eligible For Free Or Reduced Price Meals",837,70.9,830,68.7,395,66.1
"Branford School District","=""0140011""","Race/Ethnicity","American Indian or Alaska Native","*","*","*","*","*","*"
"Branford School District","=""0140011""","Race/Ethnicity","Asian",81,72.6,80,76.1,36,71.2
"Branford School District","=""0140011""","Race/Ethnicity","Black or African American",66,58.7,65,55.2,36,53.5
"Branford School District","=""0140011""","Race/Ethnicity","Hispanic or Latino",209,62.6,207,58.7,83,60.6
"Branford School District","=""0140011""","Race/Ethnicity","Native Hawaiian or Other Pacific Islander","*","*","*","*","N/A","N/A"
"Branford School District","=""0140011""","Race/Ethnicity","Two or More Races",73,69.8,72,67.2,37,63.1
"Branford School District","=""0140011""","Race/Ethnicity","White",866,68.6,862,66.1,387,63.3
"Branford School District","=""0140011""","Special Education Status (SWD)","Students with Disabilities",195,47.6,190,43.7,92,45.2
"Branford School District","=""0140011""","Special Education Status (SWD)","Students without Disabilities",1105,70.9,1100,68.8,488,66.0
"Bridgeport School District","=""0150011""","All Students","District",8747,49.0,8725,43.0,3566,46.4
"Bridgeport School District","=""0150011""","English Language Learners (EL)","English Learners",2594,42.6,2590,40.1,1008,41.1
"Bridgeport School District","=""0150011""","English Language Learners (EL)","Not English Learners",6153,51.7,6135,44.1,2558,48.5
"Bridgeport School District","=""0150011""","Gender","Female","*","*","*","*","*","*"
"Bridgeport School District","=""0150011""","Gender","Male",4543,47.8,4530,43.8,1866,47.0
"Bridgeport School District","=""0150011""","Gender","Non-Binary","*","*","*","*","*","*"
"Bridgeport School District","=""0150011""","Grade","03",1283,51.1,1278,44.0,"N/A","N/A"
"Bridgeport School District","=""0150011""","Grade","04",1282,53.4,1282,47.6,"N/A","N/A"
"Bridgeport School District","=""0150011""","Grade","05",1296,47.8,1293,45.9,1292,48.3
"Bridgeport School District","=""0150011""","Grade","06",1341,52.3,1337,43.6,"N/A","N/A"
"Bridgeport School District","=""0150011""","Grade","07",1273,50.1,1266,43.6,"N/A","N/A"
"Bridgeport School District","=""0150011""","Grade","08",1255,45.9,1253,39.0,1248,48.1
"Bridgeport School District","=""0150011""","Grade","11",1017,40.6,1016,35.3,1026,41.8
"Bridgeport School District","=""0150011""","High Needs (F/R, EL or SWD)","High Needs",8039,47.8,8017,41.9,3233,45.2
"Bridgeport School District","=""0150011""","High Needs (F/R, EL or SWD)","Not High Needs",708,62.8,708,54.4,333,58.1
"Bridgeport School District","=""0150011""","Free/Reduced Price Meal Eligibility (2-level)","Eligible For Free Or Reduced Price Meals",7706,48.0,7685,42.0,3089,45.4
"Bridgeport School District","=""0150011""","Free/Reduced Price Meal Eligibility (2-level)","Not Eligible For Free Or Reduced Price Meals",1041,56.4,1040,49.6,477,52.7
"Bridgeport School District","=""0150011""","Race/Ethnicity","American Indian or Alaska Native",50,55.2,50,48.1,30,55.7
"Bridgeport School District","=""0150011""","Race/Ethnicity","Asian",176,64.7,176,59.2,95,59.4
"Bridgeport School District","=""0150011""","Race/Ethnicity","Black or African American",2539,48.1,2530,40.5,1055,43.9
"Bridgeport School District","=""0150011""","Race/Ethnicity","Hispanic or Latino",4937,47.8,4929,42.7,1969,45.5
"Bridgeport School District","=""0150011""","Race/Ethnicity","Native Hawaiian or Other Pacific Islander",16,"*",16,"*",8,"*"
"Bridgeport School District","=""0150011""","Race/Ethnicity","Two or More Races",163,52.4,160,45.5,50,45.8
"Bridgeport School District","=""0150011""","Race/Ethnicity","White",866,53.9,864,47.6,359,54.6
"Bridgeport School District","=""0150011""","Special Education Status (SWD)","Students with Disabilities",1854,35.4,1846,29.6,775,34.3
"Bridgeport School District","=""0150011""","Special Education Status (SWD)","Students without Disabilities",6893,52.7,6879,46.5,2791,49.8
"Bristol School District","=""0170011""","All Students","District",3762,62.8,3771,58.6,1625,61.1
"Bristol School District","=""0170011""","English Language Learners (EL)","English Learners",309,54.4,309,51.0,127,50.4
"Bristol School District","=""0170011""","English Language Learners (EL)","Not English Learners",3453,63.6,3462,59.3,1498,62.0
"Bristol School District","=""0170011""","Gender","Female",1882,64.3,1889,57.7,815,60.9
"Bristol School District","=""0170011""","Gender","Male","*","*","*","*","*","*"
"Bristol School District","=""0170011""","Gender","Non-Binary","*","*","*","*","*","*"
"Bristol School District","=""0170011""","Grade","03",471,69.7,478,62.3,"N/A","N/A"
"Bristol School District","=""0170011""","Grade","04",554,70.4,569,65.4,"N/A","N/A"
"Bristol School District","=""0170011""","Grade","05",493,66.1,493,66.1,496,63.6
"Bristol School District","=""0170011""","Grade","06",549,67.5,546,61.7,"N/A","N/A"
"Bristol School District","=""0170011""","Grade","07",553,63.8,546,56.9,"N/A","N/A"
"Bristol School District","=""0170011""","Grade","08",581,56.8,578,54.7,580,59.8
"Bristol School District","=""0170011""","Grade","11",561,47.6,561,44.9,549,60.3
"Bristol School District","=""0170011""","High Needs (F/R, EL or SWD)","High Needs",2396,58.0,2393,53.1,1006,55.6
"Bristol School District","=""0170011""","High Needs (F/R, EL or SWD)","Not High Needs",1366,71.4,1378,68.3,619,70.1
"Bristol School District","=""0170011""","Free/Reduced Price Meal Eligibility (2-level)","Eligible For Free Or Reduced Price Meals",2096,59.2,2095,53.8,857,56.6
"Bristol School District","=""0170011""","Free/Reduced Price Meal Eligibility (2-level)","Not Eligible For Free Or Reduced Price Meals",1666,67.4,1676,64.7,768,66.2
"Bristol School District","=""0170011""","Race/Ethnicity","American Indian or Alaska Native","*","*","*","*","*","*"
"Bristol School District","=""0170011""","Race/Ethnicity","Asian",116,66.6,115,64.4,"*","*"
"Bristol School District","=""0170011""","Race/Ethnicity","Black or African American",337,60.1,338,52.8,140,56.9
"Bristol School District","=""0170011""","Race/Ethnicity","Hispanic or Latino",1387,57.5,1386,52.9,597,54.8
"Bristol School District","=""0170011""","Race/Ethnicity","Native Hawaiian or Other Pacific Islander","*","*","*","*","N/A","N/A"
"Bristol School District","=""0170011""","Race/Ethnicity","Two or More Races",212,61.8,214,56.7,101,60.8
"Bristol School District","=""0170011""","Race/Ethnicity","White",1704,67.6,1712,64.3,740,67.0
"Bristol School District","=""0170011""","Special Education Status (SWD)","Students with Disabilities",742,43.5,732,38.2,332,42.6
"Bristol School District","=""0170011""","Special Education Status (SWD)","Students without Disabilities",3020,67.6,3039,63.6,1293,65.9
"Brookfield School District","=""0180011""","All Students","District",1301,71.1,1297,66.6,566,70.3
"Brookfield School District","=""0180011""","English Language Learners (EL)","English Learners",106,56.8,106,54.7,43,53.7
"Brookfield School District","=""0180011""","English Language Learners (EL)","Not English Learners",1195,72.3,1191,67.7,523,71.6
"Brookfield School District","=""0180011""","Gender","Female",632,72.3,629,65.5,280,68.8
"Brookfield School District","=""0180011""","Gender","Male",669,69.8,668,67.7,286,71.7
"Brookfield School District","=""0180011""","Grade","03",171,68.4,170,65.3,"N/A","N/A"
"Brookfield School District","=""0180011""","Grade","04",183,74.6,183,72.5,"N/A","N/A"
"Brookfield School District","=""0180011""","Grade","05",177,72.2,177,63.9,177,72.8
"Brookfield School District","=""0180011""","Grade","06",188,77.8,188,73.3,"N/A","N/A"
"Brookfield School District","=""0180011""","Grade","07",190,71.9,190,68.5,"N/A","N/A"
"Brookfield School District","=""0180011""","Grade","08",173,72.6,170,68.2,170,72.3
"Brookfield School District","=""0180011""","Grade","11",219,61.5,219,56.5,219,66.6
"Brookfield School District","=""0180011""","High Needs (F/R, EL or SWD)","High Needs",446,60.1,443,55.7,196,55.6
"Brookfield School District","=""0180011""","High Needs (F/R, EL or SWD)","Not High Needs",855,76.8,854,72.3,370,78.0
"Brookfield School District","=""0180011""","Free/Reduced Price Meal Eligibility (2-level)","Eligible For Free Or Reduced Price Meals",306,62.0,304,58.0,132,57.3
"Brookfield School District","=""0180011""","Free/Reduced Price Meal Eligibility (2-level)","Not Eligible For Free Or Reduced Price Meals",995,73.8,993,69.3,434,74.2
"Brookfield School District","=""0180011""","Race/Ethnicity","American Indian or Alaska Native",17,"*",17,"*",6,"*"
"Brookfield School District","=""0180011""","Race/Ethnicity","Asian",111,77.7,111,77.6,48,77.0
"Brookfield School District","=""0180011""","Race/Ethnicity","Black or African American",57,70.7,57,64.1,19,"*"
"Brookfield School District","=""0180011""","Race/Ethnicity","Hispanic or Latino",199,63.1,198,58.8,89,63.4
"Brookfield School District","=""0180011""","Race/Ethnicity","Two or More Races",0,"N/A",0,"N/A","N/A","N/A"
"Brookfield School District","=""0180011""","Race/Ethnicity","White",917,72.1,914,67.2,404,71.7
"Brookfield School District","=""0180011""","Special Education Status (SWD)","Students with Disabilities",187,51.2,186,44.1,97,46.9
"Brookfield School District","=""0180011""","Special Education Status (SWD)","Students without Disabilities",1114,74.4,1111,70.4,469,75.1
"Brooklyn School District","=""0190011""","All Students","District",550,68.7,550,63.0,193,66.2
"Brooklyn School District","=""0190011""","English Language Learners (EL)","English Learners",17,"*",17,"*",7,"*"
"Brooklyn School District","=""0190011""","English Language Learners (EL)","Not English Learners",533,68.9,533,63.1,186,66.1
"Brooklyn School District","=""0190011""","Gender","Female",293,70.8,293,61.6,96,68.8
"Brooklyn School District","=""0190011""","Gender","Male",257,66.2,257,64.5,97,63.6
"Brooklyn School District","=""0190011""","Grade","03",87,69.7,87,67.0,"N/A","N/A"
"Brooklyn School District","=""0190011""","Grade","04",100,68.8,100,67.9,"N/A","N/A"
"Brooklyn School District","=""0190011""","Grade","05",95,66.9,95,62.5,"*","*"
"Brooklyn School District","=""0190011""","Grade","06",88,78.1,88,64.0,"N/A","N/A"
"Brooklyn School District","=""0190011""","Grade","07","*","*","*","*","N/A","N/A"
"Brooklyn School District","=""0190011""","Grade","08",97,63.0,97,57.0,97,64.2
"Brooklyn School District","=""0190011""","Grade","11","*","*","*","*","*","*"
"Brooklyn School District","=""0190011""","High Needs (F/R, EL or SWD)","High Needs",253,61.0,253,55.2,95,61.7
"Brooklyn School District","=""0190011""","High Needs (F/R, EL or SWD)","Not High Needs",297,75.2,297,69.6,98,70.5
"Brooklyn School District","=""0190011""","Free/Reduced Price Meal Eligibility (2-level)","Eligible For Free Or Reduced Price Meals",199,62.2,199,56.2,73,62.6
"Brooklyn School District","=""0190011""","Free/Reduced Price Meal Eligibility (2-level)","Not Eligible For Free Or Reduced Price Meals",351,72.3,351,66.8,120,68.3
"Brooklyn School District","=""0190011""","Race/Ethnicity","American Indian or Alaska Native","*","*","*","*","*","*"
"Brooklyn School District","=""0190011""","Race/Ethnicity","Asian",16,"*",16,"*",10,"*"
"Brooklyn School District","=""0190011""","Race/Ethnicity","Black or African American","*","*","*","*","*","*"
"Brooklyn School District","=""0190011""","Race/Ethnicity","Hispanic or Latino",70,61.9,70,54.3,24,59.0
"Brooklyn School District","=""0190011""","Race/Ethnicity","Two or More Races",23,64.9,23,57.2,7,"*"
"Brooklyn School District","=""0190011""","Race/Ethnicity","White",428,69.7,428,64.3,146,67.2
"Brooklyn School District","=""0190011""","Special Education Status (SWD)","Students with Disabilities",114,51.3,114,45.6,45,55.7
"Brooklyn School District","=""0190011""","Special Education Status (SWD)","Students without Disabilities",436,73.2,436,67.5,148,69.4
"Canaan School District","=""0210011""","All Students","District",50,74.8,50,68.2,22,84.6
"Canaan School District","=""0210011""","English Language Learners (EL)","Not English Learners",50,74.8,50,68.2,22,84.6
"Canaan School District","=""0210011""","Gender","Female",25,74.9,25,66.4,7,"*"
"Canaan School District","=""0210011""","Gender","Male",25,74.7,25,70.0,15,"*"
"Canaan School District","=""0210011""","Grade","03",9,"*",9,"*","N/A","N/A"
"Canaan School District","=""0210011""","Grade","04","*","*","*","*","N/A","N/A"
"Canaan School District","=""0210011""","Grade","05",10,"*",10,"*",10,"*"
"Canaan School District","=""0210011""","Grade","06","*","*","*","*","N/A","N/A"
"Canaan School District","=""0210011""","Grade","07",9,"*",9,"*","N/A","N/A"
"Canaan School District","=""0210011""","Grade","08",12,"*",12,"*",12,"*"
"Canaan School District","=""0210011""","High Needs (F/R, EL or SWD)","High Needs",24,70.5,24,63.3,6,"*"
"Canaan School District","=""0210011""","High Needs (F/R, EL or SWD)","Not High Needs",26,78.8,26,72.8,16,"*"
"Canaan School District","=""0210011""","Free/Reduced Price Meal Eligibility (2-level)","Eligible For Free Or Reduced Price Meals",20,74.2,20,65.4,6,"*"
"Canaan School District","=""0210011""","Free/Reduced Price Meal Eligibility (2-level)","Not Eligible For Free Or Reduced Price Meals",30,75.2,30,70.1,16,"*"
"Canaan School District","=""0210011""","Race/Ethnicity","Hispanic or Latino","*","*","*","*","*","*"
"Canaan School District","=""0210011""","Race/Ethnicity","White","*","*","*","*","*","*"
"Canaan School District","=""0210011""","Special Education Status (SWD)","Students with Disabilities",7,"*",7,"*","*","*"
"Canaan School District","=""0210011""","Special Education Status (SWD)","Students without Disabilities",43,78.5,43,70.8,"*","*"
"Canterbury School District","=""0220011""","All Students","District",277,67.8,275,66.0,98,66.4
"Canterbury School District","=""0220011""","English Language Learners (EL)","English Learners","*","*","*","*","*","*"
"Canterbury School District","=""0220011""","English Language Learners (EL)","Not English Learners","*","*","*","*","*","*"
"Canterbury School District","=""0220011""","Gender","Female",132,68.9,130,64.8,47,67.1
"Canterbury School District","=""0220011""","Gender","Male",145,66.9,145,67.1,51,65.7
"Canterbury School District","=""0220011""","Grade","03",43,67.3,43,62.8,"N/A","N/A"
"Canterbury School District","=""0220011""","Grade","04","*","*","*","*","N/A","N/A"
"Canterbury School District","=""0220011""","Grade","05",48,66.2,48,68.2,"*","*"
"Canterbury School District","=""0220011""","Grade","06",43,71.8,42,73.2,"N/A","N/A"
"Canterbury School District","=""0220011""","Grade","07",53,70.6,53,65.7,"N/A","N/A"
"Canterbury School District","=""0220011""","Grade","08",49,66.4,48,61.4,49,69.2
"Canterbury School District","=""0220011""","Grade","11","*","*","*","*","*","*"
"Canterbury School District","=""0220011""","High Needs (F/R, EL or SWD)","High Needs",120,61.5,120,59.0,44,59.2
"Canterbury School District","=""0220011""","High Needs (F/R, EL or SWD)","Not High Needs",157,72.7,155,71.5,54,72.2
"Canterbury School District","=""0220011""","Free/Reduced Price Meal Eligibility (2-level)","Eligible For Free Or Reduced Price Meals",93,63.6,93,61.3,31,59.7
"Canterbury School District","=""0220011""","Free/Reduced Price Meal Eligibility (2-level)","Not Eligible For Free Or Reduced Price Meals",184,69.9,182,68.5,67,69.5
"Canterbury School District","=""0220011""","Race/Ethnicity","Asian",0,"N/A",0,"N/A","N/A","N/A"
"Canterbury School District","=""0220011""","Race/Ethnicity","Black or African American","*","*","*","*","N/A","N/A"
"Canterbury School District","=""0220011""","Race/Ethnicity","Hispanic or Latino",27,60.7,27,59.9,"*","*"
"Canterbury School District","=""0220011""","Race/Ethnicity","Two or More Races","*","*","*","*","*","*"
"Canterbury School District","=""0220011""","Race/Ethnicity","White",241,68.6,239,66.6,85,66.8
"Canterbury School District","=""0220011""","Special Education Status (SWD)","Students with Disabilities",45,52.3,45,48.4,18,"*"
"Canterbury School District","=""0220011""","Special Education Status (SWD)","Students without Disabilities",232,70.8,230,69.5,80,68.6
"Canton School District","=""0230011""","All Students","District",767,70.8,765,68.4,337,74.7
"Canton School District","=""0230011""","English Language Learners (EL)","English Learners",13,"*",13,"*",6,"*"
"Canton School District","=""0230011""","English Language Learners (EL)","Not English Learners",754,71.0,752,68.6,331,75.0
"Canton School District","=""0230011""","Gender","Female","*","*","*","*",173,72.4
"Canton School District","=""0230011""","Gender","Male",395,70.3,394,70.4,164,77.0
"Canton School District","=""0230011""","Gender","Non-Binary","*","*","*","*","N/A","N/A"
"Canton School District","=""0230011""","Grade","03",103,68.4,103,69.7,"N/A","N/A"
"Canton School District","=""0230011""","Grade","04",117,74.2,116,72.8,"N/A","N/A"
"Canton School District","=""0230011""","Grade","05",113,73.9,113,70.8,113,73.7
"Canton School District","=""0230011""","Grade","06",95,74.7,95,69.5,"N/A","N/A"
"Canton School District","=""0230011""","Grade","07",117,68.7,117,65.8,"N/A","N/A"
"Canton School District","=""0230011""","Grade","08",119,71.0,118,71.1,119,72.2
"Canton School District","=""0230011""","Grade","11",103,64.3,103,58.7,105,78.5
"Canton School District","=""0230011""","High Needs (F/R, EL or SWD)","High Needs",235,59.3,233,56.5,90,59.0
"Canton School District","=""0230011""","High Needs (F/R, EL or SWD)","Not High Needs",532,75.8,532,73.6,247,80.4
"Canton School District","=""0230011""","Free/Reduced Price Meal Eligibility (2-level)","Eligible For Free Or Reduced Price Meals",150,60.2,148,59.8,58,61.2
"Canton School District","=""0230011""","Free/Reduced Price Meal Eligibility (2-level)","Not Eligible For Free Or Reduced Price Meals",617,73.3,617,70.5,279,77.5
"Canton School District","=""0230011""","Race/Ethnicity","Asian","*","*","*","*","*","*"
"Canton School District","=""0230011""","Race/Ethnicity","Black or African American",53,47.9,53,45.4,25,54.7
"Canton School District","=""0230011""","Race/Ethnicity","Hispanic or Latino",54,66.4,52,66.7,24,67.5
"Canton School District","=""0230011""","Race/Ethnicity","Native Hawaiian or Other Pacific Islander","*","*","*","*","*","*"
"Canton School District","=""0230011""","Race/Ethnicity","Two or More Races",29,68.3,29,65.3,8,"*"
"Canton School District","=""0230011""","Race/Ethnicity","White",618,73.1,618,70.5,273,76.9
"Canton School District","=""0230011""","Special Education Status (SWD)","Students with Disabilities",124,50.3,122,45.6,49,49.8
"Canton School District","=""0230011""","Special Education Status (SWD)","Students without Disabilities",643,74.7,643,72.8,288,78.9
"Chaplin School District","=""0240011""","All Students","District",78,64.7,77,62.3,14,"*"
"Chaplin School District","=""0240011""","English Language Learners (EL)","English Learners","*","*","*","*","N/A","N/A"
"Chaplin School District","=""0240011""","English Language Learners (EL)","Not English Learners","*","*","*","*",14,"*"
"Chaplin School District","=""0240011""","Gender","Female",37,63.5,37,56.7,"*","*"
"Chaplin School District","=""0240011""","Gender","Male",41,65.8,40,67.5,"*","*"
"Chaplin School District","=""0240011""","Grade","03",20,64.6,20,62.6,"N/A","N/A"
"Chaplin School District","=""0240011""","Grade","04",24,64.2,23,59.9,"N/A","N/A"
"Chaplin School District","=""0240011""","Grade","05",14,"*",14,"*",14,"*"
"Chaplin School District","=""0240011""","Grade","06",20,62.7,20,59.8,"N/A","N/A"
"Chaplin School District","=""0240011""","High Needs (F/R, EL or SWD)","High Needs",49,61.8,48,58.8,7,"*"
"Chaplin School District","=""0240011""","High Needs (F/R, EL or SWD)","Not High Needs",29,69.6,29,68.0,7,"*"
"Chaplin School District","=""0240011""","Free/Reduced Price Meal Eligibility (2-level)","Eligible For Free Or Reduced Price Meals",40,63.5,39,61.4,"*","*"
"Chaplin School District","=""0240011""","Free/Reduced Price Meal Eligibility (2-level)","Not Eligible For Free Or Reduced Price Meals",38,66.0,38,63.2,"*","*"
"Chaplin School District","=""0240011""","Race/Ethnicity","Asian","*","*","*","*","N/A","N/A"
"Chaplin School District","=""0240011""","Race/Ethnicity","Black or African American","*","*","*","*","N/A","N/A"
"Chaplin School District","=""0240011""","Race/Ethnicity","Hispanic or Latino",13,"*",12,"*","*","*"
"Chaplin School District","=""0240011""","Race/Ethnicity","Two or More Races","*","*","*","*","N/A","N/A"
"Chaplin School District","=""0240011""","Race/Ethnicity","White",58,64.6,58,63.9,"*","*"
"Chaplin School District","=""0240011""","Special Education Status (SWD)","Students with Disabilities",21,48.2,21,46.3,"*","*"
"Chaplin School District","=""0240011""","Special Education Status (SWD)","Students without Disabilities",57,70.8,56,68.3,"*","*"
"Cheshire School District","=""0250011""","All Students","District",2173,78.0,2171,76.0,943,75.4
"Cheshire School District","=""0250011""","English Language Learners (EL)","English Learners",99,69.4,99,70.4,31,73.2
"Cheshire School District","=""0250011""","English Language Learners (EL)","Not English Learners",2074,78.4,2072,76.3,912,75.4
"Cheshire School District","=""0250011""","Gender","Female",1057,79.6,1056,74.5,464,74.8
"Cheshire School District","=""0250011""","Gender","Male",1116,76.5,1115,77.4,479,75.9
"Cheshire School District","=""0250011""","Grade","03",312,76.0,311,76.3,"N/A","N/A"
"Cheshire School District","=""0250011""","Grade","04",293,83.6,293,84.2,"N/A","N/A"
"Cheshire School District","=""0250011""","Grade","05",331,83.3,331,83.1,330,81.2
"Cheshire School District","=""0250011""","Grade","06",318,83.0,318,81.8,"N/A","N/A"
"Cheshire School District","=""0250011""","Grade","07",306,78.9,306,73.0,"N/A","N/A"
"Cheshire School District","=""0250011""","Grade","08",310,76.0,309,72.0,310,75.0
"Cheshire School District","=""0250011""","Grade","11",303,64.6,303,61.0,303,69.4
"Cheshire School District","=""0250011""","High Needs (F/R, EL or SWD)","High Needs",613,66.6,611,63.6,250,62.4
"Cheshire School District","=""0250011""","High Needs (F/R, EL or SWD)","Not High Needs",1560,82.5,1560,80.9,693,80.1
"Cheshire School District","=""0250011""","Free/Reduced Price Meal Eligibility (2-level)","Eligible For Free Or Reduced Price Meals",361,70.4,360,67.5,144,67.3
"Cheshire School District","=""0250011""","Free/Reduced Price Meal Eligibility (2-level)","Not Eligible For Free Or Reduced Price Meals",1812,79.5,1811,77.7,799,76.8
"Cheshire School District","=""0250011""","Race/Ethnicity","American Indian or Alaska Native","*","*","*","*","*","*"
"Cheshire School District","=""0250011""","Race/Ethnicity","Asian",196,83.3,196,84.1,93,85.6
"Cheshire School District","=""0250011""","Race/Ethnicity","Black or African American","*","*","*","*","*","*"
"Cheshire School District","=""0250011""","Race/Ethnicity","Hispanic or Latino",200,74.8,199,72.7,80,68.5
"Cheshire School District","=""0250011""","Race/Ethnicity","Two or More Races",94,72.9,94,70.8,33,69.4
"Cheshire School District","=""0250011""","Race/Ethnicity","White",1604,78.4,1603,76.4,704,75.7
"Cheshire School District","=""0250011""","Special Education Status (SWD)","Students with Disabilities",285,56.9,283,52.5,117,50.5
"Cheshire School District","=""0250011""","Special Education Status (SWD)","Students without Disabilities",1888,81.2,1888,79.5,826,78.9
"Chester School District","=""0260011""","All Students","District",122,75.8,122,72.9,26,74.0
"Chester School District","=""0260011""","English Language Learners (EL)","English Learners","*","*","*","*","N/A","N/A"
"Chester School District","=""0260011""","English Language Learners (EL)","Not English Learners","*","*","*","*",26,74.0
"Chester School District","=""0260011""","Gender","Female",66,76.9,66,71.7,13,"*"
"Chester School District","=""0260011""","Gender","Male",56,74.4,56,74.3,13,"*"
"Chester School District","=""0260011""","Grade","03",26,69.8,26,72.5,"N/A","N/A"
"Chester School District","=""0260011""","Grade","04",33,80.8,33,80.8,"N/A","N/A"
"Chester School District","=""0260011""","Grade","05",26,67.7,26,65.2,26,74.0
"Chester School District","=""0260011""","Grade","06",37,81.1,37,71.6,"N/A","N/A"
"Chester School District","=""0260011""","High Needs (F/R, EL or SWD)","High Needs",40,64.7,40,61.0,12,"*"
"Chester School District","=""0260011""","High Needs (F/R, EL or SWD)","Not High Needs",82,81.1,82,78.7,14,"*"
"Chester School District","=""0260011""","Free/Reduced Price Meal Eligibility (2-level)","Eligible For Free Or Reduced Price Meals",33,68.3,33,63.7,9,"*"
"Chester School District","=""0260011""","Free/Reduced Price Meal Eligibility (2-level)","Not Eligible For Free Or Reduced Price Meals",89,78.5,89,76.3,17,"*"
"Chester School District","=""0260011""","Race/Ethnicity","Asian","*","*","*","*","N/A","N/A"
"Chester School District","=""0260011""","Race/Ethnicity","Hispanic or Latino",8,"*",8,"*","*","*"
"Chester School District","=""0260011""","Race/Ethnicity","Two or More Races","*","*","*","*","*","*"
"Chester School District","=""0260011""","Race/Ethnicity","White",108,76.2,108,73.0,23,76.9
"Chester School District","=""0260011""","Special Education Status (SWD)","Students with Disabilities",13,"*",13,"*",6,"*"
"Chester School District","=""0260011""","Special Education Status (SWD)","Students without Disabilities",109,78.6,109,76.0,20,79.7
"Clinton School District","=""0270011""","All Students","District",720,66.3,718,65.9,330,65.6
"Clinton School District","=""0270011""","English Language Learners (EL)","English Learners",95,55.7,95,58.1,32,51.6
"Clinton School District","=""0270011""","English Language Learners (EL)","Not English Learners",625,67.9,623,67.1,298,67.1
"Clinton School District","=""0270011""","Gender","Female",351,67.1,349,64.8,158,64.2
"Clinton School District","=""0270011""","Gender","Male",369,65.5,369,66.8,172,66.9
"Clinton School District","=""0270011""","Grade","03",97,70.2,97,70.0,"N/A","N/A"
"Clinton School District","=""0270011""","Grade","04",90,71.0,90,73.5,"N/A","N/A"
"Clinton School District","=""0270011""","Grade","05",106,66.8,106,68.6,106,69.7
"Clinton School District","=""0270011""","Grade","06",108,68.9,106,64.2,"N/A","N/A"
"Clinton School District","=""0270011""","Grade","07",95,71.0,95,69.3,"N/A","N/A"
"Clinton School District","=""0270011""","Grade","08",105,61.2,105,64.2,105,65.3
"Clinton School District","=""0270011""","Grade","11",119,57.3,119,54.5,119,62.3
"Clinton School District","=""0270011""","High Needs (F/R, EL or SWD)","High Needs",363,59.8,361,59.0,167,58.9
"Clinton School District","=""0270011""","High Needs (F/R, EL or SWD)","Not High Needs",357,72.8,357,72.8,163,72.5
"Clinton School District","=""0270011""","Free/Reduced Price Meal Eligibility (2-level)","Eligible For Free Or Reduced Price Meals",294,61.4,293,60.6,133,60.3
"Clinton School District","=""0270011""","Free/Reduced Price Meal Eligibility (2-level)","Not Eligible For Free Or Reduced Price Meals",426,69.6,425,69.5,197,69.2
"Clinton School District","=""0270011""","Race/Ethnicity","American Indian or Alaska Native","*","*","*","*","*","*"
"Clinton School District","=""0270011""","Race/Ethnicity","Asian",21,70.1,21,71.2,14,"*"
"Clinton School District","=""0270011""","Race/Ethnicity","Black or African American","*","*","*","*","*","*"
"Clinton School District","=""0270011""","Race/Ethnicity","Hispanic or Latino",178,59.4,178,60.1,79,57.3
"Clinton School District","=""0270011""","Race/Ethnicity","Two or More Races",11,"*",11,"*","*","*"
"Clinton School District","=""0270011""","Race/Ethnicity","White",503,68.5,501,67.5,229,68.0
"Clinton School District","=""0270011""","Special Education Status (SWD)","Students with Disabilities",125,51.0,124,47.2,57,50.6
"Clinton School District","=""0270011""","Special Education Status (SWD)","Students without Disabilities",595,69.5,594,69.8,273,68.7
"Colchester School District","=""0280011""","All Students","District",1052,70.2,1051,69.4,430,69.6
"Colchester School District","=""0280011""","English Language Learners (EL)","English Learners",36,58.0,36,56.9,13,"*"
"Colchester School District","=""0280011""","English Language Learners (EL)","Not English Learners",1016,70.7,1015,69.8,417,69.9
"Colchester School District","=""0280011""","Gender","Female",526,71.9,525,69.4,203,70.2
"Colchester School District","=""0280011""","Gender","Male",526,68.6,526,69.4,227,69.1
"Colchester School District","=""0280011""","Grade","03",165,72.0,165,67.8,"N/A","N/A"
"Colchester School District","=""0280011""","Grade","04",149,77.0,149,75.6,"N/A","N/A"
"Colchester School District","=""0280011""","Grade","05",140,72.7,140,72.2,140,75.8
"Colchester School District","=""0280011""","Grade","06",151,70.2,151,68.3,"N/A","N/A"
"Colchester School District","=""0280011""","Grade","07",154,69.4,154,70.8,"N/A","N/A"
"Colchester School District","=""0280011""","Grade","08",159,71.7,158,74.9,159,72.4
"Colchester School District","=""0280011""","Grade","11",134,57.2,134,54.5,131,59.6
"Colchester School District","=""0280011""","High Needs (F/R, EL or SWD)","High Needs",380,60.7,379,59.2,146,58.4
"Colchester School District","=""0280011""","High Needs (F/R, EL or SWD)","Not High Needs",672,75.6,672,75.2,284,75.4
"Colchester School District","=""0280011""","Free/Reduced Price Meal Eligibility (2-level)","Eligible For Free Or Reduced Price Meals",255,62.3,255,60.8,105,60.4
"Colchester School District","=""0280011""","Free/Reduced Price Meal Eligibility (2-level)","Not Eligible For Free Or Reduced Price Meals",797,72.8,796,72.1,325,72.6
"Colchester School District","=""0280011""","Race/Ethnicity","American Indian or Alaska Native","*","*","*","*","N/A","N/A"
"Colchester School District","=""0280011""","Race/Ethnicity","Asian",25,66.3,25,72.0,14,"*"
"Colchester School District","=""0280011""","Race/Ethnicity","Black or African American","*","*","*","*",9,"*"
"Colchester School District","=""0280011""","Race/Ethnicity","Hispanic or Latino",94,61.8,94,61.4,35,61.5
"Colchester School District","=""0280011""","Race/Ethnicity","Two or More Races",45,71.1,45,72.0,17,"*"
"Colchester School District","=""0280011""","Race/Ethnicity","White",869,71.4,868,70.4,355,70.6
"Colchester School District","=""0280011""","Special Education Status (SWD)","Students with Disabilities",193,53.8,192,51.0,71,51.3
"Colchester School District","=""0280011""","Special Education Status (SWD)","Students without Disabilities",859,73.9,859,73.5,359,73.2
"Colebrook School District","=""0290011""","All Students","District",44,75.4,44,74.5,8,"*"
"Colebrook School District","=""0290011""","English Language Learners (EL)","Not English Learners",44,75.4,44,74.5,8,"*"
"Colebrook School District","=""0290011""","Gender","Female",21,76.3,21,74.7,"*","*"
"Colebrook School District","=""0290011""","Gender","Male",23,74.6,23,74.3,"*","*"
"Colebrook School District","=""0290011""","Grade","03",7,"*",7,"*","N/A","N/A"
"Colebrook School District","=""0290011""","Grade","04",15,"*",15,"*","N/A","N/A"
"Colebrook School District","=""0290011""","Grade","05",7,"*",7,"*",8,"*"
"Colebrook School District","=""0290011""","Grade","06",15,"*",15,"*","N/A","N/A"
"Colebrook School District","=""0290011""","High Needs (F/R, EL or SWD)","High Needs",19,"*",19,"*","*","*"
"Colebrook School District","=""0290011""","High Needs (F/R, EL or SWD)","Not High Needs",25,78.8,25,79.1,"*","*"
"Colebrook School District","=""0290011""","Free/Reduced Price Meal Eligibility (2-level)","Eligible For Free Or Reduced Price Meals",13,"*",13,"*","*","*"
"Colebrook School District","=""0290011""","Free/Reduced Price Meal Eligibility (2-level)","Not Eligible For Free Or Reduced Price Meals",31,74.8,31,75.1,"*","*"
"Colebrook School District","=""0290011""","Race/Ethnicity","Asian","*","*","*","*","N/A","N/A"
"Colebrook School District","=""0290011""","Race/Ethnicity","Two or More Races","*","*","*","*","*","*"
"Colebrook School District","=""0290011""","Race/Ethnicity","White",41,76.0,41,74.4,"*","*"
"Colebrook School District","=""0290011""","Special Education Status (SWD)","Students with Disabilities",9,"*",9,"*","*","*"
"Colebrook School District","=""0290011""","Special Education Status (SWD)","Students without Disabilities",35,78.8,35,77.3,"*","*"
"Columbia School District","=""0300011""","All Students","District",295,67.6,293,65.2,95,67.0
"Columbia School District","=""0300011""","English Language Learners (EL)","English Learners","*","*","*","*","*","*"
"Columbia School District","=""0300011""","English Language Learners (EL)","Not English Learners","*","*","*","*","*","*"
"Columbia School District","=""0300011""","Gender","Female",140,67.7,138,63.3,41,64.6
"Columbia School District","=""0300011""","Gender","Male",155,67.5,155,66.9,54,68.9
"Columbia School District","=""0300011""","Grade","03",37,62.4,35,55.3,"N/A","N/A"
"Columbia School District","=""0300011""","Grade","04",53,71.4,53,73.8,"N/A","N/A"
"Columbia School District","=""0300011""","Grade","05",48,64.4,48,65.0,48,63.4
"Columbia School District","=""0300011""","Grade","06",57,67.8,57,63.1,"N/A","N/A"
"Columbia School District","=""0300011""","Grade","07",53,71.0,53,65.6,"N/A","N/A"
"Columbia School District","=""0300011""","Grade","08",47,66.7,47,65.2,47,70.7
"Columbia School District","=""0300011""","High Needs (F/R, EL or SWD)","High Needs",94,57.2,92,53.1,30,55.4
"Columbia School District","=""0300011""","High Needs (F/R, EL or SWD)","Not High Needs",201,72.5,201,70.7,65,72.4
"Columbia School District","=""0300011""","Free/Reduced Price Meal Eligibility (2-level)","Eligible For Free Or Reduced Price Meals",69,58.7,69,54.3,24,56.3
"Columbia School District","=""0300011""","Free/Reduced Price Meal Eligibility (2-level)","Not Eligible For Free Or Reduced Price Meals",226,70.3,224,68.6,71,70.6
"Columbia School District","=""0300011""","Race/Ethnicity","American Indian or Alaska Native","*","*","*","*","*","*"
"Columbia School District","=""0300011""","Race/Ethnicity","Asian","*","*","*","*","*","*"
"Columbia School District","=""0300011""","Race/Ethnicity","Black or African American","*","*","*","*","*","*"
"Columbia School District","=""0300011""","Race/Ethnicity","Hispanic or Latino",27,67.1,27,61.7,8,"*"
"Columbia School District","=""0300011""","Race/Ethnicity","Two or More Races",14,"*",14,"*","*","*"
"Columbia School District","=""0300011""","Race/Ethnicity","White",248,67.9,246,65.8,79,68.2
"Columbia School District","=""0300011""","Special Education Status (SWD)","Students with Disabilities",43,48.3,41,43.5,12,"*"
"Columbia School District","=""0300011""","Special Education Status (SWD)","Students without Disabilities",252,70.9,252,68.7,83,70.1
"Cornwall School District","=""0310011""","All Students","District",58,74.5,58,73.7,23,79.2
"Cornwall School District","=""0310011""","English Language Learners (EL)","English Learners","*","*","*","*","N/A","N/A"
"Cornwall School District","=""0310011""","English Language Learners (EL)","Not English Learners","*","*","*","*",23,79.2
"Cornwall School District","=""0310011""","Gender","Female",32,77.0,32,72.4,12,"*"
"Cornwall School District","=""0310011""","Gender","Male",26,71.3,26,75.4,11,"*"
"Cornwall School District","=""0310011""","Grade","03",10,"*",10,"*","N/A","N/A"
"Cornwall School District","=""0310011""","Grade","04",10,"*",10,"*","N/A","N/A"
"Cornwall School District","=""0310011""","Grade","05",9,"*",9,"*",9,"*"
"Cornwall School District","=""0310011""","Grade","06",9,"*",9,"*","N/A","N/A"
"Cornwall School District","=""0310011""","Grade","07",6,"*",6,"*","N/A","N/A"
"Cornwall School District","=""0310011""","Grade","08",14,"*",14,"*",14,"*"
"Cornwall School District","=""0310011""","High Needs (F/R, EL or SWD)","High Needs",23,70.5,23,70.4,6,"*"
"Cornwall School District","=""0310011""","High Needs (F/R, EL or SWD)","Not High Needs",35,77.0,35,75.9,17,"*"
"Cornwall School District","=""0310011""","Free/Reduced Price Meal Eligibility (2-level)","Eligible For Free Or Reduced Price Meals",17,"*",17,"*","*","*"
"Cornwall School District","=""0310011""","Free/Reduced Price Meal Eligibility (2-level)","Not Eligible For Free Or Reduced Price Meals",41,73.5,41,71.9,"*","*"
"Cornwall School District","=""0310011""","Race/Ethnicity","Asian","*","*","*","*","*","*"
"Cornwall School District","=""0310011""","Race/Ethnicity","Black or African American","*","*","*","*","N/A","N/A"
"Cornwall School District","=""0310011""","Race/Ethnicity","Hispanic or Latino","*","*","*","*","*","*"
"Cornwall School District","=""0310011""","Race/Ethnicity","Two or More Races","*","*","*","*","*","*"
"Cornwall School District","=""0310011""","Race/Ethnicity","White",47,77.0,47,76.2,18,"*"
"Cornwall School District","=""0310011""","Special Education Status (SWD)","Students with Disabilities",6,"*",6,"*","*","*"
"Cornwall School District","=""0310011""","Special Education Status (SWD)","Students without Disabilities",52,76.9,52,76.6,"*","*"
"Coventry School District","=""0320011""","All Students","District",800,74.5,796,69.2,312,75.0
"Coventry School District","=""0320011""","English Language Learners (EL)","English Learners",12,"*",12,"*","*","*"
"Coventry School District","=""0320011""","English Language Learners (EL)","Not English Learners",788,74.6,784,69.4,"*","*"
"Coventry School District","=""0320011""","Gender","Female",402,76.4,402,68.7,"*","*"
"Coventry School District","=""0320011""","Gender","Male","*","*","*","*",159,75.1
"Coventry School District","=""0320011""","Gender","Non-Binary","*","*","*","*","*","*"
"Coventry School District","=""0320011""","Grade","03",125,74.6,125,69.9,"N/A","N/A"
"Coventry School District","=""0320011""","Grade","04",114,78.1,114,73.6,"N/A","N/A"
"Coventry School District","=""0320011""","Grade","05",101,77.4,100,80.0,101,80.1
"Coventry School District","=""0320011""","Grade","06",127,77.1,127,66.8,"N/A","N/A"
"Coventry School District","=""0320011""","Grade","07",120,74.1,120,66.7,"N/A","N/A"
"Coventry School District","=""0320011""","Grade","08",123,77.3,121,70.9,123,73.6
"Coventry School District","=""0320011""","Grade","11",90,59.7,89,55.3,88,70.9
"Coventry School District","=""0320011""","High Needs (F/R, EL or SWD)","High Needs",282,64.9,280,60.3,110,64.9
"Coventry School District","=""0320011""","High Needs (F/R, EL or SWD)","Not High Needs",518,79.7,516,74.1,202,80.4
"Coventry School District","=""0320011""","Free/Reduced Price Meal Eligibility (2-level)","Eligible For Free Or Reduced Price Meals",199,68.2,198,63.6,77,67.4
"Coventry School District","=""0320011""","Free/Reduced Price Meal Eligibility (2-level)","Not Eligible For Free Or Reduced Price Meals",601,76.6,598,71.1,235,77.4
"Coventry School District","=""0320011""","Race/Ethnicity","American Indian or Alaska Native","*","*","*","*","N/A","N/A"
"Coventry School District","=""0320011""","Race/Ethnicity","Asian",7,"*",8,"*","*","*"
"Coventry School District","=""0320011""","Race/Ethnicity","Black or African American","*","*","*","*","*","*"
"Coventry School District","=""0320011""","Race/Ethnicity","Hispanic or Latino",65,70.1,64,63.5,24,62.6
"Coventry School District","=""0320011""","Race/Ethnicity","Two or More Races",38,67.0,38,64.9,10,"*"
"Coventry School District","=""0320011""","Race/Ethnicity","White",681,75.2,677,70.1,273,76.1
"Coventry School District","=""0320011""","Special Education Status (SWD)","Students with Disabilities",126,54.8,125,50.3,51,57.3
"Coventry School District","=""0320011""","Special Education Status (SWD)","Students without Disabilities",674,78.2,671,72.8,261,78.4
"Cromwell School District","=""0330011""","All Students","District",1021,67.5,1019,63.7,410,65.7
"Cromwell School District","=""0330011""","English Language Learners (EL)","English Learners",95,60.7,95,58.2,40,62.6
"Cromwell School District","=""0330011""","English Language Learners (EL)","Not English Learners",926,68.2,924,64.3,370,66.0
"Cromwell School District","=""0330011""","Gender","Female","*","*","*","*",200,65.2
"Cromwell School District","=""0330011""","Gender","Male",512,66.6,511,65.2,210,66.2
"Cromwell School District","=""0330011""","Gender","Non-Binary","*","*","*","*","N/A","N/A"
"Cromwell School District","=""0330011""","Grade","03",153,65.4,153,63.7,"N/A","N/A"
"Cromwell School District","=""0330011""","Grade","04",142,67.1,142,65.2,"N/A","N/A"
"Cromwell School District","=""0330011""","Grade","05",134,67.1,134,67.6,134,69.2
"Cromwell School District","=""0330011""","Grade","06",147,75.7,146,69.3,"N/A","N/A"
"Cromwell School District","=""0330011""","Grade","07",165,69.4,164,64.2,"N/A","N/A"
"Cromwell School District","=""0330011""","Grade","08",152,66.6,152,59.7,152,64.3
"Cromwell School District","=""0330011""","Grade","11",128,60.2,128,56.0,124,63.7
"Cromwell School District","=""0330011""","High Needs (F/R, EL or SWD)","High Needs",383,56.8,382,51.5,158,56.8
"Cromwell School District","=""0330011""","High Needs (F/R, EL or SWD)","Not High Needs",638,74.0,637,71.1,252,71.3
"Cromwell School District","=""0330011""","Free/Reduced Price Meal Eligibility (2-level)","Eligible For Free Or Reduced Price Meals",285,57.8,285,52.0,124,58.6
"Cromwell School District","=""0330011""","Free/Reduced Price Meal Eligibility (2-level)","Not Eligible For Free Or Reduced Price Meals",736,71.3,734,68.3,286,68.8
"Cromwell School District","=""0330011""","Race/Ethnicity","American Indian or Alaska Native",0,"N/A",0,"N/A","N/A","N/A"
"Cromwell School District","=""0330011""","Race/Ethnicity","Asian","*","*","*","*",27,75.1
"Cromwell School District","=""0330011""","Race/Ethnicity","Black or African American",67,52.0,67,46.8,29,45.6
"Cromwell School District","=""0330011""","Race/Ethnicity","Hispanic or Latino",141,62.0,141,54.7,47,55.8
"Cromwell School District","=""0330011""","Race/Ethnicity","Native Hawaiian or Other Pacific Islander","*","*","*","*",0,"N/A"
"Cromwell School District","=""0330011""","Race/Ethnicity","Two or More Races",60,66.0,58,62.3,25,65.3
"Cromwell School District","=""0330011""","Race/Ethnicity","White",703,69.7,703,66.7,282,68.6
"Cromwell School District","=""0330011""","Special Education Status (SWD)","Students with Disabilities",138,42.9,137,35.5,55,39.7
"Cromwell School District","=""0330011""","Special Education Status (SWD)","Students without Disabilities",883,71.4,882,68.1,355,69.7
"Danbury School District","=""0340011""","All Students","District",5707,55.4,5703,51.8,2504,53.3
"Danbury School District","=""0340011""","English Language Learners (EL)","English Learners",2542,48.6,2539,46.4,982,45.0
"Danbury School District","=""0340011""","English Language Learners (EL)","Not English Learners",3165,60.9,3164,56.1,1522,58.7
"Danbury School District","=""0340011""","Gender","Female",2753,57.2,2751,51.1,1198,53.4
"Danbury School District","=""0340011""","Gender","Male",2954,53.7,2952,52.4,1306,53.2
"Danbury School District","=""0340011""","Gender","Non-Binary",0,"N/A",0,"N/A","N/A","N/A"
"Danbury School District","=""0340011""","Grade","03",817,58.6,817,57.4,"N/A","N/A"
"Danbury School District","=""0340011""","Grade","04",783,61.6,783,60.2,"N/A","N/A"
"Danbury School District","=""0340011""","Grade","05",814,60.0,814,61.1,816,59.8
"Danbury School District","=""0340011""","Grade","06",826,58.5,825,51.5,"N/A","N/A"
"Danbury School District","=""0340011""","Grade","07",797,55.6,795,48.1,"N/A","N/A"
"Danbury School District","=""0340011""","Grade","08",874,49.5,873,43.9,877,51.4
"Danbury School District","=""0340011""","Grade","11",796,44.5,796,40.9,811,48.9
"Danbury School District","=""0340011""","High Needs (F/R, EL or SWD)","High Needs",4273,50.9,4269,47.6,1796,48.5
"Danbury School District","=""0340011""","High Needs (F/R, EL or SWD)","Not High Needs",1434,68.7,1434,64.3,708,65.7
"Danbury School District","=""0340011""","Free/Reduced Price Meal Eligibility (2-level)","Eligible For Free Or Reduced Price Meals",3294,51.7,3291,47.8,1398,49.5
"Danbury School District","=""0340011""","Free/Reduced Price Meal Eligibility (2-level)","Not Eligible For Free Or Reduced Price Meals",2413,60.4,2412,57.2,1106,58.2
"Danbury School District","=""0340011""","Race/Ethnicity","American Indian or Alaska Native","*","*","*","*","*","*"
"Danbury School District","=""0340011""","Race/Ethnicity","Asian",273,69.8,273,67.3,119,66.1
"Danbury School District","=""0340011""","Race/Ethnicity","Black or African American",365,54.5,365,47.7,177,51.6
"Danbury School District","=""0340011""","Race/Ethnicity","Hispanic or Latino",3590,51.6,3588,48.6,1510,48.6
"Danbury School District","=""0340011""","Race/Ethnicity","Native Hawaiian or Other Pacific Islander","*","*","*","*","N/A","N/A"
"Danbury School District","=""0340011""","Race/Ethnicity","Two or More Races",199,60.4,198,55.3,"*","*"
"Danbury School District","=""0340011""","Race/Ethnicity","White",1270,62.7,1269,57.9,609,62.2
"Danbury School District","=""0340011""","Special Education Status (SWD)","Students with Disabilities",816,38.5,812,34.3,342,36.4
"Danbury School District","=""0340011""","Special Education Status (SWD)","Students without Disabilities",4891,58.2,4891,54.7,2162,56.0
"Darien School District","=""0350011""","All Students","District",2407,81.9,2403,80.9,1009,78.9
"Darien School District","=""0350011""","English Language Learners (EL)","English Learners",57,70.6,57,74.6,17,"*"
"Darien School District","=""0350011""","English Language Learners (EL)","Not English Learners",2350,82.2,2346,81.1,992,79.2
"Darien School District","=""0350011""","Gender","Female",1166,84.1,1164,79.8,500,78.5
"Darien School District","=""0350011""","Gender","Male",1241,79.9,1239,81.9,509,79.3
"Darien School District","=""0350011""","Grade","03",344,81.0,344,82.1,"N/A","N/A"
"Darien School District","=""0350011""","Grade","04",374,83.1,374,83.4,"N/A","N/A"
"Darien School District","=""0350011""","Grade","05",336,84.9,336,84.9,336,82.7
"Darien School District","=""0350011""","Grade","06",334,84.8,334,82.6,"N/A","N/A"
"Darien School District","=""0350011""","Grade","07",366,82.6,363,82.0,"N/A","N/A"
"Darien School District","=""0350011""","Grade","08",334,81.9,333,78.5,334,78.1
"Darien School District","=""0350011""","Grade","11",319,74.4,319,72.0,339,76.0
"Darien School District","=""0350011""","High Needs (F/R, EL or SWD)","High Needs",556,66.8,553,65.7,242,62.3
"Darien School District","=""0350011""","High Needs (F/R, EL or SWD)","Not High Needs",1851,86.5,1850,85.4,767,84.2
"Darien School District","=""0350011""","Free/Reduced Price Meal Eligibility (2-level)","Eligible For Free Or Reduced Price Meals",35,63.3,35,60.7,18,"*"
"Darien School District","=""0350011""","Free/Reduced Price Meal Eligibility (2-level)","Not Eligible For Free Or Reduced Price Meals",2372,82.2,2368,81.2,991,79.4
"Darien School District","=""0350011""","Race/Ethnicity","Asian",156,90.0,156,92.5,63,87.7
"Darien School District","=""0350011""","Race/Ethnicity","Black or African American","*","*","*","*","*","*"
"Darien School District","=""0350011""","Race/Ethnicity","Hispanic or Latino",169,77.2,168,74.4,70,71.6
"Darien School District","=""0350011""","Race/Ethnicity","Native Hawaiian or Other Pacific Islander","*","*","*","*","*","*"
"Darien School District","=""0350011""","Race/Ethnicity","Two or More Races",125,84.7,125,85.6,41,82.6
"Darien School District","=""0350011""","Race/Ethnicity","White",1937,81.7,1934,80.4,824,78.8
"Darien School District","=""0350011""","Special Education Status (SWD)","Students with Disabilities",502,65.9,499,64.0,227,62.2
"Darien School District","=""0350011""","Special Education Status (SWD)","Students without Disabilities",1905,86.1,1904,85.3,782,83.8
"Deep River School District","=""0360011""","All Students","District",100,75.9,100,74.6,23,71.6
"Deep River School District","=""0360011""","English Language Learners (EL)","English Learners","*","*","*","*","N/A","N/A"
"Deep River School District","=""0360011""","English Language Learners (EL)","Not English Learners","*","*","*","*",23,71.6
"Deep River School District","=""0360011""","Gender","Female",57,78.8,57,76.2,11,"*"
"Deep River School District","=""0360011""","Gender","Male",43,72.0,43,72.5,12,"*"
"Deep River School District","=""0360011""","Grade","03",27,73.1,27,73.5,"N/A","N/A"
"Deep River School District","=""0360011""","Grade","04",28,81.1,28,79.7,"N/A","N/A"
"Deep River School District","=""0360011""","Grade","05",23,72.1,23,69.1,23,71.6
"Deep River School District","=""0360011""","Grade","06",22,76.5,22,75.4,"N/A","N/A"
"Deep River School District","=""0360011""","High Needs (F/R, EL or SWD)","High Needs",46,70.9,46,65.7,13,"*"
"Deep River School District","=""0360011""","High Needs (F/R, EL or SWD)","Not High Needs",54,80.1,54,82.3,10,"*"
"Deep River School District","=""0360011""","Free/Reduced Price Meal Eligibility (2-level)","Eligible For Free Or Reduced Price Meals",36,73.8,36,68.4,10,"*"
"Deep River School District","=""0360011""","Free/Reduced Price Meal Eligibility (2-level)","Not Eligible For Free Or Reduced Price Meals",64,77.0,64,78.1,13,"*"
"Deep River School District","=""0360011""","Race/Ethnicity","Asian","*","*","*","*","N/A","N/A"
"Deep River School District","=""0360011""","Race/Ethnicity","Black or African American","*","*","*","*","N/A","N/A"
"Deep River School District","=""0360011""","Race/Ethnicity","Hispanic or Latino",6,"*",6,"*","*","*"
"Deep River School District","=""0360011""","Race/Ethnicity","Native Hawaiian or Other Pacific Islander","*","*","*","*","N/A","N/A"
"Deep River School District","=""0360011""","Race/Ethnicity","Two or More Races","*","*","*","*","N/A","N/A"
"Deep River School District","=""0360011""","Race/Ethnicity","White",88,75.6,88,74.6,"*","*"
"Deep River School District","=""0360011""","Special Education Status (SWD)","Students with Disabilities",18,"*",18,"*","*","*"
"Deep River School District","=""0360011""","Special Education Status (SWD)","Students without Disabilities",82,79.4,82,79.4,"*","*"
"Derby School District","=""0370011""","All Students","District",638,56.2,637,47.8,294,48.3
"Derby School District","=""0370011""","English Language Learners (EL)","English Learners",40,48.4,40,49.1,18,"*"
"Derby School District","=""0370011""","English Language Learners (EL)","Not English Learners",598,56.8,597,47.7,276,48.7
"Derby School District","=""0370011""","Gender","Female",313,57.8,312,47.5,147,48.6
"Derby School District","=""0370011""","Gender","Male",325,54.8,325,48.0,147,47.9
"Derby School District","=""0370011""","Grade","03",88,60.1,88,54.1,"N/A","N/A"
"Derby School District","=""0370011""","Grade","04",84,59.7,84,56.0,"N/A","N/A"
"Derby School District","=""0370011""","Grade","05",100,57.5,100,51.5,100,52.4
"Derby School District","=""0370011""","Grade","06",80,63.0,80,52.5,"N/A","N/A"
"Derby School District","=""0370011""","Grade","07",88,58.9,88,44.6,"N/A","N/A"
"Derby School District","=""0370011""","Grade","08",94,53.7,93,41.7,93,48.9
"Derby School District","=""0370011""","Grade","11",104,43.8,104,36.7,101,43.6
"Derby School District","=""0370011""","High Needs (F/R, EL or SWD)","High Needs",449,52.1,448,43.9,209,43.9
"Derby School District","=""0370011""","High Needs (F/R, EL or SWD)","Not High Needs",189,66.1,189,57.0,85,58.9
"Derby School District","=""0370011""","Free/Reduced Price Meal Eligibility (2-level)","Eligible For Free Or Reduced Price Meals",369,53.3,368,44.7,180,44.2
"Derby School District","=""0370011""","Free/Reduced Price Meal Eligibility (2-level)","Not Eligible For Free Or Reduced Price Meals",269,60.2,269,52.0,114,54.7
"Derby School District","=""0370011""","Race/Ethnicity","Asian","*","*","*","*",8,"*"
"Derby School District","=""0370011""","Race/Ethnicity","Black or African American",142,48.9,142,40.4,72,39.5
"Derby School District","=""0370011""","Race/Ethnicity","Hispanic or Latino",270,54.8,270,46.0,127,49.0
"Derby School District","=""0370011""","Race/Ethnicity","Native Hawaiian or Other Pacific Islander","*","*","*","*","N/A","N/A"
"Derby School District","=""0370011""","Race/Ethnicity","Two or More Races",42,59.0,41,53.1,15,"*"
"Derby School District","=""0370011""","Race/Ethnicity","White",168,62.9,168,53.9,72,55.3
"Derby School District","=""0370011""","Special Education Status (SWD)","Students with Disabilities",132,39.9,131,32.4,54,37.0
"Derby School District","=""0370011""","Special Education Status (SWD)","Students without Disabilities",506,60.5,506,51.8,240,50.8
"Eastford School District","=""0390011""","All Students","District",95,74.2,95,68.2,33,74.2
"Eastford School District","=""0390011""","English Language Learners (EL)","English Learners","*","*","*","*","N/A","N/A"
"Eastford School District","=""0390011""","English Language Learners (EL)","Not English Learners","*","*","*","*",33,74.2
"Eastford School District","=""0390011""","Gender","Female",46,75.2,46,66.6,18,"*"
"Eastford School District","=""0390011""","Gender","Male",49,73.3,49,69.6,15,"*"
"Eastford School District","=""0390011""","Grade","03",21,67.9,21,61.0,"N/A","N/A"
"Eastford School District","=""0390011""","Grade","04",12,"*",12,"*","N/A","N/A"
"Eastford School District","=""0390011""","Grade","05",21,74.7,21,67.7,21,76.0
"Eastford School District","=""0390011""","Grade","06",8,"*",8,"*","N/A","N/A"
"Eastford School District","=""0390011""","Grade","07",21,80.7,21,75.0,"N/A","N/A"
"Eastford School District","=""0390011""","Grade","08",12,"*",12,"*",12,"*"
"Eastford School District","=""0390011""","High Needs (F/R, EL or SWD)","High Needs",40,66.5,40,58.3,12,"*"
"Eastford School District","=""0390011""","High Needs (F/R, EL or SWD)","Not High Needs",55,79.9,55,75.3,21,77.3
"Eastford School District","=""0390011""","Free/Reduced Price Meal Eligibility (2-level)","Eligible For Free Or Reduced Price Meals",29,67.8,29,61.3,6,"*"
"Eastford School District","=""0390011""","Free/Reduced Price Meal Eligibility (2-level)","Not Eligible For Free Or Reduced Price Meals",66,77.1,66,71.2,27,75.5
"Eastford School District","=""0390011""","Race/Ethnicity","Black or African American","*","*","*","*","N/A","N/A"
"Eastford School District","=""0390011""","Race/Ethnicity","Hispanic or Latino","*","*","*","*","*","*"
"Eastford School District","=""0390011""","Race/Ethnicity","Two or More Races",9,"*",9,"*","*","*"
"Eastford School District","=""0390011""","Race/Ethnicity","White",76,75.4,76,68.5,27,75.5
"Eastford School District","=""0390011""","Special Education Status (SWD)","Students with Disabilities",17,"*",17,"*",6,"*"
"Eastford School District","=""0390011""","Special Education Status (SWD)","Students without Disabilities",78,77.9,78,73.8,27,75.3
"East Granby School District","=""0400011""","All Students","District",447,74.1,445,67.1,176,75.5
"East Granby School District","=""0400011""","English Language Learners (EL)","English Learners",19,"*",19,"*",11,"*"
"East Granby School District","=""0400011""","English Language Learners (EL)","Not English Learners",428,74.4,426,67.4,165,75.8
"East Granby School District","=""0400011""","Gender","Female",200,75.6,200,65.9,82,75.7
"East Granby School District","=""0400011""","Gender","Male",247,72.8,245,68.2,94,75.3
"East Granby School District","=""0400011""","Grade","03",62,73.7,62,70.6,"N/A","N/A"
"East Granby School District","=""0400011""","Grade","04",58,75.2,57,74.7,"N/A","N/A"
"East Granby School District","=""0400011""","Grade","05",58,82.8,58,77.9,58,86.4
"East Granby School District","=""0400011""","Grade","06",76,78.9,76,69.5,"N/A","N/A"
"East Granby School District","=""0400011""","Grade","07",71,74.0,71,65.2,"N/A","N/A"
"East Granby School District","=""0400011""","Grade","08",55,72.3,54,56.6,53,68.6
"East Granby School District","=""0400011""","Grade","11",67,61.7,67,56.1,65,71.3
"East Granby School District","=""0400011""","High Needs (F/R, EL or SWD)","High Needs",142,64.3,142,54.4,67,65.0
"East Granby School District","=""0400011""","High Needs (F/R, EL or SWD)","Not High Needs",305,78.6,303,73.1,109,81.9
"East Granby School District","=""0400011""","Free/Reduced Price Meal Eligibility (2-level)","Eligible For Free Or Reduced Price Meals",84,64.8,84,54.8,41,62.7
"East Granby School District","=""0400011""","Free/Reduced Price Meal Eligibility (2-level)","Not Eligible For Free Or Reduced Price Meals",363,76.2,361,70.0,135,79.3
"East Granby School District","=""0400011""","Race/Ethnicity","Asian",38,76.5,37,74.6,17,"*"
"East Granby School District","=""0400011""","Race/Ethnicity","Black or African American",25,59.1,25,50.9,7,"*"
"East Granby School District","=""0400011""","Race/Ethnicity","Hispanic or Latino",26,59.9,26,50.2,13,"*"
"East Granby School District","=""0400011""","Race/Ethnicity","Two or More Races",20,73.9,19,"*",10,"*"
"East Granby School District","=""0400011""","Race/Ethnicity","White",338,76.0,338,68.5,129,77.4
"East Granby School District","=""0400011""","Special Education Status (SWD)","Students with Disabilities",66,57.6,66,43.8,29,58.9
"East Granby School District","=""0400011""","Special Education Status (SWD)","Students without Disabilities",381,76.9,379,71.2,147,78.7
"East Haddam School District","=""0410011""","All Students","District",502,68.1,501,63.9,220,63.2
"East Haddam School District","=""0410011""","English Language Learners (EL)","English Learners",7,"*",7,"*","*","*"
"East Haddam School District","=""0410011""","English Language Learners (EL)","Not English Learners",495,68.1,494,63.8,"*","*"
"East Haddam School District","=""0410011""","Gender","Female",260,69.6,260,63.0,111,61.9
"East Haddam School District","=""0410011""","Gender","Male",242,66.6,241,64.7,109,64.5
"East Haddam School District","=""0410011""","Grade","03",72,68.1,72,66.0,"N/A","N/A"
"East Haddam School District","=""0410011""","Grade","04",67,72.2,66,70.0,"N/A","N/A"
"East Haddam School District","=""0410011""","Grade","05",69,71.8,69,72.5,69,72.8
"East Haddam School District","=""0410011""","Grade","06",80,74.4,80,63.2,"N/A","N/A"
"East Haddam School District","=""0410011""","Grade","07",63,68.7,63,59.5,"N/A","N/A"
"East Haddam School District","=""0410011""","Grade","08",86,61.9,86,64.1,86,62.4
"East Haddam School District","=""0410011""","Grade","11",65,60.0,65,50.7,65,54.1
"East Haddam School District","=""0410011""","High Needs (F/R, EL or SWD)","High Needs",173,59.3,172,55.7,80,54.1
"East Haddam School District","=""0410011""","High Needs (F/R, EL or SWD)","Not High Needs",329,72.8,329,68.1,140,68.4
"East Haddam School District","=""0410011""","Free/Reduced Price Meal Eligibility (2-level)","Eligible For Free Or Reduced Price Meals",133,61.9,132,58.1,59,56.0
"East Haddam School District","=""0410011""","Free/Reduced Price Meal Eligibility (2-level)","Not Eligible For Free Or Reduced Price Meals",369,70.4,369,65.9,161,65.8
"East Haddam School District","=""0410011""","Race/Ethnicity","Asian","*","*","*","*","*","*"
"East Haddam School District","=""0410011""","Race/Ethnicity","Black or African American","*","*","*","*","*","*"
"East Haddam School District","=""0410011""","Race/Ethnicity","Hispanic or Latino",40,60.3,40,55.5,20,55.2
"East Haddam School District","=""0410011""","Race/Ethnicity","Two or More Races",15,"*",15,"*","*","*"
"East Haddam School District","=""0410011""","Race/Ethnicity","White",434,68.6,433,64.4,191,64.0
"East Haddam School District","=""0410011""","Special Education Status (SWD)","Students with Disabilities",68,48.9,67,46.1,31,45.5
"East Haddam School District","=""0410011""","Special Education Status (SWD)","Students without Disabilities",434,71.2,434,66.6,189,66.1
"East Hampton School District","=""0420011""","All Students","District",910,70.1,906,65.6,385,68.7
"East Hampton School District","=""0420011""","English Language Learners (EL)","English Learners","*","*","*","*","*","*"
"East Hampton School District","=""0420011""","English Language Learners (EL)","Not English Learners","*","*","*","*","*","*"
"East Hampton School District","=""0420011""","Gender","Female",446,72.2,444,63.8,202,68.9
"East Hampton School District","=""0420011""","Gender","Male",464,68.1,462,67.2,183,68.4
"East Hampton School District","=""0420011""","Grade","03",124,73.4,124,74.1,"N/A","N/A"
"East Hampton School District","=""0420011""","Grade","04",123,74.0,123,71.4,"N/A","N/A"
"East Hampton School District","=""0420011""","Grade","05",123,74.0,122,70.4,122,69.2
"East Hampton School District","=""0420011""","Grade","06",129,72.4,129,65.3,"N/A","N/A"
"East Hampton School District","=""0420011""","Grade","07",146,66.3,146,61.5,"N/A","N/A"
"East Hampton School District","=""0420011""","Grade","08",145,71.2,142,64.0,145,70.0
"East Hampton School District","=""0420011""","Grade","11",120,59.9,120,53.0,118,66.4
"East Hampton School District","=""0420011""","High Needs (F/R, EL or SWD)","High Needs",308,58.4,304,53.0,125,56.6
"East Hampton School District","=""0420011""","High Needs (F/R, EL or SWD)","Not High Needs",602,76.2,602,71.9,260,74.5
"East Hampton School District","=""0420011""","Free/Reduced Price Meal Eligibility (2-level)","Eligible For Free Or Reduced Price Meals",195,60.4,193,55.1,84,57.6
"East Hampton School District","=""0420011""","Free/Reduced Price Meal Eligibility (2-level)","Not Eligible For Free Or Reduced Price Meals",715,72.8,713,68.4,301,71.7
"East Hampton School District","=""0420011""","Race/Ethnicity","Asian",12,"*",12,"*","*","*"
"East Hampton School District","=""0420011""","Race/Ethnicity","Black or African American","*","*","*","*","*","*"
"East Hampton School District","=""0420011""","Race/Ethnicity","Hispanic or Latino",67,70.6,67,63.4,32,69.0
"East Hampton School District","=""0420011""","Race/Ethnicity","Native Hawaiian or Other Pacific Islander","*","*","*","*","N/A","N/A"
"East Hampton School District","=""0420011""","Race/Ethnicity","Two or More Races",36,70.7,35,70.1,12,"*"
"East Hampton School District","=""0420011""","Race/Ethnicity","White",784,70.0,781,65.5,331,68.7
"East Hampton School District","=""0420011""","Special Education Status (SWD)","Students with Disabilities",178,52.0,174,46.0,68,51.7
"East Hampton School District","=""0420011""","Special Education Status (SWD)","Students without Disabilities",732,74.6,732,70.2,317,72.3
"East Hartford School District","=""0430011""","All Students","District",2913,57.4,2896,53.1,1302,54.9
"East Hartford School District","=""0430011""","English Language Learners (EL)","English Learners",596,49.5,594,48.1,262,49.7
"East Hartford School District","=""0430011""","English Language Learners (EL)","Not English Learners",2317,59.5,2302,54.4,1040,56.3
"East Hartford School District","=""0430011""","Gender","Female",1357,60.0,1353,53.8,607,55.2
"East Hartford School District","=""0430011""","Gender","Male",1556,55.2,1543,52.5,695,54.7
"East Hartford School District","=""0430011""","Grade","03",423,61.3,424,56.6,"N/A","N/A"
"East Hartford School District","=""0430011""","Grade","04",397,64.0,398,61.2,"N/A","N/A"
"East Hartford School District","=""0430011""","Grade","05",416,60.8,415,61.5,415,62.0
"East Hartford School District","=""0430011""","Grade","06",412,61.5,407,53.5,"N/A","N/A"
"East Hartford School District","=""0430011""","Grade","07",390,60.2,384,52.0,"N/A","N/A"
"East Hartford School District","=""0430011""","Grade","08",381,52.4,374,47.1,380,55.4
"East Hartford School District","=""0430011""","Grade","11",494,44.3,494,41.7,507,48.9
"East Hartford School District","=""0430011""","High Needs (F/R, EL or SWD)","High Needs",2254,54.0,2238,49.5,994,51.5
"East Hartford School District","=""0430011""","High Needs (F/R, EL or SWD)","Not High Needs",659,69.0,658,65.5,308,66.1
"East Hartford School District","=""0430011""","Free/Reduced Price Meal Eligibility (2-level)","Eligible For Free Or Reduced Price Meals",1907,55.1,1891,50.3,848,51.9
"East Hartford School District","=""0430011""","Free/Reduced Price Meal Eligibility (2-level)","Not Eligible For Free Or Reduced Price Meals",1006,61.9,1005,58.5,454,60.6
"East Hartford School District","=""0430011""","Race/Ethnicity","American Indian or Alaska Native","*","*","*","*","*","*"
"East Hartford School District","=""0430011""","Race/Ethnicity","Asian",116,65.9,116,66.4,51,66.3
"East Hartford School District","=""0430011""","Race/Ethnicity","Black or African American",872,57.3,865,51.1,409,52.9
"East Hartford School District","=""0430011""","Race/Ethnicity","Hispanic or Latino",1531,54.9,1523,51.3,674,53.0
"East Hartford School District","=""0430011""","Race/Ethnicity","Native Hawaiian or Other Pacific Islander","*","*","*","*","*","*"
"East Hartford School District","=""0430011""","Race/Ethnicity","Two or More Races",107,61.1,105,55.5,57,59.7
"East Hartford School District","=""0430011""","Race/Ethnicity","White",276,66.4,276,63.2,106,66.9
"East Hartford School District","=""0430011""","Special Education Status (SWD)","Students with Disabilities",708,40.2,705,35.4,305,40.6
"East Hartford School District","=""0430011""","Special Education Status (SWD)","Students without Disabilities",2205,63.0,2191,58.8,997,59.3
"East Haven School District","=""0440011""","All Students","District",1329,58.8,1322,54.0,601,57.1
"East Haven School District","=""0440011""","English Language Learners (EL)","English Learners",240,49.9,240,49.7,100,50.6
"East Haven School District","=""0440011""","English Language Learners (EL)","Not English Learners",1089,60.8,1082,55.0,501,58.4
"East Haven School District","=""0440011""","Gender","Female",669,61.2,668,53.7,297,56.5
"East Haven School District","=""0440011""","Gender","Male","*","*","*","*",304,57.7
"East Haven School District","=""0440011""","Gender","Non-Binary","*","*","*","*","N/A","N/A"
"East Haven School District","=""0440011""","Grade","03",195,61.3,195,57.6,"N/A","N/A"
"East Haven School District","=""0440011""","Grade","04",172,62.0,172,61.4,"N/A","N/A"
"East Haven School District","=""0440011""","Grade","05",207,61.7,207,60.1,207,59.4
"East Haven School District","=""0440011""","Grade","06",172,63.4,170,55.4,"N/A","N/A"
"East Haven School District","=""0440011""","Grade","07",195,57.3,193,51.7,"N/A","N/A"
"East Haven School District","=""0440011""","Grade","08",215,59.0,212,48.4,215,53.6
"East Haven School District","=""0440011""","Grade","11",173,46.4,173,43.7,179,58.7
"East Haven School District","=""0440011""","High Needs (F/R, EL or SWD)","High Needs",922,55.6,916,50.7,412,53.7
"East Haven School District","=""0440011""","High Needs (F/R, EL or SWD)","Not High Needs",407,66.1,406,61.5,189,64.5
"East Haven School District","=""0440011""","Free/Reduced Price Meal Eligibility (2-level)","Eligible For Free Or Reduced Price Meals",760,57.2,754,51.7,333,54.3
"East Haven School District","=""0440011""","Free/Reduced Price Meal Eligibility (2-level)","Not Eligible For Free Or Reduced Price Meals",569,60.9,568,57.1,268,60.6
"East Haven School District","=""0440011""","Race/Ethnicity","American Indian or Alaska Native","*","*","*","*","*","*"
"East Haven School District","=""0440011""","Race/Ethnicity","Asian",44,64.9,44,65.9,18,"*"
"East Haven School District","=""0440011""","Race/Ethnicity","Black or African American",75,56.1,75,49.6,44,47.8
"East Haven School District","=""0440011""","Race/Ethnicity","Hispanic or Latino",540,56.7,537,51.3,233,54.5
"East Haven School District","=""0440011""","Race/Ethnicity","Native Hawaiian or Other Pacific Islander","*","*","*","*","*","*"
"East Haven School District","=""0440011""","Race/Ethnicity","Two or More Races",56,58.8,56,54.7,20,53.2
"East Haven School District","=""0440011""","Race/Ethnicity","White",608,60.7,604,56.0,281,60.4
"East Haven School District","=""0440011""","Special Education Status (SWD)","Students with Disabilities",253,43.7,252,37.4,110,44.6
"East Haven School District","=""0440011""","Special Education Status (SWD)","Students without Disabilities",1076,62.4,1070,57.9,491,59.9
"East Lyme School District","=""0450011""","All Students","District",1167,73.2,1162,70.1,530,71.5
"East Lyme School District","=""0450011""","English Language Learners (EL)","English Learners",82,65.6,82,65.9,26,65.3
"East Lyme School District","=""0450011""","English Language Learners (EL)","Not English Learners",1085,73.8,1080,70.4,504,71.8
"East Lyme School District","=""0450011""","Gender","Female","*","*","*","*","*","*"
"East Lyme School District","=""0450011""","Gender","Male",610,71.7,608,71.4,285,71.8
"East Lyme School District","=""0450011""","Gender","Non-Binary","*","*","*","*","*","*"
"East Lyme School District","=""0450011""","Grade","03",147,75.9,147,73.8,"N/A","N/A"
"East Lyme School District","=""0450011""","Grade","04",163,78.3,163,80.3,"N/A","N/A"
"East Lyme School District","=""0450011""","Grade","05",160,74.6,158,72.7,159,75.5
"East Lyme School District","=""0450011""","Grade","06",152,74.8,151,68.3,"N/A","N/A"
"East Lyme School District","=""0450011""","Grade","07",177,73.2,176,70.9,"N/A","N/A"
"East Lyme School District","=""0450011""","Grade","08",161,72.5,160,69.7,160,71.9
"East Lyme School District","=""0450011""","Grade","11",207,65.5,207,58.1,211,68.3
"East Lyme School District","=""0450011""","High Needs (F/R, EL or SWD)","High Needs",455,63.8,452,60.5,187,62.9
"East Lyme School District","=""0450011""","High Needs (F/R, EL or SWD)","Not High Needs",712,79.2,710,76.2,343,76.2
"East Lyme School District","=""0450011""","Free/Reduced Price Meal Eligibility (2-level)","Eligible For Free Or Reduced Price Meals",275,64.9,273,61.0,127,65.3
"East Lyme School District","=""0450011""","Free/Reduced Price Meal Eligibility (2-level)","Not Eligible For Free Or Reduced Price Meals",892,75.8,889,72.9,403,73.5
"East Lyme School District","=""0450011""","Race/Ethnicity","American Indian or Alaska Native","*","*","*","*","*","*"
"East Lyme School District","=""0450011""","Race/Ethnicity","Asian",108,81.1,108,86.0,55,83.2
"East Lyme School District","=""0450011""","Race/Ethnicity","Black or African American","*","*","*","*","*","*"
"East Lyme School District","=""0450011""","Race/Ethnicity","Hispanic or Latino",121,67.4,121,63.9,52,65.5
"East Lyme School District","=""0450011""","Race/Ethnicity","Two or More Races",71,73.9,71,71.8,28,75.6
"East Lyme School District","=""0450011""","Race/Ethnicity","White",840,73.2,835,69.1,379,70.7
"East Lyme School District","=""0450011""","Special Education Status (SWD)","Students with Disabilities",221,55.4,219,51.8,81,53.9
"East Lyme School District","=""0450011""","Special Education Status (SWD)","Students without Disabilities",946,77.3,943,74.3,449,74.7
"Easton School District","=""0460011""","All Students","District",576,79.4,574,79.0,188,79.1
"Easton School District","=""0460011""","English Language Learners (EL)","English Learners",29,67.6,29,77.0,8,"*"
"Easton School District","=""0460011""","English Language Learners (EL)","Not English Learners",547,80.1,545,79.1,180,79.4
"Easton School District","=""0460011""","Gender","Female","*","*","*","*",84,78.1
"Easton School District","=""0460011""","Gender","Male",303,78.6,302,80.2,104,80.0
"Easton School District","=""0460011""","Gender","Non-Binary","*","*","*","*","N/A","N/A"
"Easton School District","=""0460011""","Grade","03",100,72.9,99,73.7,"N/A","N/A"
"Easton School District","=""0460011""","Grade","04",100,78.9,99,82.6,"N/A","N/A"
"Easton School District","=""0460011""","Grade","05",94,77.3,94,76.6,94,79.8
"Easton School District","=""0460011""","Grade","06",99,86.2,99,85.5,"N/A","N/A"
"Easton School District","=""0460011""","Grade","07",89,82.5,89,77.2,"N/A","N/A"
"Easton School District","=""0460011""","Grade","08",94,79.1,94,77.9,94,78.5
"Easton School District","=""0460011""","High Needs (F/R, EL or SWD)","High Needs",155,67.7,154,68.3,51,68.5
"Easton School District","=""0460011""","High Needs (F/R, EL or SWD)","Not High Needs",421,83.8,420,82.9,137,83.1
"Easton School District","=""0460011""","Free/Reduced Price Meal Eligibility (2-level)","Eligible For Free Or Reduced Price Meals",57,70.3,56,72.4,21,67.3
"Easton School District","=""0460011""","Free/Reduced Price Meal Eligibility (2-level)","Not Eligible For Free Or Reduced Price Meals",519,80.4,518,79.7,167,80.6
"Easton School District","=""0460011""","Race/Ethnicity","Asian",41,84.6,41,90.8,"*","*"
"Easton School District","=""0460011""","Race/Ethnicity","Black or African American","*","*","*","*","*","*"
"Easton School District","=""0460011""","Race/Ethnicity","Hispanic or Latino",54,71.3,53,70.7,18,"*"
"Easton School District","=""0460011""","Race/Ethnicity","Native Hawaiian or Other Pacific Islander","*","*","*","*","N/A","N/A"
"Easton School District","=""0460011""","Race/Ethnicity","Two or More Races",29,78.6,29,79.0,10,"*"
"Easton School District","=""0460011""","Race/Ethnicity","White",432,80.4,431,79.2,147,80.2
"Easton School District","=""0460011""","Special Education Status (SWD)","Students with Disabilities",100,63.5,99,63.5,31,64.1
"Easton School District","=""0460011""","Special Education Status (SWD)","Students without Disabilities",476,82.8,475,82.2,157,82.1
"East Windsor School District","=""0470011""","All Students","District",501,61.4,496,58.9,183,59.4
"East Windsor School District","=""0470011""","English Language Learners (EL)","English Learners",41,57.1,41,58.9,18,"*"
"East Windsor School District","=""0470011""","English Language Learners (EL)","Not English Learners",460,61.8,455,58.9,165,59.5
"East Windsor School District","=""0470011""","Gender","Female",246,63.9,243,57.4,89,59.6
"East Windsor School District","=""0470011""","Gender","Male",255,59.0,253,60.5,94,59.2
"East Windsor School District","=""0470011""","Grade","03",71,61.7,69,59.5,"N/A","N/A"
"East Windsor School District","=""0470011""","Grade","04",83,63.8,83,64.3,"N/A","N/A"
"East Windsor School District","=""0470011""","Grade","05",65,67.4,64,71.6,64,72.2
"East Windsor School District","=""0470011""","Grade","06",80,65.5,80,56.6,"N/A","N/A"
"East Windsor School District","=""0470011""","Grade","07",79,64.1,78,61.7,"N/A","N/A"
"East Windsor School District","=""0470011""","Grade","08",67,57.4,66,53.0,67,54.0
"East Windsor School District","=""0470011""","Grade","11",56,45.6,56,42.2,52,50.7
"East Windsor School District","=""0470011""","High Needs (F/R, EL or SWD)","High Needs",335,55.5,330,52.2,119,53.2
"East Windsor School District","=""0470011""","High Needs (F/R, EL or SWD)","Not High Needs",166,73.3,166,72.3,64,70.9
"East Windsor School District","=""0470011""","Free/Reduced Price Meal Eligibility (2-level)","Eligible For Free Or Reduced Price Meals",291,56.1,286,52.2,99,54.1
"East Windsor School District","=""0470011""","Free/Reduced Price Meal Eligibility (2-level)","Not Eligible For Free Or Reduced Price Meals",210,68.8,210,68.1,84,65.7
"East Windsor School District","=""0470011""","Race/Ethnicity","Asian",21,72.0,21,79.0,"*","*"
"East Windsor School District","=""0470011""","Race/Ethnicity","Black or African American",64,52.3,62,44.5,22,45.6
"East Windsor School District","=""0470011""","Race/Ethnicity","Hispanic or Latino",135,59.0,133,54.4,54,56.0
"East Windsor School District","=""0470011""","Race/Ethnicity","Two or More Races",31,65.4,31,65.1,"*","*"
"East Windsor School District","=""0470011""","Race/Ethnicity","White",250,63.7,249,62.5,98,63.6
"East Windsor School District","=""0470011""","Special Education Status (SWD)","Students with Disabilities",104,43.9,103,39.1,36,44.7
"East Windsor School District","=""0470011""","Special Education Status (SWD)","Students without Disabilities",397,66.0,393,64.2,147,63.0
"Ellington School District","=""0480011""","All Students","District",1277,74.7,1274,74.5,524,72.9
"Ellington School District","=""0480011""","English Language Learners (EL)","English Learners",52,69.2,51,73.7,16,"*"
"Ellington School District","=""0480011""","English Language Learners (EL)","Not English Learners",1225,74.9,1223,74.5,508,73.1
"Ellington School District","=""0480011""","Gender","Female",632,75.8,631,73.3,266,73.4
"Ellington School District","=""0480011""","Gender","Male",645,73.7,643,75.6,258,72.5
"Ellington School District","=""0480011""","Gender","Non-Binary",0,"N/A",0,"N/A",0,"N/A"
"Ellington School District","=""0480011""","Grade","03",165,75.8,165,75.6,"N/A","N/A"
"Ellington School District","=""0480011""","Grade","04",189,81.8,188,80.7,"N/A","N/A"
"Ellington School District","=""0480011""","Grade","05",199,75.8,199,78.1,199,78.4
"Ellington School District","=""0480011""","Grade","06",212,79.4,211,78.4,"N/A","N/A"
"Ellington School District","=""0480011""","Grade","07",177,74.7,176,74.5,"N/A","N/A"
"Ellington School District","=""0480011""","Grade","08",182,69.5,182,72.2,183,74.3
"Ellington School District","=""0480011""","Grade","11",153,63.1,153,58.5,142,63.6
"Ellington School District","=""0480011""","High Needs (F/R, EL or SWD)","High Needs",414,62.8,411,61.7,169,63.1
"Ellington School District","=""0480011""","High Needs (F/R, EL or SWD)","Not High Needs",863,80.4,863,80.6,355,77.7
"Ellington School District","=""0480011""","Free/Reduced Price Meal Eligibility (2-level)","Eligible For Free Or Reduced Price Meals",260,65.5,259,63.7,105,64.8
"Ellington School District","=""0480011""","Free/Reduced Price Meal Eligibility (2-level)","Not Eligible For Free Or Reduced Price Meals",1017,77.1,1015,77.3,419,75.0
"Ellington School District","=""0480011""","Race/Ethnicity","American Indian or Alaska Native","*","*","*","*","*","*"
"Ellington School District","=""0480011""","Race/Ethnicity","Asian",149,86.9,148,91.0,59,86.9
"Ellington School District","=""0480011""","Race/Ethnicity","Black or African American",51,57.2,51,54.3,"*","*"
"Ellington School District","=""0480011""","Race/Ethnicity","Hispanic or Latino",103,64.6,103,64.4,38,65.3
"Ellington School District","=""0480011""","Race/Ethnicity","Two or More Races","*","*","*","*",23,63.3
"Ellington School District","=""0480011""","Race/Ethnicity","White",927,74.9,925,74.3,388,72.8
"Ellington School District","=""0480011""","Special Education Status (SWD)","Students with Disabilities",204,53.4,201,51.4,85,56.2
"Ellington School District","=""0480011""","Special Education Status (SWD)","Students without Disabilities",1073,78.7,1073,78.8,439,76.2
"Enfield School District","=""0490011""","All Students","District",2271,62.1,2254,58.1,930,63.7
"Enfield School District","=""0490011""","English Language Learners (EL)","English Learners",121,49.9,120,46.5,46,51.9
"Enfield School District","=""0490011""","English Language Learners (EL)","Not English Learners",2150,62.8,2134,58.7,884,64.3
"Enfield School District","=""0490011""","Gender","Female","*","*","*","*","*","*"
"Enfield School District","=""0490011""","Gender","Male",1151,60.5,1147,58.4,465,64.5
"Enfield School District","=""0490011""","Gender","Non-Binary","*","*","*","*","*","*"
"Enfield School District","=""0490011""","Grade","03",318,63.2,318,57.0,"N/A","N/A"
"Enfield School District","=""0490011""","Grade","04",308,68.2,307,65.3,"N/A","N/A"
"Enfield School District","=""0490011""","Grade","05",288,66.2,288,66.0,288,67.4
"Enfield School District","=""0490011""","Grade","06",343,64.6,339,58.2,"N/A","N/A"
"Enfield School District","=""0490011""","Grade","07",374,62.0,367,56.6,"N/A","N/A"
"Enfield School District","=""0490011""","Grade","08",331,55.8,326,52.6,334,58.9
"Enfield School District","=""0490011""","Grade","11",309,55.1,309,52.0,308,65.3
"Enfield School District","=""0490011""","High Needs (F/R, EL or SWD)","High Needs",1298,55.9,1285,50.8,505,56.8
"Enfield School District","=""0490011""","High Needs (F/R, EL or SWD)","Not High Needs",973,70.3,969,67.7,425,71.8
"Enfield School District","=""0490011""","Free/Reduced Price Meal Eligibility (2-level)","Eligible For Free Or Reduced Price Meals",1114,57.3,1103,52.1,434,58.0
"Enfield School District","=""0490011""","Free/Reduced Price Meal Eligibility (2-level)","Not Eligible For Free Or Reduced Price Meals",1157,66.7,1151,63.8,496,68.6
"Enfield School District","=""0490011""","Race/Ethnicity","American Indian or Alaska Native","*","*","*","*","*","*"
"Enfield School District","=""0490011""","Race/Ethnicity","Asian",61,65.9,61,65.1,"*","*"
"Enfield School District","=""0490011""","Race/Ethnicity","Black or African American",151,52.9,150,45.6,57,50.9
"Enfield School District","=""0490011""","Race/Ethnicity","Hispanic or Latino",461,56.9,455,50.7,182,58.5
"Enfield School District","=""0490011""","Race/Ethnicity","Native Hawaiian or Other Pacific Islander","*","*","*","*","N/A","N/A"
"Enfield School District","=""0490011""","Race/Ethnicity","Two or More Races",132,64.2,130,55.7,48,59.6
"Enfield School District","=""0490011""","Race/Ethnicity","White",1463,64.3,1455,61.6,615,66.4
"Enfield School District","=""0490011""","Special Education Status (SWD)","Students with Disabilities",457,42.5,450,37.4,155,42.2
"Enfield School District","=""0490011""","Special Education Status (SWD)","Students without Disabilities",1814,67.0,1804,63.2,775,68.0
"Essex School District","=""0500011""","All Students","District",148,76.3,148,73.8,41,77.2
"Essex School District","=""0500011""","English Language Learners (EL)","English Learners",7,"*",7,"*","*","*"
"Essex School District","=""0500011""","English Language Learners (EL)","Not English Learners",141,77.6,141,75.1,"*","*"
"Essex School District","=""0500011""","Gender","Female",67,78.1,67,73.3,16,"*"
"Essex School District","=""0500011""","Gender","Male",81,74.8,81,74.3,25,78.4
"Essex School District","=""0500011""","Grade","03",32,76.4,32,74.1,"N/A","N/A"
"Essex School District","=""0500011""","Grade","04",38,78.5,38,74.2,"N/A","N/A"
"Essex School District","=""0500011""","Grade","05",41,77.2,41,76.6,41,77.2
"Essex School District","=""0500011""","Grade","06",37,72.9,37,70.2,"N/A","N/A"
"Essex School District","=""0500011""","High Needs (F/R, EL or SWD)","High Needs",55,65.8,55,63.9,16,"*"
"Essex School District","=""0500011""","High Needs (F/R, EL or SWD)","Not High Needs",93,82.5,93,79.7,25,82.9
"Essex School District","=""0500011""","Free/Reduced Price Meal Eligibility (2-level)","Eligible For Free Or Reduced Price Meals",30,66.0,30,63.3,13,"*"
"Essex School District","=""0500011""","Free/Reduced Price Meal Eligibility (2-level)","Not Eligible For Free Or Reduced Price Meals",118,78.9,118,76.5,28,81.1
"Essex School District","=""0500011""","Race/Ethnicity","Asian","*","*","*","*","N/A","N/A"
"Essex School District","=""0500011""","Race/Ethnicity","Black or African American","*","*","*","*","N/A","N/A"
"Essex School District","=""0500011""","Race/Ethnicity","Hispanic or Latino",12,"*",12,"*","*","*"
"Essex School District","=""0500011""","Race/Ethnicity","Two or More Races",7,"*",7,"*","*","*"
"Essex School District","=""0500011""","Race/Ethnicity","White",127,77.8,127,75.4,31,81.8
"Essex School District","=""0500011""","Special Education Status (SWD)","Students with Disabilities",33,62.9,33,61.6,7,"*"
"Essex School District","=""0500011""","Special Education Status (SWD)","Students without Disabilities",115,80.2,115,77.4,34,82.0
"Fairfield School District","=""0510011""","All Students","District",4721,75.6,4718,72.9,2031,71.6
"Fairfield School District","=""0510011""","English Language Learners (EL)","English Learners",227,60.5,227,61.3,92,55.1
"Fairfield School District","=""0510011""","English Language Learners (EL)","Not English Learners",4494,76.3,4491,73.5,1939,72.4
"Fairfield School District","=""0510011""","Gender","Female",2321,77.0,2320,71.3,993,71.8
"Fairfield School District","=""0510011""","Gender","Male",2392,74.2,2390,74.5,1031,71.5
"Fairfield School District","=""0510011""","Gender","Non-Binary",8,"*",8,"*",7,"*"
"Fairfield School District","=""0510011""","Grade","03",662,76.3,662,73.0,"N/A","N/A"
"Fairfield School District","=""0510011""","Grade","04",677,80.6,677,77.8,"N/A","N/A"
"Fairfield School District","=""0510011""","Grade","05",667,79.8,668,77.3,668,76.0
"Fairfield School District","=""0510011""","Grade","06",664,77.3,661,75.4,"N/A","N/A"
"Fairfield School District","=""0510011""","Grade","07",686,74.4,686,73.6,"N/A","N/A"
"Fairfield School District","=""0510011""","Grade","08",703,73.8,702,71.2,706,70.8
"Fairfield School District","=""0510011""","Grade","11",662,66.9,662,62.3,657,68.1
"Fairfield School District","=""0510011""","High Needs (F/R, EL or SWD)","High Needs",1439,63.0,1436,60.5,623,59.9
"Fairfield School District","=""0510011""","High Needs (F/R, EL or SWD)","Not High Needs",3282,81.1,3282,78.4,1408,76.8
"Fairfield School District","=""0510011""","Free/Reduced Price Meal Eligibility (2-level)","Eligible For Free Or Reduced Price Meals",760,64.5,759,61.6,341,61.0
"Fairfield School District","=""0510011""","Free/Reduced Price Meal Eligibility (2-level)","Not Eligible For Free Or Reduced Price Meals",3961,77.7,3959,75.1,1690,73.8
"Fairfield School District","=""0510011""","Race/Ethnicity","American Indian or Alaska Native","*","*","*","*","N/A","N/A"
"Fairfield School District","=""0510011""","Race/Ethnicity","Asian",303,79.1,303,80.2,163,75.8
"Fairfield School District","=""0510011""","Race/Ethnicity","Black or African American",140,64.7,140,58.3,"*","*"
"Fairfield School District","=""0510011""","Race/Ethnicity","Hispanic or Latino",620,67.6,620,64.0,260,62.8
"Fairfield School District","=""0510011""","Race/Ethnicity","Native Hawaiian or Other Pacific Islander","*","*","*","*","*","*"
"Fairfield School District","=""0510011""","Race/Ethnicity","Two or More Races",260,80.9,260,78.9,88,80.9
"Fairfield School District","=""0510011""","Race/Ethnicity","White",3394,76.8,3391,74.1,1449,72.8
"Fairfield School District","=""0510011""","Special Education Status (SWD)","Students with Disabilities",820,57.8,817,55.5,349,54.8
"Fairfield School District","=""0510011""","Special Education Status (SWD)","Students without Disabilities",3901,79.3,3901,76.6,1682,75.1
"Farmington School District","=""0520011""","All Students","District",2162,77.5,2159,75.8,905,77.0
"Farmington School District","=""0520011""","English Language Learners (EL)","English Learners",205,71.2,205,73.9,67,71.2
"Farmington School District","=""0520011""","English Language Learners (EL)","Not English Learners",1957,78.2,1954,76.0,838,77.5
"Farmington School District","=""0520011""","Gender","Female","*","*","*","*","*","*"
"Farmington School District","=""0520011""","Gender","Male",1118,75.5,1115,75.8,478,77.4
"Farmington School District","=""0520011""","Gender","Non-Binary","*","*","*","*","*","*"
"Farmington School District","=""0520011""","Grade","03",282,78.1,282,78.1,"N/A","N/A"
"Farmington School District","=""0520011""","Grade","04",341,82.0,341,81.5,"N/A","N/A"
"Farmington School District","=""0520011""","Grade","05",294,77.9,294,77.3,295,81.2
"Farmington School District","=""0520011""","Grade","06",325,80.3,323,78.9,"N/A","N/A"
"Farmington School District","=""0520011""","Grade","07",325,79.0,325,76.0,"N/A","N/A"
"Farmington School District","=""0520011""","Grade","08",285,77.2,284,75.1,284,76.8
"Farmington School District","=""0520011""","Grade","11",310,67.5,310,63.1,326,73.5
"Farmington School District","=""0520011""","High Needs (F/R, EL or SWD)","High Needs",735,65.6,733,62.9,296,64.0
"Farmington School District","=""0520011""","High Needs (F/R, EL or SWD)","Not High Needs",1427,83.7,1426,82.4,609,83.4
"Farmington School District","=""0520011""","Free/Reduced Price Meal Eligibility (2-level)","Eligible For Free Or Reduced Price Meals",426,66.6,427,62.5,190,65.6
"Farmington School District","=""0520011""","Free/Reduced Price Meal Eligibility (2-level)","Not Eligible For Free Or Reduced Price Meals",1736,80.2,1732,79.1,715,80.1
"Farmington School District","=""0520011""","Race/Ethnicity","American Indian or Alaska Native","*","*","*","*","*","*"
"Farmington School District","=""0520011""","Race/Ethnicity","Asian",535,86.5,534,89.5,238,87.6
"Farmington School District","=""0520011""","Race/Ethnicity","Black or African American",98,65.7,98,59.7,42,64.0
"Farmington School District","=""0520011""","Race/Ethnicity","Hispanic or Latino",260,67.4,259,63.2,105,66.8
"Farmington School District","=""0520011""","Race/Ethnicity","Native Hawaiian or Other Pacific Islander","*","*","*","*","*","*"
"Farmington School District","=""0520011""","Race/Ethnicity","Two or More Races",127,78.6,128,76.3,48,76.2
"Farmington School District","=""0520011""","Race/Ethnicity","White",1136,76.5,1134,73.6,469,75.3
"Farmington School District","=""0520011""","Special Education Status (SWD)","Students with Disabilities",288,53.3,286,47.7,114,50.1
"Farmington School District","=""0520011""","Special Education Status (SWD)","Students without Disabilities",1874,81.2,1873,80.1,791,80.9
"Franklin School District","=""0530011""","All Students","District",106,68.1,106,67.6,33,71.2
"Franklin School District","=""0530011""","English Language Learners (EL)","Not English Learners",106,68.1,106,67.6,33,71.2
"Franklin School District","=""0530011""","Gender","Female","*","*","*","*",20,68.6
"Franklin School District","=""0530011""","Gender","Male",54,66.6,54,66.0,"*","*"
"Franklin School District","=""0530011""","Gender","Non-Binary","*","*","*","*","*","*"
"Franklin School District","=""0530011""","Grade","03",13,"*",13,"*","N/A","N/A"
"Franklin School District","=""0530011""","Grade","04",20,72.0,20,62.8,"N/A","N/A"
"Franklin School District","=""0530011""","Grade","05",17,"*",17,"*",17,"*"
"Franklin School District","=""0530011""","Grade","06",17,"*",17,"*","N/A","N/A"
"Franklin School District","=""0530011""","Grade","07",23,73.5,23,71.8,"N/A","N/A"
"Franklin School District","=""0530011""","Grade","08",16,"*",16,"*",16,"*"
"Franklin School District","=""0530011""","High Needs (F/R, EL or SWD)","High Needs",29,62.1,29,59.3,9,"*"
"Franklin School District","=""0530011""","High Needs (F/R, EL or SWD)","Not High Needs",77,70.4,77,70.8,24,73.0
"Franklin School District","=""0530011""","Free/Reduced Price Meal Eligibility (2-level)","Eligible For Free Or Reduced Price Meals",25,68.2,25,66.0,9,"*"
"Franklin School District","=""0530011""","Free/Reduced Price Meal Eligibility (2-level)","Not Eligible For Free Or Reduced Price Meals",81,68.1,81,68.1,24,73.0
"Franklin School District","=""0530011""","Race/Ethnicity","Black or African American","*","*","*","*","*","*"
"Franklin School District","=""0530011""","Race/Ethnicity","Hispanic or Latino","*","*","*","*","*","*"
"Franklin School District","=""0530011""","Race/Ethnicity","Two or More Races",13,"*",13,"*","*","*"
"Franklin School District","=""0530011""","Race/Ethnicity","White",83,68.9,83,69.4,26,72.2
"Franklin School District","=""0530011""","Special Education Status (SWD)","Students with Disabilities",7,"*",7,"*","N/A","N/A"
"Franklin School District","=""0530011""","Special Education Status (SWD)","Students without Disabilities",99,70.6,99,70.3,33,71.2
"Glastonbury School District","=""0540011""","All Students","District",2973,76.8,2972,75.9,1296,71.9
"Glastonbury School District","=""0540011""","English Language Learners (EL)","English Learners",159,67.4,159,71.6,47,63.0
"Glastonbury School District","=""0540011""","English Language Learners (EL)","Not English Learners",2814,77.3,2813,76.1,1249,72.2
"Glastonbury School District","=""0540011""","Gender","Female","*","*","*","*",637,71.5
"Glastonbury School District","=""0540011""","Gender","Male",1552,75.6,1552,77.1,659,72.3
"Glastonbury School District","=""0540011""","Gender","Non-Binary","*","*","*","*","N/A","N/A"
"Glastonbury School District","=""0540011""","Grade","03",412,77.6,412,78.1,"N/A","N/A"
"Glastonbury School District","=""0540011""","Grade","04",408,78.0,408,78.5,"N/A","N/A"
"Glastonbury School District","=""0540011""","Grade","05",422,78.1,422,79.5,421,74.9
"Glastonbury School District","=""0540011""","Grade","06",435,83.7,435,79.9,"N/A","N/A"
"Glastonbury School District","=""0540011""","Grade","07",419,77.1,419,77.1,"N/A","N/A"
"Glastonbury School District","=""0540011""","Grade","08",418,76.2,417,73.7,417,75.2
"Glastonbury School District","=""0540011""","Grade","11",459,67.4,459,65.1,458,66.1
"Glastonbury School District","=""0540011""","High Needs (F/R, EL or SWD)","High Needs",747,62.7,747,61.1,303,56.5
"Glastonbury School District","=""0540011""","High Needs (F/R, EL or SWD)","Not High Needs",2226,81.5,2225,80.8,993,76.6
"Glastonbury School District","=""0540011""","Free/Reduced Price Meal Eligibility (2-level)","Eligible For Free Or Reduced Price Meals",395,64.4,395,62.0,181,58.5
"Glastonbury School District","=""0540011""","Free/Reduced Price Meal Eligibility (2-level)","Not Eligible For Free Or Reduced Price Meals",2578,78.7,2577,78.0,1115,74.1
"Glastonbury School District","=""0540011""","Race/Ethnicity","American Indian or Alaska Native","*","*","*","*","N/A","N/A"
"Glastonbury School District","=""0540011""","Race/Ethnicity","Asian",418,86.6,418,90.2,159,86.0
"Glastonbury School District","=""0540011""","Race/Ethnicity","Black or African American","*","*","*","*",34,56.1
"Glastonbury School District","=""0540011""","Race/Ethnicity","Hispanic or Latino",387,66.7,387,63.9,174,59.3
"Glastonbury School District","=""0540011""","Race/Ethnicity","Two or More Races",191,77.1,191,76.6,81,73.8
"Glastonbury School District","=""0540011""","Race/Ethnicity","White",1883,77.2,1882,75.9,848,72.3
"Glastonbury School District","=""0540011""","Special Education Status (SWD)","Students with Disabilities",372,53.8,372,50.4,138,47.9
"Glastonbury School District","=""0540011""","Special Education Status (SWD)","Students without Disabilities",2601,80.0,2600,79.5,1158,74.8
"Granby School District","=""0560011""","All Students","District",897,73.1,897,66.3,386,77.3
"Granby School District","=""0560011""","English Language Learners (EL)","English Learners",12,"*",12,"*","*","*"
"Granby School District","=""0560011""","English Language Learners (EL)","Not English Learners",885,73.2,885,66.3,"*","*"
"Granby School District","=""0560011""","Gender","Female",443,75.8,443,65.1,199,76.7
"Granby School District","=""0560011""","Gender","Male",454,70.5,454,67.5,187,78.0
"Granby School District","=""0560011""","Grade","03",118,68.2,118,63.6,"N/A","N/A"
"Granby School District","=""0560011""","Grade","04",129,77.0,129,72.2,"N/A","N/A"
"Granby School District","=""0560011""","Grade","05",122,79.3,122,70.9,122,78.9
"Granby School District","=""0560011""","Grade","06",142,72.0,142,60.5,"N/A","N/A"
"Granby School District","=""0560011""","Grade","07",121,75.1,121,68.0,"N/A","N/A"
"Granby School District","=""0560011""","Grade","08",124,74.4,124,71.1,123,77.2
"Granby School District","=""0560011""","Grade","11",141,66.5,141,59.4,141,76.0
"Granby School District","=""0560011""","High Needs (F/R, EL or SWD)","High Needs",273,61.6,273,53.4,109,66.9
"Granby School District","=""0560011""","High Needs (F/R, EL or SWD)","Not High Needs",624,78.1,624,72.0,277,81.4
"Granby School District","=""0560011""","Free/Reduced Price Meal Eligibility (2-level)","Eligible For Free Or Reduced Price Meals",156,63.4,156,54.9,67,69.3
"Granby School District","=""0560011""","Free/Reduced Price Meal Eligibility (2-level)","Not Eligible For Free Or Reduced Price Meals",741,75.2,741,68.7,319,79.0
"Granby School District","=""0560011""","Race/Ethnicity","American Indian or Alaska Native","*","*","*","*","*","*"
"Granby School District","=""0560011""","Race/Ethnicity","Asian",24,80.1,24,78.4,12,"*"
"Granby School District","=""0560011""","Race/Ethnicity","Black or African American",68,57.4,68,50.2,33,58.7
"Granby School District","=""0560011""","Race/Ethnicity","Hispanic or Latino",53,64.7,53,56.0,27,66.7
"Granby School District","=""0560011""","Race/Ethnicity","Native Hawaiian or Other Pacific Islander","*","*","*","*","N/A","N/A"
"Granby School District","=""0560011""","Race/Ethnicity","Two or More Races",22,67.9,22,62.1,"*","*"
"Granby School District","=""0560011""","Race/Ethnicity","White",728,75.1,728,68.3,306,80.0
"Granby School District","=""0560011""","Special Education Status (SWD)","Students with Disabilities",150,55.4,150,47.1,59,59.3
"Granby School District","=""0560011""","Special Education Status (SWD)","Students without Disabilities",747,76.7,747,70.2,327,80.6
"Greenwich School District","=""0570011""","All Students","District",4342,78.3,4333,76.7,1942,80.1
"Greenwich School District","=""0570011""","English Language Learners (EL)","English Learners",443,65.3,441,66.8,200,70.0
"Greenwich School District","=""0570011""","English Language Learners (EL)","Not English Learners",3899,79.8,3892,77.8,1742,81.3
"Greenwich School District","=""0570011""","Gender","Female",2038,80.0,2034,75.5,935,79.0
"Greenwich School District","=""0570011""","Gender","Male",2304,76.8,2299,77.7,1007,81.1
"Greenwich School District","=""0570011""","Grade","03",598,77.8,599,78.1,"N/A","N/A"
"Greenwich School District","=""0570011""","Grade","04",595,84.3,595,83.1,"N/A","N/A"
"Greenwich School District","=""0570011""","Grade","05",636,82.5,634,81.4,635,80.2
"Greenwich School District","=""0570011""","Grade","06",596,80.6,592,78.5,"N/A","N/A"
"Greenwich School District","=""0570011""","Grade","07",621,78.4,622,75.7,"N/A","N/A"
"Greenwich School District","=""0570011""","Grade","08",650,76.1,645,73.6,650,77.6
"Greenwich School District","=""0570011""","Grade","11",646,69.4,646,67.1,657,82.4
"Greenwich School District","=""0570011""","High Needs (F/R, EL or SWD)","High Needs",1534,64.3,1525,61.4,695,66.6
"Greenwich School District","=""0570011""","High Needs (F/R, EL or SWD)","Not High Needs",2808,86.0,2808,85.0,1247,87.6
"Greenwich School District","=""0570011""","Free/Reduced Price Meal Eligibility (2-level)","Eligible For Free Or Reduced Price Meals",827,64.0,824,58.9,384,65.4
"Greenwich School District","=""0570011""","Free/Reduced Price Meal Eligibility (2-level)","Not Eligible For Free Or Reduced Price Meals",3515,81.7,3509,80.8,1558,83.7
"Greenwich School District","=""0570011""","Race/Ethnicity","American Indian or Alaska Native","*","*","*","*","*","*"
"Greenwich School District","=""0570011""","Race/Ethnicity","Asian",385,87.9,385,91.1,171,91.0
"Greenwich School District","=""0570011""","Race/Ethnicity","Black or African American",94,64.9,94,57.5,"*","*"
"Greenwich School District","=""0570011""","Race/Ethnicity","Hispanic or Latino",984,69.0,984,65.5,468,71.2
"Greenwich School District","=""0570011""","Race/Ethnicity","Native Hawaiian or Other Pacific Islander","*","*","*","*","N/A","N/A"
"Greenwich School District","=""0570011""","Race/Ethnicity","Two or More Races",284,83.2,284,82.8,116,83.5
"Greenwich School District","=""0570011""","Race/Ethnicity","White",2585,80.4,2576,78.8,1139,82.2
"Greenwich School District","=""0570011""","Special Education Status (SWD)","Students with Disabilities",720,56.7,713,53.3,314,59.2
"Greenwich School District","=""0570011""","Special Education Status (SWD)","Students without Disabilities",3622,82.6,3620,81.3,1628,84.1
"Griswold School District","=""0580011""","All Students","District",840,61.7,839,56.5,368,64.5
"Griswold School District","=""0580011""","English Language Learners (EL)","English Learners",13,"*",13,"*","*","*"
"Griswold School District","=""0580011""","English Language Learners (EL)","Not English Learners",827,61.7,826,56.4,"*","*"
"Griswold School District","=""0580011""","Gender","Female",435,63.6,435,55.9,195,63.3
"Griswold School District","=""0580011""","Gender","Male",405,59.5,404,57.0,173,65.8
"Griswold School District","=""0580011""","Grade","03",116,61.4,116,57.0,"N/A","N/A"
"Griswold School District","=""0580011""","Grade","04",120,62.4,120,56.1,"N/A","N/A"
"Griswold School District","=""0580011""","Grade","05",135,67.7,135,64.6,135,68.9
"Griswold School District","=""0580011""","Grade","06",124,62.7,124,55.8,"N/A","N/A"
"Griswold School District","=""0580011""","Grade","07",101,61.9,101,56.1,"N/A","N/A"
"Griswold School District","=""0580011""","Grade","08",109,66.5,108,60.4,109,61.9
"Griswold School District","=""0580011""","Grade","11",135,50.1,135,45.8,124,61.9
"Griswold School District","=""0580011""","High Needs (F/R, EL or SWD)","High Needs",484,56.7,483,51.5,194,58.1
"Griswold School District","=""0580011""","High Needs (F/R, EL or SWD)","Not High Needs",356,68.4,356,63.2,174,71.5
"Griswold School District","=""0580011""","Free/Reduced Price Meal Eligibility (2-level)","Eligible For Free Or Reduced Price Meals",435,58.0,434,52.7,173,59.6
"Griswold School District","=""0580011""","Free/Reduced Price Meal Eligibility (2-level)","Not Eligible For Free Or Reduced Price Meals",405,65.5,405,60.5,195,68.8
"Griswold School District","=""0580011""","Race/Ethnicity","American Indian or Alaska Native","*","*","*","*","*","*"
"Griswold School District","=""0580011""","Race/Ethnicity","Asian",13,"*",13,"*","*","*"
"Griswold School District","=""0580011""","Race/Ethnicity","Black or African American",20,54.3,20,44.9,10,"*"
"Griswold School District","=""0580011""","Race/Ethnicity","Hispanic or Latino",109,57.4,109,51.9,51,54.9
"Griswold School District","=""0580011""","Race/Ethnicity","Native Hawaiian or Other Pacific Islander","*","*","*","*","N/A","N/A"
"Griswold School District","=""0580011""","Race/Ethnicity","Two or More Races",58,64.5,58,56.9,25,70.0
"Griswold School District","=""0580011""","Race/Ethnicity","White",632,62.1,632,57.0,272,65.6
"Griswold School District","=""0580011""","Special Education Status (SWD)","Students with Disabilities",126,45.2,125,39.6,50,49.8
"Griswold School District","=""0580011""","Special Education Status (SWD)","Students without Disabilities",714,64.6,714,59.4,318,66.8
"Groton School District","=""0590011""","All Students","District",1911,65.2,1907,59.4,751,61.9
"Groton School District","=""0590011""","English Language Learners (EL)","English Learners",116,54.1,116,50.0,45,45.4
"Groton School District","=""0590011""","English Language Learners (EL)","Not English Learners",1795,65.9,1791,60.0,706,62.9
"Groton School District","=""0590011""","Gender","Female","*","*","*","*","*","*"
"Groton School District","=""0590011""","Gender","Male",999,63.6,998,60.3,380,61.9
"Groton School District","=""0590011""","Gender","Non-Binary","*","*","*","*","*","*"
"Groton School District","=""0590011""","Grade","03",282,70.1,282,64.8,"N/A","N/A"
"Groton School District","=""0590011""","Grade","04",305,70.5,305,65.4,"N/A","N/A"
"Groton School District","=""0590011""","Grade","05",271,70.5,271,68.2,271,70.1
"Groton School District","=""0590011""","Grade","06",285,66.0,284,55.9,"N/A","N/A"
"Groton School District","=""0590011""","Grade","07",290,60.1,288,55.0,"N/A","N/A"
"Groton School District","=""0590011""","Grade","08",258,63.9,257,54.3,255,59.6
"Groton School District","=""0590011""","Grade","11",220,52.1,220,49.5,225,54.5
"Groton School District","=""0590011""","High Needs (F/R, EL or SWD)","High Needs",1081,57.3,1078,51.4,419,53.6
"Groton School District","=""0590011""","High Needs (F/R, EL or SWD)","Not High Needs",830,75.4,829,69.8,332,72.3
"Groton School District","=""0590011""","Free/Reduced Price Meal Eligibility (2-level)","Eligible For Free Or Reduced Price Meals",920,58.5,918,52.6,368,54.4
"Groton School District","=""0590011""","Free/Reduced Price Meal Eligibility (2-level)","Not Eligible For Free Or Reduced Price Meals",991,71.4,989,65.7,383,69.1
"Groton School District","=""0590011""","Race/Ethnicity","American Indian or Alaska Native",15,"*",15,"*","*","*"
"Groton School District","=""0590011""","Race/Ethnicity","Asian",108,73.7,108,74.0,41,77.1
"Groton School District","=""0590011""","Race/Ethnicity","Black or African American",129,53.5,128,47.9,62,50.2
"Groton School District","=""0590011""","Race/Ethnicity","Hispanic or Latino",506,58.8,504,52.5,183,52.9
"Groton School District","=""0590011""","Race/Ethnicity","Native Hawaiian or Other Pacific Islander",9,"*",9,"*","*","*"
"Groton School District","=""0590011""","Race/Ethnicity","Two or More Races",251,62.2,251,55.7,98,56.3
"Groton School District","=""0590011""","Race/Ethnicity","White",893,70.4,892,64.4,360,68.6
"Groton School District","=""0590011""","Special Education Status (SWD)","Students with Disabilities",358,44.4,357,37.3,143,39.5
"Groton School District","=""0590011""","Special Education Status (SWD)","Students without Disabilities",1553,70.0,1550,64.5,608,67.1
"Guilford School District","=""0600011""","All Students","District",1605,76.6,1604,73.7,750,71.0
"Guilford School District","=""0600011""","English Language Learners (EL)","English Learners",71,68.3,71,63.0,24,59.2
"Guilford School District","=""0600011""","English Language Learners (EL)","Not English Learners",1534,77.0,1533,74.2,726,71.4
"Guilford School District","=""0600011""","Gender","Female","*","*","*","*","*","*"
"Guilford School District","=""0600011""","Gender","Male",830,75.3,830,74.7,403,71.3
"Guilford School District","=""0600011""","Gender","Non-Binary","*","*","*","*","*","*"
"Guilford School District","=""0600011""","Grade","03",184,78.6,184,74.5,"N/A","N/A"
"Guilford School District","=""0600011""","Grade","04",209,81.5,209,77.4,"N/A","N/A"
"Guilford School District","=""0600011""","Grade","05",245,80.3,245,72.6,245,78.0
"Guilford School District","=""0600011""","Grade","06",231,79.5,232,76.4,"N/A","N/A"
"Guilford School District","=""0600011""","Grade","07",230,79.2,230,75.8,"N/A","N/A"
"Guilford School District","=""0600011""","Grade","08",242,73.4,240,77.7,240,73.2
"Guilford School District","=""0600011""","Grade","11",264,66.1,264,63.3,265,62.5
"Guilford School District","=""0600011""","High Needs (F/R, EL or SWD)","High Needs",435,63.2,435,58.5,194,56.6
"Guilford School District","=""0600011""","High Needs (F/R, EL or SWD)","Not High Needs",1170,81.6,1169,79.4,556,76.0
"Guilford School District","=""0600011""","Free/Reduced Price Meal Eligibility (2-level)","Eligible For Free Or Reduced Price Meals",206,68.3,205,63.4,88,60.7
"Guilford School District","=""0600011""","Free/Reduced Price Meal Eligibility (2-level)","Not Eligible For Free Or Reduced Price Meals",1399,77.8,1399,75.2,662,72.3
"Guilford School District","=""0600011""","Race/Ethnicity","Asian",77,86.8,77,87.1,33,80.7
"Guilford School District","=""0600011""","Race/Ethnicity","Black or African American","*","*","*","*","*","*"
"Guilford School District","=""0600011""","Race/Ethnicity","Hispanic or Latino",133,70.0,133,64.7,57,64.4
"Guilford School District","=""0600011""","Race/Ethnicity","Native Hawaiian or Other Pacific Islander","*","*","*","*","*","*"
"Guilford School District","=""0600011""","Race/Ethnicity","Two or More Races",85,83.7,85,80.0,43,79.1
"Guilford School District","=""0600011""","Race/Ethnicity","White",1292,76.5,1291,73.6,604,70.8
"Guilford School District","=""0600011""","Special Education Status (SWD)","Students with Disabilities",249,54.5,249,49.2,123,51.1
"Guilford School District","=""0600011""","Special Education Status (SWD)","Students without Disabilities",1356,80.7,1355,78.2,627,74.9
"Hamden School District","=""0620011""","All Students","District",2648,60.3,2637,55.9,1123,56.4
"Hamden School District","=""0620011""","English Language Learners (EL)","English Learners",306,52.3,304,51.2,108,50.9
"Hamden School District","=""0620011""","English Language Learners (EL)","Not English Learners",2342,61.3,2333,56.5,1015,57.0
"Hamden School District","=""0620011""","Gender","Female","*","*","*","*",531,57.3
"Hamden School District","=""0620011""","Gender","Male",1358,57.7,1350,55.4,592,55.5
"Hamden School District","=""0620011""","Gender","Non-Binary","*","*","*","*","N/A","N/A"
"Hamden School District","=""0620011""","Grade","03",348,62.4,347,59.2,"N/A","N/A"
"Hamden School District","=""0620011""","Grade","04",382,65.3,372,62.4,"N/A","N/A"
"Hamden School District","=""0620011""","Grade","05",370,60.9,368,59.2,370,61.0
"Hamden School District","=""0620011""","Grade","06",380,65.4,380,57.5,"N/A","N/A"
"Hamden School District","=""0620011""","Grade","07",396,62.6,397,55.6,"N/A","N/A"
"Hamden School District","=""0620011""","Grade","08",390,54.7,391,52.0,382,58.6
"Hamden School District","=""0620011""","Grade","11",382,51.1,382,45.9,371,49.5
"Hamden School District","=""0620011""","High Needs (F/R, EL or SWD)","High Needs",1585,52.8,1574,48.0,653,49.5
"Hamden School District","=""0620011""","High Needs (F/R, EL or SWD)","Not High Needs",1063,71.6,1063,67.6,470,65.9
"Hamden School District","=""0620011""","Free/Reduced Price Meal Eligibility (2-level)","Eligible For Free Or Reduced Price Meals",1333,53.3,1326,48.3,550,50.4
"Hamden School District","=""0620011""","Free/Reduced Price Meal Eligibility (2-level)","Not Eligible For Free Or Reduced Price Meals",1315,67.4,1311,63.6,573,62.1
"Hamden School District","=""0620011""","Race/Ethnicity","American Indian or Alaska Native","*","*","*","*","*","*"
"Hamden School District","=""0620011""","Race/Ethnicity","Asian",177,68.4,174,68.6,73,62.3
"Hamden School District","=""0620011""","Race/Ethnicity","Black or African American",808,53.1,804,46.5,364,49.9
"Hamden School District","=""0620011""","Race/Ethnicity","Hispanic or Latino",756,53.2,750,49.5,326,49.4
"Hamden School District","=""0620011""","Race/Ethnicity","Native Hawaiian or Other Pacific Islander","*","*","*","*","*","*"
"Hamden School District","=""0620011""","Race/Ethnicity","Two or More Races",173,66.2,173,59.8,63,57.7
"Hamden School District","=""0620011""","Race/Ethnicity","White",728,72.2,730,68.8,294,70.3
"Hamden School District","=""0620011""","Special Education Status (SWD)","Students with Disabilities",491,41.4,480,35.1,190,38.6
"Hamden School District","=""0620011""","Special Education Status (SWD)","Students without Disabilities",2157,64.6,2157,60.5,933,60.0
"Hampton School District","=""0630011""","All Students","District",33,65.3,33,57.8,7,"*"
"Hampton School District","=""0630011""","English Language Learners (EL)","Not English Learners",33,65.3,33,57.8,7,"*"
"Hampton School District","=""0630011""","Gender","Female",14,"*",14,"*","*","*"
"Hampton School District","=""0630011""","Gender","Male",19,"*",19,"*","*","*"
"Hampton School District","=""0630011""","Grade","03",8,"*",8,"*","N/A","N/A"
"Hampton School District","=""0630011""","Grade","04",10,"*",10,"*","N/A","N/A"
"Hampton School District","=""0630011""","Grade","05",7,"*",7,"*",7,"*"
"Hampton School District","=""0630011""","Grade","06",8,"*",8,"*","N/A","N/A"
"Hampton School District","=""0630011""","High Needs (F/R, EL or SWD)","High Needs",15,"*",15,"*","*","*"
"Hampton School District","=""0630011""","High Needs (F/R, EL or SWD)","Not High Needs",18,"*",18,"*","*","*"
"Hampton School District","=""0630011""","Free/Reduced Price Meal Eligibility (2-level)","Eligible For Free Or Reduced Price Meals",10,"*",10,"*","*","*"
"Hampton School District","=""0630011""","Free/Reduced Price Meal Eligibility (2-level)","Not Eligible For Free Or Reduced Price Meals",23,63.9,23,59.9,"*","*"
"Hampton School District","=""0630011""","Race/Ethnicity","Asian","*","*","*","*","*","*"
"Hampton School District","=""0630011""","Race/Ethnicity","Hispanic or Latino","*","*","*","*","N/A","N/A"
"Hampton School District","=""0630011""","Race/Ethnicity","Two or More Races","*","*","*","*","N/A","N/A"
"Hampton School District","=""0630011""","Race/Ethnicity","White",29,64.3,29,58.0,"*","*"
"Hampton School District","=""0630011""","Special Education Status (SWD)","Students with Disabilities",6,"*",6,"*","*","*"
"Hampton School District","=""0630011""","Special Education Status (SWD)","Students without Disabilities",27,68.6,27,61.5,"*","*"
"Hartford School District","=""0640011""","All Students","District",7526,47.1,7479,42.8,3230,45.7
"Hartford School District","=""0640011""","English Language Learners (EL)","English Learners",2255,39.8,2242,38.0,927,39.0
"Hartford School District","=""0640011""","English Language Learners (EL)","Not English Learners",5271,50.2,5237,44.8,2303,48.4
"Hartford School District","=""0640011""","Gender","Female","*","*","*","*","*","*"
"Hartford School District","=""0640011""","Gender","Male",3837,45.6,3813,43.1,1653,45.6
"Hartford School District","=""0640011""","Gender","Non-Binary","*","*","*","*","*","*"
"Hartford School District","=""0640011""","Grade","03",1060,50.2,1052,48.8,"N/A","N/A"
"Hartford School District","=""0640011""","Grade","04",1092,51.9,1081,49.6,"N/A","N/A"
"Hartford School District","=""0640011""","Grade","05",1130,46.3,1127,47.5,1132,47.3
"Hartford School District","=""0640011""","Grade","06",1102,50.5,1096,40.2,"N/A","N/A"
"Hartford School District","=""0640011""","Grade","07",1075,46.2,1063,38.5,"N/A","N/A"
"Hartford School District","=""0640011""","Grade","08",1180,43.8,1176,36.8,1185,46.0
"Hartford School District","=""0640011""","Grade","11",887,39.5,884,37.5,913,43.3
"Hartford School District","=""0640011""","High Needs (F/R, EL or SWD)","High Needs",6698,44.9,6656,40.6,2841,43.4
"Hartford School District","=""0640011""","High Needs (F/R, EL or SWD)","Not High Needs",828,64.2,823,60.6,389,62.2
"Hartford School District","=""0640011""","Free/Reduced Price Meal Eligibility (2-level)","Eligible For Free Or Reduced Price Meals",6207,45.4,6171,40.6,2651,43.6
"Hartford School District","=""0640011""","Free/Reduced Price Meal Eligibility (2-level)","Not Eligible For Free Or Reduced Price Meals",1319,55.0,1308,53.2,579,55.1
"Hartford School District","=""0640011""","Race/Ethnicity","American Indian or Alaska Native",23,51.3,23,49.1,"*","*"
"Hartford School District","=""0640011""","Race/Ethnicity","Asian",237,66.6,235,67.2,93,64.7
"Hartford School District","=""0640011""","Race/Ethnicity","Black or African American",2147,48.1,2136,42.4,931,45.9
"Hartford School District","=""0640011""","Race/Ethnicity","Hispanic or Latino",4428,43.5,4398,39.6,1900,42.5
"Hartford School District","=""0640011""","Race/Ethnicity","Native Hawaiian or Other Pacific Islander",12,"*",12,"*","*","*"
"Hartford School District","=""0640011""","Race/Ethnicity","Two or More Races",194,59.1,193,52.6,91,57.8
"Hartford School District","=""0640011""","Race/Ethnicity","White",485,59.9,482,56.6,204,60.0
"Hartford School District","=""0640011""","Special Education Status (SWD)","Students with Disabilities",1725,33.6,1708,28.4,710,33.8
"Hartford School District","=""0640011""","Special Education Status (SWD)","Students without Disabilities",5801,51.1,5771,47.0,2520,49.0
"Hartland School District","=""0650011""","All Students","District",76,75.6,76,70.6,24,76.2
"Hartland School District","=""0650011""","English Language Learners (EL)","Not English Learners",76,75.6,76,70.6,24,76.2
"Hartland School District","=""0650011""","Gender","Female",33,78.7,33,69.6,9,"*"
"Hartland School District","=""0650011""","Gender","Male",43,73.2,43,71.4,15,"*"
"Hartland School District","=""0650011""","Grade","03",10,"*",10,"*","N/A","N/A"
"Hartland School District","=""0650011""","Grade","04",11,"*",11,"*","N/A","N/A"
"Hartland School District","=""0650011""","Grade","05",14,"*",14,"*",14,"*"
"Hartland School District","=""0650011""","Grade","06",17,"*",17,"*","N/A","N/A"
"Hartland School District","=""0650011""","Grade","07",14,"*",14,"*","N/A","N/A"
"Hartland School District","=""0650011""","Grade","08",10,"*",10,"*",10,"*"
"Hartland School District","=""0650011""","High Needs (F/R, EL or SWD)","High Needs",24,65.1,24,58.4,6,"*"
"Hartland School District","=""0650011""","High Needs (F/R, EL or SWD)","Not High Needs",52,80.5,52,76.2,18,"*"
"Hartland School District","=""0650011""","Free/Reduced Price Meal Eligibility (2-level)","Eligible For Free Or Reduced Price Meals",10,"*",10,"*","*","*"
"Hartland School District","=""0650011""","Free/Reduced Price Meal Eligibility (2-level)","Not Eligible For Free Or Reduced Price Meals",66,76.8,66,72.4,"*","*"
"Hartland School District","=""0650011""","Race/Ethnicity","Black or African American","*","*","*","*","*","*"
"Hartland School District","=""0650011""","Race/Ethnicity","Hispanic or Latino","*","*","*","*","N/A","N/A"
"Hartland School District","=""0650011""","Race/Ethnicity","Two or More Races",7,"*",7,"*","*","*"
"Hartland School District","=""0650011""","Race/Ethnicity","White",64,76.5,64,72.1,19,"*"
"Hartland School District","=""0650011""","Special Education Status (SWD)","Students with Disabilities",19,"*",19,"*",6,"*"
"Hartland School District","=""0650011""","Special Education Status (SWD)","Students without Disabilities",57,80.6,57,75.7,18,"*"
"Hebron School District","=""0670011""","All Students","District",359,76.4,359,72.4,81,73.5
"Hebron School District","=""0670011""","English Language Learners (EL)","English Learners","*","*","*","*","N/A","N/A"
"Hebron School District","=""0670011""","English Language Learners (EL)","Not English Learners","*","*","*","*",81,73.5
"Hebron School District","=""0670011""","Gender","Female",179,77.8,179,70.0,42,72.3
"Hebron School District","=""0670011""","Gender","Male",180,75.1,180,74.8,39,74.8
"Hebron School District","=""0670011""","Grade","03",88,77.0,88,70.5,"N/A","N/A"
"Hebron School District","=""0670011""","Grade","04",89,78.4,89,76.2,"N/A","N/A"
"Hebron School District","=""0670011""","Grade","05",81,70.8,81,65.3,81,73.5
"Hebron School District","=""0670011""","Grade","06",101,78.7,101,76.4,"N/A","N/A"
"Hebron School District","=""0670011""","High Needs (F/R, EL or SWD)","High Needs",96,66.1,96,62.8,24,60.5
"Hebron School District","=""0670011""","High Needs (F/R, EL or SWD)","Not High Needs",263,80.2,263,75.9,57,78.9
"Hebron School District","=""0670011""","Free/Reduced Price Meal Eligibility (2-level)","Eligible For Free Or Reduced Price Meals",63,72.1,63,68.6,14,"*"
"Hebron School District","=""0670011""","Free/Reduced Price Meal Eligibility (2-level)","Not Eligible For Free Or Reduced Price Meals",296,77.4,296,73.2,67,75.3
"Hebron School District","=""0670011""","Race/Ethnicity","American Indian or Alaska Native","*","*","*","*","N/A","N/A"
"Hebron School District","=""0670011""","Race/Ethnicity","Asian",7,"*",7,"*","N/A","N/A"
"Hebron School District","=""0670011""","Race/Ethnicity","Black or African American",7,"*",7,"*","*","*"
"Hebron School District","=""0670011""","Race/Ethnicity","Hispanic or Latino",17,"*",17,"*","*","*"
"Hebron School District","=""0670011""","Race/Ethnicity","Two or More Races","*","*","*","*","*","*"
"Hebron School District","=""0670011""","Race/Ethnicity","White",322,77.2,322,73.2,74,73.9
"Hebron School District","=""0670011""","Special Education Status (SWD)","Students with Disabilities",48,55.7,48,51.1,14,"*"
"Hebron School District","=""0670011""","Special Education Status (SWD)","Students without Disabilities",311,79.6,311,75.7,67,77.4
"Kent School District","=""0680011""","All Students","District",110,80.7,110,74.1,36,77.2
"Kent School District","=""0680011""","English Language Learners (EL)","English Learners","*","*","*","*","*","*"
"Kent School District","=""0680011""","English Language Learners (EL)","Not English Learners","*","*","*","*","*","*"
"Kent School District","=""0680011""","Gender","Female",53,83.9,53,73.5,18,"*"
"Kent School District","=""0680011""","Gender","Male",57,77.7,57,74.8,18,"*"
"Kent School District","=""0680011""","Grade","03",14,"*",14,"*","N/A","N/A"
"Kent School District","=""0680011""","Grade","04",26,75.9,26,70.5,"N/A","N/A"
"Kent School District","=""0680011""","Grade","05",13,"*",13,"*",13,"*"
"Kent School District","=""0680011""","Grade","06",21,82.0,21,75.5,"N/A","N/A"
"Kent School District","=""0680011""","Grade","07",13,"*",13,"*","N/A","N/A"
"Kent School District","=""0680011""","Grade","08",23,85.5,23,80.3,23,83.9
"Kent School District","=""0680011""","High Needs (F/R, EL or SWD)","High Needs",36,75.9,36,70.7,9,"*"
"Kent School District","=""0680011""","High Needs (F/R, EL or SWD)","Not High Needs",74,83.0,74,75.8,27,79.8
"Kent School District","=""0680011""","Free/Reduced Price Meal Eligibility (2-level)","Eligible For Free Or Reduced Price Meals",26,78.5,26,73.3,7,"*"
"Kent School District","=""0680011""","Free/Reduced Price Meal Eligibility (2-level)","Not Eligible For Free Or Reduced Price Meals",84,81.4,84,74.4,29,78.0
"Kent School District","=""0680011""","Race/Ethnicity","Asian","*","*","*","*","*","*"
"Kent School District","=""0680011""","Race/Ethnicity","Black or African American","*","*","*","*","*","*"
"Kent School District","=""0680011""","Race/Ethnicity","Hispanic or Latino",9,"*",9,"*",0,"N/A"
"Kent School District","=""0680011""","Race/Ethnicity","Two or More Races",6,"*",6,"*","*","*"
"Kent School District","=""0680011""","Race/Ethnicity","White",91,80.9,91,73.9,32,77.1
"Kent School District","=""0680011""","Special Education Status (SWD)","Students with Disabilities",12,"*",12,"*","*","*"
"Kent School District","=""0680011""","Special Education Status (SWD)","Students without Disabilities",98,81.8,98,75.3,"*","*"
"Killingly School District","=""0690011""","All Students","District",1163,60.1,1163,54.8,498,56.5
"Killingly School District","=""0690011""","English Language Learners (EL)","English Learners",49,59.7,49,54.1,15,"*"
"Killingly School District","=""0690011""","English Language Learners (EL)","Not English Learners",1114,60.1,1114,54.9,483,56.6
"Killingly School District","=""0690011""","Gender","Female","*","*","*","*",261,56.8
"Killingly School District","=""0690011""","Gender","Male",603,58.2,604,55.4,"*","*"
"Killingly School District","=""0690011""","Gender","Non-Binary","*","*","*","*","*","*"
"Killingly School District","=""0690011""","Grade","03",174,63.0,174,58.5,"N/A","N/A"
"Killingly School District","=""0690011""","Grade","04",154,65.8,154,62.9,"N/A","N/A"
"Killingly School District","=""0690011""","Grade","05",179,57.6,180,53.6,179,56.6
"Killingly School District","=""0690011""","Grade","06",176,68.8,176,59.0,"N/A","N/A"
"Killingly School District","=""0690011""","Grade","07",160,56.0,159,51.2,"N/A","N/A"
"Killingly School District","=""0690011""","Grade","08",159,57.1,159,54.2,157,63.8
"Killingly School District","=""0690011""","Grade","11",161,51.7,161,44.4,162,49.3
"Killingly School District","=""0690011""","High Needs (F/R, EL or SWD)","High Needs",697,54.8,698,49.7,284,51.1
"Killingly School District","=""0690011""","High Needs (F/R, EL or SWD)","Not High Needs",466,68.0,465,62.5,214,63.7
"Killingly School District","=""0690011""","Free/Reduced Price Meal Eligibility (2-level)","Eligible For Free Or Reduced Price Meals",603,55.9,604,50.7,255,51.9
"Killingly School District","=""0690011""","Free/Reduced Price Meal Eligibility (2-level)","Not Eligible For Free Or Reduced Price Meals",560,64.6,559,59.3,243,61.3
"Killingly School District","=""0690011""","Race/Ethnicity","American Indian or Alaska Native","*","*","*","*","*","*"
"Killingly School District","=""0690011""","Race/Ethnicity","Asian",31,57.7,31,55.2,21,50.9
"Killingly School District","=""0690011""","Race/Ethnicity","Black or African American",21,56.0,21,52.1,"*","*"
"Killingly School District","=""0690011""","Race/Ethnicity","Hispanic or Latino",129,56.6,129,49.8,54,51.6
"Killingly School District","=""0690011""","Race/Ethnicity","Native Hawaiian or Other Pacific Islander","*","*","*","*","N/A","N/A"
"Killingly School District","=""0690011""","Race/Ethnicity","Two or More Races",86,61.6,86,55.9,31,53.2
"Killingly School District","=""0690011""","Race/Ethnicity","White",891,60.7,891,55.5,386,58.0
"Killingly School District","=""0690011""","Special Education Status (SWD)","Students with Disabilities",234,43.1,234,37.1,88,43.3
"Killingly School District","=""0690011""","Special Education Status (SWD)","Students without Disabilities",929,64.4,929,59.3,410,59.3
"Lebanon School District","=""0710011""","All Students","District",455,70.6,453,65.7,213,66.9
"Lebanon School District","=""0710011""","English Language Learners (EL)","English Learners",8,"*",8,"*",6,"*"
"Lebanon School District","=""0710011""","English Language Learners (EL)","Not English Learners",447,70.7,445,65.7,207,67.2
"Lebanon School District","=""0710011""","Gender","Female",219,71.6,219,63.9,118,66.1
"Lebanon School District","=""0710011""","Gender","Male",236,69.7,234,67.3,95,67.9
"Lebanon School District","=""0710011""","Grade","03",48,68.7,48,64.3,"N/A","N/A"
"Lebanon School District","=""0710011""","Grade","04",68,72.0,66,67.2,"N/A","N/A"
"Lebanon School District","=""0710011""","Grade","05",64,76.2,64,77.1,64,74.3
"Lebanon School District","=""0710011""","Grade","06",58,78.3,58,70.4,"N/A","N/A"
"Lebanon School District","=""0710011""","Grade","07",63,74.9,63,73.0,"N/A","N/A"
"Lebanon School District","=""0710011""","Grade","08",76,70.7,76,63.8,76,64.4
"Lebanon School District","=""0710011""","Grade","11",78,56.7,78,48.0,73,63.0
"Lebanon School District","=""0710011""","High Needs (F/R, EL or SWD)","High Needs",182,60.0,180,54.0,85,58.5
"Lebanon School District","=""0710011""","High Needs (F/R, EL or SWD)","Not High Needs",273,77.6,273,73.4,128,72.5
"Lebanon School District","=""0710011""","Free/Reduced Price Meal Eligibility (2-level)","Eligible For Free Or Reduced Price Meals",135,61.9,133,55.0,67,62.3
"Lebanon School District","=""0710011""","Free/Reduced Price Meal Eligibility (2-level)","Not Eligible For Free Or Reduced Price Meals",320,74.3,320,70.1,146,69.0
"Lebanon School District","=""0710011""","Race/Ethnicity","American Indian or Alaska Native","*","*","*","*","*","*"
"Lebanon School District","=""0710011""","Race/Ethnicity","Asian",6,"*",6,"*","*","*"
"Lebanon School District","=""0710011""","Race/Ethnicity","Black or African American","*","*","*","*","*","*"
"Lebanon School District","=""0710011""","Race/Ethnicity","Hispanic or Latino",44,65.6,43,60.4,21,55.5
"Lebanon School District","=""0710011""","Race/Ethnicity","Native Hawaiian or Other Pacific Islander","*","*","*","*","*","*"
"Lebanon School District","=""0710011""","Race/Ethnicity","Two or More Races",7,"*",7,"*","*","*"
"Lebanon School District","=""0710011""","Race/Ethnicity","White",389,71.8,388,66.9,179,68.8
"Lebanon School District","=""0710011""","Special Education Status (SWD)","Students with Disabilities",93,52.0,91,44.9,31,44.4
"Lebanon School District","=""0710011""","Special Education Status (SWD)","Students without Disabilities",362,75.4,362,70.9,182,70.7
"Ledyard School District","=""0720011""","All Students","District",1220,63.0,1216,60.1,524,65.3
"Ledyard School District","=""0720011""","English Language Learners (EL)","English Learners",35,57.4,35,56.5,13,"*"
"Ledyard School District","=""0720011""","English Language Learners (EL)","Not English Learners",1185,63.2,1181,60.2,511,65.6
"Ledyard School District","=""0720011""","Gender","Female",583,65.5,581,58.9,251,66.1
"Ledyard School District","=""0720011""","Gender","Male",637,60.8,635,61.2,273,64.5
"Ledyard School District","=""0720011""","Grade","03",148,67.6,148,64.4,"N/A","N/A"
"Ledyard School District","=""0720011""","Grade","04",186,71.0,186,68.6,"N/A","N/A"
"Ledyard School District","=""0720011""","Grade","05",168,65.3,168,65.8,167,68.6
"Ledyard School District","=""0720011""","Grade","06",194,64.6,192,60.0,"N/A","N/A"
"Ledyard School District","=""0720011""","Grade","07",163,59.2,161,59.3,"N/A","N/A"
"Ledyard School District","=""0720011""","Grade","08",190,57.7,190,52.5,186,62.3
"Ledyard School District","=""0720011""","Grade","11",171,55.8,171,50.7,171,65.3
"Ledyard School District","=""0720011""","High Needs (F/R, EL or SWD)","High Needs",516,54.3,512,50.8,225,56.4
"Ledyard School District","=""0720011""","High Needs (F/R, EL or SWD)","Not High Needs",704,69.4,704,66.8,299,72.0
"Ledyard School District","=""0720011""","Free/Reduced Price Meal Eligibility (2-level)","Eligible For Free Or Reduced Price Meals",374,56.8,371,52.2,176,58.4
"Ledyard School District","=""0720011""","Free/Reduced Price Meal Eligibility (2-level)","Not Eligible For Free Or Reduced Price Meals",846,65.8,845,63.5,348,68.8
"Ledyard School District","=""0720011""","Race/Ethnicity","American Indian or Alaska Native",35,47.5,35,41.7,17,"*"
"Ledyard School District","=""0720011""","Race/Ethnicity","Asian",43,65.2,43,61.0,21,71.2
"Ledyard School District","=""0720011""","Race/Ethnicity","Black or African American",38,65.2,38,59.1,"*","*"
"Ledyard School District","=""0720011""","Race/Ethnicity","Hispanic or Latino",165,60.9,162,58.1,54,61.3
"Ledyard School District","=""0720011""","Race/Ethnicity","Native Hawaiian or Other Pacific Islander",14,"*",14,"*","*","*"
"Ledyard School District","=""0720011""","Race/Ethnicity","Two or More Races",69,55.2,69,52.2,37,56.9
"Ledyard School District","=""0720011""","Race/Ethnicity","White",856,64.6,855,61.9,377,67.4
"Ledyard School District","=""0720011""","Special Education Status (SWD)","Students with Disabilities",233,44.4,230,42.3,94,46.2
"Ledyard School District","=""0720011""","Special Education Status (SWD)","Students without Disabilities",987,67.4,986,64.2,430,69.5
"Lisbon School District","=""0730011""","All Students","District",262,65.0,261,65.3,80,67.7
"Lisbon School District","=""0730011""","English Language Learners (EL)","English Learners",7,"*",7,"*","N/A","N/A"
"Lisbon School District","=""0730011""","English Language Learners (EL)","Not English Learners",255,65.2,254,65.6,80,67.7
"Lisbon School District","=""0730011""","Gender","Female",129,67.6,129,64.0,34,65.7
"Lisbon School District","=""0730011""","Gender","Male",133,62.4,132,66.5,46,69.2
"Lisbon School District","=""0730011""","Grade","03",42,60.9,42,62.3,"N/A","N/A"
"Lisbon School District","=""0730011""","Grade","04",47,66.1,46,63.0,"N/A","N/A"
"Lisbon School District","=""0730011""","Grade","05",35,65.6,35,69.0,35,65.3
"Lisbon School District","=""0730011""","Grade","06",46,63.3,46,62.9,"N/A","N/A"
"Lisbon School District","=""0730011""","Grade","07",47,68.4,47,67.5,"N/A","N/A"
"Lisbon School District","=""0730011""","Grade","08",45,65.4,45,67.7,45,69.6
"Lisbon School District","=""0730011""","High Needs (F/R, EL or SWD)","High Needs",136,60.6,135,60.0,36,65.9
"Lisbon School District","=""0730011""","High Needs (F/R, EL or SWD)","Not High Needs",126,69.7,126,70.9,44,69.2
"Lisbon School District","=""0730011""","Free/Reduced Price Meal Eligibility (2-level)","Eligible For Free Or Reduced Price Meals",113,61.6,112,60.7,33,65.8
"Lisbon School District","=""0730011""","Free/Reduced Price Meal Eligibility (2-level)","Not Eligible For Free Or Reduced Price Meals",149,67.6,149,68.8,47,69.0
"Lisbon School District","=""0730011""","Race/Ethnicity","American Indian or Alaska Native","*","*","*","*","*","*"
"Lisbon School District","=""0730011""","Race/Ethnicity","Asian","*","*","*","*","*","*"
"Lisbon School District","=""0730011""","Race/Ethnicity","Black or African American","*","*","*","*","N/A","N/A"
"Lisbon School District","=""0730011""","Race/Ethnicity","Hispanic or Latino",34,57.4,33,60.6,11,"*"
"Lisbon School District","=""0730011""","Race/Ethnicity","Two or More Races",18,"*",18,"*",8,"*"
"Lisbon School District","=""0730011""","Race/Ethnicity","White",204,66.1,204,66.2,59,68.6
"Lisbon School District","=""0730011""","Special Education Status (SWD)","Students with Disabilities",45,51.3,44,49.1,11,"*"
"Lisbon School District","=""0730011""","Special Education Status (SWD)","Students without Disabilities",217,67.8,217,68.6,69,70.2
"Litchfield School District","=""0740011""","All Students","District",427,70.7,421,70.4,182,66.6
"Litchfield School District","=""0740011""","English Language Learners (EL)","English Learners",6,"*",6,"*","*","*"
"Litchfield School District","=""0740011""","English Language Learners (EL)","Not English Learners",421,71.3,415,70.7,"*","*"
"Litchfield School District","=""0740011""","Gender","Female",213,71.6,208,68.2,93,66.4
"Litchfield School District","=""0740011""","Gender","Male",214,69.8,213,72.4,89,66.8
"Litchfield School District","=""0740011""","Grade","03",64,73.5,64,66.6,"N/A","N/A"
"Litchfield School District","=""0740011""","Grade","04",57,79.1,57,80.8,"N/A","N/A"
"Litchfield School District","=""0740011""","Grade","05",66,66.2,66,70.6,66,70.8
"Litchfield School District","=""0740011""","Grade","06",49,77.8,49,78.7,"N/A","N/A"
"Litchfield School District","=""0740011""","Grade","07",74,72.5,69,69.9,"N/A","N/A"
"Litchfield School District","=""0740011""","Grade","08",67,65.7,66,70.7,68,69.5
"Litchfield School District","=""0740011""","Grade","11",50,60.3,50,55.0,48,56.7
"Litchfield School District","=""0740011""","High Needs (F/R, EL or SWD)","High Needs",170,59.1,167,58.6,86,56.2
"Litchfield School District","=""0740011""","High Needs (F/R, EL or SWD)","Not High Needs",257,78.3,254,78.1,96,75.9
"Litchfield School District","=""0740011""","Free/Reduced Price Meal Eligibility (2-level)","Eligible For Free Or Reduced Price Meals",111,63.9,109,63.0,59,61.7
"Litchfield School District","=""0740011""","Free/Reduced Price Meal Eligibility (2-level)","Not Eligible For Free Or Reduced Price Meals",316,73.0,312,72.9,123,68.9
"Litchfield School District","=""0740011""","Race/Ethnicity","American Indian or Alaska Native","*","*","*","*","*","*"
"Litchfield School District","=""0740011""","Race/Ethnicity","Asian",9,"*",9,"*","*","*"
"Litchfield School District","=""0740011""","Race/Ethnicity","Black or African American","*","*","*","*","*","*"
"Litchfield School District","=""0740011""","Race/Ethnicity","Hispanic or Latino",33,60.4,33,62.3,15,"*"
"Litchfield School District","=""0740011""","Race/Ethnicity","Two or More Races","*","*","*","*","*","*"
"Litchfield School District","=""0740011""","Race/Ethnicity","White",377,71.8,371,71.2,155,67.5
"Litchfield School District","=""0740011""","Special Education Status (SWD)","Students with Disabilities",90,48.2,89,46.7,44,43.8
"Litchfield School District","=""0740011""","Special Education Status (SWD)","Students without Disabilities",337,76.7,332,76.7,138,73.9
"Madison School District","=""0760011""","All Students","District",1238,79.3,1238,78.4,534,75.3
"Madison School District","=""0760011""","English Language Learners (EL)","English Learners",36,72.2,36,76.7,12,"*"
"Madison School District","=""0760011""","English Language Learners (EL)","Not English Learners",1202,79.5,1202,78.5,522,75.4
"Madison School District","=""0760011""","Gender","Female","*","*","*","*",243,74.3
"Madison School District","=""0760011""","Gender","Male",637,78.5,637,80.3,291,76.1
"Madison School District","=""0760011""","Gender","Non-Binary","*","*","*","*","N/A","N/A"
"Madison School District","=""0760011""","Grade","03",172,82.0,172,80.3,"N/A","N/A"
"Madison School District","=""0760011""","Grade","04",172,83.8,172,81.0,"N/A","N/A"
"Madison School District","=""0760011""","Grade","05",171,83.5,171,81.8,171,80.0
"Madison School District","=""0760011""","Grade","06",184,82.5,184,81.9,"N/A","N/A"
"Madison School District","=""0760011""","Grade","07",172,80.9,172,79.5,"N/A","N/A"
"Madison School District","=""0760011""","Grade","08",175,76.0,175,77.9,174,70.0
"Madison School District","=""0760011""","Grade","11",192,67.6,192,67.7,189,76.0
"Madison School District","=""0760011""","High Needs (F/R, EL or SWD)","High Needs",229,64.7,229,64.0,90,59.4
"Madison School District","=""0760011""","High Needs (F/R, EL or SWD)","Not High Needs",1009,82.6,1009,81.7,444,78.5
"Madison School District","=""0760011""","Free/Reduced Price Meal Eligibility (2-level)","Eligible For Free Or Reduced Price Meals",53,71.6,53,69.7,30,71.0
"Madison School District","=""0760011""","Free/Reduced Price Meal Eligibility (2-level)","Not Eligible For Free Or Reduced Price Meals",1185,79.7,1185,78.8,504,75.6
"Madison School District","=""0760011""","Race/Ethnicity","American Indian or Alaska Native","*","*","*","*","*","*"
"Madison School District","=""0760011""","Race/Ethnicity","Asian",49,89.2,49,92.2,19,"*"
"Madison School District","=""0760011""","Race/Ethnicity","Black or African American",11,"*",11,"*",8,"*"
"Madison School District","=""0760011""","Race/Ethnicity","Hispanic or Latino",72,78.4,72,76.8,32,69.6
"Madison School District","=""0760011""","Race/Ethnicity","Native Hawaiian or Other Pacific Islander","*","*","*","*","*","*"
"Madison School District","=""0760011""","Race/Ethnicity","Two or More Races",49,89.1,49,84.4,20,85.6
"Madison School District","=""0760011""","Race/Ethnicity","White",1053,78.6,1053,77.7,452,74.9
"Madison School District","=""0760011""","Special Education Status (SWD)","Students with Disabilities",170,60.9,170,59.3,56,51.4
"Madison School District","=""0760011""","Special Education Status (SWD)","Students without Disabilities",1068,82.2,1068,81.5,478,78.1
"Manchester School District","=""0770011""","All Students","District",2850,54.6,2832,50.7,1200,52.5
"Manchester School District","=""0770011""","English Language Learners (EL)","English Learners",356,47.0,353,45.9,127,43.4
"Manchester School District","=""0770011""","English Language Learners (EL)","Not English Learners",2494,55.7,2479,51.4,1073,53.6
"Manchester School District","=""0770011""","Gender","Female","*","*","*","*","*","*"
"Manchester School District","=""0770011""","Gender","Male",1497,52.1,1485,50.7,617,52.2
"Manchester School District","=""0770011""","Gender","Non-Binary","*","*","*","*","*","*"
"Manchester School District","=""0770011""","Grade","03",431,58.4,429,54.5,"N/A","N/A"
"Manchester School District","=""0770011""","Grade","04",449,62.4,448,57.6,"N/A","N/A"
"Manchester School District","=""0770011""","Grade","05",405,54.0,407,54.7,406,56.9
"Manchester School District","=""0770011""","Grade","06",404,54.7,405,51.1,"N/A","N/A"
"Manchester School District","=""0770011""","Grade","07",377,54.8,369,46.8,"N/A","N/A"
"Manchester School District","=""0770011""","Grade","08",402,49.6,392,44.0,398,53.7
"Manchester School District","=""0770011""","Grade","11",382,46.6,382,44.0,396,46.8
"Manchester School District","=""0770011""","High Needs (F/R, EL or SWD)","High Needs",1945,49.0,1930,44.9,798,47.0
"Manchester School District","=""0770011""","High Needs (F/R, EL or SWD)","Not High Needs",905,66.5,902,63.1,402,63.4
"Manchester School District","=""0770011""","Free/Reduced Price Meal Eligibility (2-level)","Eligible For Free Or Reduced Price Meals",1694,49.7,1680,45.4,703,47.8
"Manchester School District","=""0770011""","Free/Reduced Price Meal Eligibility (2-level)","Not Eligible For Free Or Reduced Price Meals",1156,61.6,1152,58.3,497,59.2
"Manchester School District","=""0770011""","Race/Ethnicity","American Indian or Alaska Native",14,"*",13,"*","*","*"
"Manchester School District","=""0770011""","Race/Ethnicity","Asian",238,60.7,235,62.0,92,61.3
"Manchester School District","=""0770011""","Race/Ethnicity","Black or African American",692,49.2,686,43.3,290,44.0
"Manchester School District","=""0770011""","Race/Ethnicity","Hispanic or Latino",986,49.2,982,45.0,409,47.7
"Manchester School District","=""0770011""","Race/Ethnicity","Native Hawaiian or Other Pacific Islander",10,"*",10,"*","*","*"
"Manchester School District","=""0770011""","Race/Ethnicity","Two or More Races",64,54.7,64,51.0,35,50.5
"Manchester School District","=""0770011""","Race/Ethnicity","White",846,63.9,842,60.4,368,62.6
"Manchester School District","=""0770011""","Special Education Status (SWD)","Students with Disabilities",500,33.9,494,29.1,199,32.3
"Manchester School District","=""0770011""","Special Education Status (SWD)","Students without Disabilities",2350,59.0,2338,55.2,1001,56.5
"Mansfield School District","=""0780011""","All Students","District",606,74.7,604,72.2,199,77.4
"Mansfield School District","=""0780011""","English Language Learners (EL)","English Learners",53,63.0,53,66.0,16,"*"
"Mansfield School District","=""0780011""","English Language Learners (EL)","Not English Learners",553,75.8,551,72.8,183,77.9
"Mansfield School District","=""0780011""","Gender","Female",303,76.6,302,71.6,112,77.5
"Mansfield School District","=""0780011""","Gender","Male","*","*","*","*",87,77.2
"Mansfield School District","=""0780011""","Gender","Non-Binary","*","*","*","*","N/A","N/A"
"Mansfield School District","=""0780011""","Grade","03",104,71.0,104,70.8,"N/A","N/A"
"Mansfield School District","=""0780011""","Grade","04",96,78.1,96,78.2,"N/A","N/A"
"Mansfield School District","=""0780011""","Grade","05",86,73.6,86,72.6,87,77.2
"Mansfield School District","=""0780011""","Grade","06",96,75.6,96,69.4,"N/A","N/A"
"Mansfield School District","=""0780011""","Grade","07",114,75.0,113,68.4,"N/A","N/A"
"Mansfield School District","=""0780011""","Grade","08",110,74.9,109,74.4,112,77.5
"Mansfield School District","=""0780011""","High Needs (F/R, EL or SWD)","High Needs",263,62.4,261,61.0,88,68.0
"Mansfield School District","=""0780011""","High Needs (F/R, EL or SWD)","Not High Needs",343,84.1,343,80.8,111,84.9
"Mansfield School District","=""0780011""","Free/Reduced Price Meal Eligibility (2-level)","Eligible For Free Or Reduced Price Meals",198,62.5,196,61.2,68,68.6
"Mansfield School District","=""0780011""","Free/Reduced Price Meal Eligibility (2-level)","Not Eligible For Free Or Reduced Price Meals",408,80.6,408,77.5,131,81.9
"Mansfield School District","=""0780011""","Race/Ethnicity","American Indian or Alaska Native","*","*","*","*","*","*"
"Mansfield School District","=""0780011""","Race/Ethnicity","Asian",64,88.7,64,93.4,20,97.2
"Mansfield School District","=""0780011""","Race/Ethnicity","Black or African American","*","*","*","*","*","*"
"Mansfield School District","=""0780011""","Race/Ethnicity","Hispanic or Latino",114,62.7,113,57.6,30,67.8
"Mansfield School District","=""0780011""","Race/Ethnicity","Two or More Races",26,79.6,25,73.2,10,"*"
"Mansfield School District","=""0780011""","Race/Ethnicity","White",377,75.9,377,73.2,131,77.7
"Mansfield School District","=""0780011""","Special Education Status (SWD)","Students with Disabilities",97,48.4,95,44.9,36,55.9
"Mansfield School District","=""0780011""","Special Education Status (SWD)","Students without Disabilities",509,79.7,509,77.3,163,82.1
"Marlborough School District","=""0790011""","All Students","District",229,74.6,229,75.9,57,78.7
"Marlborough School District","=""0790011""","English Language Learners (EL)","English Learners","*","*","*","*","N/A","N/A"
"Marlborough School District","=""0790011""","English Language Learners (EL)","Not English Learners","*","*","*","*",57,78.7
"Marlborough School District","=""0790011""","Gender","Female",107,74.9,107,75.1,27,76.5
"Marlborough School District","=""0790011""","Gender","Male",122,74.3,122,76.5,30,80.7
"Marlborough School District","=""0790011""","Grade","03",54,69.4,54,69.5,"N/A","N/A"
"Marlborough School District","=""0790011""","Grade","04",64,75.6,64,78.7,"N/A","N/A"
"Marlborough School District","=""0790011""","Grade","05",57,79.3,57,81.0,57,78.7
"Marlborough School District","=""0790011""","Grade","06",54,73.4,54,73.4,"N/A","N/A"
"Marlborough School District","=""0790011""","High Needs (F/R, EL or SWD)","High Needs",67,63.7,67,64.8,16,"*"
"Marlborough School District","=""0790011""","High Needs (F/R, EL or SWD)","Not High Needs",162,79.1,162,80.4,41,83.9
"Marlborough School District","=""0790011""","Free/Reduced Price Meal Eligibility (2-level)","Eligible For Free Or Reduced Price Meals",41,66.4,41,68.0,10,"*"
"Marlborough School District","=""0790011""","Free/Reduced Price Meal Eligibility (2-level)","Not Eligible For Free Or Reduced Price Meals",188,76.4,188,77.6,47,80.7
"Marlborough School District","=""0790011""","Race/Ethnicity","Asian","*","*","*","*","*","*"
"Marlborough School District","=""0790011""","Race/Ethnicity","Black or African American","*","*","*","*","*","*"
"Marlborough School District","=""0790011""","Race/Ethnicity","Hispanic or Latino",16,"*",16,"*","*","*"
"Marlborough School District","=""0790011""","Race/Ethnicity","Two or More Races",6,"*",6,"*","*","*"
"Marlborough School District","=""0790011""","Race/Ethnicity","White",200,75.4,200,76.6,47,82.1
"Marlborough School District","=""0790011""","Special Education Status (SWD)","Students with Disabilities",32,55.0,32,57.3,9,"*"
"Marlborough School District","=""0790011""","Special Education Status (SWD)","Students without Disabilities",197,77.7,197,78.9,48,83.9
"Meriden School District","=""0800011""","All Students","District",4443,61.8,4412,57.1,1894,56.0
"Meriden School District","=""0800011""","English Language Learners (EL)","English Learners",1023,52.8,1015,53.1,398,50.3
"Meriden School District","=""0800011""","English Language Learners (EL)","Not English Learners",3420,64.5,3397,58.3,1496,57.5
"Meriden School District","=""0800011""","Gender","Female",2193,63.8,2182,57.2,950,56.2
"Meriden School District","=""0800011""","Gender","Male",2243,59.8,2223,57.0,"*","*"
"Meriden School District","=""0800011""","Gender","Non-Binary",7,"*",7,"*","*","*"
"Meriden School District","=""0800011""","Grade","03",589,66.8,588,64.2,"N/A","N/A"
"Meriden School District","=""0800011""","Grade","04",643,70.9,641,70.5,"N/A","N/A"
"Meriden School District","=""0800011""","Grade","05",629,67.3,628,68.1,629,63.2
"Meriden School District","=""0800011""","Grade","06",664,61.8,654,52.4,"N/A","N/A"
"Meriden School District","=""0800011""","Grade","07",656,60.4,650,52.8,"N/A","N/A"
"Meriden School District","=""0800011""","Grade","08",683,59.8,672,51.0,677,54.9
"Meriden School District","=""0800011""","Grade","11",579,44.6,579,40.5,588,49.5
"Meriden School District","=""0800011""","High Needs (F/R, EL or SWD)","High Needs",3762,59.0,3733,54.6,1587,53.8
"Meriden School District","=""0800011""","High Needs (F/R, EL or SWD)","Not High Needs",681,76.9,679,70.7,307,67.1
"Meriden School District","=""0800011""","Free/Reduced Price Meal Eligibility (2-level)","Eligible For Free Or Reduced Price Meals",3536,59.8,3508,54.9,1501,54.4
"Meriden School District","=""0800011""","Free/Reduced Price Meal Eligibility (2-level)","Not Eligible For Free Or Reduced Price Meals",907,69.6,904,65.7,393,62.2
"Meriden School District","=""0800011""","Race/Ethnicity","American Indian or Alaska Native","*","*","*","*","*","*"
"Meriden School District","=""0800011""","Race/Ethnicity","Asian",74,70.8,74,69.8,"*","*"
"Meriden School District","=""0800011""","Race/Ethnicity","Black or African American",501,59.2,500,51.5,193,50.8
"Meriden School District","=""0800011""","Race/Ethnicity","Hispanic or Latino",2742,58.9,2720,54.9,1194,53.6
"Meriden School District","=""0800011""","Race/Ethnicity","Native Hawaiian or Other Pacific Islander","*","*","*","*","N/A","N/A"
"Meriden School District","=""0800011""","Race/Ethnicity","Two or More Races",229,65.0,226,60.0,84,61.5
"Meriden School District","=""0800011""","Race/Ethnicity","White",891,70.8,886,65.5,386,64.0
"Meriden School District","=""0800011""","Special Education Status (SWD)","Students with Disabilities",824,43.7,812,38.4,317,40.7
"Meriden School District","=""0800011""","Special Education Status (SWD)","Students without Disabilities",3619,65.9,3600,61.3,1577,59.1
"Middletown School District","=""0830011""","All Students","District",2185,60.5,2175,52.6,904,55.4
"Middletown School District","=""0830011""","English Language Learners (EL)","English Learners",144,50.5,143,45.6,59,47.7
"Middletown School District","=""0830011""","English Language Learners (EL)","Not English Learners",2041,61.2,2032,53.1,845,55.9
"Middletown School District","=""0830011""","Gender","Female",1103,62.1,1102,51.6,459,55.3
"Middletown School District","=""0830011""","Gender","Male",1082,58.8,1073,53.6,"*","*"
"Middletown School District","=""0830011""","Gender","Non-Binary","N/A","N/A","N/A","N/A","*","*"
"Middletown School District","=""0830011""","Grade","03",299,63.6,298,57.4,"N/A","N/A"
"Middletown School District","=""0830011""","Grade","04",339,66.0,338,60.7,"N/A","N/A"
"Middletown School District","=""0830011""","Grade","05",301,64.7,300,59.9,301,64.4
"Middletown School District","=""0830011""","Grade","06",334,61.7,332,50.0,"N/A","N/A"
"Middletown School District","=""0830011""","Grade","07",309,61.1,306,50.8,"N/A","N/A"
"Middletown School District","=""0830011""","Grade","08",311,56.7,309,46.3,312,54.1
"Middletown School District","=""0830011""","Grade","11",292,48.2,292,42.2,291,47.5
"Middletown School District","=""0830011""","High Needs (F/R, EL or SWD)","High Needs",1212,52.3,1202,44.4,489,48.0
"Middletown School District","=""0830011""","High Needs (F/R, EL or SWD)","Not High Needs",973,70.6,973,62.6,415,64.1
"Middletown School District","=""0830011""","Free/Reduced Price Meal Eligibility (2-level)","Eligible For Free Or Reduced Price Meals",1076,53.2,1068,45.2,432,49.0
"Middletown School District","=""0830011""","Free/Reduced Price Meal Eligibility (2-level)","Not Eligible For Free Or Reduced Price Meals",1109,67.5,1107,59.8,472,61.3
"Middletown School District","=""0830011""","Race/Ethnicity","American Indian or Alaska Native","*","*","*","*","*","*"
"Middletown School District","=""0830011""","Race/Ethnicity","Asian",109,69.4,107,65.7,53,58.9
"Middletown School District","=""0830011""","Race/Ethnicity","Black or African American",469,52.0,467,42.9,198,42.2
"Middletown School District","=""0830011""","Race/Ethnicity","Hispanic or Latino",437,54.7,435,46.2,171,51.3
"Middletown School District","=""0830011""","Race/Ethnicity","Native Hawaiian or Other Pacific Islander","*","*","*","*","*","*"
"Middletown School District","=""0830011""","Race/Ethnicity","Two or More Races",249,61.4,249,53.9,97,60.1
"Middletown School District","=""0830011""","Race/Ethnicity","White",909,66.4,905,58.9,380,62.6
"Middletown School District","=""0830011""","Special Education Status (SWD)","Students with Disabilities",343,38.6,339,31.5,138,36.0
"Middletown School District","=""0830011""","Special Education Status (SWD)","Students without Disabilities",1842,64.5,1836,56.5,766,58.9
"Milford School District","=""0840011""","All Students","District",2595,67.8,2587,64.9,1117,62.7
"Milford School District","=""0840011""","English Language Learners (EL)","English Learners",110,60.4,110,59.8,41,57.0
"Milford School District","=""0840011""","English Language Learners (EL)","Not English Learners",2485,68.1,2477,65.1,1076,62.9
"Milford School District","=""0840011""","Gender","Female",1286,69.4,1283,63.9,572,63.6
"Milford School District","=""0840011""","Gender","Male",1309,66.2,1304,65.9,545,61.7
"Milford School District","=""0840011""","Grade","03",365,68.8,365,67.0,"N/A","N/A"
"Milford School District","=""0840011""","Grade","04",361,70.5,361,68.5,"N/A","N/A"
"Milford School District","=""0840011""","Grade","05",350,68.7,348,66.4,349,68.5
"Milford School District","=""0840011""","Grade","06",391,72.0,390,68.9,"N/A","N/A"
"Milford School District","=""0840011""","Grade","07",360,68.1,359,65.2,"N/A","N/A"
"Milford School District","=""0840011""","Grade","08",395,69.5,391,65.9,394,65.3
"Milford School District","=""0840011""","Grade","11",373,56.8,373,52.5,374,54.5
"Milford School District","=""0840011""","High Needs (F/R, EL or SWD)","High Needs",1105,59.7,1101,55.8,468,55.0
"Milford School District","=""0840011""","High Needs (F/R, EL or SWD)","Not High Needs",1490,73.8,1486,71.6,649,68.2
"Milford School District","=""0840011""","Free/Reduced Price Meal Eligibility (2-level)","Eligible For Free Or Reduced Price Meals",788,62.0,786,57.7,344,57.3
"Milford School District","=""0840011""","Free/Reduced Price Meal Eligibility (2-level)","Not Eligible For Free Or Reduced Price Meals",1807,70.3,1801,68.1,773,65.1
"Milford School District","=""0840011""","Race/Ethnicity","American Indian or Alaska Native","*","*","*","*","*","*"
"Milford School District","=""0840011""","Race/Ethnicity","Asian",213,72.5,213,72.4,104,64.1
"Milford School District","=""0840011""","Race/Ethnicity","Black or African American",127,59.9,127,54.5,53,56.9
"Milford School District","=""0840011""","Race/Ethnicity","Hispanic or Latino",442,61.6,442,57.5,195,57.5
"Milford School District","=""0840011""","Race/Ethnicity","Native Hawaiian or Other Pacific Islander","*","*","*","*","*","*"
"Milford School District","=""0840011""","Race/Ethnicity","Two or More Races",131,71.3,131,68.2,48,67.2
"Milford School District","=""0840011""","Race/Ethnicity","White",1677,69.2,1669,66.5,713,64.1
"Milford School District","=""0840011""","Special Education Status (SWD)","Students with Disabilities",480,49.8,477,45.8,192,46.3
"Milford School District","=""0840011""","Special Education Status (SWD)","Students without Disabilities",2115,71.9,2110,69.2,925,66.1
"Monroe School District","=""0850011""","All Students","District",1745,75.7,1741,70.3,772,71.1
"Monroe School District","=""0850011""","English Language Learners (EL)","English Learners",58,60.2,58,58.0,19,"*"
"Monroe School District","=""0850011""","English Language Learners (EL)","Not English Learners",1687,76.2,1683,70.8,753,71.4
"Monroe School District","=""0850011""","Gender","Female",884,77.0,883,68.9,392,71.7
"Monroe School District","=""0850011""","Gender","Male",861,74.4,858,71.8,380,70.5
"Monroe School District","=""0850011""","Grade","03",237,76.6,236,73.3,"N/A","N/A"
"Monroe School District","=""0850011""","Grade","04",246,81.5,246,77.6,"N/A","N/A"
"Monroe School District","=""0850011""","Grade","05",260,79.9,259,79.4,259,80.7
"Monroe School District","=""0850011""","Grade","06",251,79.0,250,69.2,"N/A","N/A"
"Monroe School District","=""0850011""","Grade","07",246,77.3,245,68.7,"N/A","N/A"
"Monroe School District","=""0850011""","Grade","08",248,75.0,248,68.1,247,72.0
"Monroe School District","=""0850011""","Grade","11",257,61.0,257,56.3,266,60.9
"Monroe School District","=""0850011""","High Needs (F/R, EL or SWD)","High Needs",494,63.8,491,58.7,200,58.6
"Monroe School District","=""0850011""","High Needs (F/R, EL or SWD)","Not High Needs",1251,80.4,1250,74.9,572,75.5
"Monroe School District","=""0850011""","Free/Reduced Price Meal Eligibility (2-level)","Eligible For Free Or Reduced Price Meals",262,67.6,262,62.8,100,63.5
"Monroe School District","=""0850011""","Free/Reduced Price Meal Eligibility (2-level)","Not Eligible For Free Or Reduced Price Meals",1483,77.1,1479,71.7,672,72.2
"Monroe School District","=""0850011""","Race/Ethnicity","American Indian or Alaska Native","*","*","*","*","N/A","N/A"
"Monroe School District","=""0850011""","Race/Ethnicity","Asian",95,84.1,95,81.3,52,81.3
"Monroe School District","=""0850011""","Race/Ethnicity","Black or African American",61,65.5,61,57.8,32,60.0
"Monroe School District","=""0850011""","Race/Ethnicity","Hispanic or Latino",294,73.1,294,66.5,116,64.7
"Monroe School District","=""0850011""","Race/Ethnicity","Native Hawaiian or Other Pacific Islander","*","*","*","*","*","*"
"Monroe School District","=""0850011""","Race/Ethnicity","Two or More Races",73,77.6,73,75.9,"*","*"
"Monroe School District","=""0850011""","Race/Ethnicity","White",1217,76.1,1213,70.7,541,72.1
"Monroe School District","=""0850011""","Special Education Status (SWD)","Students with Disabilities",277,56.1,274,50.9,116,51.3
"Monroe School District","=""0850011""","Special Education Status (SWD)","Students without Disabilities",1468,79.4,1467,74.0,656,74.6
"Montville School District","=""0860011""","All Students","District",1054,64.0,1048,60.6,431,62.0
"Montville School District","=""0860011""","English Language Learners (EL)","English Learners",85,59.7,85,62.6,27,58.4
"Montville School District","=""0860011""","English Language Learners (EL)","Not English Learners",969,64.3,963,60.4,404,62.2
"Montville School District","=""0860011""","Gender","Female",494,66.7,490,60.3,202,61.6
"Montville School District","=""0860011""","Gender","Male",560,61.6,558,60.8,229,62.3
"Montville School District","=""0860011""","Grade","03",138,69.7,138,69.0,"N/A","N/A"
"Montville School District","=""0860011""","Grade","04",135,72.9,135,70.6,"N/A","N/A"
"Montville School District","=""0860011""","Grade","05",146,70.5,146,68.2,146,68.3
"Montville School District","=""0860011""","Grade","06",146,67.5,144,61.1,"N/A","N/A"
"Montville School District","=""0860011""","Grade","07",202,58.2,200,57.3,"N/A","N/A"
"Montville School District","=""0860011""","Grade","08",151,59.7,149,53.1,151,63.3
"Montville School District","=""0860011""","Grade","11",136,51.9,136,46.1,134,53.5
"Montville School District","=""0860011""","High Needs (F/R, EL or SWD)","High Needs",561,57.2,556,54.0,217,56.7
"Montville School District","=""0860011""","High Needs (F/R, EL or SWD)","Not High Needs",493,71.6,492,68.0,214,67.3
"Montville School District","=""0860011""","Free/Reduced Price Meal Eligibility (2-level)","Eligible For Free Or Reduced Price Meals",460,59.4,455,56.1,181,58.0
"Montville School District","=""0860011""","Free/Reduced Price Meal Eligibility (2-level)","Not Eligible For Free Or Reduced Price Meals",594,67.5,593,64.0,250,64.9
"Montville School District","=""0860011""","Race/Ethnicity","American Indian or Alaska Native","*","*","*","*","*","*"
"Montville School District","=""0860011""","Race/Ethnicity","Asian",73,71.2,73,77.0,27,71.4
"Montville School District","=""0860011""","Race/Ethnicity","Black or African American",45,55.6,43,53.3,19,"*"
"Montville School District","=""0860011""","Race/Ethnicity","Hispanic or Latino",159,56.9,159,52.3,66,56.6
"Montville School District","=""0860011""","Race/Ethnicity","Native Hawaiian or Other Pacific Islander","*","*","*","*","*","*"
"Montville School District","=""0860011""","Race/Ethnicity","Two or More Races",123,62.0,122,56.4,55,61.6
"Montville School District","=""0860011""","Race/Ethnicity","White",644,65.9,641,62.1,260,63.4
"Montville School District","=""0860011""","Special Education Status (SWD)","Students with Disabilities",201,44.0,197,40.4,75,45.6
"Montville School District","=""0860011""","Special Education Status (SWD)","Students without Disabilities",853,68.7,851,65.2,356,65.4
"Naugatuck School District","=""0880011""","All Students","District",2073,58.4,2072,53.3,894,54.0
"Naugatuck School District","=""0880011""","English Language Learners (EL)","English Learners",278,48.8,278,46.5,105,43.8
"Naugatuck School District","=""0880011""","English Language Learners (EL)","Not English Learners",1795,59.9,1794,54.3,789,55.4
"Naugatuck School District","=""0880011""","Gender","Female",997,61.4,995,53.7,430,54.7
"Naugatuck School District","=""0880011""","Gender","Male",1076,55.5,1077,52.8,464,53.4
"Naugatuck School District","=""0880011""","Grade","03",287,61.1,287,55.6,"N/A","N/A"
"Naugatuck School District","=""0880011""","Grade","04",307,66.9,306,62.7,"N/A","N/A"
"Naugatuck School District","=""0880011""","Grade","05",301,61.5,302,58.3,302,59.3
"Naugatuck School District","=""0880011""","Grade","06",274,63.0,274,58.5,"N/A","N/A"
"Naugatuck School District","=""0880011""","Grade","07",309,58.2,309,52.3,"N/A","N/A"
"Naugatuck School District","=""0880011""","Grade","08",289,52.9,288,45.3,288,53.2
"Naugatuck School District","=""0880011""","Grade","11",306,45.4,306,40.3,304,49.6
"Naugatuck School District","=""0880011""","High Needs (F/R, EL or SWD)","High Needs",1363,53.1,1363,47.8,556,47.9
"Naugatuck School District","=""0880011""","High Needs (F/R, EL or SWD)","Not High Needs",710,68.4,709,63.8,338,64.2
"Naugatuck School District","=""0880011""","Free/Reduced Price Meal Eligibility (2-level)","Eligible For Free Or Reduced Price Meals",1181,54.1,1181,48.7,489,48.4
"Naugatuck School District","=""0880011""","Free/Reduced Price Meal Eligibility (2-level)","Not Eligible For Free Or Reduced Price Meals",892,64.1,891,59.3,405,60.9
"Naugatuck School District","=""0880011""","Race/Ethnicity","American Indian or Alaska Native","*","*","*","*","*","*"
"Naugatuck School District","=""0880011""","Race/Ethnicity","Asian",38,69.0,38,65.7,17,"*"
"Naugatuck School District","=""0880011""","Race/Ethnicity","Black or African American",236,54.1,236,46.5,112,47.4
"Naugatuck School District","=""0880011""","Race/Ethnicity","Hispanic or Latino",832,54.9,833,50.1,352,50.9
"Naugatuck School District","=""0880011""","Race/Ethnicity","Native Hawaiian or Other Pacific Islander","*","*","*","*","*","*"
"Naugatuck School District","=""0880011""","Race/Ethnicity","Two or More Races",99,55.0,99,49.9,36,51.6
"Naugatuck School District","=""0880011""","Race/Ethnicity","White",863,62.9,861,58.1,375,59.1
"Naugatuck School District","=""0880011""","Special Education Status (SWD)","Students with Disabilities",406,41.2,405,35.2,169,39.0
"Naugatuck School District","=""0880011""","Special Education Status (SWD)","Students without Disabilities",1667,62.6,1667,57.6,725,57.5
"New Britain School District","=""0890011""","All Students","District",4563,46.6,4501,40.9,1944,43.5
"New Britain School District","=""0890011""","English Language Learners (EL)","English Learners",902,40.2,892,37.0,379,37.2
"New Britain School District","=""0890011""","English Language Learners (EL)","Not English Learners",3661,48.1,3609,41.8,1565,45.0
"New Britain School District","=""0890011""","Gender","Female","*","*","*","*","*","*"
"New Britain School District","=""0890011""","Gender","Male",2352,44.6,2323,41.1,998,42.8
"New Britain School District","=""0890011""","Gender","Non-Binary","*","*","*","*","*","*"
"New Britain School District","=""0890011""","Grade","03",677,50.8,670,45.0,"N/A","N/A"
"New Britain School District","=""0890011""","Grade","04",691,53.5,682,48.6,"N/A","N/A"
"New Britain School District","=""0890011""","Grade","05",731,48.8,725,47.0,725,47.8
"New Britain School District","=""0890011""","Grade","06",606,46.7,597,36.9,"N/A","N/A"
"New Britain School District","=""0890011""","Grade","07",648,42.2,629,36.5,"N/A","N/A"
"New Britain School District","=""0890011""","Grade","08",690,41.4,678,34.1,685,41.8
"New Britain School District","=""0890011""","Grade","11",520,41.0,520,35.8,534,39.6
"New Britain School District","=""0890011""","High Needs (F/R, EL or SWD)","High Needs",3853,44.5,3797,38.9,1601,41.4
"New Britain School District","=""0890011""","High Needs (F/R, EL or SWD)","Not High Needs",710,57.7,704,51.7,343,53.0
"New Britain School District","=""0890011""","Free/Reduced Price Meal Eligibility (2-level)","Eligible For Free Or Reduced Price Meals",3533,44.8,3481,39.0,1470,41.8
"New Britain School District","=""0890011""","Free/Reduced Price Meal Eligibility (2-level)","Not Eligible For Free Or Reduced Price Meals",1030,52.6,1020,47.2,474,48.7
"New Britain School District","=""0890011""","Race/Ethnicity","American Indian or Alaska Native","*","*","*","*","*","*"
"New Britain School District","=""0890011""","Race/Ethnicity","Asian",83,54.6,82,51.1,37,55.4
"New Britain School District","=""0890011""","Race/Ethnicity","Black or African American",473,48.4,468,42.5,205,41.7
"New Britain School District","=""0890011""","Race/Ethnicity","Hispanic or Latino",3163,44.3,3114,38.1,1330,41.3
"New Britain School District","=""0890011""","Race/Ethnicity","Native Hawaiian or Other Pacific Islander","*","*","*","*","*","*"
"New Britain School District","=""0890011""","Race/Ethnicity","Two or More Races",230,50.8,231,45.7,101,47.8
"New Britain School District","=""0890011""","Race/Ethnicity","White",605,54.5,597,51.1,265,52.6
"New Britain School District","=""0890011""","Special Education Status (SWD)","Students with Disabilities",1037,34.4,1013,29.1,433,32.2
"New Britain School District","=""0890011""","Special Education Status (SWD)","Students without Disabilities",3526,50.1,3488,44.3,1511,46.7
"New Canaan School District","=""0900011""","All Students","District",2190,84.4,2189,82.7,915,84.3
"New Canaan School District","=""0900011""","English Language Learners (EL)","English Learners",36,75.2,36,80.2,19,"*"
"New Canaan School District","=""0900011""","English Language Learners (EL)","Not English Learners",2154,84.5,2153,82.7,896,84.5
"New Canaan School District","=""0900011""","Gender","Female",1100,86.3,1100,82.1,475,84.2
"New Canaan School District","=""0900011""","Gender","Male","*","*","*","*","*","*"
"New Canaan School District","=""0900011""","Gender","Non-Binary","*","*","*","*","*","*"
"New Canaan School District","=""0900011""","Grade","03",302,86.0,302,84.0,"N/A","N/A"
"New Canaan School District","=""0900011""","Grade","04",345,87.5,345,86.4,"N/A","N/A"
"New Canaan School District","=""0900011""","Grade","05",286,87.9,286,86.0,284,87.6
"New Canaan School District","=""0900011""","Grade","06",298,86.1,298,83.7,"N/A","N/A"
"New Canaan School District","=""0900011""","Grade","07",344,86.3,344,81.6,"N/A","N/A"
"New Canaan School District","=""0900011""","Grade","08",314,83.1,313,85.5,315,83.4
"New Canaan School District","=""0900011""","Grade","11",301,73.1,301,71.3,316,82.1
"New Canaan School District","=""0900011""","High Needs (F/R, EL or SWD)","High Needs",400,68.0,399,64.1,154,65.6
"New Canaan School District","=""0900011""","High Needs (F/R, EL or SWD)","Not High Needs",1790,88.0,1790,86.8,761,88.1
"New Canaan School District","=""0900011""","Free/Reduced Price Meal Eligibility (2-level)","Eligible For Free Or Reduced Price Meals",85,66.3,85,62.9,34,64.7
"New Canaan School District","=""0900011""","Free/Reduced Price Meal Eligibility (2-level)","Not Eligible For Free Or Reduced Price Meals",2105,85.1,2104,83.5,881,85.0
"New Canaan School District","=""0900011""","Race/Ethnicity","American Indian or Alaska Native","*","*","*","*","*","*"
"New Canaan School District","=""0900011""","Race/Ethnicity","Asian",163,91.0,163,94.6,77,92.3
"New Canaan School District","=""0900011""","Race/Ethnicity","Black or African American",29,68.8,29,63.7,"*","*"
"New Canaan School District","=""0900011""","Race/Ethnicity","Hispanic or Latino",147,79.6,147,77.2,55,75.9
"New Canaan School District","=""0900011""","Race/Ethnicity","Native Hawaiian or Other Pacific Islander","*","*","*","*","N/A","N/A"
"New Canaan School District","=""0900011""","Race/Ethnicity","Two or More Races",131,87.2,131,86.3,49,92.2
"New Canaan School District","=""0900011""","Race/Ethnicity","White",1715,84.2,1714,82.1,722,83.7
"New Canaan School District","=""0900011""","Special Education Status (SWD)","Students with Disabilities",321,65.7,320,61.0,118,62.5
"New Canaan School District","=""0900011""","Special Education Status (SWD)","Students without Disabilities",1869,87.6,1869,86.4,797,87.5
"New Fairfield School District","=""0910011""","All Students","District",1100,71.4,1099,70.1,489,66.3
"New Fairfield School District","=""0910011""","English Language Learners (EL)","English Learners",80,64.5,80,64.5,26,60.0
"New Fairfield School District","=""0910011""","English Language Learners (EL)","Not English Learners",1020,71.9,1019,70.5,463,66.7
"New Fairfield School District","=""0910011""","Gender","Female",537,73.0,536,69.4,237,66.0
"New Fairfield School District","=""0910011""","Gender","Male",563,69.8,563,70.8,252,66.6
"New Fairfield School District","=""0910011""","Grade","03",137,71.2,137,71.3,"N/A","N/A"
"New Fairfield School District","=""0910011""","Grade","04",152,76.9,152,75.5,"N/A","N/A"
"New Fairfield School District","=""0910011""","Grade","05",139,71.4,139,76.9,139,75.0
"New Fairfield School District","=""0910011""","Grade","06",170,72.4,170,69.9,"N/A","N/A"
"New Fairfield School District","=""0910011""","Grade","07",155,77.5,154,74.2,"N/A","N/A"
"New Fairfield School District","=""0910011""","Grade","08",178,70.6,178,68.7,178,69.1
"New Fairfield School District","=""0910011""","Grade","11",169,60.6,169,56.7,172,56.5
"New Fairfield School District","=""0910011""","High Needs (F/R, EL or SWD)","High Needs",366,61.5,365,58.6,148,60.6
"New Fairfield School District","=""0910011""","High Needs (F/R, EL or SWD)","Not High Needs",734,76.3,734,75.8,341,68.8
"New Fairfield School District","=""0910011""","Free/Reduced Price Meal Eligibility (2-level)","Eligible For Free Or Reduced Price Meals",195,64.5,194,62.7,87,63.7
"New Fairfield School District","=""0910011""","Free/Reduced Price Meal Eligibility (2-level)","Not Eligible For Free Or Reduced Price Meals",905,72.8,905,71.7,402,66.9
"New Fairfield School District","=""0910011""","Race/Ethnicity","American Indian or Alaska Native","*","*","*","*","*","*"
"New Fairfield School District","=""0910011""","Race/Ethnicity","Asian",10,"*",10,"*","*","*"
"New Fairfield School District","=""0910011""","Race/Ethnicity","Black or African American",26,54.5,26,49.9,15,"*"
"New Fairfield School District","=""0910011""","Race/Ethnicity","Hispanic or Latino",204,68.3,204,66.0,104,64.9
"New Fairfield School District","=""0910011""","Race/Ethnicity","Native Hawaiian or Other Pacific Islander","*","*","*","*","*","*"
"New Fairfield School District","=""0910011""","Race/Ethnicity","Two or More Races",39,74.2,38,71.9,20,65.3
"New Fairfield School District","=""0910011""","Race/Ethnicity","White",813,72.6,813,71.6,341,67.5
"New Fairfield School District","=""0910011""","Special Education Status (SWD)","Students with Disabilities",205,53.3,204,49.4,79,54.0
"New Fairfield School District","=""0910011""","Special Education Status (SWD)","Students without Disabilities",895,75.5,895,74.8,410,68.7
"New Hartford School District","=""0920011""","All Students","District",242,72.7,242,66.4,57,70.9
"New Hartford School District","=""0920011""","English Language Learners (EL)","English Learners","*","*","*","*","*","*"
"New Hartford School District","=""0920011""","English Language Learners (EL)","Not English Learners","*","*","*","*","*","*"
"New Hartford School District","=""0920011""","Gender","Female",117,75.3,117,66.4,22,71.5
"New Hartford School District","=""0920011""","Gender","Male",125,70.2,125,66.3,35,70.5
"New Hartford School District","=""0920011""","Grade","03",50,75.0,50,65.9,"N/A","N/A"
"New Hartford School District","=""0920011""","Grade","04",63,73.7,63,66.3,"N/A","N/A"
"New Hartford School District","=""0920011""","Grade","05",57,69.6,57,65.3,57,70.9
"New Hartford School District","=""0920011""","Grade","06",72,72.5,72,67.5,"N/A","N/A"
"New Hartford School District","=""0920011""","High Needs (F/R, EL or SWD)","High Needs",99,65.6,99,58.0,30,65.1
"New Hartford School District","=""0920011""","High Needs (F/R, EL or SWD)","Not High Needs",143,77.5,143,72.1,27,77.4
"New Hartford School District","=""0920011""","Free/Reduced Price Meal Eligibility (2-level)","Eligible For Free Or Reduced Price Meals",55,67.5,55,58.9,14,"*"
"New Hartford School District","=""0920011""","Free/Reduced Price Meal Eligibility (2-level)","Not Eligible For Free Or Reduced Price Meals",187,74.2,187,68.6,43,71.8
"New Hartford School District","=""0920011""","Race/Ethnicity","Asian","*","*","*","*","N/A","N/A"
"New Hartford School District","=""0920011""","Race/Ethnicity","Hispanic or Latino",19,"*",19,"*","*","*"
"New Hartford School District","=""0920011""","Race/Ethnicity","Two or More Races","*","*","*","*","*","*"
"New Hartford School District","=""0920011""","Race/Ethnicity","White",216,73.3,216,66.5,52,71.9
"New Hartford School District","=""0920011""","Special Education Status (SWD)","Students with Disabilities",62,60.7,62,53.5,20,60.4
"New Hartford School District","=""0920011""","Special Education Status (SWD)","Students without Disabilities",180,76.8,180,70.8,37,76.6
"New Haven School District","=""0930011""","All Students","District",8768,50.9,8701,43.7,3711,47.6
"New Haven School District","=""0930011""","English Language Learners (EL)","English Learners",2594,44.0,2570,41.4,1019,43.1
"New Haven School District","=""0930011""","English Language Learners (EL)","Not English Learners",6174,53.8,6131,44.7,2692,49.3
"New Haven School District","=""0930011""","Gender","Female",4404,52.0,4369,42.8,1888,47.0
"New Haven School District","=""0930011""","Gender","Male","*","*","*","*","*","*"
"New Haven School District","=""0930011""","Gender","Non-Binary","*","*","*","*","*","*"
"New Haven School District","=""0930011""","Grade","03",1097,50.6,1093,44.7,"N/A","N/A"
"New Haven School District","=""0930011""","Grade","04",1285,53.3,1267,47.3,"N/A","N/A"
"New Haven School District","=""0930011""","Grade","05",1305,50.4,1297,48.3,1296,49.5
"New Haven School District","=""0930011""","Grade","06",1312,55.5,1305,43.3,"N/A","N/A"
"New Haven School District","=""0930011""","Grade","07",1345,51.2,1339,43.1,"N/A","N/A"
"New Haven School District","=""0930011""","Grade","08",1332,49.8,1311,40.0,1320,48.4
"New Haven School District","=""0930011""","Grade","11",1092,44.2,1089,39.0,1095,44.4
"New Haven School District","=""0930011""","High Needs (F/R, EL or SWD)","High Needs",7466,47.8,7400,40.9,3062,44.6
"New Haven School District","=""0930011""","High Needs (F/R, EL or SWD)","Not High Needs",1302,68.7,1301,60.0,649,61.9
"New Haven School District","=""0930011""","Free/Reduced Price Meal Eligibility (2-level)","Eligible For Free Or Reduced Price Meals",6826,48.1,6764,40.6,2829,44.4
"New Haven School District","=""0930011""","Free/Reduced Price Meal Eligibility (2-level)","Not Eligible For Free Or Reduced Price Meals",1942,60.6,1937,54.7,882,57.7
"New Haven School District","=""0930011""","Race/Ethnicity","American Indian or Alaska Native","*","*","*","*",8,"*"
"New Haven School District","=""0930011""","Race/Ethnicity","Asian",335,52.0,335,50.8,119,46.6
"New Haven School District","=""0930011""","Race/Ethnicity","Black or African American",2735,49.5,2719,40.1,1178,44.4
"New Haven School District","=""0930011""","Race/Ethnicity","Hispanic or Latino",4489,48.2,4448,42.2,1880,45.8
"New Haven School District","=""0930011""","Race/Ethnicity","Native Hawaiian or Other Pacific Islander","*","*","*","*","N/A","N/A"
"New Haven School District","=""0930011""","Race/Ethnicity","Two or More Races",323,56.6,319,48.0,108,52.4
"New Haven School District","=""0930011""","Race/Ethnicity","White",864,66.5,858,58.8,418,63.5
"New Haven School District","=""0930011""","Special Education Status (SWD)","Students with Disabilities",1389,37.7,1360,30.8,549,36.4
"New Haven School District","=""0930011""","Special Education Status (SWD)","Students without Disabilities",7379,53.4,7341,46.1,3162,49.5
"Newington School District","=""0940011""","All Students","District",1971,64.8,1964,61.5,893,65.8
"Newington School District","=""0940011""","English Language Learners (EL)","English Learners",274,59.4,274,57.8,91,60.4
"Newington School District","=""0940011""","English Language Learners (EL)","Not English Learners",1697,65.6,1690,62.1,802,66.4
"Newington School District","=""0940011""","Gender","Female",993,66.2,989,60.1,466,64.8
"Newington School District","=""0940011""","Gender","Male","*","*","*","*","*","*"
"Newington School District","=""0940011""","Gender","Non-Binary","*","*","*","*","*","*"
"Newington School District","=""0940011""","Grade","03",253,67.7,253,65.0,"N/A","N/A"
"Newington School District","=""0940011""","Grade","04",281,72.7,280,69.3,"N/A","N/A"
"Newington School District","=""0940011""","Grade","05",295,64.5,294,61.5,295,67.3
"Newington School District","=""0940011""","Grade","06",255,66.3,253,59.6,"N/A","N/A"
"Newington School District","=""0940011""","Grade","07",291,66.5,290,64.1,"N/A","N/A"
"Newington School District","=""0940011""","Grade","08",287,61.5,285,58.5,286,64.0
"Newington School District","=""0940011""","Grade","11",309,55.7,309,53.2,312,66.0
"Newington School District","=""0940011""","High Needs (F/R, EL or SWD)","High Needs",932,57.3,925,53.9,380,57.5
"Newington School District","=""0940011""","High Needs (F/R, EL or SWD)","Not High Needs",1039,71.5,1039,68.2,513,71.9
"Newington School District","=""0940011""","Free/Reduced Price Meal Eligibility (2-level)","Eligible For Free Or Reduced Price Meals",703,57.7,698,54.0,288,58.6
"Newington School District","=""0940011""","Free/Reduced Price Meal Eligibility (2-level)","Not Eligible For Free Or Reduced Price Meals",1268,68.7,1266,65.6,605,69.2
"Newington School District","=""0940011""","Race/Ethnicity","American Indian or Alaska Native","*","*","*","*","*","*"
"Newington School District","=""0940011""","Race/Ethnicity","Asian",206,73.1,205,72.7,94,74.5
"Newington School District","=""0940011""","Race/Ethnicity","Black or African American",121,60.6,121,55.3,54,60.8
"Newington School District","=""0940011""","Race/Ethnicity","Hispanic or Latino",513,57.3,510,52.5,229,57.0
"Newington School District","=""0940011""","Race/Ethnicity","Two or More Races","*","*","*","*","*","*"
"Newington School District","=""0940011""","Race/Ethnicity","White",1029,67.4,1027,64.6,469,68.8
"Newington School District","=""0940011""","Special Education Status (SWD)","Students with Disabilities",292,44.2,288,39.2,119,44.7
"Newington School District","=""0940011""","Special Education Status (SWD)","Students without Disabilities",1679,68.4,1676,65.3,774,69.0
"New London School District","=""0950011""","All Students","District",1348,47.9,1337,41.9,566,46.1
"New London School District","=""0950011""","English Language Learners (EL)","English Learners",436,37.5,430,34.7,189,39.1
"New London School District","=""0950011""","English Language Learners (EL)","Not English Learners",912,52.8,907,45.3,377,49.7
"New London School District","=""0950011""","Gender","Female","*","*","*","*",290,47.1
"New London School District","=""0950011""","Gender","Male",683,45.3,681,41.6,"*","*"
"New London School District","=""0950011""","Gender","Non-Binary","*","*","*","*","*","*"
"New London School District","=""0950011""","Grade","03",185,53.6,183,48.0,"N/A","N/A"
"New London School District","=""0950011""","Grade","04",246,56.4,245,50.9,"N/A","N/A"
"New London School District","=""0950011""","Grade","05",234,50.1,230,46.3,234,50.8
"New London School District","=""0950011""","Grade","06",174,48.1,174,37.1,"N/A","N/A"
"New London School District","=""0950011""","Grade","07",164,48.1,163,39.9,"N/A","N/A"
"New London School District","=""0950011""","Grade","08",176,38.5,173,31.7,175,43.6
"New London School District","=""0950011""","Grade","11",169,35.3,169,33.5,157,42.2
"New London School District","=""0950011""","High Needs (F/R, EL or SWD)","High Needs",1216,45.6,1205,39.8,519,44.7
"New London School District","=""0950011""","High Needs (F/R, EL or SWD)","Not High Needs",132,68.4,132,61.2,47,62.7
"New London School District","=""0950011""","Free/Reduced Price Meal Eligibility (2-level)","Eligible For Free Or Reduced Price Meals",1182,45.6,1171,39.8,506,44.8
"New London School District","=""0950011""","Free/Reduced Price Meal Eligibility (2-level)","Not Eligible For Free Or Reduced Price Meals",166,63.8,166,56.7,60,57.7
"New London School District","=""0950011""","Race/Ethnicity","American Indian or Alaska Native","*","*","*","*","*","*"
"New London School District","=""0950011""","Race/Ethnicity","Asian",21,64.7,21,57.4,10,"*"
"New London School District","=""0950011""","Race/Ethnicity","Black or African American",227,48.1,227,41.2,95,44.3
"New London School District","=""0950011""","Race/Ethnicity","Hispanic or Latino",764,42.9,756,37.8,337,43.2
"New London School District","=""0950011""","Race/Ethnicity","Native Hawaiian or Other Pacific Islander","*","*","*","*","*","*"
"New London School District","=""0950011""","Race/Ethnicity","Two or More Races",162,53.0,159,45.9,52,51.3
"New London School District","=""0950011""","Race/Ethnicity","White",160,63.9,160,56.5,67,60.2
"New London School District","=""0950011""","Special Education Status (SWD)","Students with Disabilities",292,34.6,289,27.7,120,32.0
"New London School District","=""0950011""","Special Education Status (SWD)","Students without Disabilities",1056,51.5,1048,45.8,446,50.0
"New Milford School District","=""0960011""","All Students","District",1756,61.6,1748,56.3,788,57.8
"New Milford School District","=""0960011""","English Language Learners (EL)","English Learners",172,47.2,171,46.0,66,43.4
"New Milford School District","=""0960011""","English Language Learners (EL)","Not English Learners",1584,63.2,1577,57.4,722,59.1
"New Milford School District","=""0960011""","Gender","Female","*","*","*","*","*","*"
"New Milford School District","=""0960011""","Gender","Male",899,59.3,895,56.8,405,55.9
"New Milford School District","=""0960011""","Gender","Non-Binary","*","*","*","*","*","*"
"New Milford School District","=""0960011""","Grade","03",224,61.0,223,54.7,"N/A","N/A"
"New Milford School District","=""0960011""","Grade","04",245,66.0,245,60.4,"N/A","N/A"
"New Milford School District","=""0960011""","Grade","05",254,65.8,253,62.8,252,65.3
"New Milford School District","=""0960011""","Grade","06",232,63.5,229,59.2,"N/A","N/A"
"New Milford School District","=""0960011""","Grade","07",266,63.9,265,58.7,"N/A","N/A"
"New Milford School District","=""0960011""","Grade","08",242,53.8,240,47.6,240,52.1
"New Milford School District","=""0960011""","Grade","11",293,57.6,293,51.3,296,56.0
"New Milford School District","=""0960011""","High Needs (F/R, EL or SWD)","High Needs",872,54.8,864,49.6,367,50.3
"New Milford School District","=""0960011""","High Needs (F/R, EL or SWD)","Not High Needs",884,68.3,884,62.9,421,64.3
"New Milford School District","=""0960011""","Free/Reduced Price Meal Eligibility (2-level)","Eligible For Free Or Reduced Price Meals",658,57.1,654,51.7,271,52.8
"New Milford School District","=""0960011""","Free/Reduced Price Meal Eligibility (2-level)","Not Eligible For Free Or Reduced Price Meals",1098,64.3,1094,59.1,517,60.4
"New Milford School District","=""0960011""","Race/Ethnicity","American Indian or Alaska Native","*","*","*","*","*","*"
"New Milford School District","=""0960011""","Race/Ethnicity","Asian",59,67.0,59,66.1,25,68.4
"New Milford School District","=""0960011""","Race/Ethnicity","Black or African American",58,61.3,57,54.2,22,55.5
"New Milford School District","=""0960011""","Race/Ethnicity","Hispanic or Latino",400,55.5,398,50.8,179,49.3
"New Milford School District","=""0960011""","Race/Ethnicity","Two or More Races","*","*","*","*","*","*"
"New Milford School District","=""0960011""","Race/Ethnicity","White",1198,63.2,1194,57.6,542,59.8
"New Milford School District","=""0960011""","Special Education Status (SWD)","Students with Disabilities",325,46.9,318,39.1,127,42.3
"New Milford School District","=""0960011""","Special Education Status (SWD)","Students without Disabilities",1431,64.9,1430,60.2,661,60.8
"Newtown School District","=""0970011""","All Students","District",2058,72.8,2052,73.1,926,69.6
"Newtown School District","=""0970011""","English Language Learners (EL)","English Learners",45,58.8,45,60.5,17,"*"
"Newtown School District","=""0970011""","English Language Learners (EL)","Not English Learners",2013,73.1,2007,73.4,909,70.0
"Newtown School District","=""0970011""","Gender","Female","*","*","*","*","*","*"
"Newtown School District","=""0970011""","Gender","Male",1059,71.1,1055,74.4,485,69.4
"Newtown School District","=""0970011""","Gender","Non-Binary","*","*","*","*","*","*"
"Newtown School District","=""0970011""","Grade","03",280,74.7,277,75.7,"N/A","N/A"
"Newtown School District","=""0970011""","Grade","04",278,79.6,278,81.1,"N/A","N/A"
"Newtown School District","=""0970011""","Grade","05",282,76.9,282,78.3,284,76.2
"Newtown School District","=""0970011""","Grade","06",288,74.8,288,73.9,"N/A","N/A"
"Newtown School District","=""0970011""","Grade","07",288,72.9,286,73.3,"N/A","N/A"
"Newtown School District","=""0970011""","Grade","08",316,68.6,315,70.4,317,69.5
"Newtown School District","=""0970011""","Grade","11",326,63.8,326,61.3,325,64.1
"Newtown School District","=""0970011""","High Needs (F/R, EL or SWD)","High Needs",537,59.1,531,59.3,234,57.9
"Newtown School District","=""0970011""","High Needs (F/R, EL or SWD)","Not High Needs",1521,77.6,1521,78.0,692,73.6
"Newtown School District","=""0970011""","Free/Reduced Price Meal Eligibility (2-level)","Eligible For Free Or Reduced Price Meals",299,63.5,298,63.7,134,61.8
"Newtown School District","=""0970011""","Free/Reduced Price Meal Eligibility (2-level)","Not Eligible For Free Or Reduced Price Meals",1759,74.3,1754,74.7,792,71.0
"Newtown School District","=""0970011""","Race/Ethnicity","American Indian or Alaska Native","*","*","*","*","N/A","N/A"
"Newtown School District","=""0970011""","Race/Ethnicity","Asian",43,79.5,43,84.3,21,76.4
"Newtown School District","=""0970011""","Race/Ethnicity","Black or African American",46,65.7,45,62.1,19,"*"
"Newtown School District","=""0970011""","Race/Ethnicity","Hispanic or Latino",287,66.9,287,65.3,120,61.6
"Newtown School District","=""0970011""","Race/Ethnicity","Native Hawaiian or Other Pacific Islander","*","*","*","*","*","*"
"Newtown School District","=""0970011""","Race/Ethnicity","Two or More Races",27,69.9,27,68.7,"*","*"
"Newtown School District","=""0970011""","Race/Ethnicity","White",1652,73.8,1647,74.6,749,70.9
"Newtown School District","=""0970011""","Special Education Status (SWD)","Students with Disabilities",303,52.1,297,51.6,129,51.0
"Newtown School District","=""0970011""","Special Education Status (SWD)","Students without Disabilities",1755,76.3,1755,76.8,797,72.7
"Norfolk School District","=""0980011""","All Students","District",24,64.9,24,64.7,9,"*"
"Norfolk School District","=""0980011""","English Language Learners (EL)","Not English Learners",24,64.9,24,64.7,9,"*"
"Norfolk School District","=""0980011""","Gender","Female",8,"*",8,"*","*","*"
"Norfolk School District","=""0980011""","Gender","Male",16,"*",16,"*","*","*"
"Norfolk School District","=""0980011""","Grade","03",7,"*",7,"*","N/A","N/A"
"Norfolk School District","=""0980011""","Grade","04","*","*","*","*","N/A","N/A"
"Norfolk School District","=""0980011""","Grade","05",9,"*",9,"*",9,"*"
"Norfolk School District","=""0980011""","Grade","06","*","*","*","*","N/A","N/A"
"Norfolk School District","=""0980011""","High Needs (F/R, EL or SWD)","High Needs",12,"*",12,"*","*","*"
"Norfolk School District","=""0980011""","High Needs (F/R, EL or SWD)","Not High Needs",12,"*",12,"*","*","*"
"Norfolk School District","=""0980011""","Free/Reduced Price Meal Eligibility (2-level)","Eligible For Free Or Reduced Price Meals",8,"*",8,"*","*","*"
"Norfolk School District","=""0980011""","Free/Reduced Price Meal Eligibility (2-level)","Not Eligible For Free Or Reduced Price Meals",16,"*",16,"*","*","*"
"Norfolk School District","=""0980011""","Race/Ethnicity","Hispanic or Latino","*","*","*","*","*","*"
"Norfolk School District","=""0980011""","Race/Ethnicity","Two or More Races","*","*","*","*","*","*"
"Norfolk School District","=""0980011""","Race/Ethnicity","White",19,"*",19,"*",6,"*"
"Norfolk School District","=""0980011""","Special Education Status (SWD)","Students with Disabilities",10,"*",10,"*","*","*"
"Norfolk School District","=""0980011""","Special Education Status (SWD)","Students without Disabilities",14,"*",14,"*","*","*"
"North Branford School District","=""0990011""","All Students","District",764,68.4,764,67.5,308,62.2
"North Branford School District","=""0990011""","English Language Learners (EL)","English Learners",17,"*",17,"*","*","*"
"North Branford School District","=""0990011""","English Language Learners (EL)","Not English Learners",747,68.5,747,67.6,"*","*"
"North Branford School District","=""0990011""","Gender","Female",392,69.7,392,66.7,156,62.3
"North Branford School District","=""0990011""","Gender","Male","*","*","*","*",152,62.2
"North Branford School District","=""0990011""","Gender","Non-Binary","*","*","*","*","N/A","N/A"
"North Branford School District","=""0990011""","Grade","03",114,73.0,114,71.1,"N/A","N/A"
"North Branford School District","=""0990011""","Grade","04",111,76.6,111,76.8,"N/A","N/A"
"North Branford School District","=""0990011""","Grade","05",106,75.6,106,76.5,106,72.7
"North Branford School District","=""0990011""","Grade","06",103,69.1,103,68.8,"N/A","N/A"
"North Branford School District","=""0990011""","Grade","07",130,66.4,130,63.4,"N/A","N/A"
"North Branford School District","=""0990011""","Grade","08",104,62.0,104,63.1,105,56.1
"North Branford School District","=""0990011""","Grade","11",96,54.1,96,51.2,97,57.5
"North Branford School District","=""0990011""","High Needs (F/R, EL or SWD)","High Needs",251,61.8,251,59.8,99,54.0
"North Branford School District","=""0990011""","High Needs (F/R, EL or SWD)","Not High Needs",513,71.6,513,71.2,209,66.1
"North Branford School District","=""0990011""","Free/Reduced Price Meal Eligibility (2-level)","Eligible For Free Or Reduced Price Meals",178,64.7,178,62.3,73,57.1
"North Branford School District","=""0990011""","Free/Reduced Price Meal Eligibility (2-level)","Not Eligible For Free Or Reduced Price Meals",586,69.5,586,69.0,235,63.9
"North Branford School District","=""0990011""","Race/Ethnicity","Asian",13,"*",13,"*",6,"*"
"North Branford School District","=""0990011""","Race/Ethnicity","Black or African American",10,"*",10,"*",6,"*"
"North Branford School District","=""0990011""","Race/Ethnicity","Hispanic or Latino",80,64.6,80,64.0,36,57.8
"North Branford School District","=""0990011""","Race/Ethnicity","Two or More Races",23,77.1,23,75.5,7,"*"
"North Branford School District","=""0990011""","Race/Ethnicity","White",638,69.0,638,68.2,253,63.8
"North Branford School District","=""0990011""","Special Education Status (SWD)","Students with Disabilities",113,54.2,113,52.0,48,43.9
"North Branford School District","=""0990011""","Special Education Status (SWD)","Students without Disabilities",651,70.8,651,70.2,260,65.6
"North Canaan School District","=""1000011""","All Students","District",140,74.5,139,68.4,43,80.7
"North Canaan School District","=""1000011""","English Language Learners (EL)","English Learners",11,"*",11,"*","*","*"
"North Canaan School District","=""1000011""","English Language Learners (EL)","Not English Learners",129,75.5,128,69.2,"*","*"
"North Canaan School District","=""1000011""","Gender","Female",70,75.5,69,66.2,19,"*"
"North Canaan School District","=""1000011""","Gender","Male",70,73.6,70,70.7,24,86.7
"North Canaan School District","=""1000011""","Grade","03",19,"*",19,"*","N/A","N/A"
"North Canaan School District","=""1000011""","Grade","04",15,"*",15,"*","N/A","N/A"
"North Canaan School District","=""1000011""","Grade","05",20,76.3,20,75.4,20,82.4
"North Canaan School District","=""1000011""","Grade","06",26,68.5,26,65.7,"N/A","N/A"
"North Canaan School District","=""1000011""","Grade","07",37,78.9,37,66.3,"N/A","N/A"
"North Canaan School District","=""1000011""","Grade","08",23,78.7,22,67.3,23,79.2
"North Canaan School District","=""1000011""","High Needs (F/R, EL or SWD)","High Needs",71,69.1,70,61.5,19,"*"
"North Canaan School District","=""1000011""","High Needs (F/R, EL or SWD)","Not High Needs",69,80.1,69,75.5,24,90.1
"North Canaan School District","=""1000011""","Free/Reduced Price Meal Eligibility (2-level)","Eligible For Free Or Reduced Price Meals",60,71.7,59,62.9,14,"*"
"North Canaan School District","=""1000011""","Free/Reduced Price Meal Eligibility (2-level)","Not Eligible For Free Or Reduced Price Meals",80,76.7,80,72.6,29,85.4
"North Canaan School District","=""1000011""","Race/Ethnicity","Black or African American","*","*","*","*","*","*"
"North Canaan School District","=""1000011""","Race/Ethnicity","Hispanic or Latino",22,65.1,22,56.4,"*","*"
"North Canaan School District","=""1000011""","Race/Ethnicity","Two or More Races","*","*","*","*","*","*"
"North Canaan School District","=""1000011""","Race/Ethnicity","White",109,75.9,108,70.1,36,80.3
"North Canaan School District","=""1000011""","Special Education Status (SWD)","Students with Disabilities",19,"*",19,"*",7,"*"
"North Canaan School District","=""1000011""","Special Education Status (SWD)","Students without Disabilities",121,77.7,120,72.2,36,84.9
"North Haven School District","=""1010011""","All Students","District",1679,72.7,1670,69.4,699,71.1
"North Haven School District","=""1010011""","English Language Learners (EL)","English Learners",136,64.6,136,66.2,47,66.0
"North Haven School District","=""1010011""","English Language Learners (EL)","Not English Learners",1543,73.4,1534,69.7,652,71.5
"North Haven School District","=""1010011""","Gender","Female",826,74.4,819,68.4,347,70.5
"North Haven School District","=""1010011""","Gender","Male",853,71.1,851,70.4,352,71.7
"North Haven School District","=""1010011""","Grade","03",223,75.7,221,76.9,"N/A","N/A"
"North Haven School District","=""1010011""","Grade","04",251,79.5,251,78.9,"N/A","N/A"
"North Haven School District","=""1010011""","Grade","05",226,80.4,226,78.9,226,77.1
"North Haven School District","=""1010011""","Grade","06",259,77.8,258,67.7,"N/A","N/A"
"North Haven School District","=""1010011""","Grade","07",250,70.9,249,66.6,"N/A","N/A"
"North Haven School District","=""1010011""","Grade","08",224,67.1,219,63.3,226,66.3
"North Haven School District","=""1010011""","Grade","11",246,57.8,246,54.5,247,70.0
"North Haven School District","=""1010011""","High Needs (F/R, EL or SWD)","High Needs",556,62.4,551,59.7,228,63.1
"North Haven School District","=""1010011""","High Needs (F/R, EL or SWD)","Not High Needs",1123,77.8,1119,74.2,471,75.0
"North Haven School District","=""1010011""","Free/Reduced Price Meal Eligibility (2-level)","Eligible For Free Or Reduced Price Meals",338,64.7,336,62.2,144,64.7
"North Haven School District","=""1010011""","Free/Reduced Price Meal Eligibility (2-level)","Not Eligible For Free Or Reduced Price Meals",1341,74.7,1334,71.2,555,72.8
"North Haven School District","=""1010011""","Race/Ethnicity","American Indian or Alaska Native","*","*","*","*","*","*"
"North Haven School District","=""1010011""","Race/Ethnicity","Asian",129,76.2,129,78.2,53,77.7
"North Haven School District","=""1010011""","Race/Ethnicity","Black or African American",102,67.7,102,61.3,45,61.7
"North Haven School District","=""1010011""","Race/Ethnicity","Hispanic or Latino",217,69.4,216,64.8,91,69.7
"North Haven School District","=""1010011""","Race/Ethnicity","Native Hawaiian or Other Pacific Islander","*","*","*","*","N/A","N/A"
"North Haven School District","=""1010011""","Race/Ethnicity","Two or More Races",52,80.7,52,76.0,"*","*"
"North Haven School District","=""1010011""","Race/Ethnicity","White",1173,73.1,1165,69.8,492,71.3
"North Haven School District","=""1010011""","Special Education Status (SWD)","Students with Disabilities",241,51.5,238,47.8,99,54.9
"North Haven School District","=""1010011""","Special Education Status (SWD)","Students without Disabilities",1438,76.3,1432,73.0,600,73.8
"North Stonington School District","=""1020011""","All Students","District",369,70.2,368,71.8,158,73.0
"North Stonington School District","=""1020011""","English Language Learners (EL)","English Learners","*","*","*","*","*","*"
"North Stonington School District","=""1020011""","English Language Learners (EL)","Not English Learners","*","*","*","*","*","*"
"North Stonington School District","=""1020011""","Gender","Female",183,73.1,183,70.5,74,74.4
"North Stonington School District","=""1020011""","Gender","Male",186,67.3,185,73.0,84,71.7
"North Stonington School District","=""1020011""","Grade","03",46,74.6,46,77.0,"N/A","N/A"
"North Stonington School District","=""1020011""","Grade","04",52,78.1,52,79.0,"N/A","N/A"
"North Stonington School District","=""1020011""","Grade","05",46,69.6,45,77.2,45,77.5
"North Stonington School District","=""1020011""","Grade","06",60,76.0,60,76.5,"N/A","N/A"
"North Stonington School District","=""1020011""","Grade","07",51,69.7,51,69.4,"N/A","N/A"
"North Stonington School District","=""1020011""","Grade","08",57,62.9,57,67.8,57,74.4
"North Stonington School District","=""1020011""","Grade","11",57,61.6,57,57.8,56,67.9
"North Stonington School District","=""1020011""","High Needs (F/R, EL or SWD)","High Needs",103,60.7,103,63.0,43,63.8
"North Stonington School District","=""1020011""","High Needs (F/R, EL or SWD)","Not High Needs",266,73.9,265,75.2,115,76.4
"North Stonington School District","=""1020011""","Free/Reduced Price Meal Eligibility (2-level)","Eligible For Free Or Reduced Price Meals",73,64.2,73,65.2,32,67.0
"North Stonington School District","=""1020011""","Free/Reduced Price Meal Eligibility (2-level)","Not Eligible For Free Or Reduced Price Meals",296,71.7,295,73.4,126,74.5
"North Stonington School District","=""1020011""","Race/Ethnicity","American Indian or Alaska Native","*","*","*","*","*","*"
"North Stonington School District","=""1020011""","Race/Ethnicity","Asian","*","*","*","*","*","*"
"North Stonington School District","=""1020011""","Race/Ethnicity","Black or African American","*","*","*","*","N/A","N/A"
"North Stonington School District","=""1020011""","Race/Ethnicity","Hispanic or Latino",19,"*",19,"*",9,"*"
"North Stonington School District","=""1020011""","Race/Ethnicity","Native Hawaiian or Other Pacific Islander","*","*","*","*","N/A","N/A"
"North Stonington School District","=""1020011""","Race/Ethnicity","Two or More Races","*","*","*","*","*","*"
"North Stonington School District","=""1020011""","Race/Ethnicity","White",333,70.0,332,71.8,142,73.5
"North Stonington School District","=""1020011""","Special Education Status (SWD)","Students with Disabilities",51,51.0,51,55.4,20,58.0
"North Stonington School District","=""1020011""","Special Education Status (SWD)","Students without Disabilities",318,73.3,317,74.4,138,75.1
"Norwalk School District","=""1030011""","All Students","District",5266,59.5,5247,56.8,2385,55.1
"Norwalk School District","=""1030011""","English Language Learners (EL)","English Learners",1329,47.6,1323,47.2,536,44.3
"Norwalk School District","=""1030011""","English Language Learners (EL)","Not English Learners",3937,63.6,3924,60.1,1849,58.3
"Norwalk School District","=""1030011""","Gender","Female",2529,61.8,2524,56.3,1148,55.9
"Norwalk School District","=""1030011""","Gender","Male",2730,57.5,2716,57.3,1231,54.5
"Norwalk School District","=""1030011""","Gender","Non-Binary",7,"*",7,"*",6,"*"
"Norwalk School District","=""1030011""","Grade","03",703,63.4,699,60.8,"N/A","N/A"
"Norwalk School District","=""1030011""","Grade","04",751,64.1,751,61.3,"N/A","N/A"
"Norwalk School District","=""1030011""","Grade","05",755,62.1,754,61.0,755,59.3
"Norwalk School District","=""1030011""","Grade","06",753,63.8,751,58.4,"N/A","N/A"
"Norwalk School District","=""1030011""","Grade","07",691,60.4,687,57.0,"N/A","N/A"
"Norwalk School District","=""1030011""","Grade","08",782,55.4,774,52.8,780,57.0
"Norwalk School District","=""1030011""","Grade","11",831,49.1,831,47.7,850,49.7
"Norwalk School District","=""1030011""","High Needs (F/R, EL or SWD)","High Needs",3490,52.9,3471,50.3,1538,49.0
"Norwalk School District","=""1030011""","High Needs (F/R, EL or SWD)","Not High Needs",1776,72.6,1776,69.5,847,66.2
"Norwalk School District","=""1030011""","Free/Reduced Price Meal Eligibility (2-level)","Eligible For Free Or Reduced Price Meals",2798,54.2,2782,51.3,1236,50.1
"Norwalk School District","=""1030011""","Free/Reduced Price Meal Eligibility (2-level)","Not Eligible For Free Or Reduced Price Meals",2468,65.6,2465,63.0,1149,60.6
"Norwalk School District","=""1030011""","Race/Ethnicity","American Indian or Alaska Native","*","*","*","*","*","*"
"Norwalk School District","=""1030011""","Race/Ethnicity","Asian",203,73.1,202,72.3,87,69.7
"Norwalk School District","=""1030011""","Race/Ethnicity","Black or African American",735,54.5,729,48.8,351,47.7
"Norwalk School District","=""1030011""","Race/Ethnicity","Hispanic or Latino",2963,54.1,2955,51.9,1339,50.8
"Norwalk School District","=""1030011""","Race/Ethnicity","Native Hawaiian or Other Pacific Islander","*","*","*","*","N/A","N/A"
"Norwalk School District","=""1030011""","Race/Ethnicity","Two or More Races",193,66.6,190,64.5,"*","*"
"Norwalk School District","=""1030011""","Race/Ethnicity","White",1163,72.9,1162,70.4,546,67.2
"Norwalk School District","=""1030011""","Special Education Status (SWD)","Students with Disabilities",978,42.1,971,37.7,423,38.6
"Norwalk School District","=""1030011""","Special Education Status (SWD)","Students without Disabilities",4288,63.5,4276,61.2,1962,58.7
"Norwich School District","=""1040011""","All Students","District",1987,52.2,1974,46.6,697,47.3
"Norwich School District","=""1040011""","English Language Learners (EL)","English Learners",600,46.4,597,42.3,205,43.1
"Norwich School District","=""1040011""","English Language Learners (EL)","Not English Learners",1387,54.8,1377,48.5,492,49.0
"Norwich School District","=""1040011""","Gender","Female","*","*","*","*","*","*"
"Norwich School District","=""1040011""","Gender","Male",1024,51.7,1018,47.9,359,47.5
"Norwich School District","=""1040011""","Gender","Non-Binary","*","*","*","*","*","*"
"Norwich School District","=""1040011""","Grade","03",315,56.1,314,48.2,"N/A","N/A"
"Norwich School District","=""1040011""","Grade","04",326,58.5,325,53.5,"N/A","N/A"
"Norwich School District","=""1040011""","Grade","05",344,51.6,343,49.1,343,48.2
"Norwich School District","=""1040011""","Grade","06",335,52.8,332,45.4,"N/A","N/A"
"Norwich School District","=""1040011""","Grade","07",311,48.0,306,42.8,"N/A","N/A"
"Norwich School District","=""1040011""","Grade","08",348,47.0,346,40.9,346,46.6
"Norwich School District","=""1040011""","Grade","11",8,"*",8,"*",8,"*"
"Norwich School District","=""1040011""","High Needs (F/R, EL or SWD)","High Needs",1708,49.8,1696,44.1,596,45.3
"Norwich School District","=""1040011""","High Needs (F/R, EL or SWD)","Not High Needs",279,67.2,278,61.8,101,58.9
"Norwich School District","=""1040011""","Free/Reduced Price Meal Eligibility (2-level)","Eligible For Free Or Reduced Price Meals",1552,50.4,1542,44.3,533,45.2
"Norwich School District","=""1040011""","Free/Reduced Price Meal Eligibility (2-level)","Not Eligible For Free Or Reduced Price Meals",435,58.9,432,54.6,164,54.1
"Norwich School District","=""1040011""","Race/Ethnicity","American Indian or Alaska Native","*","*","*","*","*","*"
"Norwich School District","=""1040011""","Race/Ethnicity","Asian",138,65.6,138,66.3,52,66.8
"Norwich School District","=""1040011""","Race/Ethnicity","Black or African American",393,48.8,389,40.6,140,41.8
"Norwich School District","=""1040011""","Race/Ethnicity","Hispanic or Latino",764,47.1,762,41.7,267,42.4
"Norwich School District","=""1040011""","Race/Ethnicity","Native Hawaiian or Other Pacific Islander","*","*","*","*","*","*"
"Norwich School District","=""1040011""","Race/Ethnicity","Two or More Races",192,52.7,191,45.7,70,44.4
"Norwich School District","=""1040011""","Race/Ethnicity","White",490,59.0,484,53.8,163,55.4
"Norwich School District","=""1040011""","Special Education Status (SWD)","Students with Disabilities",374,37.3,369,30.2,126,33.4
"Norwich School District","=""1040011""","Special Education Status (SWD)","Students without Disabilities",1613,55.7,1605,50.3,571,50.3
"Old Saybrook School District","=""1060011""","All Students","District",491,73.1,488,68.8,231,72.0
"Old Saybrook School District","=""1060011""","English Language Learners (EL)","English Learners",64,60.9,64,59.2,23,54.9
"Old Saybrook School District","=""1060011""","English Language Learners (EL)","Not English Learners",427,74.9,424,70.3,208,73.9
"Old Saybrook School District","=""1060011""","Gender","Female","*","*","*","*",121,72.9
"Old Saybrook School District","=""1060011""","Gender","Male",256,70.9,254,68.9,"*","*"
"Old Saybrook School District","=""1060011""","Gender","Non-Binary","*","*","*","*","*","*"
"Old Saybrook School District","=""1060011""","Grade","03",51,69.4,51,67.3,"N/A","N/A"
"Old Saybrook School District","=""1060011""","Grade","04",66,79.2,66,70.4,"N/A","N/A"
"Old Saybrook School District","=""1060011""","Grade","05",82,76.5,81,76.2,81,75.7
"Old Saybrook School District","=""1060011""","Grade","06",59,80.5,58,77.1,"N/A","N/A"
"Old Saybrook School District","=""1060011""","Grade","07",81,71.3,80,69.4,"N/A","N/A"
"Old Saybrook School District","=""1060011""","Grade","08",70,72.4,70,64.7,70,72.7
"Old Saybrook School District","=""1060011""","Grade","11",82,64.0,82,58.4,80,67.6
"Old Saybrook School District","=""1060011""","High Needs (F/R, EL or SWD)","High Needs",196,62.2,193,57.0,88,63.0
"Old Saybrook School District","=""1060011""","High Needs (F/R, EL or SWD)","Not High Needs",295,80.3,295,76.6,143,77.6
"Old Saybrook School District","=""1060011""","Free/Reduced Price Meal Eligibility (2-level)","Eligible For Free Or Reduced Price Meals",133,64.1,131,58.2,61,64.4
"Old Saybrook School District","=""1060011""","Free/Reduced Price Meal Eligibility (2-level)","Not Eligible For Free Or Reduced Price Meals",358,76.4,357,72.7,170,74.8
"Old Saybrook School District","=""1060011""","Race/Ethnicity","Asian",15,"*",15,"*",7,"*"
"Old Saybrook School District","=""1060011""","Race/Ethnicity","Black or African American","*","*","*","*","*","*"
"Old Saybrook School District","=""1060011""","Race/Ethnicity","Hispanic or Latino",82,64.8,82,59.0,33,61.7
"Old Saybrook School District","=""1060011""","Race/Ethnicity","Native Hawaiian or Other Pacific Islander","*","*","*","*","N/A","N/A"
"Old Saybrook School District","=""1060011""","Race/Ethnicity","Two or More Races",16,"*",16,"*",7,"*"
"Old Saybrook School District","=""1060011""","Race/Ethnicity","White",374,74.4,371,70.6,183,72.9
"Old Saybrook School District","=""1060011""","Special Education Status (SWD)","Students with Disabilities",83,54.1,80,47.9,37,56.7
"Old Saybrook School District","=""1060011""","Special Education Status (SWD)","Students without Disabilities",408,77.0,408,72.9,194,74.9
"Orange School District","=""1070011""","All Students","District",700,78.8,697,75.2,161,77.3
"Orange School District","=""1070011""","English Language Learners (EL)","English Learners",62,68.0,61,68.0,16,"*"
"Orange School District","=""1070011""","English Language Learners (EL)","Not English Learners",638,79.9,636,75.9,145,78.2
"Orange School District","=""1070011""","Gender","Female",343,81.6,342,75.3,89,76.5
"Orange School District","=""1070011""","Gender","Male",357,76.2,355,75.2,72,78.4
"Orange School District","=""1070011""","Grade","03",169,75.5,168,72.6,"N/A","N/A"
"Orange School District","=""1070011""","Grade","04",187,80.0,187,76.1,"N/A","N/A"
"Orange School District","=""1070011""","Grade","05",160,79.9,160,75.0,161,77.3
"Orange School District","=""1070011""","Grade","06",184,79.7,182,77.0,"N/A","N/A"
"Orange School District","=""1070011""","High Needs (F/R, EL or SWD)","High Needs",199,66.1,196,63.8,42,65.0
"Orange School District","=""1070011""","High Needs (F/R, EL or SWD)","Not High Needs",501,83.9,501,79.7,119,81.7
"Orange School District","=""1070011""","Free/Reduced Price Meal Eligibility (2-level)","Eligible For Free Or Reduced Price Meals",113,67.9,109,66.9,26,68.8
"Orange School District","=""1070011""","Free/Reduced Price Meal Eligibility (2-level)","Not Eligible For Free Or Reduced Price Meals",587,80.9,588,76.8,135,79.0
"Orange School District","=""1070011""","Race/Ethnicity","Asian",94,89.8,93,87.6,26,85.7
"Orange School District","=""1070011""","Race/Ethnicity","Black or African American","*","*","*","*","*","*"
"Orange School District","=""1070011""","Race/Ethnicity","Hispanic or Latino",69,67.7,67,62.3,14,"*"
"Orange School District","=""1070011""","Race/Ethnicity","Native Hawaiian or Other Pacific Islander","*","*","*","*","N/A","N/A"
"Orange School District","=""1070011""","Race/Ethnicity","Two or More Races",38,89.3,38,85.3,"*","*"
"Orange School District","=""1070011""","Race/Ethnicity","White",480,77.7,480,74.4,111,77.5
"Orange School District","=""1070011""","Special Education Status (SWD)","Students with Disabilities",78,56.6,78,53.2,14,"*"
"Orange School District","=""1070011""","Special Education Status (SWD)","Students without Disabilities",622,81.6,619,78.0,147,79.4
"Oxford School District","=""1080011""","All Students","District",867,71.3,866,66.6,393,69.8
"Oxford School District","=""1080011""","English Language Learners (EL)","English Learners",34,73.0,34,71.3,14,"*"
"Oxford School District","=""1080011""","English Language Learners (EL)","Not English Learners",833,71.2,832,66.4,379,69.7
"Oxford School District","=""1080011""","Gender","Female",404,74.0,404,65.5,180,69.4
"Oxford School District","=""1080011""","Gender","Male",463,69.0,462,67.6,213,70.0
"Oxford School District","=""1080011""","Grade","03",115,74.2,114,70.1,"N/A","N/A"
"Oxford School District","=""1080011""","Grade","04",116,76.3,116,77.0,"N/A","N/A"
"Oxford School District","=""1080011""","Grade","05",118,75.2,118,74.1,118,76.5
"Oxford School District","=""1080011""","Grade","06",113,75.5,113,68.4,"N/A","N/A"
"Oxford School District","=""1080011""","Grade","07",129,74.2,129,65.3,"N/A","N/A"
"Oxford School District","=""1080011""","Grade","08",128,71.6,128,60.6,128,72.8
"Oxford School District","=""1080011""","Grade","11",148,56.0,148,55.0,147,61.8
"Oxford School District","=""1080011""","High Needs (F/R, EL or SWD)","High Needs",260,61.9,260,57.4,115,60.8
"Oxford School District","=""1080011""","High Needs (F/R, EL or SWD)","Not High Needs",607,75.3,606,70.6,278,73.5
"Oxford School District","=""1080011""","Free/Reduced Price Meal Eligibility (2-level)","Eligible For Free Or Reduced Price Meals",138,65.2,138,60.2,58,62.7
"Oxford School District","=""1080011""","Free/Reduced Price Meal Eligibility (2-level)","Not Eligible For Free Or Reduced Price Meals",729,72.4,728,67.9,335,71.0
"Oxford School District","=""1080011""","Race/Ethnicity","American Indian or Alaska Native","*","*","*","*","*","*"
"Oxford School District","=""1080011""","Race/Ethnicity","Asian",26,80.2,26,78.7,13,"*"
"Oxford School District","=""1080011""","Race/Ethnicity","Black or African American",22,59.6,22,50.2,11,"*"
"Oxford School District","=""1080011""","Race/Ethnicity","Hispanic or Latino",91,70.3,91,64.5,41,63.6
"Oxford School District","=""1080011""","Race/Ethnicity","Native Hawaiian or Other Pacific Islander","*","*","*","*","*","*"
"Oxford School District","=""1080011""","Race/Ethnicity","Two or More Races",14,"*",14,"*",6,"*"
"Oxford School District","=""1080011""","Race/Ethnicity","White",709,71.7,708,67.2,319,70.6
"Oxford School District","=""1080011""","Special Education Status (SWD)","Students with Disabilities",134,52.4,134,47.9,63,55.7
"Oxford School District","=""1080011""","Special Education Status (SWD)","Students without Disabilities",733,74.8,732,70.1,330,72.4
"Plainfield School District","=""1090011""","All Students","District",921,62.5,918,58.4,388,64.9
"Plainfield School District","=""1090011""","English Language Learners (EL)","English Learners",22,57.4,22,49.9,14,"*"
"Plainfield School District","=""1090011""","English Language Learners (EL)","Not English Learners",899,62.6,896,58.7,374,65.0
"Plainfield School District","=""1090011""","Gender","Female",464,64.0,462,57.6,200,62.1
"Plainfield School District","=""1090011""","Gender","Male",457,61.0,456,59.3,188,67.8
"Plainfield School District","=""1090011""","Grade","03",146,62.7,146,58.9,"N/A","N/A"
"Plainfield School District","=""1090011""","Grade","04",128,67.5,128,65.9,"N/A","N/A"
"Plainfield School District","=""1090011""","Grade","05",132,69.7,132,70.9,132,71.4
"Plainfield School District","=""1090011""","Grade","06",150,61.2,149,55.8,"N/A","N/A"
"Plainfield School District","=""1090011""","Grade","07",127,60.3,126,55.3,"N/A","N/A"
"Plainfield School District","=""1090011""","Grade","08",150,61.3,149,55.1,151,68.5
"Plainfield School District","=""1090011""","Grade","11",88,51.3,88,42.9,105,51.5
"Plainfield School District","=""1090011""","High Needs (F/R, EL or SWD)","High Needs",569,58.7,566,54.1,240,58.9
"Plainfield School District","=""1090011""","High Needs (F/R, EL or SWD)","Not High Needs",352,68.7,352,65.4,148,74.6
"Plainfield School District","=""1090011""","Free/Reduced Price Meal Eligibility (2-level)","Eligible For Free Or Reduced Price Meals",519,59.5,518,54.9,222,59.6
"Plainfield School District","=""1090011""","Free/Reduced Price Meal Eligibility (2-level)","Not Eligible For Free Or Reduced Price Meals",402,66.3,400,63.0,166,72.0
"Plainfield School District","=""1090011""","Race/Ethnicity","American Indian or Alaska Native",9,"*",8,"*",7,"*"
"Plainfield School District","=""1090011""","Race/Ethnicity","Asian",13,"*",13,"*",7,"*"
"Plainfield School District","=""1090011""","Race/Ethnicity","Black or African American",31,61.0,31,54.8,12,"*"
"Plainfield School District","=""1090011""","Race/Ethnicity","Hispanic or Latino",100,62.2,100,57.1,52,58.4
"Plainfield School District","=""1090011""","Race/Ethnicity","Native Hawaiian or Other Pacific Islander",7,"*",7,"*","*","*"
"Plainfield School District","=""1090011""","Race/Ethnicity","Two or More Races",26,64.4,26,61.1,"*","*"
"Plainfield School District","=""1090011""","Race/Ethnicity","White",735,62.6,733,58.7,304,66.2
"Plainfield School District","=""1090011""","Special Education Status (SWD)","Students with Disabilities",152,46.1,150,39.2,62,47.2
"Plainfield School District","=""1090011""","Special Education Status (SWD)","Students without Disabilities",769,65.7,768,62.2,326,68.3
"Plainville School District","=""1100011""","All Students","District",1114,67.2,1111,64.9,482,62.9
"Plainville School District","=""1100011""","English Language Learners (EL)","English Learners",133,61.6,132,61.8,46,57.7
"Plainville School District","=""1100011""","English Language Learners (EL)","Not English Learners",981,68.0,979,65.3,436,63.5
"Plainville School District","=""1100011""","Gender","Female","*","*","*","*","*","*"
"Plainville School District","=""1100011""","Gender","Male",592,66.8,590,66.8,252,64.3
"Plainville School District","=""1100011""","Gender","Non-Binary","*","*","*","*","*","*"
"Plainville School District","=""1100011""","Grade","03",136,67.4,136,66.2,"N/A","N/A"
"Plainville School District","=""1100011""","Grade","04",167,73.5,167,69.2,"N/A","N/A"
"Plainville School District","=""1100011""","Grade","05",171,66.8,170,64.2,169,65.5
"Plainville School District","=""1100011""","Grade","06",146,70.5,145,65.8,"N/A","N/A"
"Plainville School District","=""1100011""","Grade","07",183,67.4,183,65.0,"N/A","N/A"
"Plainville School District","=""1100011""","Grade","08",166,68.9,165,70.0,165,67.5
"Plainville School District","=""1100011""","Grade","11",145,54.7,145,52.7,148,54.8
"Plainville School District","=""1100011""","High Needs (F/R, EL or SWD)","High Needs",580,60.2,578,57.9,243,55.3
"Plainville School District","=""1100011""","High Needs (F/R, EL or SWD)","Not High Needs",534,74.8,533,72.4,239,70.6
"Plainville School District","=""1100011""","Free/Reduced Price Meal Eligibility (2-level)","Eligible For Free Or Reduced Price Meals",466,60.8,464,58.2,198,56.1
"Plainville School District","=""1100011""","Free/Reduced Price Meal Eligibility (2-level)","Not Eligible For Free Or Reduced Price Meals",648,71.8,647,69.7,284,67.7
"Plainville School District","=""1100011""","Race/Ethnicity","American Indian or Alaska Native","*","*","*","*","N/A","N/A"
"Plainville School District","=""1100011""","Race/Ethnicity","Asian",29,70.9,29,76.9,15,"*"
"Plainville School District","=""1100011""","Race/Ethnicity","Black or African American",69,60.0,69,53.9,30,51.0
"Plainville School District","=""1100011""","Race/Ethnicity","Hispanic or Latino",253,60.4,251,56.9,105,56.9
"Plainville School District","=""1100011""","Race/Ethnicity","Native Hawaiian or Other Pacific Islander","*","*","*","*","N/A","N/A"
"Plainville School District","=""1100011""","Race/Ethnicity","Two or More Races",51,74.0,51,68.2,30,65.5
"Plainville School District","=""1100011""","Race/Ethnicity","White",710,69.7,709,68.1,302,65.5
"Plainville School District","=""1100011""","Special Education Status (SWD)","Students with Disabilities",146,43.8,145,39.9,65,39.6
"Plainville School District","=""1100011""","Special Education Status (SWD)","Students without Disabilities",968,70.7,966,68.6,417,66.5
"Plymouth School District","=""1110011""","All Students","District",607,62.2,606,60.2,261,60.5
"Plymouth School District","=""1110011""","English Language Learners (EL)","English Learners",25,48.0,25,48.1,11,"*"
"Plymouth School District","=""1110011""","English Language Learners (EL)","Not English Learners",582,62.8,581,60.7,250,61.4
"Plymouth School District","=""1110011""","Gender","Female",288,65.5,288,60.4,108,62.0
"Plymouth School District","=""1110011""","Gender","Male",319,59.3,318,60.0,153,59.5
"Plymouth School District","=""1110011""","Grade","03",78,64.9,78,64.0,"N/A","N/A"
"Plymouth School District","=""1110011""","Grade","04",94,61.6,94,64.3,"N/A","N/A"
"Plymouth School District","=""1110011""","Grade","05",105,60.3,105,61.9,105,63.4
"Plymouth School District","=""1110011""","Grade","06",95,66.4,95,59.5,"N/A","N/A"
"Plymouth School District","=""1110011""","Grade","07",74,70.6,74,66.5,"N/A","N/A"
"Plymouth School District","=""1110011""","Grade","08",94,62.1,94,57.6,93,63.0
"Plymouth School District","=""1110011""","Grade","11",67,47.8,66,44.8,63,52.1
"Plymouth School District","=""1110011""","High Needs (F/R, EL or SWD)","High Needs",355,57.5,354,55.0,153,55.8
"Plymouth School District","=""1110011""","High Needs (F/R, EL or SWD)","Not High Needs",252,68.9,252,67.4,108,67.1
"Plymouth School District","=""1110011""","Free/Reduced Price Meal Eligibility (2-level)","Eligible For Free Or Reduced Price Meals",281,59.1,281,56.9,128,58.4
"Plymouth School District","=""1110011""","Free/Reduced Price Meal Eligibility (2-level)","Not Eligible For Free Or Reduced Price Meals",326,64.9,325,63.0,133,62.5
"Plymouth School District","=""1110011""","Race/Ethnicity","American Indian or Alaska Native","*","*","*","*","*","*"
"Plymouth School District","=""1110011""","Race/Ethnicity","Asian","*","*","*","*","*","*"
"Plymouth School District","=""1110011""","Race/Ethnicity","Black or African American",9,"*",9,"*",6,"*"
"Plymouth School District","=""1110011""","Race/Ethnicity","Hispanic or Latino",101,58.4,100,55.7,47,54.4
"Plymouth School District","=""1110011""","Race/Ethnicity","Two or More Races",34,65.4,34,64.8,13,"*"
"Plymouth School District","=""1110011""","Race/Ethnicity","White",454,63.0,454,61.2,190,61.7
"Plymouth School District","=""1110011""","Special Education Status (SWD)","Students with Disabilities",154,48.7,153,45.2,69,47.7
"Plymouth School District","=""1110011""","Special Education Status (SWD)","Students without Disabilities",453,66.8,453,65.3,192,65.1
"Pomfret School District","=""1120011""","All Students","District",217,72.6,217,72.0,84,72.5
"Pomfret School District","=""1120011""","English Language Learners (EL)","English Learners","*","*","*","*",0,"N/A"
"Pomfret School District","=""1120011""","English Language Learners (EL)","Not English Learners","*","*","*","*",84,72.5
"Pomfret School District","=""1120011""","Gender","Female",98,72.6,98,69.3,41,73.2
"Pomfret School District","=""1120011""","Gender","Male",119,72.5,119,74.3,43,71.9
"Pomfret School District","=""1120011""","Grade","03",24,71.4,24,75.5,"N/A","N/A"
"Pomfret School District","=""1120011""","Grade","04",42,78.5,42,81.7,"N/A","N/A"
"Pomfret School District","=""1120011""","Grade","05",41,74.9,41,75.1,41,75.6
"Pomfret School District","=""1120011""","Grade","06",30,73.5,30,73.8,"N/A","N/A"
"Pomfret School District","=""1120011""","Grade","07",37,65.2,37,62.3,"N/A","N/A"
"Pomfret School District","=""1120011""","Grade","08",43,70.9,43,64.7,43,69.6
"Pomfret School District","=""1120011""","High Needs (F/R, EL or SWD)","High Needs",70,65.6,70,66.6,23,64.5
"Pomfret School District","=""1120011""","High Needs (F/R, EL or SWD)","Not High Needs",147,75.9,147,74.6,61,75.6
"Pomfret School District","=""1120011""","Free/Reduced Price Meal Eligibility (2-level)","Eligible For Free Or Reduced Price Meals",48,70.8,48,70.5,15,"*"
"Pomfret School District","=""1120011""","Free/Reduced Price Meal Eligibility (2-level)","Not Eligible For Free Or Reduced Price Meals",169,73.1,169,72.4,69,73.6
"Pomfret School District","=""1120011""","Race/Ethnicity","Asian","*","*","*","*","*","*"
"Pomfret School District","=""1120011""","Race/Ethnicity","Black or African American","*","*","*","*","*","*"
"Pomfret School District","=""1120011""","Race/Ethnicity","Hispanic or Latino","*","*","*","*","*","*"
"Pomfret School District","=""1120011""","Race/Ethnicity","Two or More Races","*","*","*","*","N/A","N/A"
"Pomfret School District","=""1120011""","Race/Ethnicity","White",201,73.0,201,72.6,79,72.1
"Pomfret School District","=""1120011""","Special Education Status (SWD)","Students with Disabilities",30,54.3,30,56.6,12,"*"
"Pomfret School District","=""1120011""","Special Education Status (SWD)","Students without Disabilities",187,75.5,187,74.5,72,75.2
"Portland School District","=""1130011""","All Students","District",678,71.8,676,67.6,282,67.1
"Portland School District","=""1130011""","English Language Learners (EL)","English Learners",44,54.6,44,50.2,14,"*"
"Portland School District","=""1130011""","English Language Learners (EL)","Not English Learners",634,73.0,632,68.8,268,68.1
"Portland School District","=""1130011""","Gender","Female","*","*","*","*",126,67.5
"Portland School District","=""1130011""","Gender","Male",363,69.9,361,67.6,156,66.8
"Portland School District","=""1130011""","Gender","Non-Binary","*","*","*","*","N/A","N/A"
"Portland School District","=""1130011""","Grade","03",75,77.2,75,73.0,"N/A","N/A"
"Portland School District","=""1130011""","Grade","04",108,78.9,108,77.8,"N/A","N/A"
"Portland School District","=""1130011""","Grade","05",102,76.6,102,69.7,102,69.7
"Portland School District","=""1130011""","Grade","06",107,71.2,107,66.2,"N/A","N/A"
"Portland School District","=""1130011""","Grade","07",106,70.9,105,64.6,"N/A","N/A"
"Portland School District","=""1130011""","Grade","08",103,69.5,102,67.9,103,69.6
"Portland School District","=""1130011""","Grade","11",77,55.9,77,51.3,77,60.4
"Portland School District","=""1130011""","High Needs (F/R, EL or SWD)","High Needs",273,58.1,271,53.1,102,53.5
"Portland School District","=""1130011""","High Needs (F/R, EL or SWD)","Not High Needs",405,81.1,405,77.3,180,74.8
"Portland School District","=""1130011""","Free/Reduced Price Meal Eligibility (2-level)","Eligible For Free Or Reduced Price Meals",189,59.3,187,53.3,70,54.3
"Portland School District","=""1130011""","Free/Reduced Price Meal Eligibility (2-level)","Not Eligible For Free Or Reduced Price Meals",489,76.7,489,73.1,212,71.3
"Portland School District","=""1130011""","Race/Ethnicity","Asian",10,"*",10,"*","*","*"
"Portland School District","=""1130011""","Race/Ethnicity","Black or African American",26,53.0,26,46.0,13,"*"
"Portland School District","=""1130011""","Race/Ethnicity","Hispanic or Latino",129,61.0,128,55.5,47,58.6
"Portland School District","=""1130011""","Race/Ethnicity","Two or More Races",33,72.7,33,65.2,"*","*"
"Portland School District","=""1130011""","Race/Ethnicity","White",480,75.4,479,71.9,211,70.2
"Portland School District","=""1130011""","Special Education Status (SWD)","Students with Disabilities",147,49.6,146,45.1,52,45.1
"Portland School District","=""1130011""","Special Education Status (SWD)","Students without Disabilities",531,78.0,530,73.8,230,72.1
"Preston School District","=""1140011""","All Students","District",255,70.3,255,64.0,93,71.4
"Preston School District","=""1140011""","English Language Learners (EL)","English Learners",11,"*",11,"*",6,"*"
"Preston School District","=""1140011""","English Language Learners (EL)","Not English Learners",244,70.0,244,63.3,87,70.5
"Preston School District","=""1140011""","Gender","Female",125,74.1,125,65.1,42,74.7
"Preston School District","=""1140011""","Gender","Male",130,66.7,130,62.8,51,68.6
"Preston School District","=""1140011""","Grade","03","*","*","*","*","N/A","N/A"
"Preston School District","=""1140011""","Grade","04",38,73.0,38,68.1,"N/A","N/A"
"Preston School District","=""1140011""","Grade","05",52,68.7,52,65.0,52,71.3
"Preston School District","=""1140011""","Grade","06",51,70.5,51,61.7,"N/A","N/A"
"Preston School District","=""1140011""","Grade","07",37,73.4,37,59.0,"N/A","N/A"
"Preston School District","=""1140011""","Grade","08",40,71.1,40,70.2,"*","*"
"Preston School District","=""1140011""","Grade","11","*","*","*","*","*","*"
"Preston School District","=""1140011""","High Needs (F/R, EL or SWD)","High Needs",113,64.2,113,57.2,47,66.4
"Preston School District","=""1140011""","High Needs (F/R, EL or SWD)","Not High Needs",142,75.1,142,69.3,46,76.5
"Preston School District","=""1140011""","Free/Reduced Price Meal Eligibility (2-level)","Eligible For Free Or Reduced Price Meals",87,67.8,87,60.4,37,69.5
"Preston School District","=""1140011""","Free/Reduced Price Meal Eligibility (2-level)","Not Eligible For Free Or Reduced Price Meals",168,71.6,168,65.8,56,72.6
"Preston School District","=""1140011""","Race/Ethnicity","American Indian or Alaska Native","*","*","*","*","*","*"
"Preston School District","=""1140011""","Race/Ethnicity","Asian",6,"*",6,"*","*","*"
"Preston School District","=""1140011""","Race/Ethnicity","Black or African American",6,"*",6,"*","*","*"
"Preston School District","=""1140011""","Race/Ethnicity","Hispanic or Latino",29,68.8,29,63.0,8,"*"
"Preston School District","=""1140011""","Race/Ethnicity","Native Hawaiian or Other Pacific Islander","*","*","*","*","N/A","N/A"
"Preston School District","=""1140011""","Race/Ethnicity","Two or More Races",10,"*",10,"*","*","*"
"Preston School District","=""1140011""","Race/Ethnicity","White",201,70.8,201,64.1,72,70.5
"Preston School District","=""1140011""","Special Education Status (SWD)","Students with Disabilities",42,50.9,42,42.8,19,"*"
"Preston School District","=""1140011""","Special Education Status (SWD)","Students without Disabilities",213,74.1,213,68.1,74,75.7
"Putnam School District","=""1160011""","All Students","District",544,59.5,539,53.2,220,54.4
"Putnam School District","=""1160011""","English Language Learners (EL)","English Learners",29,46.9,28,44.0,10,"*"
"Putnam School District","=""1160011""","English Language Learners (EL)","Not English Learners",515,60.2,511,53.7,210,55.3
"Putnam School District","=""1160011""","Gender","Female",256,61.8,255,52.4,106,57.2
"Putnam School District","=""1160011""","Gender","Male",288,57.5,284,53.9,114,51.8
"Putnam School District","=""1160011""","Grade","03",80,61.3,80,59.4,"N/A","N/A"
"Putnam School District","=""1160011""","Grade","04",83,66.8,83,60.9,"N/A","N/A"
"Putnam School District","=""1160011""","Grade","05",93,62.1,92,54.0,93,59.6
"Putnam School District","=""1160011""","Grade","06",89,57.3,88,47.2,"N/A","N/A"
"Putnam School District","=""1160011""","Grade","07",68,60.6,67,57.1,"N/A","N/A"
"Putnam School District","=""1160011""","Grade","08",70,58.2,68,49.0,69,53.7
"Putnam School District","=""1160011""","Grade","11",61,46.9,61,42.1,58,46.9
"Putnam School District","=""1160011""","High Needs (F/R, EL or SWD)","High Needs",349,54.2,345,47.6,131,49.4
"Putnam School District","=""1160011""","High Needs (F/R, EL or SWD)","Not High Needs",195,69.0,194,63.1,89,61.8
"Putnam School District","=""1160011""","Free/Reduced Price Meal Eligibility (2-level)","Eligible For Free Or Reduced Price Meals",305,55.3,301,48.9,118,50.6
"Putnam School District","=""1160011""","Free/Reduced Price Meal Eligibility (2-level)","Not Eligible For Free Or Reduced Price Meals",239,64.8,238,58.5,102,58.8
"Putnam School District","=""1160011""","Race/Ethnicity","Asian",6,"*",6,"*",0,"N/A"
"Putnam School District","=""1160011""","Race/Ethnicity","Black or African American",11,"*",11,"*",6,"*"
"Putnam School District","=""1160011""","Race/Ethnicity","Hispanic or Latino",90,54.1,89,47.6,40,49.6
"Putnam School District","=""1160011""","Race/Ethnicity","Native Hawaiian or Other Pacific Islander",0,"N/A",0,"N/A","N/A","N/A"
"Putnam School District","=""1160011""","Race/Ethnicity","Two or More Races",35,58.3,35,51.7,7,"*"
"Putnam School District","=""1160011""","Race/Ethnicity","White",402,60.8,398,54.3,167,56.0
"Putnam School District","=""1160011""","Special Education Status (SWD)","Students with Disabilities",116,40.7,114,33.2,45,37.0
"Putnam School District","=""1160011""","Special Education Status (SWD)","Students without Disabilities",428,64.6,425,58.5,175,58.9
"Redding School District","=""1170011""","All Students","District",544,78.3,540,78.6,156,79.6
"Redding School District","=""1170011""","English Language Learners (EL)","English Learners",20,59.7,20,68.5,7,"*"
"Redding School District","=""1170011""","English Language Learners (EL)","Not English Learners",524,79.0,520,79.0,149,80.6
"Redding School District","=""1170011""","Gender","Female",273,80.2,270,77.6,76,76.7
"Redding School District","=""1170011""","Gender","Male",271,76.3,270,79.6,80,82.5
"Redding School District","=""1170011""","Grade","03",97,77.8,94,76.1,"N/A","N/A"
"Redding School District","=""1170011""","Grade","04",100,80.6,99,79.0,"N/A","N/A"
"Redding School District","=""1170011""","Grade","05",85,78.6,84,78.5,84,80.3
"Redding School District","=""1170011""","Grade","06",91,78.6,91,77.3,"N/A","N/A"
"Redding School District","=""1170011""","Grade","07",100,78.3,100,79.6,"N/A","N/A"
"Redding School District","=""1170011""","Grade","08",71,74.7,72,82.2,72,78.9
"Redding School District","=""1170011""","High Needs (F/R, EL or SWD)","High Needs",145,64.7,141,64.4,45,63.7
"Redding School District","=""1170011""","High Needs (F/R, EL or SWD)","Not High Needs",399,83.2,399,83.7,111,86.1
"Redding School District","=""1170011""","Free/Reduced Price Meal Eligibility (2-level)","Eligible For Free Or Reduced Price Meals",59,66.1,56,69.7,18,"*"
"Redding School District","=""1170011""","Free/Reduced Price Meal Eligibility (2-level)","Not Eligible For Free Or Reduced Price Meals",485,79.8,484,79.7,138,80.7
"Redding School District","=""1170011""","Race/Ethnicity","American Indian or Alaska Native","*","*","*","*","N/A","N/A"
"Redding School District","=""1170011""","Race/Ethnicity","Asian",13,"*",13,"*","*","*"
"Redding School District","=""1170011""","Race/Ethnicity","Black or African American",7,"*",7,"*","*","*"
"Redding School District","=""1170011""","Race/Ethnicity","Hispanic or Latino",64,71.7,64,71.9,20,67.2
"Redding School District","=""1170011""","Race/Ethnicity","Native Hawaiian or Other Pacific Islander","*","*","*","*","N/A","N/A"
"Redding School District","=""1170011""","Race/Ethnicity","Two or More Races",15,"*",13,"*","*","*"
"Redding School District","=""1170011""","Race/Ethnicity","White",443,79.1,441,79.3,126,81.0
"Redding School District","=""1170011""","Special Education Status (SWD)","Students with Disabilities",99,62.2,96,59.1,29,55.1
"Redding School District","=""1170011""","Special Education Status (SWD)","Students without Disabilities",445,81.9,444,82.9,127,85.3
"Ridgefield School District","=""1180011""","All Students","District",2362,79.9,2346,78.3,1023,77.5
"Ridgefield School District","=""1180011""","English Language Learners (EL)","English Learners",65,67.7,63,69.5,25,67.8
"Ridgefield School District","=""1180011""","English Language Learners (EL)","Not English Learners",2297,80.2,2283,78.6,998,77.7
"Ridgefield School District","=""1180011""","Gender","Female","*","*","*","*","*","*"
"Ridgefield School District","=""1180011""","Gender","Male",1199,78.0,1190,79.3,521,78.2
"Ridgefield School District","=""1180011""","Gender","Non-Binary","*","*","*","*","*","*"
"Ridgefield School District","=""1180011""","Grade","03",317,79.1,318,80.2,"N/A","N/A"
"Ridgefield School District","=""1180011""","Grade","04",340,84.3,340,84.1,"N/A","N/A"
"Ridgefield School District","=""1180011""","Grade","05",346,84.0,345,81.9,345,82.1
"Ridgefield School District","=""1180011""","Grade","06",334,82.4,330,77.6,"N/A","N/A"
"Ridgefield School District","=""1180011""","Grade","07",336,79.4,331,78.2,"N/A","N/A"
"Ridgefield School District","=""1180011""","Grade","08",322,79.7,315,79.3,317,78.1
"Ridgefield School District","=""1180011""","Grade","11",367,70.9,367,67.8,361,72.5
"Ridgefield School District","=""1180011""","High Needs (F/R, EL or SWD)","High Needs",554,67.3,545,64.8,226,63.5
"Ridgefield School District","=""1180011""","High Needs (F/R, EL or SWD)","Not High Needs",1808,83.7,1801,82.4,797,81.5
"Ridgefield School District","=""1180011""","Free/Reduced Price Meal Eligibility (2-level)","Eligible For Free Or Reduced Price Meals",164,72.7,161,69.9,71,69.8
"Ridgefield School District","=""1180011""","Free/Reduced Price Meal Eligibility (2-level)","Not Eligible For Free Or Reduced Price Meals",2198,80.4,2185,78.9,952,78.1
"Ridgefield School District","=""1180011""","Race/Ethnicity","American Indian or Alaska Native","*","*","*","*","N/A","N/A"
"Ridgefield School District","=""1180011""","Race/Ethnicity","Asian",144,88.5,144,91.8,65,88.3
"Ridgefield School District","=""1180011""","Race/Ethnicity","Black or African American","*","*","*","*",11,"*"
"Ridgefield School District","=""1180011""","Race/Ethnicity","Hispanic or Latino",205,72.9,200,69.4,90,71.2
"Ridgefield School District","=""1180011""","Race/Ethnicity","Two or More Races",102,82.8,101,80.3,43,80.3
"Ridgefield School District","=""1180011""","Race/Ethnicity","White",1891,79.9,1881,78.2,814,77.2
"Ridgefield School District","=""1180011""","Special Education Status (SWD)","Students with Disabilities",401,63.1,395,60.4,162,59.0
"Ridgefield School District","=""1180011""","Special Education Status (SWD)","Students without Disabilities",1961,83.3,1951,81.9,861,81.0
"Rocky Hill School District","=""1190011""","All Students","District",1265,75.3,1264,73.6,553,72.6
"Rocky Hill School District","=""1190011""","English Language Learners (EL)","English Learners",165,67.7,164,69.5,63,70.4
"Rocky Hill School District","=""1190011""","English Language Learners (EL)","Not English Learners",1100,76.5,1100,74.2,490,72.9
"Rocky Hill School District","=""1190011""","Gender","Female","*","*","*","*",273,73.2
"Rocky Hill School District","=""1190011""","Gender","Male",644,73.8,644,74.6,280,72.0
"Rocky Hill School District","=""1190011""","Gender","Non-Binary","*","*","*","*","N/A","N/A"
"Rocky Hill School District","=""1190011""","Grade","03",170,75.6,170,75.3,"N/A","N/A"
"Rocky Hill School District","=""1190011""","Grade","04",158,77.1,158,78.3,"N/A","N/A"
"Rocky Hill School District","=""1190011""","Grade","05",194,76.9,194,78.3,194,75.8
"Rocky Hill School District","=""1190011""","Grade","06",173,80.3,172,75.0,"N/A","N/A"
"Rocky Hill School District","=""1190011""","Grade","07",202,77.1,202,73.9,"N/A","N/A"
"Rocky Hill School District","=""1190011""","Grade","08",211,79.5,211,74.1,206,79.8
"Rocky Hill School District","=""1190011""","Grade","11",157,58.2,157,58.8,153,58.9
"Rocky Hill School District","=""1190011""","High Needs (F/R, EL or SWD)","High Needs",488,64.6,487,61.6,203,60.8
"Rocky Hill School District","=""1190011""","High Needs (F/R, EL or SWD)","Not High Needs",777,82.1,777,81.2,350,79.4
"Rocky Hill School District","=""1190011""","Free/Reduced Price Meal Eligibility (2-level)","Eligible For Free Or Reduced Price Meals",285,63.9,284,59.2,122,59.1
"Rocky Hill School District","=""1190011""","Free/Reduced Price Meal Eligibility (2-level)","Not Eligible For Free Or Reduced Price Meals",980,78.7,980,77.8,431,76.4
"Rocky Hill School District","=""1190011""","Race/Ethnicity","American Indian or Alaska Native","*","*","*","*","N/A","N/A"
"Rocky Hill School District","=""1190011""","Race/Ethnicity","Asian",378,83.6,378,85.8,169,84.5
"Rocky Hill School District","=""1190011""","Race/Ethnicity","Black or African American",45,69.8,45,65.0,"*","*"
"Rocky Hill School District","=""1190011""","Race/Ethnicity","Hispanic or Latino",134,64.3,133,58.7,56,59.6
"Rocky Hill School District","=""1190011""","Race/Ethnicity","Native Hawaiian or Other Pacific Islander","*","*","*","*","*","*"
"Rocky Hill School District","=""1190011""","Race/Ethnicity","Two or More Races",46,76.2,46,75.2,23,79.2
"Rocky Hill School District","=""1190011""","Race/Ethnicity","White",660,73.1,660,70.1,287,68.6
"Rocky Hill School District","=""1190011""","Special Education Status (SWD)","Students with Disabilities",175,51.8,175,46.9,73,47.0
"Rocky Hill School District","=""1190011""","Special Education Status (SWD)","Students without Disabilities",1090,79.1,1089,77.9,480,76.5
"Salem School District","=""1210011""","All Students","District",246,68.7,245,67.1,82,74.5
"Salem School District","=""1210011""","English Language Learners (EL)","English Learners","*","*","*","*","*","*"
"Salem School District","=""1210011""","English Language Learners (EL)","Not English Learners","*","*","*","*","*","*"
"Salem School District","=""1210011""","Gender","Female",129,69.4,129,64.0,42,75.0
"Salem School District","=""1210011""","Gender","Male",117,68.0,116,70.7,40,73.9
"Salem School District","=""1210011""","Grade","03",37,69.0,37,66.6,"N/A","N/A"
"Salem School District","=""1210011""","Grade","04",51,72.0,51,69.2,"N/A","N/A"
"Salem School District","=""1210011""","Grade","05",37,70.4,37,75.5,37,77.0
"Salem School District","=""1210011""","Grade","06",39,60.4,39,59.1,"N/A","N/A"
"Salem School District","=""1210011""","Grade","07",37,62.1,36,58.3,"N/A","N/A"
"Salem School District","=""1210011""","Grade","08",45,76.2,45,72.3,45,72.5
"Salem School District","=""1210011""","High Needs (F/R, EL or SWD)","High Needs",86,56.6,85,55.1,26,63.9
"Salem School District","=""1210011""","High Needs (F/R, EL or SWD)","Not High Needs",160,75.3,160,73.5,56,79.4
"Salem School District","=""1210011""","Free/Reduced Price Meal Eligibility (2-level)","Eligible For Free Or Reduced Price Meals",62,58.8,62,57.6,21,65.0
"Salem School District","=""1210011""","Free/Reduced Price Meal Eligibility (2-level)","Not Eligible For Free Or Reduced Price Meals",184,72.1,183,70.4,61,77.8
"Salem School District","=""1210011""","Race/Ethnicity","American Indian or Alaska Native","*","*","*","*","*","*"
"Salem School District","=""1210011""","Race/Ethnicity","Asian","*","*","*","*","*","*"
"Salem School District","=""1210011""","Race/Ethnicity","Black or African American","*","*","*","*","*","*"
"Salem School District","=""1210011""","Race/Ethnicity","Hispanic or Latino",26,63.9,26,62.1,7,"*"
"Salem School District","=""1210011""","Race/Ethnicity","Two or More Races",19,"*",19,"*",6,"*"
"Salem School District","=""1210011""","Race/Ethnicity","White",194,69.8,193,68.5,64,75.5
"Salem School District","=""1210011""","Special Education Status (SWD)","Students with Disabilities",40,50.6,39,47.8,11,"*"
"Salem School District","=""1210011""","Special Education Status (SWD)","Students without Disabilities",206,72.3,206,70.8,71,76.9
"Salisbury School District","=""1220011""","All Students","District",186,77.4,186,75.3,60,81.6
"Salisbury School District","=""1220011""","English Language Learners (EL)","English Learners",6,"*",6,"*",0,"N/A"
"Salisbury School District","=""1220011""","English Language Learners (EL)","Not English Learners",180,77.7,180,75.8,60,81.6
"Salisbury School District","=""1220011""","Gender","Female","*","*","*","*",29,81.3
"Salisbury School District","=""1220011""","Gender","Male",92,75.0,92,75.4,31,81.8
"Salisbury School District","=""1220011""","Gender","Non-Binary","*","*","*","*","N/A","N/A"
"Salisbury School District","=""1220011""","Grade","03",29,75.5,29,76.5,"N/A","N/A"
"Salisbury School District","=""1220011""","Grade","04",32,78.0,32,75.8,"N/A","N/A"
"Salisbury School District","=""1220011""","Grade","05",29,86.4,29,77.3,29,86.5
"Salisbury School District","=""1220011""","Grade","06",39,73.6,39,68.6,"N/A","N/A"
"Salisbury School District","=""1220011""","Grade","07",26,75.7,26,77.1,"N/A","N/A"
"Salisbury School District","=""1220011""","Grade","08",31,76.3,31,78.6,31,77.0
"Salisbury School District","=""1220011""","High Needs (F/R, EL or SWD)","High Needs",51,66.4,51,64.9,15,"*"
"Salisbury School District","=""1220011""","High Needs (F/R, EL or SWD)","Not High Needs",135,81.5,135,79.2,45,83.8
"Salisbury School District","=""1220011""","Free/Reduced Price Meal Eligibility (2-level)","Eligible For Free Or Reduced Price Meals",32,67.8,32,68.6,11,"*"
"Salisbury School District","=""1220011""","Free/Reduced Price Meal Eligibility (2-level)","Not Eligible For Free Or Reduced Price Meals",154,79.4,154,76.7,49,82.0
"Salisbury School District","=""1220011""","Race/Ethnicity","Asian","*","*","*","*","*","*"
"Salisbury School District","=""1220011""","Race/Ethnicity","Black or African American","*","*","*","*","*","*"
"Salisbury School District","=""1220011""","Race/Ethnicity","Hispanic or Latino",19,"*",19,"*","*","*"
"Salisbury School District","=""1220011""","Race/Ethnicity","Two or More Races",14,"*",14,"*","*","*"
"Salisbury School District","=""1220011""","Race/Ethnicity","White",145,77.5,145,74.9,48,83.0
"Salisbury School District","=""1220011""","Special Education Status (SWD)","Students with Disabilities",23,61.3,23,56.1,"*","*"
"Salisbury School District","=""1220011""","Special Education Status (SWD)","Students without Disabilities",163,79.7,163,78.0,"*","*"
"Scotland School District","=""1230011""","All Students","District",48,62.9,48,59.7,18,"*"
"Scotland School District","=""1230011""","English Language Learners (EL)","Not English Learners",48,62.9,48,59.7,18,"*"
"Scotland School District","=""1230011""","Gender","Female",29,65.4,29,58.5,9,"*"
"Scotland School District","=""1230011""","Gender","Male",19,"*",19,"*",9,"*"
"Scotland School District","=""1230011""","Grade","03",11,"*",11,"*","N/A","N/A"
"Scotland School District","=""1230011""","Grade","04",11,"*",11,"*","N/A","N/A"
"Scotland School District","=""1230011""","Grade","05",18,"*",18,"*",18,"*"
"Scotland School District","=""1230011""","Grade","06",8,"*",8,"*","N/A","N/A"
"Scotland School District","=""1230011""","High Needs (F/R, EL or SWD)","High Needs",29,61.6,29,55.8,12,"*"
"Scotland School District","=""1230011""","High Needs (F/R, EL or SWD)","Not High Needs",19,"*",19,"*",6,"*"
"Scotland School District","=""1230011""","Free/Reduced Price Meal Eligibility (2-level)","Eligible For Free Or Reduced Price Meals",22,61.3,22,57.4,11,"*"
"Scotland School District","=""1230011""","Free/Reduced Price Meal Eligibility (2-level)","Not Eligible For Free Or Reduced Price Meals",26,64.2,26,61.6,7,"*"
"Scotland School District","=""1230011""","Race/Ethnicity","Black or African American",0,"N/A",0,"N/A",0,"N/A"
"Scotland School District","=""1230011""","Race/Ethnicity","Hispanic or Latino","*","*","*","*","*","*"
"Scotland School District","=""1230011""","Race/Ethnicity","White","*","*","*","*","*","*"
"Scotland School District","=""1230011""","Special Education Status (SWD)","Students with Disabilities",14,"*",14,"*","*","*"
"Scotland School District","=""1230011""","Special Education Status (SWD)","Students without Disabilities",34,66.3,34,65.0,"*","*"
"Seymour School District","=""1240011""","All Students","District",1094,65.0,1093,63.8,452,64.4
"Seymour School District","=""1240011""","English Language Learners (EL)","English Learners",86,56.7,86,59.5,32,57.9
"Seymour School District","=""1240011""","English Language Learners (EL)","Not English Learners",1008,65.7,1007,64.2,420,64.9
"Seymour School District","=""1240011""","Gender","Female","*","*","*","*","*","*"
"Seymour School District","=""1240011""","Gender","Male",557,62.1,557,63.6,238,63.9
"Seymour School District","=""1240011""","Gender","Non-Binary","*","*","*","*","*","*"
"Seymour School District","=""1240011""","Grade","03",142,67.9,142,64.0,"N/A","N/A"
"Seymour School District","=""1240011""","Grade","04",174,72.3,174,70.2,"N/A","N/A"
"Seymour School District","=""1240011""","Grade","05",154,67.5,154,71.3,154,63.6
"Seymour School District","=""1240011""","Grade","06",170,64.3,170,61.9,"N/A","N/A"
"Seymour School District","=""1240011""","Grade","07",156,60.4,155,60.5,"N/A","N/A"
"Seymour School District","=""1240011""","Grade","08",138,67.4,138,68.7,138,72.7
"Seymour School District","=""1240011""","Grade","11",160,55.1,160,50.7,160,58.1
"Seymour School District","=""1240011""","High Needs (F/R, EL or SWD)","High Needs",597,59.2,596,58.3,247,60.3
"Seymour School District","=""1240011""","High Needs (F/R, EL or SWD)","Not High Needs",497,71.9,497,70.4,205,69.3
"Seymour School District","=""1240011""","Free/Reduced Price Meal Eligibility (2-level)","Eligible For Free Or Reduced Price Meals",521,60.1,520,58.7,221,61.0
"Seymour School District","=""1240011""","Free/Reduced Price Meal Eligibility (2-level)","Not Eligible For Free Or Reduced Price Meals",573,69.4,573,68.5,231,67.6
"Seymour School District","=""1240011""","Race/Ethnicity","Asian",38,73.5,38,74.0,13,"*"
"Seymour School District","=""1240011""","Race/Ethnicity","Black or African American",88,61.2,88,60.3,38,58.5
"Seymour School District","=""1240011""","Race/Ethnicity","Hispanic or Latino",241,59.0,241,56.7,105,58.3
"Seymour School District","=""1240011""","Race/Ethnicity","Two or More Races",21,67.4,21,67.2,9,"*"
"Seymour School District","=""1240011""","Race/Ethnicity","White",706,67.0,705,66.0,287,66.6
"Seymour School District","=""1240011""","Special Education Status (SWD)","Students with Disabilities",174,44.5,174,41.8,70,43.8
"Seymour School District","=""1240011""","Special Education Status (SWD)","Students without Disabilities",920,68.8,919,68.0,382,68.2
"Sharon School District","=""1250011""","All Students","District",62,66.9,62,61.0,30,72.0
"Sharon School District","=""1250011""","English Language Learners (EL)","English Learners","*","*","*","*","*","*"
"Sharon School District","=""1250011""","English Language Learners (EL)","Not English Learners","*","*","*","*","*","*"
"Sharon School District","=""1250011""","Gender","Female",28,71.9,28,61.0,13,"*"
"Sharon School District","=""1250011""","Gender","Male",34,62.8,34,60.9,17,"*"
"Sharon School District","=""1250011""","Grade","03",10,"*",10,"*","N/A","N/A"
"Sharon School District","=""1250011""","Grade","04","*","*","*","*","N/A","N/A"
"Sharon School District","=""1250011""","Grade","05",21,70.9,21,64.1,21,70.4
"Sharon School District","=""1250011""","Grade","06","*","*","*","*","N/A","N/A"
"Sharon School District","=""1250011""","Grade","07",12,"*",12,"*","N/A","N/A"
"Sharon School District","=""1250011""","Grade","08",9,"*",9,"*",9,"*"
"Sharon School District","=""1250011""","High Needs (F/R, EL or SWD)","High Needs",33,61.5,33,58.8,13,"*"
"Sharon School District","=""1250011""","High Needs (F/R, EL or SWD)","Not High Needs",29,73.0,29,63.4,17,"*"
"Sharon School District","=""1250011""","Free/Reduced Price Meal Eligibility (2-level)","Eligible For Free Or Reduced Price Meals",26,60.3,26,56.8,12,"*"
"Sharon School District","=""1250011""","Free/Reduced Price Meal Eligibility (2-level)","Not Eligible For Free Or Reduced Price Meals",36,71.6,36,63.9,18,"*"
"Sharon School District","=""1250011""","Race/Ethnicity","Hispanic or Latino","*","*","*","*","*","*"
"Sharon School District","=""1250011""","Race/Ethnicity","Two or More Races","*","*","*","*","N/A","N/A"
"Sharon School District","=""1250011""","Race/Ethnicity","White",53,67.4,53,60.9,"*","*"
"Sharon School District","=""1250011""","Special Education Status (SWD)","Students with Disabilities",15,"*",15,"*","*","*"
"Sharon School District","=""1250011""","Special Education Status (SWD)","Students without Disabilities",47,70.0,47,63.2,"*","*"
"Shelton School District","=""1260011""","All Students","District",2390,65.8,2389,66.8,1072,61.2
"Shelton School District","=""1260011""","English Language Learners (EL)","English Learners",270,60.5,269,62.4,84,48.8
"Shelton School District","=""1260011""","English Language Learners (EL)","Not English Learners",2120,66.4,2120,67.3,988,62.2
"Shelton School District","=""1260011""","Gender","Female",1150,69.3,1149,67.2,517,63.2
"Shelton School District","=""1260011""","Gender","Male",1240,62.6,1240,66.4,555,59.3
"Shelton School District","=""1260011""","Grade","03",326,70.2,326,73.0,"N/A","N/A"
"Shelton School District","=""1260011""","Grade","04",311,76.5,311,76.6,"N/A","N/A"
"Shelton School District","=""1260011""","Grade","05",373,68.1,372,71.5,371,66.4
"Shelton School District","=""1260011""","Grade","06",315,70.4,315,70.0,"N/A","N/A"
"Shelton School District","=""1260011""","Grade","07",365,61.3,364,63.5,"N/A","N/A"
"Shelton School District","=""1260011""","Grade","08",364,58.2,365,58.2,364,57.8
"Shelton School District","=""1260011""","Grade","11",336,57.8,336,56.1,337,59.1
"Shelton School District","=""1260011""","High Needs (F/R, EL or SWD)","High Needs",1148,58.7,1148,59.0,501,53.0
"Shelton School District","=""1260011""","High Needs (F/R, EL or SWD)","Not High Needs",1242,72.3,1241,74.0,571,68.4
"Shelton School District","=""1260011""","Free/Reduced Price Meal Eligibility (2-level)","Eligible For Free Or Reduced Price Meals",830,60.0,831,60.1,382,54.3
"Shelton School District","=""1260011""","Free/Reduced Price Meal Eligibility (2-level)","Not Eligible For Free Or Reduced Price Meals",1560,68.9,1558,70.3,690,65.0
"Shelton School District","=""1260011""","Race/Ethnicity","American Indian or Alaska Native","*","*","*","*","N/A","N/A"
"Shelton School District","=""1260011""","Race/Ethnicity","Asian",118,78.0,118,81.1,55,71.4
"Shelton School District","=""1260011""","Race/Ethnicity","Black or African American",211,61.1,212,59.5,90,57.3
"Shelton School District","=""1260011""","Race/Ethnicity","Hispanic or Latino",569,58.8,568,58.8,279,54.7
"Shelton School District","=""1260011""","Race/Ethnicity","Native Hawaiian or Other Pacific Islander","*","*","*","*","N/A","N/A"
"Shelton School District","=""1260011""","Race/Ethnicity","Two or More Races",90,69.7,91,67.4,33,73.8
"Shelton School District","=""1260011""","Race/Ethnicity","White",1399,68.0,1397,69.9,615,63.1
"Shelton School District","=""1260011""","Special Education Status (SWD)","Students with Disabilities",415,47.4,414,46.4,189,43.2
"Shelton School District","=""1260011""","Special Education Status (SWD)","Students without Disabilities",1975,69.7,1975,71.0,883,65.0
"Sherman School District","=""1270011""","All Students","District",147,78.2,146,74.8,59,73.9
"Sherman School District","=""1270011""","English Language Learners (EL)","English Learners","*","*","*","*","*","*"
"Sherman School District","=""1270011""","English Language Learners (EL)","Not English Learners","*","*","*","*","*","*"
"Sherman School District","=""1270011""","Gender","Female",76,77.5,75,73.3,31,71.4
"Sherman School District","=""1270011""","Gender","Male",71,78.9,71,76.3,28,76.6
"Sherman School District","=""1270011""","Grade","03",26,76.8,26,77.0,"N/A","N/A"
"Sherman School District","=""1270011""","Grade","04",12,"*",12,"*","N/A","N/A"
"Sherman School District","=""1270011""","Grade","05",30,78.2,30,78.6,30,72.9
"Sherman School District","=""1270011""","Grade","06",20,75.2,20,64.9,"N/A","N/A"
"Sherman School District","=""1270011""","Grade","07",30,79.3,29,77.0,"N/A","N/A"
"Sherman School District","=""1270011""","Grade","08",29,76.9,29,69.6,29,74.9
"Sherman School District","=""1270011""","High Needs (F/R, EL or SWD)","High Needs",25,60.2,25,52.3,10,"*"
"Sherman School District","=""1270011""","High Needs (F/R, EL or SWD)","Not High Needs",122,81.8,121,79.4,49,77.1
"Sherman School District","=""1270011""","Free/Reduced Price Meal Eligibility (2-level)","Eligible For Free Or Reduced Price Meals",9,"*",9,"*","*","*"
"Sherman School District","=""1270011""","Free/Reduced Price Meal Eligibility (2-level)","Not Eligible For Free Or Reduced Price Meals",138,78.8,137,75.8,"*","*"
"Sherman School District","=""1270011""","Race/Ethnicity","Asian","*","*","*","*","N/A","N/A"
"Sherman School District","=""1270011""","Race/Ethnicity","Hispanic or Latino",14,"*",14,"*","*","*"
"Sherman School District","=""1270011""","Race/Ethnicity","Two or More Races","*","*","*","*","*","*"
"Sherman School District","=""1270011""","Race/Ethnicity","White",123,78.7,122,75.8,48,74.9
"Sherman School District","=""1270011""","Special Education Status (SWD)","Students with Disabilities",18,"*",18,"*",7,"*"
"Sherman School District","=""1270011""","Special Education Status (SWD)","Students without Disabilities",129,81.6,128,79.0,52,77.6
"Simsbury School District","=""1280011""","All Students","District",2157,78.6,2157,74.7,890,79.4
"Simsbury School District","=""1280011""","English Language Learners (EL)","English Learners",94,67.0,94,66.6,36,64.4
"Simsbury School District","=""1280011""","English Language Learners (EL)","Not English Learners",2063,79.2,2063,75.0,854,80.0
"Simsbury School District","=""1280011""","Gender","Female","*","*","*","*","*","*"
"Simsbury School District","=""1280011""","Gender","Male",1101,78.2,1101,76.9,460,81.7
"Simsbury School District","=""1280011""","Gender","Non-Binary","*","*","*","*","*","*"
"Simsbury School District","=""1280011""","Grade","03",290,78.3,290,73.7,"N/A","N/A"
"Simsbury School District","=""1280011""","Grade","04",325,85.0,325,81.9,"N/A","N/A"
"Simsbury School District","=""1280011""","Grade","05",306,82.1,306,80.5,306,77.6
"Simsbury School District","=""1280011""","Grade","06",320,82.2,320,79.2,"N/A","N/A"
"Simsbury School District","=""1280011""","Grade","07",335,77.9,335,70.0,"N/A","N/A"
"Simsbury School District","=""1280011""","Grade","08",281,75.3,281,71.6,281,76.9
"Simsbury School District","=""1280011""","Grade","11",300,68.6,300,65.0,303,83.5
"Simsbury School District","=""1280011""","High Needs (F/R, EL or SWD)","High Needs",638,65.3,638,61.3,267,65.4
"Simsbury School District","=""1280011""","High Needs (F/R, EL or SWD)","Not High Needs",1519,84.3,1519,80.2,623,85.3
"Simsbury School District","=""1280011""","Free/Reduced Price Meal Eligibility (2-level)","Eligible For Free Or Reduced Price Meals",363,65.6,363,61.3,161,66.7
"Simsbury School District","=""1280011""","Free/Reduced Price Meal Eligibility (2-level)","Not Eligible For Free Or Reduced Price Meals",1794,81.3,1794,77.4,729,82.2
"Simsbury School District","=""1280011""","Race/Ethnicity","American Indian or Alaska Native","*","*","*","*","*","*"
"Simsbury School District","=""1280011""","Race/Ethnicity","Asian",152,80.3,152,84.3,73,81.8
"Simsbury School District","=""1280011""","Race/Ethnicity","Black or African American",135,63.4,135,56.1,56,56.5
"Simsbury School District","=""1280011""","Race/Ethnicity","Hispanic or Latino",267,73.3,267,68.5,111,73.9
"Simsbury School District","=""1280011""","Race/Ethnicity","Native Hawaiian or Other Pacific Islander","*","*","*","*","*","*"
"Simsbury School District","=""1280011""","Race/Ethnicity","Two or More Races",131,78.6,131,75.4,53,73.5
"Simsbury School District","=""1280011""","Race/Ethnicity","White",1469,80.9,1469,76.4,595,82.8
"Simsbury School District","=""1280011""","Special Education Status (SWD)","Students with Disabilities",323,59.0,323,54.1,135,58.4
"Simsbury School District","=""1280011""","Special Education Status (SWD)","Students without Disabilities",1834,82.1,1834,78.3,755,83.1
"Somers School District","=""1290011""","All Students","District",693,70.8,686,65.5,285,68.5
"Somers School District","=""1290011""","English Language Learners (EL)","English Learners",12,"*",12,"*","*","*"
"Somers School District","=""1290011""","English Language Learners (EL)","Not English Learners",681,71.1,674,65.8,"*","*"
"Somers School District","=""1290011""","Gender","Female",340,72.0,337,64.1,135,68.5
"Somers School District","=""1290011""","Gender","Male",353,69.6,349,66.8,150,68.5
"Somers School District","=""1290011""","Grade","03",96,71.6,96,68.6,"N/A","N/A"
"Somers School District","=""1290011""","Grade","04",99,72.6,99,71.3,"N/A","N/A"
"Somers School District","=""1290011""","Grade","05",106,70.0,106,65.1,106,69.7
"Somers School District","=""1290011""","Grade","06",101,72.4,98,67.8,"N/A","N/A"
"Somers School District","=""1290011""","Grade","07",108,72.1,106,63.0,"N/A","N/A"
"Somers School District","=""1290011""","Grade","08",88,74.9,86,67.4,88,71.4
"Somers School District","=""1290011""","Grade","11",95,61.8,95,55.7,91,64.2
"Somers School District","=""1290011""","High Needs (F/R, EL or SWD)","High Needs",151,57.2,151,52.5,59,57.5
"Somers School District","=""1290011""","High Needs (F/R, EL or SWD)","Not High Needs",542,74.5,535,69.2,226,71.3
"Somers School District","=""1290011""","Free/Reduced Price Meal Eligibility (2-level)","Eligible For Free Or Reduced Price Meals",58,64.8,58,60.0,20,72.4
"Somers School District","=""1290011""","Free/Reduced Price Meal Eligibility (2-level)","Not Eligible For Free Or Reduced Price Meals",635,71.3,628,66.0,265,68.2
"Somers School District","=""1290011""","Race/Ethnicity","American Indian or Alaska Native","*","*","*","*","*","*"
"Somers School District","=""1290011""","Race/Ethnicity","Asian","*","*","*","*","*","*"
"Somers School District","=""1290011""","Race/Ethnicity","Black or African American",13,"*",13,"*","*","*"
"Somers School District","=""1290011""","Race/Ethnicity","Hispanic or Latino",45,60.3,43,52.5,18,"*"
"Somers School District","=""1290011""","Race/Ethnicity","Two or More Races",18,"*",18,"*",8,"*"
"Somers School District","=""1290011""","Race/Ethnicity","White",611,71.7,606,66.7,254,69.6
"Somers School District","=""1290011""","Special Education Status (SWD)","Students with Disabilities",106,50.8,106,46.2,42,48.8
"Somers School District","=""1290011""","Special Education Status (SWD)","Students without Disabilities",587,74.4,580,69.0,243,71.9
"Southington School District","=""1310011""","All Students","District",3193,71.2,3184,69.9,1372,69.3
"Southington School District","=""1310011""","English Language Learners (EL)","English Learners",152,63.6,151,65.9,54,62.6
"Southington School District","=""1310011""","English Language Learners (EL)","Not English Learners",3041,71.5,3033,70.2,1318,69.6
"Southington School District","=""1310011""","Gender","Female","*","*","*","*",698,69.1
"Southington School District","=""1310011""","Gender","Male",1600,69.5,1595,70.8,"*","*"
"Southington School District","=""1310011""","Gender","Non-Binary","*","*","*","*","*","*"
"Southington School District","=""1310011""","Grade","03",450,73.1,450,74.3,"N/A","N/A"
"Southington School District","=""1310011""","Grade","04",485,75.8,485,75.8,"N/A","N/A"
"Southington School District","=""1310011""","Grade","05",445,74.1,444,74.7,446,72.5
"Southington School District","=""1310011""","Grade","06",432,76.8,429,72.4,"N/A","N/A"
"Southington School District","=""1310011""","Grade","07",452,71.6,450,69.3,"N/A","N/A"
"Southington School District","=""1310011""","Grade","08",456,69.3,453,69.5,452,73.3
"Southington School District","=""1310011""","Grade","11",473,58.0,473,54.0,474,62.6
"Southington School District","=""1310011""","High Needs (F/R, EL or SWD)","High Needs",1159,61.3,1151,58.8,478,59.2
"Southington School District","=""1310011""","High Needs (F/R, EL or SWD)","Not High Needs",2034,76.8,2033,76.3,894,74.8
"Southington School District","=""1310011""","Free/Reduced Price Meal Eligibility (2-level)","Eligible For Free Or Reduced Price Meals",828,63.6,824,60.6,358,60.6
"Southington School District","=""1310011""","Free/Reduced Price Meal Eligibility (2-level)","Not Eligible For Free Or Reduced Price Meals",2365,73.8,2360,73.2,1014,72.4
"Southington School District","=""1310011""","Race/Ethnicity","American Indian or Alaska Native","*","*","*","*","*","*"
"Southington School District","=""1310011""","Race/Ethnicity","Asian",155,78.2,155,80.0,68,76.0
"Southington School District","=""1310011""","Race/Ethnicity","Black or African American",86,63.3,85,58.9,39,60.2
"Southington School District","=""1310011""","Race/Ethnicity","Hispanic or Latino",414,63.7,413,60.7,197,60.4
"Southington School District","=""1310011""","Race/Ethnicity","Native Hawaiian or Other Pacific Islander","*","*","*","*","*","*"
"Southington School District","=""1310011""","Race/Ethnicity","Two or More Races",181,74.1,181,71.1,70,72.6
"Southington School District","=""1310011""","Race/Ethnicity","White",2353,72.1,2346,71.2,995,70.8
"Southington School District","=""1310011""","Special Education Status (SWD)","Students with Disabilities",514,50.9,507,47.1,193,48.0
"Southington School District","=""1310011""","Special Education Status (SWD)","Students without Disabilities",2679,75.0,2677,74.3,1179,72.8
"South Windsor School District","=""1320011""","All Students","District",2618,75.5,2613,74.2,1119,78.4
"South Windsor School District","=""1320011""","English Language Learners (EL)","English Learners",359,71.2,359,72.7,108,71.6
"South Windsor School District","=""1320011""","English Language Learners (EL)","Not English Learners",2259,76.2,2254,74.4,1011,79.1
"South Windsor School District","=""1320011""","Gender","Female","*","*","*","*",560,78.9
"South Windsor School District","=""1320011""","Gender","Male",1350,73.2,1347,74.7,"*","*"
"South Windsor School District","=""1320011""","Gender","Non-Binary","*","*","*","*","*","*"
"South Windsor School District","=""1320011""","Grade","03",348,75.8,347,75.5,"N/A","N/A"
"South Windsor School District","=""1320011""","Grade","04",397,80.0,397,77.7,"N/A","N/A"
"South Windsor School District","=""1320011""","Grade","05",417,82.6,417,82.5,417,82.0
"South Windsor School District","=""1320011""","Grade","06",393,75.0,391,74.2,"N/A","N/A"
"South Windsor School District","=""1320011""","Grade","07",364,75.7,362,72.0,"N/A","N/A"
"South Windsor School District","=""1320011""","Grade","08",378,73.6,378,72.2,377,74.7
"South Windsor School District","=""1320011""","Grade","11",321,63.4,321,62.6,325,78.1
"South Windsor School District","=""1320011""","High Needs (F/R, EL or SWD)","High Needs",914,63.7,910,62.1,349,63.6
"South Windsor School District","=""1320011""","High Needs (F/R, EL or SWD)","Not High Needs",1704,81.9,1703,80.7,770,85.1
"South Windsor School District","=""1320011""","Free/Reduced Price Meal Eligibility (2-level)","Eligible For Free Or Reduced Price Meals",457,63.2,455,59.0,182,62.8
"South Windsor School District","=""1320011""","Free/Reduced Price Meal Eligibility (2-level)","Not Eligible For Free Or Reduced Price Meals",2161,78.2,2158,77.4,937,81.5
"South Windsor School District","=""1320011""","Race/Ethnicity","American Indian or Alaska Native","*","*","*","*","*","*"
"South Windsor School District","=""1320011""","Race/Ethnicity","Asian",885,83.2,885,85.8,390,87.1
"South Windsor School District","=""1320011""","Race/Ethnicity","Black or African American",144,60.9,144,56.1,70,57.9
"South Windsor School District","=""1320011""","Race/Ethnicity","Hispanic or Latino",281,65.0,279,59.7,115,66.2
"South Windsor School District","=""1320011""","Race/Ethnicity","Two or More Races","*","*","*","*","*","*"
"South Windsor School District","=""1320011""","Race/Ethnicity","White",1168,74.7,1165,71.9,486,77.8
"South Windsor School District","=""1320011""","Special Education Status (SWD)","Students with Disabilities",307,48.6,303,45.7,126,50.6
"South Windsor School District","=""1320011""","Special Education Status (SWD)","Students without Disabilities",2311,79.1,2310,77.9,993,81.9
"Sprague School District","=""1330011""","All Students","District",163,57.0,163,49.4,50,53.3
"Sprague School District","=""1330011""","English Language Learners (EL)","English Learners","*","*","*","*","*","*"
"Sprague School District","=""1330011""","English Language Learners (EL)","Not English Learners","*","*","*","*","*","*"
"Sprague School District","=""1330011""","Gender","Female",76,59.7,76,50.9,20,49.4
"Sprague School District","=""1330011""","Gender","Male",87,54.6,87,48.1,30,55.9
"Sprague School District","=""1330011""","Grade","03",24,59.1,24,47.6,"N/A","N/A"
"Sprague School District","=""1330011""","Grade","04",26,64.1,26,55.3,"N/A","N/A"
"Sprague School District","=""1330011""","Grade","05",24,54.4,24,47.4,24,52.4
"Sprague School District","=""1330011""","Grade","06",32,60.5,32,50.4,"N/A","N/A"
"Sprague School District","=""1330011""","Grade","07",31,50.6,31,49.1,"N/A","N/A"
"Sprague School District","=""1330011""","Grade","08",26,53.8,26,46.3,26,54.2
"Sprague School District","=""1330011""","High Needs (F/R, EL or SWD)","High Needs",98,52.6,98,46.2,31,49.3
"Sprague School District","=""1330011""","High Needs (F/R, EL or SWD)","Not High Needs",65,63.6,65,54.3,19,"*"
"Sprague School District","=""1330011""","Free/Reduced Price Meal Eligibility (2-level)","Eligible For Free Or Reduced Price Meals",89,53.6,89,47.4,29,49.6
"Sprague School District","=""1330011""","Free/Reduced Price Meal Eligibility (2-level)","Not Eligible For Free Or Reduced Price Meals",74,61.1,74,51.9,21,58.5
"Sprague School District","=""1330011""","Race/Ethnicity","American Indian or Alaska Native","*","*","*","*","N/A","N/A"
"Sprague School District","=""1330011""","Race/Ethnicity","Asian","*","*","*","*","N/A","N/A"
"Sprague School District","=""1330011""","Race/Ethnicity","Black or African American","*","*","*","*","*","*"
"Sprague School District","=""1330011""","Race/Ethnicity","Hispanic or Latino",26,53.9,26,41.6,"*","*"
"Sprague School District","=""1330011""","Race/Ethnicity","Native Hawaiian or Other Pacific Islander","*","*","*","*","N/A","N/A"
"Sprague School District","=""1330011""","Race/Ethnicity","Two or More Races",24,59.9,24,49.5,11,"*"
"Sprague School District","=""1330011""","Race/Ethnicity","White",105,57.4,105,51.4,29,54.5
"Sprague School District","=""1330011""","Special Education Status (SWD)","Students with Disabilities",24,41.4,24,35.3,6,"*"
"Sprague School District","=""1330011""","Special Education Status (SWD)","Students without Disabilities",139,59.7,139,51.9,44,55.7
"Stafford School District","=""1340011""","All Students","District",638,64.8,636,60.7,277,65.7
"Stafford School District","=""1340011""","English Language Learners (EL)","English Learners",7,"*",7,"*","*","*"
"Stafford School District","=""1340011""","English Language Learners (EL)","Not English Learners",631,64.9,629,60.9,"*","*"
"Stafford School District","=""1340011""","Gender","Female","*","*","*","*","*","*"
"Stafford School District","=""1340011""","Gender","Male",334,62.5,335,60.8,154,64.7
"Stafford School District","=""1340011""","Gender","Non-Binary","*","*","*","*","*","*"
"Stafford School District","=""1340011""","Grade","03",94,64.7,94,63.4,"N/A","N/A"
"Stafford School District","=""1340011""","Grade","04",86,64.1,86,61.1,"N/A","N/A"
"Stafford School District","=""1340011""","Grade","05",94,70.4,94,67.6,94,67.7
"Stafford School District","=""1340011""","Grade","06",92,67.2,91,56.3,"N/A","N/A"
"Stafford School District","=""1340011""","Grade","07",89,65.6,87,58.5,"N/A","N/A"
"Stafford School District","=""1340011""","Grade","08",108,67.1,109,64.0,109,67.1
"Stafford School District","=""1340011""","Grade","11",75,51.4,75,51.7,74,61.3
"Stafford School District","=""1340011""","High Needs (F/R, EL or SWD)","High Needs",323,58.3,322,53.9,134,59.8
"Stafford School District","=""1340011""","High Needs (F/R, EL or SWD)","Not High Needs",315,71.5,314,67.8,143,71.3
"Stafford School District","=""1340011""","Free/Reduced Price Meal Eligibility (2-level)","Eligible For Free Or Reduced Price Meals",262,61.1,262,56.3,108,61.9
"Stafford School District","=""1340011""","Free/Reduced Price Meal Eligibility (2-level)","Not Eligible For Free Or Reduced Price Meals",376,67.4,374,63.9,169,68.2
"Stafford School District","=""1340011""","Race/Ethnicity","American Indian or Alaska Native","*","*","*","*","*","*"
"Stafford School District","=""1340011""","Race/Ethnicity","Asian",6,"*",6,"*","*","*"
"Stafford School District","=""1340011""","Race/Ethnicity","Black or African American","*","*","*","*","*","*"
"Stafford School District","=""1340011""","Race/Ethnicity","Hispanic or Latino",60,63.9,61,55.6,30,60.3
"Stafford School District","=""1340011""","Race/Ethnicity","Two or More Races",27,58.2,27,58.6,11,"*"
"Stafford School District","=""1340011""","Race/Ethnicity","White",539,65.4,536,61.7,230,66.7
"Stafford School District","=""1340011""","Special Education Status (SWD)","Students with Disabilities",142,45.7,141,41.5,61,47.9
"Stafford School District","=""1340011""","Special Education Status (SWD)","Students without Disabilities",496,70.3,495,66.2,216,70.8
"Stamford School District","=""1350011""","All Students","District",7993,57.9,7959,54.3,3425,56.1
"Stamford School District","=""1350011""","English Language Learners (EL)","English Learners",1493,42.1,1491,40.9,633,42.0
"Stamford School District","=""1350011""","English Language Learners (EL)","Not English Learners",6500,61.5,6468,57.3,2792,59.4
"Stamford School District","=""1350011""","Gender","Female","*","*","*","*",1659,56.2
"Stamford School District","=""1350011""","Gender","Male",4145,55.8,4127,54.6,1766,56.1
"Stamford School District","=""1350011""","Gender","Non-Binary","*","*","*","*",0,"N/A"
"Stamford School District","=""1350011""","Grade","03",1067,60.4,1064,58.6,"N/A","N/A"
"Stamford School District","=""1350011""","Grade","04",1203,63.0,1199,60.4,"N/A","N/A"
"Stamford School District","=""1350011""","Grade","05",1158,60.4,1158,60.3,1157,61.3
"Stamford School District","=""1350011""","Grade","06",1114,59.7,1101,52.9,"N/A","N/A"
"Stamford School District","=""1350011""","Grade","07",1159,56.5,1154,50.7,"N/A","N/A"
"Stamford School District","=""1350011""","Grade","08",1157,54.0,1149,49.8,1149,56.7
"Stamford School District","=""1350011""","Grade","11",1135,51.1,1134,46.8,1119,50.2
"Stamford School District","=""1350011""","High Needs (F/R, EL or SWD)","High Needs",5205,50.3,5175,46.4,2202,49.6
"Stamford School District","=""1350011""","High Needs (F/R, EL or SWD)","Not High Needs",2788,72.0,2784,68.8,1223,67.9
"Stamford School District","=""1350011""","Free/Reduced Price Meal Eligibility (2-level)","Eligible For Free Or Reduced Price Meals",4219,52.3,4193,47.9,1759,51.7
"Stamford School District","=""1350011""","Free/Reduced Price Meal Eligibility (2-level)","Not Eligible For Free Or Reduced Price Meals",3774,64.2,3766,61.3,1666,60.9
"Stamford School District","=""1350011""","Race/Ethnicity","American Indian or Alaska Native",6,"*","*","*","*","*"
"Stamford School District","=""1350011""","Race/Ethnicity","Asian",453,71.2,450,71.2,203,70.0
"Stamford School District","=""1350011""","Race/Ethnicity","Black or African American",983,51.7,977,44.8,457,48.4
"Stamford School District","=""1350011""","Race/Ethnicity","Hispanic or Latino",4132,52.1,4113,48.4,1677,51.5
"Stamford School District","=""1350011""","Race/Ethnicity","Native Hawaiian or Other Pacific Islander",12,"*","*","*","*","*"
"Stamford School District","=""1350011""","Race/Ethnicity","Two or More Races",310,65.6,310,62.0,122,64.7
"Stamford School District","=""1350011""","Race/Ethnicity","White",2097,68.1,2093,65.3,958,63.9
"Stamford School District","=""1350011""","Special Education Status (SWD)","Students with Disabilities",1403,40.2,1382,34.6,546,41.1
"Stamford School District","=""1350011""","Special Education Status (SWD)","Students without Disabilities",6590,61.6,6577,58.4,2879,59.0
"Sterling School District","=""1360011""","All Students","District",190,60.4,190,51.1,65,55.3
"Sterling School District","=""1360011""","English Language Learners (EL)","Not English Learners",190,60.4,190,51.1,65,55.3
"Sterling School District","=""1360011""","Gender","Female",99,59.6,99,47.1,34,50.3
"Sterling School District","=""1360011""","Gender","Male",91,61.2,91,55.5,31,60.8
"Sterling School District","=""1360011""","Grade","03",27,62.8,27,60.9,"N/A","N/A"
"Sterling School District","=""1360011""","Grade","04",38,55.9,38,52.4,"N/A","N/A"
"Sterling School District","=""1360011""","Grade","05",24,62.1,24,54.0,24,59.8
"Sterling School District","=""1360011""","Grade","06",27,77.3,27,65.9,"N/A","N/A"
"Sterling School District","=""1360011""","Grade","07",33,56.4,33,44.8,"N/A","N/A"
"Sterling School District","=""1360011""","Grade","08",41,53.9,41,37.2,41,52.7
"Sterling School District","=""1360011""","High Needs (F/R, EL or SWD)","High Needs",89,54.3,89,46.0,29,51.4
"Sterling School District","=""1360011""","High Needs (F/R, EL or SWD)","Not High Needs",101,65.7,101,55.7,36,58.5
"Sterling School District","=""1360011""","Free/Reduced Price Meal Eligibility (2-level)","Eligible For Free Or Reduced Price Meals",72,56.1,72,47.0,24,50.1
"Sterling School District","=""1360011""","Free/Reduced Price Meal Eligibility (2-level)","Not Eligible For Free Or Reduced Price Meals",118,62.9,118,53.6,41,58.4
"Sterling School District","=""1360011""","Race/Ethnicity","American Indian or Alaska Native","*","*","*","*","*","*"
"Sterling School District","=""1360011""","Race/Ethnicity","Asian","*","*","*","*","*","*"
"Sterling School District","=""1360011""","Race/Ethnicity","Black or African American","*","*","*","*","*","*"
"Sterling School District","=""1360011""","Race/Ethnicity","Hispanic or Latino",18,"*",18,"*","*","*"
"Sterling School District","=""1360011""","Race/Ethnicity","Two or More Races",18,"*",18,"*","*","*"
"Sterling School District","=""1360011""","Race/Ethnicity","White",148,60.4,148,51.3,52,55.3
"Sterling School District","=""1360011""","Special Education Status (SWD)","Students with Disabilities",41,42.3,41,36.5,13,"*"
"Sterling School District","=""1360011""","Special Education Status (SWD)","Students without Disabilities",149,65.3,149,55.2,52,58.3
"Stonington School District","=""1370011""","All Students","District",921,73.8,922,71.9,418,75.6
"Stonington School District","=""1370011""","English Language Learners (EL)","English Learners",9,"*",9,"*","*","*"
"Stonington School District","=""1370011""","English Language Learners (EL)","Not English Learners",912,73.7,913,71.8,"*","*"
"Stonington School District","=""1370011""","Gender","Female",464,76.5,465,71.3,207,77.4
"Stonington School District","=""1370011""","Gender","Male",457,71.0,457,72.6,211,73.7
"Stonington School District","=""1370011""","Grade","03",127,74.9,127,75.4,"N/A","N/A"
"Stonington School District","=""1370011""","Grade","04",124,81.8,124,80.5,"N/A","N/A"
"Stonington School District","=""1370011""","Grade","05",120,80.7,120,81.7,120,79.4
"Stonington School District","=""1370011""","Grade","06",140,77.9,140,76.8,"N/A","N/A"
"Stonington School District","=""1370011""","Grade","07",114,70.0,114,70.0,"N/A","N/A"
"Stonington School District","=""1370011""","Grade","08",129,68.2,130,64.6,129,71.5
"Stonington School District","=""1370011""","Grade","11",167,65.3,167,58.9,169,76.0
"Stonington School District","=""1370011""","High Needs (F/R, EL or SWD)","High Needs",323,62.3,323,59.3,140,63.2
"Stonington School District","=""1370011""","High Needs (F/R, EL or SWD)","Not High Needs",598,80.0,599,78.8,278,81.8
"Stonington School District","=""1370011""","Free/Reduced Price Meal Eligibility (2-level)","Eligible For Free Or Reduced Price Meals",231,65.3,231,62.2,93,64.6
"Stonington School District","=""1370011""","Free/Reduced Price Meal Eligibility (2-level)","Not Eligible For Free Or Reduced Price Meals",690,76.6,691,75.2,325,78.7
"Stonington School District","=""1370011""","Race/Ethnicity","American Indian or Alaska Native","*","*","*","*","*","*"
"Stonington School District","=""1370011""","Race/Ethnicity","Asian",16,"*",16,"*",7,"*"
"Stonington School District","=""1370011""","Race/Ethnicity","Black or African American","*","*","*","*","*","*"
"Stonington School District","=""1370011""","Race/Ethnicity","Hispanic or Latino",68,67.0,68,65.6,31,58.6
"Stonington School District","=""1370011""","Race/Ethnicity","Two or More Races",63,71.6,63,68.5,27,69.4
"Stonington School District","=""1370011""","Race/Ethnicity","White",763,74.5,764,72.7,348,77.5
"Stonington School District","=""1370011""","Special Education Status (SWD)","Students with Disabilities",138,51.4,138,49.2,64,54.6
"Stonington School District","=""1370011""","Special Education Status (SWD)","Students without Disabilities",783,77.7,784,75.9,354,79.3
"Stratford School District","=""1380011""","All Students","District",3313,57.0,3309,52.7,1485,53.5
"Stratford School District","=""1380011""","English Language Learners (EL)","English Learners",412,48.9,412,46.4,145,46.4
"Stratford School District","=""1380011""","English Language Learners (EL)","Not English Learners",2901,58.1,2897,53.6,1340,54.3
"Stratford School District","=""1380011""","Gender","Female","*","*","*","*","*","*"
"Stratford School District","=""1380011""","Gender","Male",1688,55.3,1688,53.8,779,53.7
"Stratford School District","=""1380011""","Gender","Non-Binary","*","*","*","*","*","*"
"Stratford School District","=""1380011""","Grade","03",406,60.1,405,57.4,"N/A","N/A"
"Stratford School District","=""1380011""","Grade","04",458,62.6,459,58.1,"N/A","N/A"
"Stratford School District","=""1380011""","Grade","05",461,60.6,461,60.6,460,60.0
"Stratford School District","=""1380011""","Grade","06",474,61.3,474,55.0,"N/A","N/A"
"Stratford School District","=""1380011""","Grade","07",492,57.1,492,52.3,"N/A","N/A"
"Stratford School District","=""1380011""","Grade","08",497,52.9,493,46.5,494,49.9
"Stratford School District","=""1380011""","Grade","11",525,46.2,525,41.6,531,51.2
"Stratford School District","=""1380011""","High Needs (F/R, EL or SWD)","High Needs",2019,51.5,2014,47.7,892,48.5
"Stratford School District","=""1380011""","High Needs (F/R, EL or SWD)","Not High Needs",1294,65.5,1295,60.6,593,61.0
"Stratford School District","=""1380011""","Free/Reduced Price Meal Eligibility (2-level)","Eligible For Free Or Reduced Price Meals",1681,53.2,1677,49.1,754,49.9
"Stratford School District","=""1380011""","Free/Reduced Price Meal Eligibility (2-level)","Not Eligible For Free Or Reduced Price Meals",1632,60.8,1632,56.4,731,57.2
"Stratford School District","=""1380011""","Race/Ethnicity","American Indian or Alaska Native","*","*","*","*","*","*"
"Stratford School District","=""1380011""","Race/Ethnicity","Asian",74,72.1,74,70.0,32,71.6
"Stratford School District","=""1380011""","Race/Ethnicity","Black or African American",869,52.9,868,47.7,385,48.3
"Stratford School District","=""1380011""","Race/Ethnicity","Hispanic or Latino",1393,54.2,1391,49.8,606,50.9
"Stratford School District","=""1380011""","Race/Ethnicity","Native Hawaiian or Other Pacific Islander","*","*","*","*","*","*"
"Stratford School District","=""1380011""","Race/Ethnicity","Two or More Races",124,62.6,124,57.5,45,57.1
"Stratford School District","=""1380011""","Race/Ethnicity","White",845,63.5,844,60.4,414,60.4
"Stratford School District","=""1380011""","Special Education Status (SWD)","Students with Disabilities",624,39.9,619,35.4,269,36.3
"Stratford School District","=""1380011""","Special Education Status (SWD)","Students without Disabilities",2689,60.9,2690,56.7,1216,57.3
"Suffield School District","=""1390011""","All Students","District",1028,71.0,1029,68.7,440,71.8
"Suffield School District","=""1390011""","English Language Learners (EL)","English Learners",50,65.4,50,65.0,13,"*"
"Suffield School District","=""1390011""","English Language Learners (EL)","Not English Learners",978,71.3,979,68.9,427,72.4
"Suffield School District","=""1390011""","Gender","Female","*","*","*","*","*","*"
"Suffield School District","=""1390011""","Gender","Male",527,68.4,527,69.7,228,70.7
"Suffield School District","=""1390011""","Gender","Non-Binary","*","*","*","*","*","*"
"Suffield School District","=""1390011""","Grade","03",150,72.9,150,70.3,"N/A","N/A"
"Suffield School District","=""1390011""","Grade","04",155,76.2,155,71.6,"N/A","N/A"
"Suffield School District","=""1390011""","Grade","05",142,70.5,142,70.7,142,69.9
"Suffield School District","=""1390011""","Grade","06",137,77.0,137,72.1,"N/A","N/A"
"Suffield School District","=""1390011""","Grade","07",146,68.8,147,71.3,"N/A","N/A"
"Suffield School District","=""1390011""","Grade","08",143,68.9,143,68.4,144,71.3
"Suffield School District","=""1390011""","Grade","11",155,62.9,155,57.1,154,73.9
"Suffield School District","=""1390011""","High Needs (F/R, EL or SWD)","High Needs",307,59.8,308,57.2,128,59.8
"Suffield School District","=""1390011""","High Needs (F/R, EL or SWD)","Not High Needs",721,75.7,721,73.6,312,76.7
"Suffield School District","=""1390011""","Free/Reduced Price Meal Eligibility (2-level)","Eligible For Free Or Reduced Price Meals",156,63.9,157,58.9,76,63.5
"Suffield School District","=""1390011""","Free/Reduced Price Meal Eligibility (2-level)","Not Eligible For Free Or Reduced Price Meals",872,72.2,872,70.4,364,73.5
"Suffield School District","=""1390011""","Race/Ethnicity","American Indian or Alaska Native","*","*","*","*","*","*"
"Suffield School District","=""1390011""","Race/Ethnicity","Asian",46,78.0,46,77.4,21,78.8
"Suffield School District","=""1390011""","Race/Ethnicity","Black or African American",38,59.2,38,52.7,18,"*"
"Suffield School District","=""1390011""","Race/Ethnicity","Hispanic or Latino",81,66.1,81,60.9,34,67.8
"Suffield School District","=""1390011""","Race/Ethnicity","Native Hawaiian or Other Pacific Islander","*","*","*","*","*","*"
"Suffield School District","=""1390011""","Race/Ethnicity","Two or More Races",13,"*",13,"*",6,"*"
"Suffield School District","=""1390011""","Race/Ethnicity","White",847,71.5,848,69.7,359,72.5
"Suffield School District","=""1390011""","Special Education Status (SWD)","Students with Disabilities",156,50.7,156,49.2,62,50.8
"Suffield School District","=""1390011""","Special Education Status (SWD)","Students without Disabilities",872,74.6,873,72.2,378,75.2
"Thomaston School District","=""1400011""","All Students","District",417,64.9,417,60.0,169,66.4
"Thomaston School District","=""1400011""","English Language Learners (EL)","English Learners",13,"*",13,"*",6,"*"
"Thomaston School District","=""1400011""","English Language Learners (EL)","Not English Learners",404,65.0,404,60.0,163,66.6
"Thomaston School District","=""1400011""","Gender","Female",203,66.4,203,59.0,95,66.7
"Thomaston School District","=""1400011""","Gender","Male",214,63.5,214,60.9,74,66.0
"Thomaston School District","=""1400011""","Grade","03",63,60.5,63,53.9,"N/A","N/A"
"Thomaston School District","=""1400011""","Grade","04",69,70.9,69,64.8,"N/A","N/A"
"Thomaston School District","=""1400011""","Grade","05",65,67.7,65,64.7,65,72.8
"Thomaston School District","=""1400011""","Grade","06",58,66.1,58,61.3,"N/A","N/A"
"Thomaston School District","=""1400011""","Grade","07",57,66.0,57,61.2,"N/A","N/A"
"Thomaston School District","=""1400011""","Grade","08",63,63.7,63,60.5,61,66.0
"Thomaston School District","=""1400011""","Grade","11",42,56.0,42,50.1,43,57.2
"Thomaston School District","=""1400011""","High Needs (F/R, EL or SWD)","High Needs",190,60.4,190,54.5,65,60.1
"Thomaston School District","=""1400011""","High Needs (F/R, EL or SWD)","Not High Needs",227,68.7,227,64.6,104,70.3
"Thomaston School District","=""1400011""","Free/Reduced Price Meal Eligibility (2-level)","Eligible For Free Or Reduced Price Meals",156,61.9,156,55.6,52,60.2
"Thomaston School District","=""1400011""","Free/Reduced Price Meal Eligibility (2-level)","Not Eligible For Free Or Reduced Price Meals",261,66.7,261,62.6,117,69.2
"Thomaston School District","=""1400011""","Race/Ethnicity","Asian",8,"*",8,"*",6,"*"
"Thomaston School District","=""1400011""","Race/Ethnicity","Black or African American",7,"*",7,"*","*","*"
"Thomaston School District","=""1400011""","Race/Ethnicity","Hispanic or Latino",44,59.4,44,56.1,17,"*"
"Thomaston School District","=""1400011""","Race/Ethnicity","Two or More Races",14,"*",14,"*","*","*"
"Thomaston School District","=""1400011""","Race/Ethnicity","White",344,65.3,344,60.4,137,66.2
"Thomaston School District","=""1400011""","Special Education Status (SWD)","Students with Disabilities",63,47.6,63,41.5,21,51.8
"Thomaston School District","=""1400011""","Special Education Status (SWD)","Students without Disabilities",354,68.0,354,63.3,148,68.5
"Thompson School District","=""1410011""","All Students","District",442,63.5,442,59.8,180,59.2
"Thompson School District","=""1410011""","English Language Learners (EL)","English Learners","*","*","*","*","*","*"
"Thompson School District","=""1410011""","English Language Learners (EL)","Not English Learners","*","*","*","*","*","*"
"Thompson School District","=""1410011""","Gender","Female",224,65.7,224,59.8,87,58.9
"Thompson School District","=""1410011""","Gender","Male",218,61.3,218,59.8,93,59.5
"Thompson School District","=""1410011""","Grade","03",74,69.9,74,68.2,"N/A","N/A"
"Thompson School District","=""1410011""","Grade","04",60,70.2,60,68.0,"N/A","N/A"
"Thompson School District","=""1410011""","Grade","05",71,65.6,71,61.6,70,63.6
"Thompson School District","=""1410011""","Grade","06",69,68.2,69,62.0,"N/A","N/A"
"Thompson School District","=""1410011""","Grade","07",57,59.2,57,58.5,"N/A","N/A"
"Thompson School District","=""1410011""","Grade","08",64,55.6,64,51.4,63,58.8
"Thompson School District","=""1410011""","Grade","11",47,50.7,47,43.0,47,53.1
"Thompson School District","=""1410011""","High Needs (F/R, EL or SWD)","High Needs",233,58.8,233,55.0,94,54.7
"Thompson School District","=""1410011""","High Needs (F/R, EL or SWD)","Not High Needs",209,68.7,209,65.1,86,64.1
"Thompson School District","=""1410011""","Free/Reduced Price Meal Eligibility (2-level)","Eligible For Free Or Reduced Price Meals",194,60.5,194,56.7,77,55.9
"Thompson School District","=""1410011""","Free/Reduced Price Meal Eligibility (2-level)","Not Eligible For Free Or Reduced Price Meals",248,65.8,248,62.1,103,61.7
"Thompson School District","=""1410011""","Race/Ethnicity","Asian","*","*","*","*","*","*"
"Thompson School District","=""1410011""","Race/Ethnicity","Black or African American","*","*","*","*","*","*"
"Thompson School District","=""1410011""","Race/Ethnicity","Hispanic or Latino",30,52.5,30,52.6,13,"*"
"Thompson School District","=""1410011""","Race/Ethnicity","Two or More Races",17,"*",17,"*",9,"*"
"Thompson School District","=""1410011""","Race/Ethnicity","White",383,64.0,383,60.1,151,59.6
"Thompson School District","=""1410011""","Special Education Status (SWD)","Students with Disabilities",84,50.3,84,48.1,32,46.1
"Thompson School District","=""1410011""","Special Education Status (SWD)","Students without Disabilities",358,66.6,358,62.5,148,62.0
"Tolland School District","=""1420011""","All Students","District",1061,73.6,1060,72.9,443,66.3
"Tolland School District","=""1420011""","English Language Learners (EL)","English Learners",23,70.6,23,69.8,6,"*"
"Tolland School District","=""1420011""","English Language Learners (EL)","Not English Learners",1038,73.6,1037,73.0,437,66.4
"Tolland School District","=""1420011""","Gender","Female","*","*","*","*","*","*"
"Tolland School District","=""1420011""","Gender","Male",546,71.7,546,73.3,226,65.9
"Tolland School District","=""1420011""","Gender","Non-Binary","*","*","*","*","*","*"
"Tolland School District","=""1420011""","Grade","03",154,75.2,154,78.5,"N/A","N/A"
"Tolland School District","=""1420011""","Grade","04",162,80.8,162,81.5,"N/A","N/A"
"Tolland School District","=""1420011""","Grade","05",139,78.1,138,76.3,138,74.8
"Tolland School District","=""1420011""","Grade","06",146,78.1,146,75.4,"N/A","N/A"
"Tolland School District","=""1420011""","Grade","07",155,74.1,155,67.9,"N/A","N/A"
"Tolland School District","=""1420011""","Grade","08",143,68.7,143,73.1,143,69.4
"Tolland School District","=""1420011""","Grade","11",162,60.7,162,58.5,162,56.3
"Tolland School District","=""1420011""","High Needs (F/R, EL or SWD)","High Needs",312,61.8,311,59.0,132,54.2
"Tolland School District","=""1420011""","High Needs (F/R, EL or SWD)","Not High Needs",749,78.5,749,78.7,311,71.4
"Tolland School District","=""1420011""","Free/Reduced Price Meal Eligibility (2-level)","Eligible For Free Or Reduced Price Meals",167,66.5,167,63.1,76,59.6
"Tolland School District","=""1420011""","Free/Reduced Price Meal Eligibility (2-level)","Not Eligible For Free Or Reduced Price Meals",894,74.9,893,74.7,367,67.7
"Tolland School District","=""1420011""","Race/Ethnicity","American Indian or Alaska Native","*","*","*","*","*","*"
"Tolland School District","=""1420011""","Race/Ethnicity","Asian",35,78.0,35,81.4,19,"*"
"Tolland School District","=""1420011""","Race/Ethnicity","Black or African American",29,68.6,29,65.6,16,"*"
"Tolland School District","=""1420011""","Race/Ethnicity","Hispanic or Latino",102,65.7,102,63.7,49,57.9
"Tolland School District","=""1420011""","Race/Ethnicity","Native Hawaiian or Other Pacific Islander","*","*","*","*","*","*"
"Tolland School District","=""1420011""","Race/Ethnicity","Two or More Races",40,77.2,40,76.0,9,"*"
"Tolland School District","=""1420011""","Race/Ethnicity","White",852,74.3,851,73.7,347,67.6
"Tolland School District","=""1420011""","Special Education Status (SWD)","Students with Disabilities",175,53.4,174,50.1,70,44.0
"Tolland School District","=""1420011""","Special Education Status (SWD)","Students without Disabilities",886,77.6,886,77.4,373,70.5
"Torrington School District","=""1430011""","All Students","District",1972,59.7,1965,53.7,811,58.1
"Torrington School District","=""1430011""","English Language Learners (EL)","English Learners",360,49.3,359,47.9,117,48.6
"Torrington School District","=""1430011""","English Language Learners (EL)","Not English Learners",1612,62.1,1606,55.1,694,59.7
"Torrington School District","=""1430011""","Gender","Female","*","*","*","*","*","*"
"Torrington School District","=""1430011""","Gender","Male",1041,58.3,1038,55.1,429,58.6
"Torrington School District","=""1430011""","Gender","Non-Binary","*","*","*","*","*","*"
"Torrington School District","=""1430011""","Grade","03",269,59.9,269,56.1,"N/A","N/A"
"Torrington School District","=""1430011""","Grade","04",299,67.7,299,62.8,"N/A","N/A"
"Torrington School District","=""1430011""","Grade","05",283,66.0,282,63.8,286,63.1
"Torrington School District","=""1430011""","Grade","06",301,61.6,299,51.0,"N/A","N/A"
"Torrington School District","=""1430011""","Grade","07",304,54.0,301,47.3,"N/A","N/A"
"Torrington School District","=""1430011""","Grade","08",302,57.2,301,48.0,306,59.2
"Torrington School District","=""1430011""","Grade","11",214,49.1,214,45.8,219,49.9
"Torrington School District","=""1430011""","High Needs (F/R, EL or SWD)","High Needs",1457,56.1,1451,50.6,576,53.8
"Torrington School District","=""1430011""","High Needs (F/R, EL or SWD)","Not High Needs",515,69.9,514,62.5,235,68.4
"Torrington School District","=""1430011""","Free/Reduced Price Meal Eligibility (2-level)","Eligible For Free Or Reduced Price Meals",1296,57.3,1290,51.5,518,55.3
"Torrington School District","=""1430011""","Free/Reduced Price Meal Eligibility (2-level)","Not Eligible For Free Or Reduced Price Meals",676,64.4,675,58.1,293,63.0
"Torrington School District","=""1430011""","Race/Ethnicity","American Indian or Alaska Native","*","*","*","*","*","*"
"Torrington School District","=""1430011""","Race/Ethnicity","Asian",81,67.4,81,63.2,35,71.1
"Torrington School District","=""1430011""","Race/Ethnicity","Black or African American",117,59.3,113,51.0,48,55.4
"Torrington School District","=""1430011""","Race/Ethnicity","Hispanic or Latino",816,54.6,816,49.3,319,52.0
"Torrington School District","=""1430011""","Race/Ethnicity","Native Hawaiian or Other Pacific Islander","*","*","*","*","*","*"
"Torrington School District","=""1430011""","Race/Ethnicity","Two or More Races",39,56.5,39,51.4,18,"*"
"Torrington School District","=""1430011""","Race/Ethnicity","White",912,63.8,909,57.3,387,62.4
"Torrington School District","=""1430011""","Special Education Status (SWD)","Students with Disabilities",368,41.1,367,34.5,133,38.6
"Torrington School District","=""1430011""","Special Education Status (SWD)","Students without Disabilities",1604,64.0,1598,58.2,678,61.9
"Trumbull School District","=""1440011""","All Students","District",3611,76.6,3611,74.9,1591,76.8
"Trumbull School District","=""1440011""","English Language Learners (EL)","English Learners",281,67.9,281,68.2,89,65.0
"Trumbull School District","=""1440011""","English Language Learners (EL)","Not English Learners",3330,77.3,3330,75.5,1502,77.5
"Trumbull School District","=""1440011""","Gender","Female","*","*","*","*",807,76.5
"Trumbull School District","=""1440011""","Gender","Male",1885,75.0,1885,75.9,"*","*"
"Trumbull School District","=""1440011""","Gender","Non-Binary","*","*","*","*","*","*"
"Trumbull School District","=""1440011""","Grade","03",458,75.1,458,76.9,"N/A","N/A"
"Trumbull School District","=""1440011""","Grade","04",504,80.7,504,79.7,"N/A","N/A"
"Trumbull School District","=""1440011""","Grade","05",533,84.1,533,81.7,533,84.5
"Trumbull School District","=""1440011""","Grade","06",514,79.3,514,76.4,"N/A","N/A"
"Trumbull School District","=""1440011""","Grade","07",542,78.9,542,75.1,"N/A","N/A"
"Trumbull School District","=""1440011""","Grade","08",515,74.7,515,72.2,514,72.1
"Trumbull School District","=""1440011""","Grade","11",545,63.5,545,63.0,544,73.7
"Trumbull School District","=""1440011""","High Needs (F/R, EL or SWD)","High Needs",1124,65.5,1124,63.1,470,65.1
"Trumbull School District","=""1440011""","High Needs (F/R, EL or SWD)","Not High Needs",2487,81.6,2487,80.3,1121,81.7
"Trumbull School District","=""1440011""","Free/Reduced Price Meal Eligibility (2-level)","Eligible For Free Or Reduced Price Meals",621,68.2,621,66.2,270,67.2
"Trumbull School District","=""1440011""","Free/Reduced Price Meal Eligibility (2-level)","Not Eligible For Free Or Reduced Price Meals",2990,78.3,2990,76.7,1321,78.7
"Trumbull School District","=""1440011""","Race/Ethnicity","American Indian or Alaska Native","*","*","*","*","*","*"
"Trumbull School District","=""1440011""","Race/Ethnicity","Asian",383,84.4,383,86.4,167,85.6
"Trumbull School District","=""1440011""","Race/Ethnicity","Black or African American",244,70.6,244,65.3,97,71.1
"Trumbull School District","=""1440011""","Race/Ethnicity","Hispanic or Latino",730,71.0,730,68.4,329,67.8
"Trumbull School District","=""1440011""","Race/Ethnicity","Native Hawaiian or Other Pacific Islander","*","*","*","*","*","*"
"Trumbull School District","=""1440011""","Race/Ethnicity","Two or More Races",102,82.8,102,79.4,49,82.7
"Trumbull School District","=""1440011""","Race/Ethnicity","White",2144,77.5,2144,75.9,946,78.7
"Trumbull School District","=""1440011""","Special Education Status (SWD)","Students with Disabilities",507,55.7,507,51.4,224,56.9
"Trumbull School District","=""1440011""","Special Education Status (SWD)","Students without Disabilities",3104,80.0,3104,78.7,1367,80.0
"Union School District","=""1450011""","All Students","District",31,66.9,31,63.1,13,"*"
"Union School District","=""1450011""","English Language Learners (EL)","Not English Learners",31,66.9,31,63.1,13,"*"
"Union School District","=""1450011""","Gender","Female",19,"*",19,"*","*","*"
"Union School District","=""1450011""","Gender","Male",12,"*",12,"*","*","*"
"Union School District","=""1450011""","Grade","03","*","*","*","*","N/A","N/A"
"Union School District","=""1450011""","Grade","04","*","*","*","*","N/A","N/A"
"Union School District","=""1450011""","Grade","05",6,"*",6,"*",6,"*"
"Union School District","=""1450011""","Grade","06","*","*","*","*","N/A","N/A"
"Union School District","=""1450011""","Grade","07",8,"*",8,"*","N/A","N/A"
"Union School District","=""1450011""","Grade","08",7,"*",7,"*",7,"*"
"Union School District","=""1450011""","High Needs (F/R, EL or SWD)","High Needs",11,"*",11,"*","*","*"
"Union School District","=""1450011""","High Needs (F/R, EL or SWD)","Not High Needs",20,75.7,20,68.7,"*","*"
"Union School District","=""1450011""","Free/Reduced Price Meal Eligibility (2-level)","Eligible For Free Or Reduced Price Meals","*","*","*","*","*","*"
"Union School District","=""1450011""","Free/Reduced Price Meal Eligibility (2-level)","Not Eligible For Free Or Reduced Price Meals","*","*","*","*","*","*"
"Union School District","=""1450011""","Race/Ethnicity","Asian","*","*","*","*","N/A","N/A"
"Union School District","=""1450011""","Race/Ethnicity","Hispanic or Latino","*","*","*","*","*","*"
"Union School District","=""1450011""","Race/Ethnicity","White",29,66.4,29,63.1,"*","*"
"Union School District","=""1450011""","Special Education Status (SWD)","Students with Disabilities",8,"*",8,"*","*","*"
"Union School District","=""1450011""","Special Education Status (SWD)","Students without Disabilities",23,72.0,23,67.3,"*","*"
"Vernon School District","=""1460011""","All Students","District",1523,66.5,1520,62.1,680,64.2
"Vernon School District","=""1460011""","English Language Learners (EL)","English Learners",90,64.8,89,63.5,31,61.7
"Vernon School District","=""1460011""","English Language Learners (EL)","Not English Learners",1433,66.6,1431,62.0,649,64.3
"Vernon School District","=""1460011""","Gender","Female","*","*","*","*","*","*"
"Vernon School District","=""1460011""","Gender","Male",774,65.4,773,63.3,356,66.8
"Vernon School District","=""1460011""","Gender","Non-Binary","*","*","*","*","*","*"
"Vernon School District","=""1460011""","Grade","03",186,68.5,185,66.9,"N/A","N/A"
"Vernon School District","=""1460011""","Grade","04",234,70.8,234,68.2,"N/A","N/A"
"Vernon School District","=""1460011""","Grade","05",214,68.4,214,69.1,214,66.4
"Vernon School District","=""1460011""","Grade","06",222,65.5,222,62.4,"N/A","N/A"
"Vernon School District","=""1460011""","Grade","07",203,71.2,201,60.7,"N/A","N/A"
"Vernon School District","=""1460011""","Grade","08",232,70.7,232,61.8,234,69.0
"Vernon School District","=""1460011""","Grade","11",232,51.5,232,46.6,232,57.4
"Vernon School District","=""1460011""","High Needs (F/R, EL or SWD)","High Needs",909,61.0,906,56.1,387,58.7
"Vernon School District","=""1460011""","High Needs (F/R, EL or SWD)","Not High Needs",614,74.7,614,70.9,293,71.5
"Vernon School District","=""1460011""","Free/Reduced Price Meal Eligibility (2-level)","Eligible For Free Or Reduced Price Meals",795,61.7,792,56.7,336,59.6
"Vernon School District","=""1460011""","Free/Reduced Price Meal Eligibility (2-level)","Not Eligible For Free Or Reduced Price Meals",728,71.8,728,67.9,344,68.7
"Vernon School District","=""1460011""","Race/Ethnicity","American Indian or Alaska Native","*","*","*","*","N/A","N/A"
"Vernon School District","=""1460011""","Race/Ethnicity","Asian",92,73.4,92,72.5,"*","*"
"Vernon School District","=""1460011""","Race/Ethnicity","Black or African American",151,62.8,151,55.8,76,56.3
"Vernon School District","=""1460011""","Race/Ethnicity","Hispanic or Latino",363,61.7,362,55.7,152,57.9
"Vernon School District","=""1460011""","Race/Ethnicity","Native Hawaiian or Other Pacific Islander","*","*","*","*","*","*"
"Vernon School District","=""1460011""","Race/Ethnicity","Two or More Races",137,63.1,137,58.7,53,61.6
"Vernon School District","=""1460011""","Race/Ethnicity","White",778,69.3,776,65.6,359,68.4
"Vernon School District","=""1460011""","Special Education Status (SWD)","Students with Disabilities",290,45.3,289,39.5,119,44.8
"Vernon School District","=""1460011""","Special Education Status (SWD)","Students without Disabilities",1233,71.5,1231,67.4,561,68.3
"Voluntown School District","=""1470011""","All Students","District",136,65.3,136,63.4,45,62.8
"Voluntown School District","=""1470011""","English Language Learners (EL)","English Learners",6,"*",6,"*","*","*"
"Voluntown School District","=""1470011""","English Language Learners (EL)","Not English Learners",130,65.7,130,63.7,"*","*"
"Voluntown School District","=""1470011""","Gender","Female",65,66.5,65,62.0,20,62.9
"Voluntown School District","=""1470011""","Gender","Male",71,64.1,71,64.7,25,62.8
"Voluntown School District","=""1470011""","Grade","03",19,"*",19,"*","N/A","N/A"
"Voluntown School District","=""1470011""","Grade","04",22,77.4,22,75.0,"N/A","N/A"
"Voluntown School District","=""1470011""","Grade","05","*","*","*","*","*","*"
"Voluntown School District","=""1470011""","Grade","06",28,62.7,28,60.3,"N/A","N/A"
"Voluntown School District","=""1470011""","Grade","07",22,64.8,22,65.8,"N/A","N/A"
"Voluntown School District","=""1470011""","Grade","08",30,61.0,30,63.5,30,62.1
"Voluntown School District","=""1470011""","Grade","11","*","*","*","*","*","*"
"Voluntown School District","=""1470011""","High Needs (F/R, EL or SWD)","High Needs",68,58.9,68,55.7,24,57.9
"Voluntown School District","=""1470011""","High Needs (F/R, EL or SWD)","Not High Needs",68,71.7,68,71.1,21,68.5
"Voluntown School District","=""1470011""","Free/Reduced Price Meal Eligibility (2-level)","Eligible For Free Or Reduced Price Meals",56,60.1,56,57.8,20,56.8
"Voluntown School District","=""1470011""","Free/Reduced Price Meal Eligibility (2-level)","Not Eligible For Free Or Reduced Price Meals",80,68.9,80,67.4,25,67.7
"Voluntown School District","=""1470011""","Race/Ethnicity","Asian","*","*","*","*","N/A","N/A"
"Voluntown School District","=""1470011""","Race/Ethnicity","Black or African American","*","*","*","*","N/A","N/A"
"Voluntown School District","=""1470011""","Race/Ethnicity","Hispanic or Latino",7,"*",7,"*","N/A","N/A"
"Voluntown School District","=""1470011""","Race/Ethnicity","Native Hawaiian or Other Pacific Islander","*","*","*","*","N/A","N/A"
"Voluntown School District","=""1470011""","Race/Ethnicity","Two or More Races","*","*","*","*","*","*"
"Voluntown School District","=""1470011""","Race/Ethnicity","White",119,66.6,119,65.1,"*","*"
"Voluntown School District","=""1470011""","Special Education Status (SWD)","Students with Disabilities",26,48.5,26,46.5,10,"*"
"Voluntown School District","=""1470011""","Special Education Status (SWD)","Students without Disabilities",110,69.2,110,67.4,35,64.3
"Wallingford School District","=""1480011""","All Students","District",2536,64.5,2524,61.1,1122,64.9
"Wallingford School District","=""1480011""","English Language Learners (EL)","English Learners",256,54.6,254,52.8,104,50.5
"Wallingford School District","=""1480011""","English Language Learners (EL)","Not English Learners",2280,65.6,2270,62.0,1018,66.4
"Wallingford School District","=""1480011""","Gender","Female",1231,66.4,1225,60.0,561,64.9
"Wallingford School District","=""1480011""","Gender","Male",1305,62.8,1299,62.1,561,64.9
"Wallingford School District","=""1480011""","Grade","03",337,65.2,336,66.6,"N/A","N/A"
"Wallingford School District","=""1480011""","Grade","04",345,71.1,342,69.0,"N/A","N/A"
"Wallingford School District","=""1480011""","Grade","05",383,69.9,382,69.0,382,70.1
"Wallingford School District","=""1480011""","Grade","06",349,66.5,346,60.3,"N/A","N/A"
"Wallingford School District","=""1480011""","Grade","07",377,63.2,374,57.6,"N/A","N/A"
"Wallingford School District","=""1480011""","Grade","08",358,63.5,357,58.5,356,63.5
"Wallingford School District","=""1480011""","Grade","11",387,53.2,387,48.1,384,61.0
"Wallingford School District","=""1480011""","High Needs (F/R, EL or SWD)","High Needs",1163,56.0,1152,52.3,503,54.7
"Wallingford School District","=""1480011""","High Needs (F/R, EL or SWD)","Not High Needs",1373,71.8,1372,68.5,619,73.2
"Wallingford School District","=""1480011""","Free/Reduced Price Meal Eligibility (2-level)","Eligible For Free Or Reduced Price Meals",874,57.5,865,53.4,380,56.4
"Wallingford School District","=""1480011""","Free/Reduced Price Meal Eligibility (2-level)","Not Eligible For Free Or Reduced Price Meals",1662,68.3,1659,65.1,742,69.2
"Wallingford School District","=""1480011""","Race/Ethnicity","American Indian or Alaska Native","*","*","*","*","*","*"
"Wallingford School District","=""1480011""","Race/Ethnicity","Asian",114,72.7,113,71.1,56,73.2
"Wallingford School District","=""1480011""","Race/Ethnicity","Black or African American",45,58.7,45,49.5,23,56.1
"Wallingford School District","=""1480011""","Race/Ethnicity","Hispanic or Latino",561,56.6,558,53.2,253,54.2
"Wallingford School District","=""1480011""","Race/Ethnicity","Native Hawaiian or Other Pacific Islander","*","*","*","*","*","*"
"Wallingford School District","=""1480011""","Race/Ethnicity","Two or More Races",97,68.5,97,66.6,39,70.7
"Wallingford School District","=""1480011""","Race/Ethnicity","White",1715,66.5,1707,63.0,747,67.7
"Wallingford School District","=""1480011""","Special Education Status (SWD)","Students with Disabilities",475,45.5,467,42.7,201,44.2
"Wallingford School District","=""1480011""","Special Education Status (SWD)","Students without Disabilities",2061,68.9,2057,65.3,921,69.4
"Waterbury School District","=""1510011""","All Students","District",8657,51.9,8629,44.7,3611,46.8
"Waterbury School District","=""1510011""","English Language Learners (EL)","English Learners",1932,44.3,1930,40.6,776,41.9
"Waterbury School District","=""1510011""","English Language Learners (EL)","Not English Learners",6725,54.1,6699,45.9,2835,48.2
"Waterbury School District","=""1510011""","Gender","Female",4149,53.8,4136,44.4,1716,47.3
"Waterbury School District","=""1510011""","Gender","Male",4508,50.2,4493,45.1,1895,46.4
"Waterbury School District","=""1510011""","Grade","03",1236,55.1,1234,49.5,"N/A","N/A"
"Waterbury School District","=""1510011""","Grade","04",1308,56.7,1306,51.3,"N/A","N/A"
"Waterbury School District","=""1510011""","Grade","05",1367,54.5,1362,51.5,1363,53.9
"Waterbury School District","=""1510011""","Grade","06",1322,56.1,1313,44.4,"N/A","N/A"
"Waterbury School District","=""1510011""","Grade","07",1165,51.0,1162,42.2,"N/A","N/A"
"Waterbury School District","=""1510011""","Grade","08",1143,47.8,1136,36.4,1136,45.8
"Waterbury School District","=""1510011""","Grade","11",1116,39.8,1116,35.2,1112,39.3
"Waterbury School District","=""1510011""","High Needs (F/R, EL or SWD)","High Needs",7718,50.3,7690,43.1,3194,45.5
"Waterbury School District","=""1510011""","High Needs (F/R, EL or SWD)","Not High Needs",939,65.6,939,57.8,417,56.8
"Waterbury School District","=""1510011""","Free/Reduced Price Meal Eligibility (2-level)","Eligible For Free Or Reduced Price Meals",7287,50.6,7260,43.3,3017,45.7
"Waterbury School District","=""1510011""","Free/Reduced Price Meal Eligibility (2-level)","Not Eligible For Free Or Reduced Price Meals",1370,58.8,1369,52.6,594,52.4
"Waterbury School District","=""1510011""","Race/Ethnicity","American Indian or Alaska Native",43,56.5,43,55.0,24,56.9
"Waterbury School District","=""1510011""","Race/Ethnicity","Asian",121,65.6,121,59.0,50,54.9
"Waterbury School District","=""1510011""","Race/Ethnicity","Black or African American",1869,52.0,1862,42.6,816,44.9
"Waterbury School District","=""1510011""","Race/Ethnicity","Hispanic or Latino",5341,50.1,5326,43.4,2186,45.6
"Waterbury School District","=""1510011""","Race/Ethnicity","Two or More Races",362,53.6,358,45.3,151,47.6
"Waterbury School District","=""1510011""","Race/Ethnicity","White",921,59.8,919,53.9,384,55.8
"Waterbury School District","=""1510011""","Special Education Status (SWD)","Students with Disabilities",1796,37.5,1782,30.6,777,36.5
"Waterbury School District","=""1510011""","Special Education Status (SWD)","Students without Disabilities",6861,55.7,6847,48.4,2834,49.7
"Waterford School District","=""1520011""","All Students","District",1171,68.1,1168,67.3,520,67.5
"Waterford School District","=""1520011""","English Language Learners (EL)","English Learners",79,61.3,79,63.5,21,54.4
"Waterford School District","=""1520011""","English Language Learners (EL)","Not English Learners",1092,68.5,1089,67.6,499,68.1
"Waterford School District","=""1520011""","Gender","Female",574,69.7,573,65.2,262,67.6
"Waterford School District","=""1520011""","Gender","Male",597,66.5,595,69.3,258,67.5
"Waterford School District","=""1520011""","Grade","03",159,70.6,159,71.1,"N/A","N/A"
"Waterford School District","=""1520011""","Grade","04",143,77.0,142,76.8,"N/A","N/A"
"Waterford School District","=""1520011""","Grade","05",169,68.7,169,70.2,169,67.7
"Waterford School District","=""1520011""","Grade","06",169,69.9,168,66.1,"N/A","N/A"
"Waterford School District","=""1520011""","Grade","07",178,64.9,177,65.2,"N/A","N/A"
"Waterford School District","=""1520011""","Grade","08",184,64.4,184,63.2,184,63.7
"Waterford School District","=""1520011""","Grade","11",169,62.8,169,60.6,167,71.7
"Waterford School District","=""1520011""","High Needs (F/R, EL or SWD)","High Needs",479,59.8,476,58.5,192,57.5
"Waterford School District","=""1520011""","High Needs (F/R, EL or SWD)","Not High Needs",692,73.7,692,73.4,328,73.4
"Waterford School District","=""1520011""","Free/Reduced Price Meal Eligibility (2-level)","Eligible For Free Or Reduced Price Meals",347,61.4,345,59.6,147,58.7
"Waterford School District","=""1520011""","Free/Reduced Price Meal Eligibility (2-level)","Not Eligible For Free Or Reduced Price Meals",824,70.8,823,70.5,373,71.0
"Waterford School District","=""1520011""","Race/Ethnicity","American Indian or Alaska Native","*","*","*","*","*","*"
"Waterford School District","=""1520011""","Race/Ethnicity","Asian",52,73.4,52,79.3,21,80.4
"Waterford School District","=""1520011""","Race/Ethnicity","Black or African American",24,66.5,24,61.9,"*","*"
"Waterford School District","=""1520011""","Race/Ethnicity","Hispanic or Latino",152,62.1,152,59.7,58,55.9
"Waterford School District","=""1520011""","Race/Ethnicity","Native Hawaiian or Other Pacific Islander","*","*","*","*","N/A","N/A"
"Waterford School District","=""1520011""","Race/Ethnicity","Two or More Races",78,64.3,78,60.8,38,62.5
"Waterford School District","=""1520011""","Race/Ethnicity","White",861,69.2,858,68.7,393,69.3
"Waterford School District","=""1520011""","Special Education Status (SWD)","Students with Disabilities",204,50.0,202,47.6,73,49.6
"Waterford School District","=""1520011""","Special Education Status (SWD)","Students without Disabilities",967,71.9,966,71.4,447,70.5
"Watertown School District","=""1530011""","All Students","District",1316,64.0,1312,60.7,550,63.5
"Watertown School District","=""1530011""","English Language Learners (EL)","English Learners",112,59.9,112,57.2,53,59.6
"Watertown School District","=""1530011""","English Language Learners (EL)","Not English Learners",1204,64.4,1200,61.1,497,63.9
"Watertown School District","=""1530011""","Gender","Female",601,66.6,600,61.0,249,64.3
"Watertown School District","=""1530011""","Gender","Male",715,61.8,712,60.6,301,62.9
"Watertown School District","=""1530011""","Grade","03",178,67.8,178,60.3,"N/A","N/A"
"Watertown School District","=""1530011""","Grade","04",212,67.8,212,68.1,"N/A","N/A"
"Watertown School District","=""1530011""","Grade","05",191,64.7,191,63.9,191,67.5
"Watertown School District","=""1530011""","Grade","06",190,65.4,188,60.9,"N/A","N/A"
"Watertown School District","=""1530011""","Grade","07",183,68.0,183,66.4,"N/A","N/A"
"Watertown School District","=""1530011""","Grade","08",186,61.4,184,59.4,186,67.4
"Watertown School District","=""1530011""","Grade","11",176,52.1,176,44.4,173,55.0
"Watertown School District","=""1530011""","High Needs (F/R, EL or SWD)","High Needs",648,57.6,647,53.7,259,56.6
"Watertown School District","=""1530011""","High Needs (F/R, EL or SWD)","Not High Needs",668,70.2,665,67.6,291,69.7
"Watertown School District","=""1530011""","Free/Reduced Price Meal Eligibility (2-level)","Eligible For Free Or Reduced Price Meals",527,59.7,526,55.7,204,58.5
"Watertown School District","=""1530011""","Free/Reduced Price Meal Eligibility (2-level)","Not Eligible For Free Or Reduced Price Meals",789,66.9,786,64.1,346,66.5
"Watertown School District","=""1530011""","Race/Ethnicity","American Indian or Alaska Native","*","*","*","*","*","*"
"Watertown School District","=""1530011""","Race/Ethnicity","Asian",16,"*",16,"*","*","*"
"Watertown School District","=""1530011""","Race/Ethnicity","Black or African American",55,58.1,55,51.9,16,"*"
"Watertown School District","=""1530011""","Race/Ethnicity","Hispanic or Latino",130,58.0,129,53.2,54,55.6
"Watertown School District","=""1530011""","Race/Ethnicity","Native Hawaiian or Other Pacific Islander","*","*","*","*","N/A","N/A"
"Watertown School District","=""1530011""","Race/Ethnicity","Two or More Races",59,62.7,59,58.1,20,59.7
"Watertown School District","=""1530011""","Race/Ethnicity","White",1049,65.1,1046,62.1,452,64.8
"Watertown School District","=""1530011""","Special Education Status (SWD)","Students with Disabilities",223,43.4,222,38.6,94,45.6
"Watertown School District","=""1530011""","Special Education Status (SWD)","Students without Disabilities",1093,68.2,1090,65.2,456,67.2
"Westbrook School District","=""1540011""","All Students","District",276,71.4,276,70.9,118,68.8
"Westbrook School District","=""1540011""","English Language Learners (EL)","English Learners",47,61.0,47,63.8,15,"*"
"Westbrook School District","=""1540011""","English Language Learners (EL)","Not English Learners",229,73.5,229,72.4,103,70.5
"Westbrook School District","=""1540011""","Gender","Female",149,73.2,149,71.9,73,69.8
"Westbrook School District","=""1540011""","Gender","Male",127,69.2,127,69.7,45,67.1
"Westbrook School District","=""1540011""","Grade","03",45,68.6,45,72.2,"N/A","N/A"
"Westbrook School District","=""1540011""","Grade","04",36,78.7,36,71.4,"N/A","N/A"
"Westbrook School District","=""1540011""","Grade","05",43,66.1,43,67.8,43,66.0
"Westbrook School District","=""1540011""","Grade","06",28,66.0,28,72.0,"N/A","N/A"
"Westbrook School District","=""1540011""","Grade","07",48,77.7,48,76.7,"N/A","N/A"
"Westbrook School District","=""1540011""","Grade","08",36,81.6,36,80.4,36,79.0
"Westbrook School District","=""1540011""","Grade","11",40,60.7,40,56.1,39,62.3
"Westbrook School District","=""1540011""","High Needs (F/R, EL or SWD)","High Needs",124,59.4,124,59.3,57,59.0
"Westbrook School District","=""1540011""","High Needs (F/R, EL or SWD)","Not High Needs",152,81.1,152,80.4,61,77.9
"Westbrook School District","=""1540011""","Free/Reduced Price Meal Eligibility (2-level)","Eligible For Free Or Reduced Price Meals",95,61.5,95,61.1,43,60.4
"Westbrook School District","=""1540011""","Free/Reduced Price Meal Eligibility (2-level)","Not Eligible For Free Or Reduced Price Meals",181,76.6,181,76.1,75,73.5
"Westbrook School District","=""1540011""","Race/Ethnicity","Asian","*","*","*","*","*","*"
"Westbrook School District","=""1540011""","Race/Ethnicity","Black or African American","*","*","*","*","*","*"
"Westbrook School District","=""1540011""","Race/Ethnicity","Hispanic or Latino",66,65.5,66,65.7,29,60.5
"Westbrook School District","=""1540011""","Race/Ethnicity","Two or More Races",7,"*",7,"*","*","*"
"Westbrook School District","=""1540011""","Race/Ethnicity","White",198,73.3,198,72.6,83,71.8
"Westbrook School District","=""1540011""","Special Education Status (SWD)","Students with Disabilities",41,46.6,41,44.6,17,"*"
"Westbrook School District","=""1540011""","Special Education Status (SWD)","Students without Disabilities",235,75.7,235,75.5,101,71.9
"West Hartford School District","=""1550011""","All Students","District",4605,73.1,4593,70.2,2034,72.3
"West Hartford School District","=""1550011""","English Language Learners (EL)","English Learners",549,57.7,545,58.0,190,54.2
"West Hartford School District","=""1550011""","English Language Learners (EL)","Not English Learners",4056,75.2,4048,71.9,1844,74.1
"West Hartford School District","=""1550011""","Gender","Female",2302,74.7,2296,69.0,1022,72.0
"West Hartford School District","=""1550011""","Gender","Male","*","*","*","*","*","*"
"West Hartford School District","=""1550011""","Gender","Non-Binary","*","*","*","*","*","*"
"West Hartford School District","=""1550011""","Grade","03",636,77.4,636,74.6,"N/A","N/A"
"West Hartford School District","=""1550011""","Grade","04",639,78.7,638,77.9,"N/A","N/A"
"West Hartford School District","=""1550011""","Grade","05",691,75.8,688,75.5,688,74.2
"West Hartford School District","=""1550011""","Grade","06",638,74.9,635,69.6,"N/A","N/A"
"West Hartford School District","=""1550011""","Grade","07",642,70.9,639,67.9,"N/A","N/A"
"West Hartford School District","=""1550011""","Grade","08",644,69.6,642,65.5,645,68.1
"West Hartford School District","=""1550011""","Grade","11",715,65.1,715,61.1,701,74.3
"West Hartford School District","=""1550011""","High Needs (F/R, EL or SWD)","High Needs",1825,59.1,1813,55.9,761,57.1
"West Hartford School District","=""1550011""","High Needs (F/R, EL or SWD)","Not High Needs",2780,82.3,2780,79.5,1273,81.4
"West Hartford School District","=""1550011""","Free/Reduced Price Meal Eligibility (2-level)","Eligible For Free Or Reduced Price Meals",1220,57.5,1214,54.1,517,56.4
"West Hartford School District","=""1550011""","Free/Reduced Price Meal Eligibility (2-level)","Not Eligible For Free Or Reduced Price Meals",3385,78.7,3379,76.0,1517,77.7
"West Hartford School District","=""1550011""","Race/Ethnicity","American Indian or Alaska Native","*","*","*","*","*","*"
"West Hartford School District","=""1550011""","Race/Ethnicity","Asian",461,77.4,458,77.7,209,79.2
"West Hartford School District","=""1550011""","Race/Ethnicity","Black or African American",358,61.0,357,56.0,156,57.8
"West Hartford School District","=""1550011""","Race/Ethnicity","Hispanic or Latino",977,58.6,973,55.2,432,57.8
"West Hartford School District","=""1550011""","Race/Ethnicity","Native Hawaiian or Other Pacific Islander","*","*","*","*","*","*"
"West Hartford School District","=""1550011""","Race/Ethnicity","Two or More Races",293,78.7,292,75.3,108,75.5
"West Hartford School District","=""1550011""","Race/Ethnicity","White",2503,79.1,2501,76.1,1123,78.3
"West Hartford School District","=""1550011""","Special Education Status (SWD)","Students with Disabilities",812,51.3,805,46.6,329,47.6
"West Hartford School District","=""1550011""","Special Education Status (SWD)","Students without Disabilities",3793,77.7,3788,75.2,1705,77.1
"West Haven School District","=""1560011""","All Students","District",2854,59.7,2846,55.5,1269,57.0
"West Haven School District","=""1560011""","English Language Learners (EL)","English Learners",724,54.8,723,52.9,260,50.1
"West Haven School District","=""1560011""","English Language Learners (EL)","Not English Learners",2130,61.3,2123,56.4,1009,58.8
"West Haven School District","=""1560011""","Gender","Female","*","*","*","*","*","*"
"West Haven School District","=""1560011""","Gender","Male",1496,58.2,1490,56.4,660,58.0
"West Haven School District","=""1560011""","Gender","Non-Binary","*","*","*","*","*","*"
"West Haven School District","=""1560011""","Grade","03",386,61.7,386,59.6,"N/A","N/A"
"West Haven School District","=""1560011""","Grade","04",384,68.3,383,67.0,"N/A","N/A"
"West Haven School District","=""1560011""","Grade","05",424,58.3,424,57.0,424,60.5
"West Haven School District","=""1560011""","Grade","06",418,63.5,418,58.0,"N/A","N/A"
"West Haven School District","=""1560011""","Grade","07",392,62.2,387,57.2,"N/A","N/A"
"West Haven School District","=""1560011""","Grade","08",436,59.6,434,49.8,437,57.2
"West Haven School District","=""1560011""","Grade","11",414,44.9,414,41.5,408,53.3
"West Haven School District","=""1560011""","High Needs (F/R, EL or SWD)","High Needs",2090,56.5,2084,52.3,896,53.5
"West Haven School District","=""1560011""","High Needs (F/R, EL or SWD)","Not High Needs",764,68.4,762,64.3,373,65.6
"West Haven School District","=""1560011""","Free/Reduced Price Meal Eligibility (2-level)","Eligible For Free Or Reduced Price Meals",1738,57.7,1737,53.2,748,54.8
"West Haven School District","=""1560011""","Free/Reduced Price Meal Eligibility (2-level)","Not Eligible For Free Or Reduced Price Meals",1116,62.7,1109,59.1,521,60.2
"West Haven School District","=""1560011""","Race/Ethnicity","American Indian or Alaska Native","*","*","*","*","*","*"
"West Haven School District","=""1560011""","Race/Ethnicity","Asian",147,62.5,146,63.4,57,66.4
"West Haven School District","=""1560011""","Race/Ethnicity","Black or African American",670,57.6,668,52.0,305,53.3
"West Haven School District","=""1560011""","Race/Ethnicity","Hispanic or Latino",1187,58.0,1183,53.5,553,55.8
"West Haven School District","=""1560011""","Race/Ethnicity","Native Hawaiian or Other Pacific Islander","*","*","*","*","*","*"
"West Haven School District","=""1560011""","Race/Ethnicity","Two or More Races",140,60.6,142,56.9,53,52.0
"West Haven School District","=""1560011""","Race/Ethnicity","White",701,63.7,698,60.4,297,62.0
"West Haven School District","=""1560011""","Special Education Status (SWD)","Students with Disabilities",563,44.8,558,39.0,238,43.3
"West Haven School District","=""1560011""","Special Education Status (SWD)","Students without Disabilities",2291,63.3,2288,59.5,1031,60.2
"Weston School District","=""1570011""","All Students","District",1153,80.6,1152,78.2,503,82.7
"Weston School District","=""1570011""","English Language Learners (EL)","English Learners",20,63.8,20,68.6,7,"*"
"Weston School District","=""1570011""","English Language Learners (EL)","Not English Learners",1133,80.8,1132,78.3,496,82.9
"Weston School District","=""1570011""","Gender","Female",561,81.6,560,76.1,257,82.3
"Weston School District","=""1570011""","Gender","Male",592,79.6,592,80.1,246,83.1
"Weston School District","=""1570011""","Grade","03",158,81.0,158,76.9,"N/A","N/A"
"Weston School District","=""1570011""","Grade","04",162,85.0,162,82.7,"N/A","N/A"
"Weston School District","=""1570011""","Grade","05",139,87.9,139,89.0,139,87.9
"Weston School District","=""1570011""","Grade","06",150,77.3,149,75.5,"N/A","N/A"
"Weston School District","=""1570011""","Grade","07",185,82.2,186,80.5,"N/A","N/A"
"Weston School District","=""1570011""","Grade","08",182,78.7,181,78.2,181,78.9
"Weston School District","=""1570011""","Grade","11",177,73.3,177,66.3,183,82.5
"Weston School District","=""1570011""","High Needs (F/R, EL or SWD)","High Needs",188,61.6,186,60.2,84,61.9
"Weston School District","=""1570011""","High Needs (F/R, EL or SWD)","Not High Needs",965,84.2,966,81.6,419,86.8
"Weston School District","=""1570011""","Free/Reduced Price Meal Eligibility (2-level)","Eligible For Free Or Reduced Price Meals",15,"*",15,"*",6,"*"
"Weston School District","=""1570011""","Free/Reduced Price Meal Eligibility (2-level)","Not Eligible For Free Or Reduced Price Meals",1138,80.8,1137,78.4,497,82.9
"Weston School District","=""1570011""","Race/Ethnicity","American Indian or Alaska Native","*","*","*","*","*","*"
"Weston School District","=""1570011""","Race/Ethnicity","Asian",79,88.5,79,90.2,39,95.9
"Weston School District","=""1570011""","Race/Ethnicity","Black or African American","*","*","*","*","*","*"
"Weston School District","=""1570011""","Race/Ethnicity","Hispanic or Latino",116,76.0,116,73.1,51,75.2
"Weston School District","=""1570011""","Race/Ethnicity","Two or More Races",89,82.1,89,81.2,42,81.0
"Weston School District","=""1570011""","Race/Ethnicity","White",849,80.4,848,77.6,359,82.7
"Weston School District","=""1570011""","Special Education Status (SWD)","Students with Disabilities",171,60.5,169,58.3,76,59.9
"Weston School District","=""1570011""","Special Education Status (SWD)","Students without Disabilities",982,84.0,983,81.6,427,86.8
"Westport School District","=""1580011""","All Students","District",2766,80.0,2763,79.5,1220,81.4
"Westport School District","=""1580011""","English Language Learners (EL)","English Learners",68,72.4,68,73.9,20,71.2
"Westport School District","=""1580011""","English Language Learners (EL)","Not English Learners",2698,80.2,2695,79.6,1200,81.5
"Westport School District","=""1580011""","Gender","Female",1410,81.1,1407,77.5,615,80.9
"Westport School District","=""1580011""","Gender","Male","*","*","*","*","*","*"
"Westport School District","=""1580011""","Gender","Non-Binary","*","*","*","*","*","*"
"Westport School District","=""1580011""","Grade","03",404,80.4,404,78.5,"N/A","N/A"
"Westport School District","=""1580011""","Grade","04",360,84.1,360,82.0,"N/A","N/A"
"Westport School District","=""1580011""","Grade","05",393,86.3,393,84.5,393,85.9
"Westport School District","=""1580011""","Grade","06",417,78.7,416,77.9,"N/A","N/A"
"Westport School District","=""1580011""","Grade","07",379,77.7,379,78.8,"N/A","N/A"
"Westport School District","=""1580011""","Grade","08",423,77.9,421,81.4,422,78.5
"Westport School District","=""1580011""","Grade","11",390,75.4,390,73.5,405,79.9
"Westport School District","=""1580011""","High Needs (F/R, EL or SWD)","High Needs",507,61.1,506,58.4,206,58.7
"Westport School District","=""1580011""","High Needs (F/R, EL or SWD)","Not High Needs",2259,84.3,2257,84.2,1014,86.0
"Westport School District","=""1580011""","Free/Reduced Price Meal Eligibility (2-level)","Eligible For Free Or Reduced Price Meals",86,60.8,86,58.2,41,65.0
"Westport School District","=""1580011""","Free/Reduced Price Meal Eligibility (2-level)","Not Eligible For Free Or Reduced Price Meals",2680,80.6,2677,80.2,1179,81.9
"Westport School District","=""1580011""","Race/Ethnicity","American Indian or Alaska Native","*","*","*","*","*","*"
"Westport School District","=""1580011""","Race/Ethnicity","Asian",194,88.7,194,89.3,85,88.9
"Westport School District","=""1580011""","Race/Ethnicity","Black or African American",60,65.7,60,61.7,31,68.7
"Westport School District","=""1580011""","Race/Ethnicity","Hispanic or Latino",213,73.7,213,72.4,92,77.1
"Westport School District","=""1580011""","Race/Ethnicity","Native Hawaiian or Other Pacific Islander","*","*","*","*","*","*"
"Westport School District","=""1580011""","Race/Ethnicity","Two or More Races",195,83.0,195,82.7,82,86.0
"Westport School District","=""1580011""","Race/Ethnicity","White",2100,80.0,2097,79.5,928,81.1
"Westport School District","=""1580011""","Special Education Status (SWD)","Students with Disabilities",416,58.5,415,55.2,169,55.6
"Westport School District","=""1580011""","Special Education Status (SWD)","Students without Disabilities",2350,83.8,2348,83.8,1051,85.5
"Wethersfield School District","=""1590011""","All Students","District",1828,68.9,1826,64.2,810,66.5
"Wethersfield School District","=""1590011""","English Language Learners (EL)","English Learners",305,58.4,305,55.0,131,53.5
"Wethersfield School District","=""1590011""","English Language Learners (EL)","Not English Learners",1523,71.0,1521,66.1,679,69.1
"Wethersfield School District","=""1590011""","Gender","Female","*","*","*","*","*","*"
"Wethersfield School District","=""1590011""","Gender","Male",927,67.2,927,65.1,413,66.1
"Wethersfield School District","=""1590011""","Gender","Non-Binary","*","*","*","*","*","*"
"Wethersfield School District","=""1590011""","Grade","03",226,71.5,226,67.0,"N/A","N/A"
"Wethersfield School District","=""1590011""","Grade","04",250,73.1,250,70.2,"N/A","N/A"
"Wethersfield School District","=""1590011""","Grade","05",248,69.4,248,68.2,248,71.2
"Wethersfield School District","=""1590011""","Grade","06",273,71.8,273,64.1,"N/A","N/A"
"Wethersfield School District","=""1590011""","Grade","07",267,71.7,266,65.8,"N/A","N/A"
"Wethersfield School District","=""1590011""","Grade","08",287,68.0,286,62.5,285,67.2
"Wethersfield School District","=""1590011""","Grade","11",277,57.6,277,53.4,277,61.6
"Wethersfield School District","=""1590011""","High Needs (F/R, EL or SWD)","High Needs",754,58.5,752,53.3,335,55.1
"Wethersfield School District","=""1590011""","High Needs (F/R, EL or SWD)","Not High Needs",1074,76.1,1074,71.9,475,74.6
"Wethersfield School District","=""1590011""","Free/Reduced Price Meal Eligibility (2-level)","Eligible For Free Or Reduced Price Meals",490,59.7,489,52.9,208,58.7
"Wethersfield School District","=""1590011""","Free/Reduced Price Meal Eligibility (2-level)","Not Eligible For Free Or Reduced Price Meals",1338,72.2,1337,68.4,602,69.2
"Wethersfield School District","=""1590011""","Race/Ethnicity","American Indian or Alaska Native","*","*","*","*","*","*"
"Wethersfield School District","=""1590011""","Race/Ethnicity","Asian",97,71.0,97,68.7,42,71.0
"Wethersfield School District","=""1590011""","Race/Ethnicity","Black or African American",85,62.5,84,53.7,42,54.4
"Wethersfield School District","=""1590011""","Race/Ethnicity","Hispanic or Latino",379,59.4,379,54.0,160,55.4
"Wethersfield School District","=""1590011""","Race/Ethnicity","Native Hawaiian or Other Pacific Islander","*","*","*","*","*","*"
"Wethersfield School District","=""1590011""","Race/Ethnicity","Two or More Races",88,70.7,88,65.2,41,69.5
"Wethersfield School District","=""1590011""","Race/Ethnicity","White",1172,72.1,1171,67.9,521,70.3
"Wethersfield School District","=""1590011""","Special Education Status (SWD)","Students with Disabilities",255,45.6,253,40.3,113,42.1
"Wethersfield School District","=""1590011""","Special Education Status (SWD)","Students without Disabilities",1573,72.6,1573,68.1,697,70.5
"Willington School District","=""1600011""","All Students","District",249,62.8,248,64.0,99,61.3
"Willington School District","=""1600011""","English Language Learners (EL)","English Learners",9,"*",9,"*","*","*"
"Willington School District","=""1600011""","English Language Learners (EL)","Not English Learners",240,62.9,239,64.2,"*","*"
"Willington School District","=""1600011""","Gender","Female",121,63.8,121,62.5,57,60.5
"Willington School District","=""1600011""","Gender","Male",128,61.9,127,65.5,42,62.2
"Willington School District","=""1600011""","Grade","03",32,51.6,32,57.9,"N/A","N/A"
"Willington School District","=""1600011""","Grade","04",41,70.1,41,67.5,"N/A","N/A"
"Willington School District","=""1600011""","Grade","05",48,62.3,48,63.3,48,61.9
"Willington School District","=""1600011""","Grade","06",35,64.8,35,63.1,"N/A","N/A"
"Willington School District","=""1600011""","Grade","07",42,67.7,42,71.7,"N/A","N/A"
"Willington School District","=""1600011""","Grade","08",51,59.2,50,60.2,51,60.7
"Willington School District","=""1600011""","High Needs (F/R, EL or SWD)","High Needs",122,53.6,121,55.2,46,50.9
"Willington School District","=""1600011""","High Needs (F/R, EL or SWD)","Not High Needs",127,71.7,127,72.5,53,70.2
"Willington School District","=""1600011""","Free/Reduced Price Meal Eligibility (2-level)","Eligible For Free Or Reduced Price Meals",98,54.0,97,56.3,35,50.4
"Willington School District","=""1600011""","Free/Reduced Price Meal Eligibility (2-level)","Not Eligible For Free Or Reduced Price Meals",151,68.6,151,69.0,64,67.2
"Willington School District","=""1600011""","Race/Ethnicity","American Indian or Alaska Native","*","*","*","*","N/A","N/A"
"Willington School District","=""1600011""","Race/Ethnicity","Asian","*","*","*","*","*","*"
"Willington School District","=""1600011""","Race/Ethnicity","Black or African American","*","*","*","*","*","*"
"Willington School District","=""1600011""","Race/Ethnicity","Hispanic or Latino",23,55.7,23,60.2,10,"*"
"Willington School District","=""1600011""","Race/Ethnicity","Two or More Races",11,"*",11,"*","*","*"
"Willington School District","=""1600011""","Race/Ethnicity","White",208,63.1,206,64.1,84,61.8
"Willington School District","=""1600011""","Special Education Status (SWD)","Students with Disabilities",48,41.8,47,40.6,18,"*"
"Willington School District","=""1600011""","Special Education Status (SWD)","Students without Disabilities",201,67.8,201,69.5,81,66.6
"Wilton School District","=""1610011""","All Students","District",1910,80.5,1903,80.5,860,81.7
"Wilton School District","=""1610011""","English Language Learners (EL)","English Learners",60,72.4,60,77.4,22,66.3
"Wilton School District","=""1610011""","English Language Learners (EL)","Not English Learners",1850,80.8,1843,80.6,838,82.1
"Wilton School District","=""1610011""","Gender","Female",998,81.8,994,78.9,451,81.1
"Wilton School District","=""1610011""","Gender","Male","*","*","*","*","*","*"
"Wilton School District","=""1610011""","Gender","Non-Binary","*","*","*","*","*","*"
"Wilton School District","=""1610011""","Grade","03",281,77.6,279,75.2,"N/A","N/A"
"Wilton School District","=""1610011""","Grade","04",242,83.2,242,82.6,"N/A","N/A"
"Wilton School District","=""1610011""","Grade","05",284,81.8,281,80.6,283,77.7
"Wilton School District","=""1610011""","Grade","06",256,83.5,254,84.7,"N/A","N/A"
"Wilton School District","=""1610011""","Grade","07",274,82.1,274,83.0,"N/A","N/A"
"Wilton School District","=""1610011""","Grade","08",278,82.4,278,85.6,280,83.4
"Wilton School District","=""1610011""","Grade","11",295,74.0,295,72.7,297,83.9
"Wilton School District","=""1610011""","High Needs (F/R, EL or SWD)","High Needs",441,67.2,440,66.9,191,66.3
"Wilton School District","=""1610011""","High Needs (F/R, EL or SWD)","Not High Needs",1469,84.5,1463,84.5,669,86.1
"Wilton School District","=""1610011""","Free/Reduced Price Meal Eligibility (2-level)","Eligible For Free Or Reduced Price Meals",114,70.9,114,69.4,49,67.4
"Wilton School District","=""1610011""","Free/Reduced Price Meal Eligibility (2-level)","Not Eligible For Free Or Reduced Price Meals",1796,81.1,1789,81.2,811,82.6
"Wilton School District","=""1610011""","Race/Ethnicity","American Indian or Alaska Native","*","*","*","*","N/A","N/A"
"Wilton School District","=""1610011""","Race/Ethnicity","Asian",220,89.3,217,93.6,95,90.4
"Wilton School District","=""1610011""","Race/Ethnicity","Black or African American",18,"*",18,"*","*","*"
"Wilton School District","=""1610011""","Race/Ethnicity","Hispanic or Latino",138,75.8,138,74.2,62,78.0
"Wilton School District","=""1610011""","Race/Ethnicity","Native Hawaiian or Other Pacific Islander","*","*","*","*","*","*"
"Wilton School District","=""1610011""","Race/Ethnicity","Two or More Races",123,83.5,123,85.2,56,85.6
"Wilton School District","=""1610011""","Race/Ethnicity","White",1409,79.6,1405,78.8,636,80.7
"Wilton School District","=""1610011""","Special Education Status (SWD)","Students with Disabilities",323,63.6,322,62.7,144,63.4
"Wilton School District","=""1610011""","Special Education Status (SWD)","Students without Disabilities",1587,84.0,1581,84.1,716,85.4
"Winchester School District","=""1620011""","All Students","District",290,66.3,290,63.7,71,70.2
"Winchester School District","=""1620011""","English Language Learners (EL)","English Learners",22,60.3,22,59.4,"*","*"
"Winchester School District","=""1620011""","English Language Learners (EL)","Not English Learners",268,66.8,268,64.0,"*","*"
"Winchester School District","=""1620011""","Gender","Female",149,69.5,149,63.3,37,77.4
"Winchester School District","=""1620011""","Gender","Male",141,62.9,141,64.0,34,62.5
"Winchester School District","=""1620011""","Grade","03",66,63.7,66,62.8,"N/A","N/A"
"Winchester School District","=""1620011""","Grade","04",69,66.5,69,65.3,"N/A","N/A"
"Winchester School District","=""1620011""","Grade","05",69,66.9,69,65.3,"*","*"
"Winchester School District","=""1620011""","Grade","06",81,69.6,81,63.8,"N/A","N/A"
"Winchester School District","=""1620011""","Grade","07","*","*","*","*","N/A","N/A"
"Winchester School District","=""1620011""","Grade","08","*","*","*","*","*","*"
"Winchester School District","=""1620011""","Grade","11",0,"N/A",0,"N/A",0,"N/A"
"Winchester School District","=""1620011""","High Needs (F/R, EL or SWD)","High Needs",198,63.1,198,59.5,52,67.4
"Winchester School District","=""1620011""","High Needs (F/R, EL or SWD)","Not High Needs",92,73.2,92,72.5,19,"*"
"Winchester School District","=""1620011""","Free/Reduced Price Meal Eligibility (2-level)","Eligible For Free Or Reduced Price Meals",171,65.4,171,61.4,43,71.0
"Winchester School District","=""1620011""","Free/Reduced Price Meal Eligibility (2-level)","Not Eligible For Free Or Reduced Price Meals",119,67.7,119,66.9,28,69.1
"Winchester School District","=""1620011""","Race/Ethnicity","American Indian or Alaska Native","*","*","*","*","*","*"
"Winchester School District","=""1620011""","Race/Ethnicity","Asian","*","*","*","*","*","*"
"Winchester School District","=""1620011""","Race/Ethnicity","Black or African American",9,"*",9,"*","*","*"
"Winchester School District","=""1620011""","Race/Ethnicity","Hispanic or Latino",36,60.6,36,55.9,8,"*"
"Winchester School District","=""1620011""","Race/Ethnicity","Native Hawaiian or Other Pacific Islander","*","*","*","*","*","*"
"Winchester School District","=""1620011""","Race/Ethnicity","Two or More Races",12,"*",12,"*","*","*"
"Winchester School District","=""1620011""","Race/Ethnicity","White",226,67.9,226,65.3,53,71.9
"Winchester School District","=""1620011""","Special Education Status (SWD)","Students with Disabilities",53,44.3,53,38.7,14,"*"
"Winchester School District","=""1620011""","Special Education Status (SWD)","Students without Disabilities",237,71.2,237,69.2,57,78.2
"Windham School District","=""1630011""","All Students","District",1587,54.3,1582,50.0,619,55.7
"Windham School District","=""1630011""","English Language Learners (EL)","English Learners",585,45.8,583,42.3,200,45.3
"Windham School District","=""1630011""","English Language Learners (EL)","Not English Learners",1002,59.3,999,54.5,419,60.7
"Windham School District","=""1630011""","Gender","Female",764,54.9,764,48.7,297,55.0
"Windham School District","=""1630011""","Gender","Male",823,53.7,818,51.2,322,56.4
"Windham School District","=""1630011""","Gender","Non-Binary",0,"N/A",0,"N/A","N/A","N/A"
"Windham School District","=""1630011""","Grade","03",241,54.3,240,51.7,"N/A","N/A"
"Windham School District","=""1630011""","Grade","04",241,58.7,240,57.9,"N/A","N/A"
"Windham School District","=""1630011""","Grade","05",247,55.6,245,56.7,245,57.6
"Windham School District","=""1630011""","Grade","06",243,56.6,244,49.4,"N/A","N/A"
"Windham School District","=""1630011""","Grade","07",241,54.7,240,46.8,"N/A","N/A"
"Windham School District","=""1630011""","Grade","08",243,53.5,242,45.5,242,59.7
"Windham School District","=""1630011""","Grade","11",131,40.3,131,35.1,132,44.9
"Windham School District","=""1630011""","High Needs (F/R, EL or SWD)","High Needs",1294,50.6,1289,46.0,507,51.4
"Windham School District","=""1630011""","High Needs (F/R, EL or SWD)","Not High Needs",293,70.5,293,67.6,112,75.1
"Windham School District","=""1630011""","Free/Reduced Price Meal Eligibility (2-level)","Eligible For Free Or Reduced Price Meals",1177,51.1,1172,46.2,457,52.0
"Windham School District","=""1630011""","Free/Reduced Price Meal Eligibility (2-level)","Not Eligible For Free Or Reduced Price Meals",410,63.6,410,60.9,162,66.3
"Windham School District","=""1630011""","Race/Ethnicity","American Indian or Alaska Native","*","*","*","*","*","*"
"Windham School District","=""1630011""","Race/Ethnicity","Asian","*","*","*","*","*","*"
"Windham School District","=""1630011""","Race/Ethnicity","Black or African American",49,53.6,49,46.7,19,"*"
"Windham School District","=""1630011""","Race/Ethnicity","Hispanic or Latino",1097,50.5,1094,45.8,434,51.0
"Windham School District","=""1630011""","Race/Ethnicity","Two or More Races",37,59.6,37,52.0,14,"*"
"Windham School District","=""1630011""","Race/Ethnicity","White",384,64.5,382,61.6,145,69.2
"Windham School District","=""1630011""","Special Education Status (SWD)","Students with Disabilities",311,38.3,308,31.7,122,38.9
"Windham School District","=""1630011""","Special Education Status (SWD)","Students without Disabilities",1276,58.2,1274,54.4,497,59.9
"Windsor School District","=""1640011""","All Students","District",1543,60.7,1533,57.8,692,62.0
"Windsor School District","=""1640011""","English Language Learners (EL)","English Learners",84,56.7,82,54.7,29,55.5
"Windsor School District","=""1640011""","English Language Learners (EL)","Not English Learners",1459,61.0,1451,58.0,663,62.3
"Windsor School District","=""1640011""","Gender","Female",782,63.7,775,58.2,340,62.7
"Windsor School District","=""1640011""","Gender","Male",761,57.8,758,57.5,352,61.4
"Windsor School District","=""1640011""","Grade","03",204,61.0,204,58.9,"N/A","N/A"
"Windsor School District","=""1640011""","Grade","04",209,62.3,210,60.4,"N/A","N/A"
"Windsor School District","=""1640011""","Grade","05",224,61.9,221,59.3,223,59.5
"Windsor School District","=""1640011""","Grade","06",220,64.6,215,61.0,"N/A","N/A"
"Windsor School District","=""1640011""","Grade","07",221,62.4,219,60.2,"N/A","N/A"
"Windsor School District","=""1640011""","Grade","08",228,59.9,227,57.1,228,60.1
"Windsor School District","=""1640011""","Grade","11",237,53.7,237,49.0,241,66.2
"Windsor School District","=""1640011""","High Needs (F/R, EL or SWD)","High Needs",846,53.2,841,49.9,370,54.5
"Windsor School District","=""1640011""","High Needs (F/R, EL or SWD)","Not High Needs",697,69.9,692,67.4,322,70.7
"Windsor School District","=""1640011""","Free/Reduced Price Meal Eligibility (2-level)","Eligible For Free Or Reduced Price Meals",698,54.8,694,51.1,309,55.8
"Windsor School District","=""1640011""","Free/Reduced Price Meal Eligibility (2-level)","Not Eligible For Free Or Reduced Price Meals",845,65.6,839,63.4,383,67.0
"Windsor School District","=""1640011""","Race/Ethnicity","American Indian or Alaska Native","*","*","*","*","*","*"
"Windsor School District","=""1640011""","Race/Ethnicity","Asian",58,67.9,58,65.9,25,70.8
"Windsor School District","=""1640011""","Race/Ethnicity","Black or African American",638,55.7,638,52.5,312,57.0
"Windsor School District","=""1640011""","Race/Ethnicity","Hispanic or Latino",391,58.5,385,55.9,159,58.9
"Windsor School District","=""1640011""","Race/Ethnicity","Native Hawaiian or Other Pacific Islander","*","*","*","*","*","*"
"Windsor School District","=""1640011""","Race/Ethnicity","Two or More Races",135,66.1,134,63.2,50,67.5
"Windsor School District","=""1640011""","Race/Ethnicity","White",318,70.2,315,67.5,144,73.4
"Windsor School District","=""1640011""","Special Education Status (SWD)","Students with Disabilities",302,42.1,300,38.9,120,42.7
"Windsor School District","=""1640011""","Special Education Status (SWD)","Students without Disabilities",1241,65.3,1233,62.4,572,66.1
"Windsor Locks School District","=""1650011""","All Students","District",728,61.4,726,57.5,359,61.6
"Windsor Locks School District","=""1650011""","English Language Learners (EL)","English Learners",93,59.7,92,56.5,31,52.0
"Windsor Locks School District","=""1650011""","English Language Learners (EL)","Not English Learners",635,61.7,634,57.7,328,62.5
"Windsor Locks School District","=""1650011""","Gender","Female",376,63.5,375,57.6,183,60.9
"Windsor Locks School District","=""1650011""","Gender","Male",352,59.3,351,57.5,176,62.4
"Windsor Locks School District","=""1650011""","Grade","03",83,59.4,83,54.8,"N/A","N/A"
"Windsor Locks School District","=""1650011""","Grade","04",98,62.7,98,59.9,"N/A","N/A"
"Windsor Locks School District","=""1650011""","Grade","05",129,67.5,128,66.0,129,67.3
"Windsor Locks School District","=""1650011""","Grade","06",104,63.2,103,58.0,"N/A","N/A"
"Windsor Locks School District","=""1650011""","Grade","07",89,61.3,89,58.1,"N/A","N/A"
"Windsor Locks School District","=""1650011""","Grade","08",116,62.6,116,55.8,116,57.1
"Windsor Locks School District","=""1650011""","Grade","11",109,51.9,109,48.5,114,59.8
"Windsor Locks School District","=""1650011""","High Needs (F/R, EL or SWD)","High Needs",438,56.1,436,51.4,203,53.3
"Windsor Locks School District","=""1650011""","High Needs (F/R, EL or SWD)","Not High Needs",290,69.6,290,66.8,156,72.5
"Windsor Locks School District","=""1650011""","Free/Reduced Price Meal Eligibility (2-level)","Eligible For Free Or Reduced Price Meals",354,56.4,353,51.4,163,53.7
"Windsor Locks School District","=""1650011""","Free/Reduced Price Meal Eligibility (2-level)","Not Eligible For Free Or Reduced Price Meals",374,66.2,373,63.3,196,68.2
"Windsor Locks School District","=""1650011""","Race/Ethnicity","Asian","*","*","*","*",21,66.4
"Windsor Locks School District","=""1650011""","Race/Ethnicity","Black or African American",85,55.8,84,49.0,44,51.8
"Windsor Locks School District","=""1650011""","Race/Ethnicity","Hispanic or Latino",146,56.3,145,51.3,68,57.1
"Windsor Locks School District","=""1650011""","Race/Ethnicity","Native Hawaiian or Other Pacific Islander","*","*","*","*","N/A","N/A"
"Windsor Locks School District","=""1650011""","Race/Ethnicity","Two or More Races",49,61.0,49,58.3,25,65.2
"Windsor Locks School District","=""1650011""","Race/Ethnicity","White",403,63.5,403,60.1,201,64.4
"Windsor Locks School District","=""1650011""","Special Education Status (SWD)","Students with Disabilities",140,42.6,138,36.6,69,43.5
"Windsor Locks School District","=""1650011""","Special Education Status (SWD)","Students without Disabilities",588,65.9,588,62.5,290,65.9
"Wolcott School District","=""1660011""","All Students","District",1079,68.8,1078,66.3,464,63.9
"Wolcott School District","=""1660011""","English Language Learners (EL)","English Learners",83,62.5,83,62.7,29,56.6
"Wolcott School District","=""1660011""","English Language Learners (EL)","Not English Learners",996,69.3,995,66.6,435,64.4
"Wolcott School District","=""1660011""","Gender","Female","*","*","*","*",233,64.7
"Wolcott School District","=""1660011""","Gender","Male",557,66.6,556,66.8,"*","*"
"Wolcott School District","=""1660011""","Gender","Non-Binary","*","*","*","*","*","*"
"Wolcott School District","=""1660011""","Grade","03",134,74.6,134,71.7,"N/A","N/A"
"Wolcott School District","=""1660011""","Grade","04",149,77.0,148,78.4,"N/A","N/A"
"Wolcott School District","=""1660011""","Grade","05",153,71.4,153,73.6,153,71.7
"Wolcott School District","=""1660011""","Grade","06",161,71.5,160,65.7,"N/A","N/A"
"Wolcott School District","=""1660011""","Grade","07",175,66.7,175,62.4,"N/A","N/A"
"Wolcott School District","=""1660011""","Grade","08",159,65.0,160,62.2,160,67.1
"Wolcott School District","=""1660011""","Grade","11",148,55.9,148,51.6,151,52.6
"Wolcott School District","=""1660011""","High Needs (F/R, EL or SWD)","High Needs",477,62.0,475,59.5,194,57.7
"Wolcott School District","=""1660011""","High Needs (F/R, EL or SWD)","Not High Needs",602,74.1,603,71.7,270,68.4
"Wolcott School District","=""1660011""","Free/Reduced Price Meal Eligibility (2-level)","Eligible For Free Or Reduced Price Meals",367,64.4,365,62.2,145,61.8
"Wolcott School District","=""1660011""","Free/Reduced Price Meal Eligibility (2-level)","Not Eligible For Free Or Reduced Price Meals",712,71.0,713,68.4,319,64.8
"Wolcott School District","=""1660011""","Race/Ethnicity","American Indian or Alaska Native","*","*","*","*","*","*"
"Wolcott School District","=""1660011""","Race/Ethnicity","Asian",30,75.1,30,74.0,"*","*"
"Wolcott School District","=""1660011""","Race/Ethnicity","Black or African American",37,58.9,36,60.9,18,"*"
"Wolcott School District","=""1660011""","Race/Ethnicity","Hispanic or Latino",180,66.5,179,62.3,78,63.5
"Wolcott School District","=""1660011""","Race/Ethnicity","Native Hawaiian or Other Pacific Islander","*","*","*","*","N/A","N/A"
"Wolcott School District","=""1660011""","Race/Ethnicity","Two or More Races",27,65.9,27,62.4,14,"*"
"Wolcott School District","=""1660011""","Race/Ethnicity","White",800,69.6,801,67.3,341,63.8
"Wolcott School District","=""1660011""","Special Education Status (SWD)","Students with Disabilities",162,49.4,161,45.4,66,47.7
"Wolcott School District","=""1660011""","Special Education Status (SWD)","Students without Disabilities",917,72.2,917,70.0,398,66.6
"Woodbridge School District","=""1670011""","All Students","District",479,84.2,478,81.7,117,81.9
"Woodbridge School District","=""1670011""","English Language Learners (EL)","English Learners",38,79.6,38,81.6,10,"*"
"Woodbridge School District","=""1670011""","English Language Learners (EL)","Not English Learners",441,84.5,440,81.7,107,81.7
"Woodbridge School District","=""1670011""","Gender","Female",209,84.9,208,79.4,55,82.3
"Woodbridge School District","=""1670011""","Gender","Male",270,83.6,270,83.5,62,81.5
"Woodbridge School District","=""1670011""","Grade","03",117,80.2,117,79.0,"N/A","N/A"
"Woodbridge School District","=""1670011""","Grade","04",114,83.3,113,80.3,"N/A","N/A"
"Woodbridge School District","=""1670011""","Grade","05",117,85.2,117,82.7,117,81.9
"Woodbridge School District","=""1670011""","Grade","06",131,87.5,131,84.5,"N/A","N/A"
"Woodbridge School District","=""1670011""","High Needs (F/R, EL or SWD)","High Needs",145,72.2,145,70.5,33,68.3
"Woodbridge School District","=""1670011""","High Needs (F/R, EL or SWD)","Not High Needs",334,89.4,333,86.6,84,87.2
"Woodbridge School District","=""1670011""","Free/Reduced Price Meal Eligibility (2-level)","Eligible For Free Or Reduced Price Meals",65,74.5,65,74.5,19,"*"
"Woodbridge School District","=""1670011""","Free/Reduced Price Meal Eligibility (2-level)","Not Eligible For Free Or Reduced Price Meals",414,85.7,413,82.9,98,84.7
"Woodbridge School District","=""1670011""","Race/Ethnicity","Asian",86,90.4,86,92.4,21,92.1
"Woodbridge School District","=""1670011""","Race/Ethnicity","Black or African American",9,"*",9,"*","*","*"
"Woodbridge School District","=""1670011""","Race/Ethnicity","Hispanic or Latino",39,76.7,38,74.2,8,"*"
"Woodbridge School District","=""1670011""","Race/Ethnicity","Two or More Races",39,89.9,39,87.4,"*","*"
"Woodbridge School District","=""1670011""","Race/Ethnicity","White",306,82.8,306,79.3,79,79.5
"Woodbridge School District","=""1670011""","Special Education Status (SWD)","Students with Disabilities",72,65.1,72,59.8,15,"*"
"Woodbridge School District","=""1670011""","Special Education Status (SWD)","Students without Disabilities",407,87.5,406,85.6,102,85.4
"Woodstock School District","=""1690011""","All Students","District",503,70.3,503,62.6,163,69.3
"Woodstock School District","=""1690011""","English Language Learners (EL)","English Learners",9,"*",9,"*","*","*"
"Woodstock School District","=""1690011""","English Language Learners (EL)","Not English Learners",494,70.7,494,62.9,"*","*"
"Woodstock School District","=""1690011""","Gender","Female",272,70.3,272,60.3,92,67.0
"Woodstock School District","=""1690011""","Gender","Male","*","*","*","*",71,72.4
"Woodstock School District","=""1690011""","Gender","Non-Binary","*","*","*","*","N/A","N/A"
"Woodstock School District","=""1690011""","Grade","03",81,67.5,81,60.8,"N/A","N/A"
"Woodstock School District","=""1690011""","Grade","04",96,74.6,96,66.8,"N/A","N/A"
"Woodstock School District","=""1690011""","Grade","05",81,71.1,81,61.1,81,72.8
"Woodstock School District","=""1690011""","Grade","06",91,66.0,91,56.5,"N/A","N/A"
"Woodstock School District","=""1690011""","Grade","07",72,72.3,72,64.5,"N/A","N/A"
"Woodstock School District","=""1690011""","Grade","08",82,70.1,82,65.8,82,65.9
"Woodstock School District","=""1690011""","High Needs (F/R, EL or SWD)","High Needs",167,58.7,167,51.5,49,57.6
"Woodstock School District","=""1690011""","High Needs (F/R, EL or SWD)","Not High Needs",336,76.0,336,68.1,114,74.4
"Woodstock School District","=""1690011""","Free/Reduced Price Meal Eligibility (2-level)","Eligible For Free Or Reduced Price Meals",114,63.7,114,57.2,28,63.6
"Woodstock School District","=""1690011""","Free/Reduced Price Meal Eligibility (2-level)","Not Eligible For Free Or Reduced Price Meals",389,72.2,389,64.1,135,70.5
"Woodstock School District","=""1690011""","Race/Ethnicity","American Indian or Alaska Native","*","*","*","*","*","*"
"Woodstock School District","=""1690011""","Race/Ethnicity","Asian","*","*","*","*","*","*"
"Woodstock School District","=""1690011""","Race/Ethnicity","Black or African American","*","*","*","*","*","*"
"Woodstock School District","=""1690011""","Race/Ethnicity","Hispanic or Latino",24,59.5,24,49.5,7,"*"
"Woodstock School District","=""1690011""","Race/Ethnicity","Two or More Races",32,69.5,32,65.2,10,"*"
"Woodstock School District","=""1690011""","Race/Ethnicity","White",436,71.5,436,63.5,142,70.4
"Woodstock School District","=""1690011""","Special Education Status (SWD)","Students with Disabilities",78,47.8,78,38.2,26,47.7
"Woodstock School District","=""1690011""","Special Education Status (SWD)","Students without Disabilities",425,74.4,425,67.0,137,73.4
"Regional School District 01","=""2010012""","All Students","District",93,54.0,93,48.5,89,53.6
"Regional School District 01","=""2010012""","English Language Learners (EL)","English Learners","*","*","*","*","*","*"
"Regional School District 01","=""2010012""","English Language Learners (EL)","Not English Learners","*","*","*","*","*","*"
"Regional School District 01","=""2010012""","Gender","Female",47,56.2,47,49.4,47,57.9
"Regional School District 01","=""2010012""","Gender","Male",46,51.8,46,47.6,42,48.7
"Regional School District 01","=""2010012""","Grade","05","*","*","*","*",0,"N/A"
"Regional School District 01","=""2010012""","Grade","06","*","*","*","*","N/A","N/A"
"Regional School District 01","=""2010012""","Grade","07","*","*","*","*","N/A","N/A"
"Regional School District 01","=""2010012""","Grade","11",90,54.1,90,48.5,89,53.6
"Regional School District 01","=""2010012""","High Needs (F/R, EL or SWD)","High Needs",41,45.2,41,39.5,37,44.2
"Regional School District 01","=""2010012""","High Needs (F/R, EL or SWD)","Not High Needs",52,61.0,52,55.6,52,60.3
"Regional School District 01","=""2010012""","Free/Reduced Price Meal Eligibility (2-level)","Eligible For Free Or Reduced Price Meals",34,45.3,34,39.9,30,42.8
"Regional School District 01","=""2010012""","Free/Reduced Price Meal Eligibility (2-level)","Not Eligible For Free Or Reduced Price Meals",59,59.0,59,53.5,59,59.0
"Regional School District 01","=""2010012""","Race/Ethnicity","Asian","*","*","*","*","*","*"
"Regional School District 01","=""2010012""","Race/Ethnicity","Black or African American","*","*","*","*","*","*"
"Regional School District 01","=""2010012""","Race/Ethnicity","Hispanic or Latino",15,"*",15,"*",14,"*"
"Regional School District 01","=""2010012""","Race/Ethnicity","Two or More Races",6,"*",6,"*","*","*"
"Regional School District 01","=""2010012""","Race/Ethnicity","White",70,56.4,70,49.9,68,55.3
"Regional School District 01","=""2010012""","Special Education Status (SWD)","Students with Disabilities",16,"*",16,"*",13,"*"
"Regional School District 01","=""2010012""","Special Education Status (SWD)","Students without Disabilities",77,55.5,77,50.7,76,54.1
"Regional School District 04","=""2040012""","All Students","District",324,59.7,325,59.6,213,59.5
"Regional School District 04","=""2040012""","English Language Learners (EL)","English Learners",12,"*",12,"*",9,"*"
"Regional School District 04","=""2040012""","English Language Learners (EL)","Not English Learners",312,60.3,313,60.1,204,60.0
"Regional School District 04","=""2040012""","Gender","Female","*","*","*","*","*","*"
"Regional School District 04","=""2040012""","Gender","Male",185,56.1,185,59.6,118,57.6
"Regional School District 04","=""2040012""","Gender","Non-Binary","*","*","*","*","*","*"
"Regional School District 04","=""2040012""","Grade","06","*","*","*","*","N/A","N/A"
"Regional School District 04","=""2040012""","Grade","07","*","*","*","*","N/A","N/A"
"Regional School District 04","=""2040012""","Grade","08",105,59.8,105,64.2,103,58.0
"Regional School District 04","=""2040012""","Grade","11",113,55.0,113,51.2,110,60.8
"Regional School District 04","=""2040012""","High Needs (F/R, EL or SWD)","High Needs",124,49.7,125,49.8,82,54.5
"Regional School District 04","=""2040012""","High Needs (F/R, EL or SWD)","Not High Needs",200,66.0,200,65.8,131,62.5
"Regional School District 04","=""2040012""","Free/Reduced Price Meal Eligibility (2-level)","Eligible For Free Or Reduced Price Meals",97,50.8,98,51.2,64,54.8
"Regional School District 04","=""2040012""","Free/Reduced Price Meal Eligibility (2-level)","Not Eligible For Free Or Reduced Price Meals",227,63.5,227,63.3,149,61.5
"Regional School District 04","=""2040012""","Race/Ethnicity","American Indian or Alaska Native","*","*","*","*","N/A","N/A"
"Regional School District 04","=""2040012""","Race/Ethnicity","Asian","*","*","*","*","*","*"
"Regional School District 04","=""2040012""","Race/Ethnicity","Black or African American","*","*","*","*","*","*"
"Regional School District 04","=""2040012""","Race/Ethnicity","Hispanic or Latino",35,53.9,35,52.1,27,45.4
"Regional School District 04","=""2040012""","Race/Ethnicity","Two or More Races",13,"*",13,"*",7,"*"
"Regional School District 04","=""2040012""","Race/Ethnicity","White",272,60.4,273,60.8,177,61.7
"Regional School District 04","=""2040012""","Special Education Status (SWD)","Students with Disabilities",56,44.8,56,42.2,36,52.6
"Regional School District 04","=""2040012""","Special Education Status (SWD)","Students without Disabilities",268,62.9,269,63.3,177,60.9
"Regional School District 05","=""2050012""","All Students","District",1021,74.7,1020,72.0,675,68.8
"Regional School District 05","=""2050012""","English Language Learners (EL)","English Learners",38,62.7,38,62.8,12,"*"
"Regional School District 05","=""2050012""","English Language Learners (EL)","Not English Learners",983,75.2,982,72.4,663,69.0
"Regional School District 05","=""2050012""","Gender","Female","*","*","*","*","*","*"
"Regional School District 05","=""2050012""","Gender","Male",526,73.1,525,72.9,351,68.1
"Regional School District 05","=""2050012""","Gender","Non-Binary","*","*","*","*","*","*"
"Regional School District 05","=""2050012""","Grade","07",353,79.8,353,76.4,"N/A","N/A"
"Regional School District 05","=""2050012""","Grade","08",350,78.5,349,77.9,350,77.8
"Regional School District 05","=""2050012""","Grade","11",318,64.9,318,60.7,325,59.1
"Regional School District 05","=""2050012""","High Needs (F/R, EL or SWD)","High Needs",252,61.2,252,58.2,147,53.1
"Regional School District 05","=""2050012""","High Needs (F/R, EL or SWD)","Not High Needs",769,79.1,768,76.6,528,73.1
"Regional School District 05","=""2050012""","Free/Reduced Price Meal Eligibility (2-level)","Eligible For Free Or Reduced Price Meals",153,64.8,153,63.0,92,58.4
"Regional School District 05","=""2050012""","Free/Reduced Price Meal Eligibility (2-level)","Not Eligible For Free Or Reduced Price Meals",868,76.5,867,73.6,583,70.4
"Regional School District 05","=""2050012""","Race/Ethnicity","American Indian or Alaska Native","*","*","*","*","N/A","N/A"
"Regional School District 05","=""2050012""","Race/Ethnicity","Asian",143,84.7,143,86.8,95,79.9
"Regional School District 05","=""2050012""","Race/Ethnicity","Black or African American","*","*","*","*",23,54.8
"Regional School District 05","=""2050012""","Race/Ethnicity","Hispanic or Latino",102,68.4,102,66.0,73,66.1
"Regional School District 05","=""2050012""","Race/Ethnicity","Two or More Races",47,82.0,47,79.2,28,72.1
"Regional School District 05","=""2050012""","Race/Ethnicity","White",692,73.7,691,70.3,456,67.4
"Regional School District 05","=""2050012""","Special Education Status (SWD)","Students with Disabilities",106,51.6,106,45.7,63,42.8
"Regional School District 05","=""2050012""","Special Education Status (SWD)","Students without Disabilities",915,77.4,914,75.1,612,71.4
"Regional School District 06","=""2060012""","All Students","District",361,71.2,360,69.2,181,68.2
"Regional School District 06","=""2060012""","English Language Learners (EL)","English Learners",10,"*",10,"*","*","*"
"Regional School District 06","=""2060012""","English Language Learners (EL)","Not English Learners",351,71.4,350,69.2,"*","*"
"Regional School District 06","=""2060012""","Gender","Female","*","*","*","*","*","*"
"Regional School District 06","=""2060012""","Gender","Male",185,69.5,185,70.4,91,71.6
"Regional School District 06","=""2060012""","Gender","Non-Binary","*","*","*","*","*","*"
"Regional School District 06","=""2060012""","Grade","03",31,76.0,31,73.5,"N/A","N/A"
"Regional School District 06","=""2060012""","Grade","04",48,75.5,48,74.4,"N/A","N/A"
"Regional School District 06","=""2060012""","Grade","05",47,74.3,47,70.4,47,75.7
"Regional School District 06","=""2060012""","Grade","06",52,77.8,52,77.4,"N/A","N/A"
"Regional School District 06","=""2060012""","Grade","07",44,74.8,44,74.2,"N/A","N/A"
"Regional School District 06","=""2060012""","Grade","08",53,74.5,52,76.5,51,74.8
"Regional School District 06","=""2060012""","Grade","11",86,57.3,86,52.3,83,60.0
"Regional School District 06","=""2060012""","High Needs (F/R, EL or SWD)","High Needs",138,62.1,137,59.8,62,55.3
"Regional School District 06","=""2060012""","High Needs (F/R, EL or SWD)","Not High Needs",223,76.8,223,75.0,119,75.0
"Regional School District 06","=""2060012""","Free/Reduced Price Meal Eligibility (2-level)","Eligible For Free Or Reduced Price Meals",101,65.5,100,62.3,44,59.5
"Regional School District 06","=""2060012""","Free/Reduced Price Meal Eligibility (2-level)","Not Eligible For Free Or Reduced Price Meals",260,73.4,260,71.9,137,71.0
"Regional School District 06","=""2060012""","Race/Ethnicity","Asian","*","*","*","*","N/A","N/A"
"Regional School District 06","=""2060012""","Race/Ethnicity","Black or African American","*","*","*","*","*","*"
"Regional School District 06","=""2060012""","Race/Ethnicity","Hispanic or Latino",16,"*",16,"*",9,"*"
"Regional School District 06","=""2060012""","Race/Ethnicity","Two or More Races",19,"*",19,"*","*","*"
"Regional School District 06","=""2060012""","Race/Ethnicity","White",319,71.4,319,69.5,162,68.7
"Regional School District 06","=""2060012""","Special Education Status (SWD)","Students with Disabilities",68,50.8,67,49.6,30,43.5
"Regional School District 06","=""2060012""","Special Education Status (SWD)","Students without Disabilities",293,75.9,293,73.7,151,73.1
"Regional School District 07","=""2070012""","All Students","District",397,63.9,395,61.2,288,63.6
"Regional School District 07","=""2070012""","English Language Learners (EL)","English Learners","*","*","*","*","*","*"
"Regional School District 07","=""2070012""","English Language Learners (EL)","Not English Learners","*","*","*","*","*","*"
"Regional School District 07","=""2070012""","Gender","Female",205,66.6,203,63.1,145,64.4
"Regional School District 07","=""2070012""","Gender","Male","*","*","*","*","*","*"
"Regional School District 07","=""2070012""","Gender","Non-Binary","*","*","*","*","*","*"
"Regional School District 07","=""2070012""","Grade","07",101,66.6,101,63.5,"N/A","N/A"
"Regional School District 07","=""2070012""","Grade","08",138,68.4,136,68.1,137,67.0
"Regional School District 07","=""2070012""","Grade","11",158,58.4,158,53.9,151,60.6
"Regional School District 07","=""2070012""","High Needs (F/R, EL or SWD)","High Needs",133,55.3,133,51.6,90,53.6
"Regional School District 07","=""2070012""","High Needs (F/R, EL or SWD)","Not High Needs",264,68.3,262,66.1,198,68.2
"Regional School District 07","=""2070012""","Free/Reduced Price Meal Eligibility (2-level)","Eligible For Free Or Reduced Price Meals",81,57.2,81,54.9,52,59.6
"Regional School District 07","=""2070012""","Free/Reduced Price Meal Eligibility (2-level)","Not Eligible For Free Or Reduced Price Meals",316,65.7,314,62.8,236,64.5
"Regional School District 07","=""2070012""","Race/Ethnicity","American Indian or Alaska Native","*","*","*","*","*","*"
"Regional School District 07","=""2070012""","Race/Ethnicity","Asian","*","*","*","*","*","*"
"Regional School District 07","=""2070012""","Race/Ethnicity","Black or African American","*","*","*","*","*","*"
"Regional School District 07","=""2070012""","Race/Ethnicity","Hispanic or Latino",17,"*",17,"*",7,"*"
"Regional School District 07","=""2070012""","Race/Ethnicity","Two or More Races","*","*","*","*","*","*"
"Regional School District 07","=""2070012""","Race/Ethnicity","White",370,63.9,368,61.8,274,63.7
"Regional School District 07","=""2070012""","Special Education Status (SWD)","Students with Disabilities",76,49.7,76,43.5,53,46.0
"Regional School District 07","=""2070012""","Special Education Status (SWD)","Students without Disabilities",321,67.3,319,65.4,235,67.6
"Regional School District 08","=""2080012""","All Students","District",548,66.8,547,64.6,376,66.5
"Regional School District 08","=""2080012""","English Language Learners (EL)","English Learners","*","*","*","*","*","*"
"Regional School District 08","=""2080012""","English Language Learners (EL)","Not English Learners","*","*","*","*","*","*"
"Regional School District 08","=""2080012""","Gender","Female","*","*","*","*","*","*"
"Regional School District 08","=""2080012""","Gender","Male",285,64.1,285,65.4,201,65.6
"Regional School District 08","=""2080012""","Gender","Non-Binary","*","*","*","*","*","*"
"Regional School District 08","=""2080012""","Grade","07",169,71.6,169,69.0,"N/A","N/A"
"Regional School District 08","=""2080012""","Grade","08",190,68.0,189,66.1,190,70.1
"Regional School District 08","=""2080012""","Grade","11",189,61.3,189,59.2,186,62.8
"Regional School District 08","=""2080012""","High Needs (F/R, EL or SWD)","High Needs",148,54.9,147,51.4,98,58.1
"Regional School District 08","=""2080012""","High Needs (F/R, EL or SWD)","Not High Needs",400,71.2,400,69.5,278,69.4
"Regional School District 08","=""2080012""","Free/Reduced Price Meal Eligibility (2-level)","Eligible For Free Or Reduced Price Meals",99,55.8,98,52.1,63,61.0
"Regional School District 08","=""2080012""","Free/Reduced Price Meal Eligibility (2-level)","Not Eligible For Free Or Reduced Price Meals",449,69.2,449,67.3,313,67.6
"Regional School District 08","=""2080012""","Race/Ethnicity","American Indian or Alaska Native","*","*","*","*","*","*"
"Regional School District 08","=""2080012""","Race/Ethnicity","Asian","*","*","*","*","*","*"
"Regional School District 08","=""2080012""","Race/Ethnicity","Black or African American",8,"*",8,"*","*","*"
"Regional School District 08","=""2080012""","Race/Ethnicity","Hispanic or Latino",56,64.7,55,60.8,37,64.5
"Regional School District 08","=""2080012""","Race/Ethnicity","Two or More Races",21,65.7,21,58.1,16,"*"
"Regional School District 08","=""2080012""","Race/Ethnicity","White",456,67.3,456,65.7,316,66.9
"Regional School District 08","=""2080012""","Special Education Status (SWD)","Students with Disabilities",80,48.3,80,45.4,53,52.9
"Regional School District 08","=""2080012""","Special Education Status (SWD)","Students without Disabilities",468,69.9,467,67.9,323,68.7
"Regional School District 09","=""2090012""","All Students","District",185,67.7,185,64.7,185,83.8
"Regional School District 09","=""2090012""","English Language Learners (EL)","English Learners","*","*","*","*","*","*"
"Regional School District 09","=""2090012""","English Language Learners (EL)","Not English Learners","*","*","*","*","*","*"
"Regional School District 09","=""2090012""","Gender","Female",105,68.1,105,64.1,104,83.5
"Regional School District 09","=""2090012""","Gender","Male",80,67.3,80,65.5,81,84.2
"Regional School District 09","=""2090012""","Grade","11",185,67.7,185,64.7,185,83.8
"Regional School District 09","=""2090012""","High Needs (F/R, EL or SWD)","High Needs",31,54.3,31,49.7,32,66.1
"Regional School District 09","=""2090012""","High Needs (F/R, EL or SWD)","Not High Needs",154,70.5,154,67.7,153,87.5
"Regional School District 09","=""2090012""","Free/Reduced Price Meal Eligibility (2-level)","Eligible For Free Or Reduced Price Meals",16,"*",16,"*",16,"*"
"Regional School District 09","=""2090012""","Free/Reduced Price Meal Eligibility (2-level)","Not Eligible For Free Or Reduced Price Meals",169,68.0,169,65.5,169,84.1
"Regional School District 09","=""2090012""","Race/Ethnicity","Asian",12,"*",12,"*",12,"*"
"Regional School District 09","=""2090012""","Race/Ethnicity","Black or African American","*","*","*","*","*","*"
"Regional School District 09","=""2090012""","Race/Ethnicity","Hispanic or Latino",18,"*",18,"*",18,"*"
"Regional School District 09","=""2090012""","Race/Ethnicity","Two or More Races","*","*","*","*","*","*"
"Regional School District 09","=""2090012""","Race/Ethnicity","White",145,68.1,145,64.8,145,84.6
"Regional School District 09","=""2090012""","Special Education Status (SWD)","Students with Disabilities",15,"*",15,"*",16,"*"
"Regional School District 09","=""2090012""","Special Education Status (SWD)","Students without Disabilities",170,70.2,170,66.9,169,86.9
"Regional School District 10","=""2100012""","All Students","District",1142,71.2,1140,68.1,481,71.2
"Regional School District 10","=""2100012""","English Language Learners (EL)","English Learners",38,66.2,38,65.4,13,"*"
"Regional School District 10","=""2100012""","English Language Learners (EL)","Not English Learners",1104,71.4,1102,68.2,468,71.5
"Regional School District 10","=""2100012""","Gender","Female","*","*","*","*","*","*"
"Regional School District 10","=""2100012""","Gender","Male",602,70.9,600,69.3,248,72.6
"Regional School District 10","=""2100012""","Gender","Non-Binary","*","*","*","*","*","*"
"Regional School District 10","=""2100012""","Grade","03",164,69.9,164,69.7,"N/A","N/A"
"Regional School District 10","=""2100012""","Grade","04",162,76.9,162,76.9,"N/A","N/A"
"Regional School District 10","=""2100012""","Grade","05",148,71.3,148,69.2,148,69.4
"Regional School District 10","=""2100012""","Grade","06",161,75.2,161,74.5,"N/A","N/A"
"Regional School District 10","=""2100012""","Grade","07",173,71.7,173,67.3,"N/A","N/A"
"Regional School District 10","=""2100012""","Grade","08",165,71.3,163,66.9,164,72.6
"Regional School District 10","=""2100012""","Grade","11",169,62.7,169,53.2,169,71.5
"Regional School District 10","=""2100012""","High Needs (F/R, EL or SWD)","High Needs",354,62.4,352,59.2,137,60.9
"Regional School District 10","=""2100012""","High Needs (F/R, EL or SWD)","Not High Needs",788,75.2,788,72.1,344,75.3
"Regional School District 10","=""2100012""","Free/Reduced Price Meal Eligibility (2-level)","Eligible For Free Or Reduced Price Meals",202,64.9,202,62.0,78,64.2
"Regional School District 10","=""2100012""","Free/Reduced Price Meal Eligibility (2-level)","Not Eligible For Free Or Reduced Price Meals",940,72.6,938,69.4,403,72.6
"Regional School District 10","=""2100012""","Race/Ethnicity","Asian","*","*","*","*","*","*"
"Regional School District 10","=""2100012""","Race/Ethnicity","Black or African American","*","*","*","*","*","*"
"Regional School District 10","=""2100012""","Race/Ethnicity","Hispanic or Latino",85,67.1,85,62.5,40,66.5
"Regional School District 10","=""2100012""","Race/Ethnicity","Two or More Races",278,71.8,278,68.1,120,70.1
"Regional School District 10","=""2100012""","Race/Ethnicity","White",770,71.5,768,68.8,317,72.3
"Regional School District 10","=""2100012""","Special Education Status (SWD)","Students with Disabilities",190,56.4,188,51.8,70,55.4
"Regional School District 10","=""2100012""","Special Education Status (SWD)","Students without Disabilities",952,74.2,952,71.4,411,73.9
"Regional School District 11","=""2110012""","All Students","District",115,65.3,114,57.2,82,69.0
"Regional School District 11","=""2110012""","English Language Learners (EL)","English Learners",0,"N/A",0,"N/A",0,"N/A"
"Regional School District 11","=""2110012""","English Language Learners (EL)","Not English Learners",115,65.3,114,57.2,82,69.0
"Regional School District 11","=""2110012""","Gender","Female",64,65.4,64,54.5,48,65.9
"Regional School District 11","=""2110012""","Gender","Male",51,65.2,50,60.7,34,73.5
"Regional School District 11","=""2110012""","Grade","07",33,69.4,33,61.2,"N/A","N/A"
"Regional School District 11","=""2110012""","Grade","08",53,65.0,52,56.7,53,69.7
"Regional School District 11","=""2110012""","Grade","11",29,61.3,29,53.5,29,67.8
"Regional School District 11","=""2110012""","High Needs (F/R, EL or SWD)","High Needs",55,58.5,54,50.8,40,64.9
"Regional School District 11","=""2110012""","High Needs (F/R, EL or SWD)","Not High Needs",60,71.6,60,63.0,42,73.0
"Regional School District 11","=""2110012""","Free/Reduced Price Meal Eligibility (2-level)","Eligible For Free Or Reduced Price Meals",47,59.1,46,51.0,34,65.5
"Regional School District 11","=""2110012""","Free/Reduced Price Meal Eligibility (2-level)","Not Eligible For Free Or Reduced Price Meals",68,69.6,68,61.4,48,71.5
"Regional School District 11","=""2110012""","Race/Ethnicity","Black or African American","*","*","*","*","*","*"
"Regional School District 11","=""2110012""","Race/Ethnicity","Hispanic or Latino",8,"*",8,"*","*","*"
"Regional School District 11","=""2110012""","Race/Ethnicity","Two or More Races","*","*","*","*","*","*"
"Regional School District 11","=""2110012""","Race/Ethnicity","White",103,67.0,102,58.6,76,70.2
"Regional School District 11","=""2110012""","Special Education Status (SWD)","Students with Disabilities",22,51.8,22,39.4,15,"*"
"Regional School District 11","=""2110012""","Special Education Status (SWD)","Students without Disabilities",93,68.5,92,61.5,67,73.2
"Regional School District 12","=""2120012""","All Students","District",352,76.8,351,71.1,179,74.2
"Regional School District 12","=""2120012""","English Language Learners (EL)","English Learners",9,"*",9,"*","*","*"
"Regional School District 12","=""2120012""","English Language Learners (EL)","Not English Learners",343,77.2,342,71.4,"*","*"
"Regional School District 12","=""2120012""","Gender","Female",187,78.5,186,70.0,85,71.7
"Regional School District 12","=""2120012""","Gender","Male","*","*","*","*",94,76.5
"Regional School District 12","=""2120012""","Gender","Non-Binary","*","*","*","*","N/A","N/A"
"Regional School District 12","=""2120012""","Grade","03",45,84.9,45,83.2,"N/A","N/A"
"Regional School District 12","=""2120012""","Grade","04",45,85.1,45,78.3,"N/A","N/A"
"Regional School District 12","=""2120012""","Grade","05",34,82.5,34,83.8,34,86.3
"Regional School District 12","=""2120012""","Grade","06",40,78.3,40,72.9,"N/A","N/A"
"Regional School District 12","=""2120012""","Grade","07",44,78.0,43,72.3,"N/A","N/A"
"Regional School District 12","=""2120012""","Grade","08",61,79.4,61,68.8,61,76.5
"Regional School District 12","=""2120012""","Grade","11",83,62.4,83,55.7,84,67.6
"Regional School District 12","=""2120012""","High Needs (F/R, EL or SWD)","High Needs",111,66.9,111,61.1,56,63.0
"Regional School District 12","=""2120012""","High Needs (F/R, EL or SWD)","Not High Needs",241,81.4,240,75.7,123,79.3
"Regional School District 12","=""2120012""","Free/Reduced Price Meal Eligibility (2-level)","Eligible For Free Or Reduced Price Meals",72,71.7,72,66.8,31,67.0
"Regional School District 12","=""2120012""","Free/Reduced Price Meal Eligibility (2-level)","Not Eligible For Free Or Reduced Price Meals",280,78.2,279,72.2,148,75.7
"Regional School District 12","=""2120012""","Race/Ethnicity","Asian","*","*","*","*","*","*"
"Regional School District 12","=""2120012""","Race/Ethnicity","Black or African American","*","*","*","*","*","*"
"Regional School District 12","=""2120012""","Race/Ethnicity","Hispanic or Latino",39,76.3,39,72.5,16,"*"
"Regional School District 12","=""2120012""","Race/Ethnicity","Two or More Races",19,"*",19,"*",6,"*"
"Regional School District 12","=""2120012""","Race/Ethnicity","White",291,76.5,290,70.7,154,73.8
"Regional School District 12","=""2120012""","Special Education Status (SWD)","Students with Disabilities",52,57.3,52,51.5,29,58.2
"Regional School District 12","=""2120012""","Special Education Status (SWD)","Students without Disabilities",300,80.2,299,74.5,150,77.3
"Regional School District 13","=""2130012""","All Students","District",713,68.6,712,63.2,310,66.9
"Regional School District 13","=""2130012""","English Language Learners (EL)","English Learners",18,"*",18,"*","*","*"
"Regional School District 13","=""2130012""","English Language Learners (EL)","Not English Learners",695,68.9,694,63.5,"*","*"
"Regional School District 13","=""2130012""","Gender","Female",363,71.2,363,62.7,165,67.6
"Regional School District 13","=""2130012""","Gender","Male",350,65.9,349,63.8,145,66.0
"Regional School District 13","=""2130012""","Grade","03",101,70.0,101,65.3,"N/A","N/A"
"Regional School District 13","=""2130012""","Grade","04",102,76.0,102,70.6,"N/A","N/A"
"Regional School District 13","=""2130012""","Grade","05",114,72.1,114,63.7,114,72.4
"Regional School District 13","=""2130012""","Grade","06",96,66.5,95,62.6,"N/A","N/A"
"Regional School District 13","=""2130012""","Grade","07",105,72.3,105,66.0,"N/A","N/A"
"Regional School District 13","=""2130012""","Grade","08",98,61.6,98,58.9,98,60.9
"Regional School District 13","=""2130012""","Grade","11",97,60.3,97,54.6,98,66.4
"Regional School District 13","=""2130012""","High Needs (F/R, EL or SWD)","High Needs",231,53.2,230,47.8,110,47.7
"Regional School District 13","=""2130012""","High Needs (F/R, EL or SWD)","Not High Needs",482,76.0,482,70.6,200,77.4
"Regional School District 13","=""2130012""","Free/Reduced Price Meal Eligibility (2-level)","Eligible For Free Or Reduced Price Meals",111,57.8,110,51.6,50,55.2
"Regional School District 13","=""2130012""","Free/Reduced Price Meal Eligibility (2-level)","Not Eligible For Free Or Reduced Price Meals",602,70.6,602,65.3,260,69.1
"Regional School District 13","=""2130012""","Race/Ethnicity","American Indian or Alaska Native","*","*","*","*","N/A","N/A"
"Regional School District 13","=""2130012""","Race/Ethnicity","Asian",10,"*",10,"*","*","*"
"Regional School District 13","=""2130012""","Race/Ethnicity","Black or African American","*","*","*","*","*","*"
"Regional School District 13","=""2130012""","Race/Ethnicity","Hispanic or Latino",52,60.0,52,50.7,24,56.3
"Regional School District 13","=""2130012""","Race/Ethnicity","Two or More Races",22,73.8,22,69.8,11,"*"
"Regional School District 13","=""2130012""","Race/Ethnicity","White",626,69.3,625,63.9,267,67.8
"Regional School District 13","=""2130012""","Special Education Status (SWD)","Students with Disabilities",156,46.9,155,41.3,82,41.6
"Regional School District 13","=""2130012""","Special Education Status (SWD)","Students without Disabilities",557,74.7,557,69.3,228,76.0
"Regional School District 14","=""2140012""","All Students","District",740,68.0,740,65.4,338,67.0
"Regional School District 14","=""2140012""","English Language Learners (EL)","English Learners",20,53.5,20,54.7,7,"*"
"Regional School District 14","=""2140012""","English Language Learners (EL)","Not English Learners",720,68.4,720,65.7,331,67.2
"Regional School District 14","=""2140012""","Gender","Female",383,70.2,383,65.2,161,67.5
"Regional School District 14","=""2140012""","Gender","Male",357,65.6,357,65.5,177,66.7
"Regional School District 14","=""2140012""","Grade","03",93,70.1,93,65.2,"N/A","N/A"
"Regional School District 14","=""2140012""","Grade","04",106,75.1,106,70.6,"N/A","N/A"
"Regional School District 14","=""2140012""","Grade","05",84,73.5,84,72.9,84,82.1
"Regional School District 14","=""2140012""","Grade","06",104,71.4,104,64.5,"N/A","N/A"
"Regional School District 14","=""2140012""","Grade","07",98,71.3,98,67.9,"N/A","N/A"
"Regional School District 14","=""2140012""","Grade","08",107,66.0,107,67.6,107,66.2
"Regional School District 14","=""2140012""","Grade","11",148,55.3,148,54.8,147,59.1
"Regional School District 14","=""2140012""","High Needs (F/R, EL or SWD)","High Needs",286,59.5,286,56.4,130,60.0
"Regional School District 14","=""2140012""","High Needs (F/R, EL or SWD)","Not High Needs",454,73.3,454,71.0,208,71.5
"Regional School District 14","=""2140012""","Free/Reduced Price Meal Eligibility (2-level)","Eligible For Free Or Reduced Price Meals",175,62.8,175,61.0,77,65.0
"Regional School District 14","=""2140012""","Free/Reduced Price Meal Eligibility (2-level)","Not Eligible For Free Or Reduced Price Meals",565,69.6,565,66.7,261,67.7
"Regional School District 14","=""2140012""","Race/Ethnicity","American Indian or Alaska Native","*","*","*","*","*","*"
"Regional School District 14","=""2140012""","Race/Ethnicity","Asian","*","*","*","*","*","*"
"Regional School District 14","=""2140012""","Race/Ethnicity","Black or African American",11,"*",11,"*","*","*"
"Regional School District 14","=""2140012""","Race/Ethnicity","Hispanic or Latino",78,68.3,78,62.9,33,66.8
"Regional School District 14","=""2140012""","Race/Ethnicity","Two or More Races",27,68.4,27,64.1,10,"*"
"Regional School District 14","=""2140012""","Race/Ethnicity","White",613,68.4,613,66.2,287,67.7
"Regional School District 14","=""2140012""","Special Education Status (SWD)","Students with Disabilities",156,52.9,156,47.9,68,52.8
"Regional School District 14","=""2140012""","Special Education Status (SWD)","Students without Disabilities",584,72.0,584,70.0,270,70.6
"Regional School District 15","=""2150012""","All Students","District",1836,70.2,1833,70.8,803,73.1
"Regional School District 15","=""2150012""","English Language Learners (EL)","English Learners",57,62.0,57,65.2,21,64.0
"Regional School District 15","=""2150012""","English Language Learners (EL)","Not English Learners",1779,70.4,1776,71.0,782,73.3
"Regional School District 15","=""2150012""","Gender","Female",879,72.3,878,69.5,372,72.0
"Regional School District 15","=""2150012""","Gender","Male",957,68.2,955,72.1,431,74.0
"Regional School District 15","=""2150012""","Grade","03",235,72.0,235,70.9,"N/A","N/A"
"Regional School District 15","=""2150012""","Grade","04",267,75.0,267,74.9,"N/A","N/A"
"Regional School District 15","=""2150012""","Grade","05",300,72.5,300,75.1,300,74.6
"Regional School District 15","=""2150012""","Grade","06",266,70.5,265,70.0,"N/A","N/A"
"Regional School District 15","=""2150012""","Grade","07",262,69.2,262,70.3,"N/A","N/A"
"Regional School District 15","=""2150012""","Grade","08",264,68.7,262,70.4,262,72.9
"Regional School District 15","=""2150012""","Grade","11",242,62.5,242,62.9,241,71.3
"Regional School District 15","=""2150012""","High Needs (F/R, EL or SWD)","High Needs",532,58.0,529,58.0,237,60.3
"Regional School District 15","=""2150012""","High Needs (F/R, EL or SWD)","Not High Needs",1304,75.1,1304,76.0,566,78.4
"Regional School District 15","=""2150012""","Free/Reduced Price Meal Eligibility (2-level)","Eligible For Free Or Reduced Price Meals",271,60.8,270,60.3,125,62.3
"Regional School District 15","=""2150012""","Free/Reduced Price Meal Eligibility (2-level)","Not Eligible For Free Or Reduced Price Meals",1565,71.8,1563,72.7,678,75.1
"Regional School District 15","=""2150012""","Race/Ethnicity","American Indian or Alaska Native","*","*","*","*","*","*"
"Regional School District 15","=""2150012""","Race/Ethnicity","Asian",96,78.1,96,82.2,41,80.7
"Regional School District 15","=""2150012""","Race/Ethnicity","Black or African American","*","*","*","*","*","*"
"Regional School District 15","=""2150012""","Race/Ethnicity","Hispanic or Latino",164,65.0,163,64.6,75,67.4
"Regional School District 15","=""2150012""","Race/Ethnicity","Two or More Races",64,70.1,64,72.6,30,75.1
"Regional School District 15","=""2150012""","Race/Ethnicity","White",1464,70.5,1462,71.1,639,73.6
"Regional School District 15","=""2150012""","Special Education Status (SWD)","Students with Disabilities",321,53.1,319,52.2,143,55.3
"Regional School District 15","=""2150012""","Special Education Status (SWD)","Students without Disabilities",1515,73.8,1514,74.8,660,76.9
"Regional School District 16","=""2160012""","All Students","District",1003,70.3,1002,69.3,457,69.0
"Regional School District 16","=""2160012""","English Language Learners (EL)","English Learners",55,61.3,55,62.2,19,"*"
"Regional School District 16","=""2160012""","English Language Learners (EL)","Not English Learners",948,70.8,947,69.8,438,69.2
"Regional School District 16","=""2160012""","Gender","Female",499,71.0,498,67.8,233,69.8
"Regional School District 16","=""2160012""","Gender","Male",504,69.6,504,70.8,224,68.1
"Regional School District 16","=""2160012""","Grade","03",139,77.3,139,78.1,"N/A","N/A"
"Regional School District 16","=""2160012""","Grade","04",137,76.4,137,76.6,"N/A","N/A"
"Regional School District 16","=""2160012""","Grade","05",155,73.3,155,74.1,155,76.0
"Regional School District 16","=""2160012""","Grade","06",137,73.4,137,71.1,"N/A","N/A"
"Regional School District 16","=""2160012""","Grade","07",133,68.3,132,66.8,"N/A","N/A"
"Regional School District 16","=""2160012""","Grade","08",150,66.8,150,66.0,150,66.7
"Regional School District 16","=""2160012""","Grade","11",152,57.7,152,53.9,152,64.1
"Regional School District 16","=""2160012""","High Needs (F/R, EL or SWD)","High Needs",390,61.1,389,59.8,165,59.0
"Regional School District 16","=""2160012""","High Needs (F/R, EL or SWD)","Not High Needs",613,76.2,613,75.4,292,74.6
"Regional School District 16","=""2160012""","Free/Reduced Price Meal Eligibility (2-level)","Eligible For Free Or Reduced Price Meals",259,64.1,258,63.0,108,64.0
"Regional School District 16","=""2160012""","Free/Reduced Price Meal Eligibility (2-level)","Not Eligible For Free Or Reduced Price Meals",744,72.5,744,71.5,349,70.5
"Regional School District 16","=""2160012""","Race/Ethnicity","Asian",19,"*",19,"*","*","*"
"Regional School District 16","=""2160012""","Race/Ethnicity","Black or African American",43,64.5,43,61.3,24,64.9
"Regional School District 16","=""2160012""","Race/Ethnicity","Hispanic or Latino",100,63.8,100,61.7,40,59.6
"Regional School District 16","=""2160012""","Race/Ethnicity","Two or More Races",26,65.6,26,61.7,"*","*"
"Regional School District 16","=""2160012""","Race/Ethnicity","White",815,71.6,814,70.9,375,70.6
"Regional School District 16","=""2160012""","Special Education Status (SWD)","Students with Disabilities",170,50.0,169,47.0,69,45.8
"Regional School District 16","=""2160012""","Special Education Status (SWD)","Students without Disabilities",833,74.4,833,73.9,388,73.1
"Regional School District 17","=""2170012""","All Students","District",920,72.4,919,70.4,371,73.8
"Regional School District 17","=""2170012""","English Language Learners (EL)","English Learners",14,"*",14,"*",7,"*"
"Regional School District 17","=""2170012""","English Language Learners (EL)","Not English Learners",906,72.6,905,70.6,364,73.8
"Regional School District 17","=""2170012""","Gender","Female","*","*","*","*","*","*"
"Regional School District 17","=""2170012""","Gender","Male",470,70.2,469,70.9,202,72.1
"Regional School District 17","=""2170012""","Gender","Non-Binary","*","*","*","*","*","*"
"Regional School District 17","=""2170012""","Grade","03",131,75.9,131,72.2,"N/A","N/A"
"Regional School District 17","=""2170012""","Grade","04",141,75.2,140,74.7,"N/A","N/A"
"Regional School District 17","=""2170012""","Grade","05",132,75.8,132,76.2,133,78.2
"Regional School District 17","=""2170012""","Grade","06",123,74.6,123,71.7,"N/A","N/A"
"Regional School District 17","=""2170012""","Grade","07",155,72.8,155,68.2,"N/A","N/A"
"Regional School District 17","=""2170012""","Grade","08",111,67.6,111,68.0,111,72.2
"Regional School District 17","=""2170012""","Grade","11",127,63.8,127,61.4,127,70.5
"Regional School District 17","=""2170012""","High Needs (F/R, EL or SWD)","High Needs",256,59.8,255,58.1,91,61.6
"Regional School District 17","=""2170012""","High Needs (F/R, EL or SWD)","Not High Needs",664,77.3,664,75.1,280,77.7
"Regional School District 17","=""2170012""","Free/Reduced Price Meal Eligibility (2-level)","Eligible For Free Or Reduced Price Meals",122,66.8,121,66.1,46,66.9
"Regional School District 17","=""2170012""","Free/Reduced Price Meal Eligibility (2-level)","Not Eligible For Free Or Reduced Price Meals",798,73.2,798,71.0,325,74.7
"Regional School District 17","=""2170012""","Race/Ethnicity","American Indian or Alaska Native","*","*","*","*","N/A","N/A"
"Regional School District 17","=""2170012""","Race/Ethnicity","Asian","*","*","*","*","*","*"
"Regional School District 17","=""2170012""","Race/Ethnicity","Black or African American",14,"*",14,"*","*","*"
"Regional School District 17","=""2170012""","Race/Ethnicity","Hispanic or Latino",46,75.4,46,71.8,19,"*"
"Regional School District 17","=""2170012""","Race/Ethnicity","Two or More Races",32,68.2,32,66.0,12,"*"
"Regional School District 17","=""2170012""","Race/Ethnicity","White",817,72.3,816,70.5,330,73.9
"Regional School District 17","=""2170012""","Special Education Status (SWD)","Students with Disabilities",166,53.0,165,51.0,57,54.1
"Regional School District 17","=""2170012""","Special Education Status (SWD)","Students without Disabilities",754,76.7,754,74.6,314,77.3
"Regional School District 18","=""2180012""","All Students","District",614,76.3,613,75.5,260,77.1
"Regional School District 18","=""2180012""","English Language Learners (EL)","English Learners",28,60.4,28,62.7,10,"*"
"Regional School District 18","=""2180012""","English Language Learners (EL)","Not English Learners",586,77.0,585,76.1,250,78.1
"Regional School District 18","=""2180012""","Gender","Female",287,77.6,286,74.5,129,75.0
"Regional School District 18","=""2180012""","Gender","Male",327,75.1,327,76.4,131,79.2
"Regional School District 18","=""2180012""","Gender","Non-Binary",0,"N/A",0,"N/A",0,"N/A"
"Regional School District 18","=""2180012""","Grade","03",76,79.5,76,76.5,"N/A","N/A"
"Regional School District 18","=""2180012""","Grade","04",95,81.1,95,78.0,"N/A","N/A"
"Regional School District 18","=""2180012""","Grade","05",79,76.9,78,74.8,78,77.4
"Regional School District 18","=""2180012""","Grade","06",90,76.2,90,73.3,"N/A","N/A"
"Regional School District 18","=""2180012""","Grade","07",92,77.2,92,79.6,"N/A","N/A"
"Regional School District 18","=""2180012""","Grade","08",87,76.7,87,82.8,87,83.4
"Regional School District 18","=""2180012""","Grade","11",95,67.1,95,64.1,95,71.1
"Regional School District 18","=""2180012""","High Needs (F/R, EL or SWD)","High Needs",173,64.6,173,63.9,66,63.9
"Regional School District 18","=""2180012""","High Needs (F/R, EL or SWD)","Not High Needs",441,80.8,440,80.0,194,81.6
"Regional School District 18","=""2180012""","Free/Reduced Price Meal Eligibility (2-level)","Eligible For Free Or Reduced Price Meals",84,68.1,84,67.8,35,68.4
"Regional School District 18","=""2180012""","Free/Reduced Price Meal Eligibility (2-level)","Not Eligible For Free Or Reduced Price Meals",530,77.5,529,76.7,225,78.5
"Regional School District 18","=""2180012""","Race/Ethnicity","Asian","*","*","*","*","*","*"
"Regional School District 18","=""2180012""","Race/Ethnicity","Black or African American","*","*","*","*","*","*"
"Regional School District 18","=""2180012""","Race/Ethnicity","Hispanic or Latino",41,70.7,41,70.3,23,72.5
"Regional School District 18","=""2180012""","Race/Ethnicity","Two or More Races",31,75.8,31,73.5,16,"*"
"Regional School District 18","=""2180012""","Race/Ethnicity","White",520,77.0,519,76.0,210,77.6
"Regional School District 18","=""2180012""","Special Education Status (SWD)","Students with Disabilities",91,59.2,91,57.1,28,55.7
"Regional School District 18","=""2180012""","Special Education Status (SWD)","Students without Disabilities",523,79.2,522,78.7,232,79.7
"Regional School District 19","=""2190012""","All Students","District",281,61.5,281,55.7,279,65.9
"Regional School District 19","=""2190012""","English Language Learners (EL)","English Learners","*","*","*","*","*","*"
"Regional School District 19","=""2190012""","English Language Learners (EL)","Not English Learners","*","*","*","*","*","*"
"Regional School District 19","=""2190012""","Gender","Female",157,64.4,157,57.2,159,67.4
"Regional School District 19","=""2190012""","Gender","Male","*","*","*","*","*","*"
"Regional School District 19","=""2190012""","Gender","Non-Binary","*","*","*","*","*","*"
"Regional School District 19","=""2190012""","Grade","11",281,61.5,281,55.7,279,65.9
"Regional School District 19","=""2190012""","High Needs (F/R, EL or SWD)","High Needs",99,48.6,99,44.3,100,56.7
"Regional School District 19","=""2190012""","High Needs (F/R, EL or SWD)","Not High Needs",182,68.4,182,62.0,179,71.0
"Regional School District 19","=""2190012""","Free/Reduced Price Meal Eligibility (2-level)","Eligible For Free Or Reduced Price Meals",68,49.2,68,46.7,68,57.2
"Regional School District 19","=""2190012""","Free/Reduced Price Meal Eligibility (2-level)","Not Eligible For Free Or Reduced Price Meals",213,65.4,213,58.6,211,68.7
"Regional School District 19","=""2190012""","Race/Ethnicity","Asian",26,74.0,26,74.3,26,78.5
"Regional School District 19","=""2190012""","Race/Ethnicity","Black or African American","*","*","*","*","*","*"
"Regional School District 19","=""2190012""","Race/Ethnicity","Hispanic or Latino",43,52.4,43,47.6,41,58.9
"Regional School District 19","=""2190012""","Race/Ethnicity","Two or More Races","*","*","*","*","*","*"
"Regional School District 19","=""2190012""","Race/Ethnicity","White",201,61.6,201,55.2,201,65.8
"Regional School District 19","=""2190012""","Special Education Status (SWD)","Students with Disabilities",50,42.9,50,35.5,52,53.6
"Regional School District 19","=""2190012""","Special Education Status (SWD)","Students without Disabilities",231,65.5,231,60.1,227,68.7
"Goodwin University Educational Services (GUES)","=""2310018""","All Students","District",509,49.3,509,42.0,242,45.0
"Goodwin University Educational Services (GUES)","=""2310018""","English Language Learners (EL)","English Learners",104,43.1,104,38.5,50,45.6
"Goodwin University Educational Services (GUES)","=""2310018""","English Language Learners (EL)","Not English Learners",405,50.9,405,42.8,192,44.8
"Goodwin University Educational Services (GUES)","=""2310018""","Gender","Female",260,49.4,260,40.6,"*","*"
"Goodwin University Educational Services (GUES)","=""2310018""","Gender","Male","*","*","*","*",121,44.9
"Goodwin University Educational Services (GUES)","=""2310018""","Gender","Non-Binary","*","*","*","*","*","*"
"Goodwin University Educational Services (GUES)","=""2310018""","Grade","03",61,54.3,61,44.8,"N/A","N/A"
"Goodwin University Educational Services (GUES)","=""2310018""","Grade","04",63,54.9,63,47.7,"N/A","N/A"
"Goodwin University Educational Services (GUES)","=""2310018""","Grade","05",63,48.6,63,44.8,63,50.8
"Goodwin University Educational Services (GUES)","=""2310018""","Grade","06",72,48.3,72,38.6,"N/A","N/A"
"Goodwin University Educational Services (GUES)","=""2310018""","Grade","07",79,47.4,79,39.8,"N/A","N/A"
"Goodwin University Educational Services (GUES)","=""2310018""","Grade","08",78,50.2,78,44.2,77,49.8
"Goodwin University Educational Services (GUES)","=""2310018""","Grade","11",93,44.3,93,36.8,102,37.8
"Goodwin University Educational Services (GUES)","=""2310018""","High Needs (F/R, EL or SWD)","High Needs",392,46.8,392,39.9,187,44.0
"Goodwin University Educational Services (GUES)","=""2310018""","High Needs (F/R, EL or SWD)","Not High Needs",117,57.5,117,48.7,55,48.6
"Goodwin University Educational Services (GUES)","=""2310018""","Free/Reduced Price Meal Eligibility (2-level)","Eligible For Free Or Reduced Price Meals",359,46.9,359,39.7,165,43.6
"Goodwin University Educational Services (GUES)","=""2310018""","Free/Reduced Price Meal Eligibility (2-level)","Not Eligible For Free Or Reduced Price Meals",150,55.1,150,47.4,77,47.9
"Goodwin University Educational Services (GUES)","=""2310018""","Race/Ethnicity","Asian","*","*","*","*","*","*"
"Goodwin University Educational Services (GUES)","=""2310018""","Race/Ethnicity","Black or African American",160,46.4,160,37.2,80,41.5
"Goodwin University Educational Services (GUES)","=""2310018""","Race/Ethnicity","Hispanic or Latino",257,47.2,257,40.7,116,44.2
"Goodwin University Educational Services (GUES)","=""2310018""","Race/Ethnicity","Native Hawaiian or Other Pacific Islander","*","*","*","*","*","*"
"Goodwin University Educational Services (GUES)","=""2310018""","Race/Ethnicity","Two or More Races",33,55.7,33,49.0,18,"*"
"Goodwin University Educational Services (GUES)","=""2310018""","Race/Ethnicity","White",47,65.4,47,58.6,21,56.3
"Goodwin University Educational Services (GUES)","=""2310018""","Special Education Status (SWD)","Students with Disabilities",88,35.9,88,28.1,42,36.1
"Goodwin University Educational Services (GUES)","=""2310018""","Special Education Status (SWD)","Students without Disabilities",421,52.1,421,44.9,200,46.9
"Capitol Region Education Council","=""2410014""","All Students","District",3999,53.7,3976,46.7,1585,47.9
"Capitol Region Education Council","=""2410014""","English Language Learners (EL)","English Learners",597,47.7,596,43.0,222,42.9
"Capitol Region Education Council","=""2410014""","English Language Learners (EL)","Not English Learners",3402,54.8,3380,47.3,1363,48.7
"Capitol Region Education Council","=""2410014""","Gender","Female",2019,55.3,2007,46.2,798,48.2
"Capitol Region Education Council","=""2410014""","Gender","Male",1968,52.1,1958,47.2,777,47.5
"Capitol Region Education Council","=""2410014""","Gender","Non-Binary",12,"*",11,"*",10,"*"
"Capitol Region Education Council","=""2410014""","Grade","03",557,56.8,557,51.0,"N/A","N/A"
"Capitol Region Education Council","=""2410014""","Grade","04",559,59.6,558,56.2,"N/A","N/A"
"Capitol Region Education Council","=""2410014""","Grade","05",549,55.9,548,53.9,547,54.5
"Capitol Region Education Council","=""2410014""","Grade","06",640,56.3,638,44.7,"N/A","N/A"
"Capitol Region Education Council","=""2410014""","Grade","07",634,52.9,626,43.4,"N/A","N/A"
"Capitol Region Education Council","=""2410014""","Grade","08",627,48.5,616,39.3,623,44.8
"Capitol Region Education Council","=""2410014""","Grade","11",433,44.6,433,37.9,415,43.9
"Capitol Region Education Council","=""2410014""","High Needs (F/R, EL or SWD)","High Needs",2867,48.7,2847,41.7,1111,42.3
"Capitol Region Education Council","=""2410014""","High Needs (F/R, EL or SWD)","Not High Needs",1132,66.5,1129,59.2,474,61.1
"Capitol Region Education Council","=""2410014""","Free/Reduced Price Meal Eligibility (2-level)","Eligible For Free Or Reduced Price Meals",2464,48.7,2446,41.2,961,41.6
"Capitol Region Education Council","=""2410014""","Free/Reduced Price Meal Eligibility (2-level)","Not Eligible For Free Or Reduced Price Meals",1535,61.8,1530,55.4,624,57.6
"Capitol Region Education Council","=""2410014""","Race/Ethnicity","American Indian or Alaska Native","*","*","*","*","*","*"
"Capitol Region Education Council","=""2410014""","Race/Ethnicity","Asian",192,75.6,192,74.8,65,79.3
"Capitol Region Education Council","=""2410014""","Race/Ethnicity","Black or African American",1313,51.3,1307,43.0,534,44.1
"Capitol Region Education Council","=""2410014""","Race/Ethnicity","Hispanic or Latino",1752,49.5,1739,42.4,694,43.4
"Capitol Region Education Council","=""2410014""","Race/Ethnicity","Native Hawaiian or Other Pacific Islander","*","*","*","*","*","*"
"Capitol Region Education Council","=""2410014""","Race/Ethnicity","Two or More Races",235,56.7,234,50.9,73,51.0
"Capitol Region Education Council","=""2410014""","Race/Ethnicity","White",493,65.5,490,59.0,214,61.4
"Capitol Region Education Council","=""2410014""","Special Education Status (SWD)","Students with Disabilities",947,37.6,936,31.3,373,33.8
"Capitol Region Education Council","=""2410014""","Special Education Status (SWD)","Students without Disabilities",3052,58.8,3040,51.4,1212,52.2
"EdAdvance","=""2420014""","All Students","District",27,44.1,26,34.8,21,36.1
"EdAdvance","=""2420014""","English Language Learners (EL)","English Learners","*","*","*","*","*","*"
"EdAdvance","=""2420014""","English Language Learners (EL)","Not English Learners","*","*","*","*","*","*"
"EdAdvance","=""2420014""","Gender","Female",6,"*",6,"*","*","*"
"EdAdvance","=""2420014""","Gender","Male",21,42.9,20,35.8,"*","*"
"EdAdvance","=""2420014""","Grade","03","*","*","*","*","N/A","N/A"
"EdAdvance","=""2420014""","Grade","04","*","*","*","*","N/A","N/A"
"EdAdvance","=""2420014""","Grade","05","*","*","*","*","*","*"
"EdAdvance","=""2420014""","Grade","07","*","*","*","*","N/A","N/A"
"EdAdvance","=""2420014""","Grade","08",7,"*",6,"*","*","*"
"EdAdvance","=""2420014""","Grade","11",11,"*",11,"*",12,"*"
"EdAdvance","=""2420014""","High Needs (F/R, EL or SWD)","High Needs","*","*","*","*","*","*"
"EdAdvance","=""2420014""","High Needs (F/R, EL or SWD)","Not High Needs","*","*","*","*","*","*"
"EdAdvance","=""2420014""","Free/Reduced Price Meal Eligibility (2-level)","Eligible For Free Or Reduced Price Meals",15,"*",15,"*",10,"*"
"EdAdvance","=""2420014""","Free/Reduced Price Meal Eligibility (2-level)","Not Eligible For Free Or Reduced Price Meals",12,"*",11,"*",11,"*"
"EdAdvance","=""2420014""","Race/Ethnicity","American Indian or Alaska Native","*","*","*","*","*","*"
"EdAdvance","=""2420014""","Race/Ethnicity","Black or African American","*","*","*","*","*","*"
"EdAdvance","=""2420014""","Race/Ethnicity","Hispanic or Latino",7,"*",7,"*","*","*"
"EdAdvance","=""2420014""","Race/Ethnicity","Two or More Races","*","*","*","*","*","*"
"EdAdvance","=""2420014""","Race/Ethnicity","White",16,"*",15,"*",13,"*"
"EdAdvance","=""2420014""","Special Education Status (SWD)","Students with Disabilities","*","*","*","*","*","*"
"EdAdvance","=""2420014""","Special Education Status (SWD)","Students without Disabilities","*","*","*","*","*","*"
"Cooperative Educational Services","=""2430014""","All Students","District",333,57.3,332,52.1,135,48.4
"Cooperative Educational Services","=""2430014""","English Language Learners (EL)","English Learners",25,56.4,25,53.0,9,"*"
"Cooperative Educational Services","=""2430014""","English Language Learners (EL)","Not English Learners",308,57.4,307,52.0,126,48.7
"Cooperative Educational Services","=""2430014""","Gender","Female",138,63.3,137,54.8,53,54.9
"Cooperative Educational Services","=""2430014""","Gender","Male",195,53.2,195,50.2,82,44.3
"Cooperative Educational Services","=""2430014""","Grade","03",56,58.6,55,52.6,"N/A","N/A"
"Cooperative Educational Services","=""2430014""","Grade","04",52,62.4,52,54.8,"N/A","N/A"
"Cooperative Educational Services","=""2430014""","Grade","05",51,59.0,51,57.3,51,52.7
"Cooperative Educational Services","=""2430014""","Grade","06",49,57.2,49,56.6,"N/A","N/A"
"Cooperative Educational Services","=""2430014""","Grade","07",46,56.4,46,48.6,"N/A","N/A"
"Cooperative Educational Services","=""2430014""","Grade","08",66,54.2,66,47.4,66,48.9
"Cooperative Educational Services","=""2430014""","Grade","11",13,"*",13,"*",18,"*"
"Cooperative Educational Services","=""2430014""","High Needs (F/R, EL or SWD)","High Needs",240,51.4,240,45.6,101,41.6
"Cooperative Educational Services","=""2430014""","High Needs (F/R, EL or SWD)","Not High Needs",93,72.8,92,69.0,34,68.8
"Cooperative Educational Services","=""2430014""","Free/Reduced Price Meal Eligibility (2-level)","Eligible For Free Or Reduced Price Meals",168,53.0,168,46.5,61,42.0
"Cooperative Educational Services","=""2430014""","Free/Reduced Price Meal Eligibility (2-level)","Not Eligible For Free Or Reduced Price Meals",165,61.8,164,57.9,74,53.7
"Cooperative Educational Services","=""2430014""","Race/Ethnicity","American Indian or Alaska Native","*","*","*","*","*","*"
"Cooperative Educational Services","=""2430014""","Race/Ethnicity","Asian","*","*","*","*","*","*"
"Cooperative Educational Services","=""2430014""","Race/Ethnicity","Black or African American",78,53.9,78,46.6,37,48.1
"Cooperative Educational Services","=""2430014""","Race/Ethnicity","Hispanic or Latino",121,57.2,121,54.0,47,47.2
"Cooperative Educational Services","=""2430014""","Race/Ethnicity","Two or More Races",17,"*",17,"*",6,"*"
"Cooperative Educational Services","=""2430014""","Race/Ethnicity","White",98,57.3,97,51.8,40,49.0
"Cooperative Educational Services","=""2430014""","Special Education Status (SWD)","Students with Disabilities",143,43.2,143,37.3,71,36.4
"Cooperative Educational Services","=""2430014""","Special Education Status (SWD)","Students without Disabilities",190,68.0,189,63.3,64,61.7
"Area Cooperative Educational Services","=""2440014""","All Students","District",1133,52.9,1121,47.9,465,50.9
"Area Cooperative Educational Services","=""2440014""","English Language Learners (EL)","English Learners",81,51.0,81,47.1,22,52.9
"Area Cooperative Educational Services","=""2440014""","English Language Learners (EL)","Not English Learners",1052,53.1,1040,48.0,443,50.8
"Area Cooperative Educational Services","=""2440014""","Gender","Female",508,56.3,506,48.3,196,54.1
"Area Cooperative Educational Services","=""2440014""","Gender","Male",625,50.2,615,47.6,269,48.6
"Area Cooperative Educational Services","=""2440014""","Grade","03",75,49.1,75,40.6,"N/A","N/A"
"Area Cooperative Educational Services","=""2440014""","Grade","04",79,50.1,77,40.2,"N/A","N/A"
"Area Cooperative Educational Services","=""2440014""","Grade","05",109,45.4,109,42.5,109,49.3
"Area Cooperative Educational Services","=""2440014""","Grade","06",225,58.5,223,50.9,"N/A","N/A"
"Area Cooperative Educational Services","=""2440014""","Grade","07",284,55.3,281,51.3,"N/A","N/A"
"Area Cooperative Educational Services","=""2440014""","Grade","08",332,53.2,327,50.1,334,53.1
"Area Cooperative Educational Services","=""2440014""","Grade","11",29,29.8,29,27.4,22,25.7
"Area Cooperative Educational Services","=""2440014""","High Needs (F/R, EL or SWD)","High Needs",718,46.5,707,40.8,307,43.9
"Area Cooperative Educational Services","=""2440014""","High Needs (F/R, EL or SWD)","Not High Needs",415,64.1,414,60.1,158,64.5
"Area Cooperative Educational Services","=""2440014""","Free/Reduced Price Meal Eligibility (2-level)","Eligible For Free Or Reduced Price Meals",496,49.2,487,43.4,213,47.9
"Area Cooperative Educational Services","=""2440014""","Free/Reduced Price Meal Eligibility (2-level)","Not Eligible For Free Or Reduced Price Meals",637,55.9,634,51.4,252,53.5
"Area Cooperative Educational Services","=""2440014""","Race/Ethnicity","American Indian or Alaska Native","*","*","*","*","N/A","N/A"
"Area Cooperative Educational Services","=""2440014""","Race/Ethnicity","Asian",30,59.0,30,58.6,"*","*"
"Area Cooperative Educational Services","=""2440014""","Race/Ethnicity","Black or African American",361,46.7,354,39.9,160,42.9
"Area Cooperative Educational Services","=""2440014""","Race/Ethnicity","Hispanic or Latino",383,52.6,380,46.6,159,52.2
"Area Cooperative Educational Services","=""2440014""","Race/Ethnicity","Native Hawaiian or Other Pacific Islander","*","*","*","*","*","*"
"Area Cooperative Educational Services","=""2440014""","Race/Ethnicity","Two or More Races",68,52.4,67,47.6,32,50.3
"Area Cooperative Educational Services","=""2440014""","Race/Ethnicity","White",288,60.9,287,58.7,104,62.5
"Area Cooperative Educational Services","=""2440014""","Special Education Status (SWD)","Students with Disabilities",385,36.7,377,31.2,164,34.1
"Area Cooperative Educational Services","=""2440014""","Special Education Status (SWD)","Students without Disabilities",748,61.3,744,56.4,301,60.1
"Learn","=""2450014""","All Students","District",368,57.0,367,52.8,187,62.4
"Learn","=""2450014""","English Language Learners (EL)","English Learners",51,44.4,51,42.9,15,"*"
"Learn","=""2450014""","English Language Learners (EL)","Not English Learners",317,59.1,316,54.4,172,63.4
"Learn","=""2450014""","Gender","Female","*","*","*","*","*","*"
"Learn","=""2450014""","Gender","Male",193,54.5,192,53.7,101,64.2
"Learn","=""2450014""","Gender","Non-Binary","*","*","*","*","*","*"
"Learn","=""2450014""","Grade","03",80,49.0,80,47.9,"N/A","N/A"
"Learn","=""2450014""","Grade","04",86,64.2,86,57.9,"N/A","N/A"
"Learn","=""2450014""","Grade","05",80,57.6,80,55.4,"*","*"
"Learn","=""2450014""","Grade","06","*","*","*","*","N/A","N/A"
"Learn","=""2450014""","Grade","07",8,"*",8,"*","N/A","N/A"
"Learn","=""2450014""","Grade","08","*","*","*","*","*","*"
"Learn","=""2450014""","Grade","11",105,62.3,104,54.3,103,67.9
"Learn","=""2450014""","High Needs (F/R, EL or SWD)","High Needs",256,50.9,255,46.6,119,52.8
"Learn","=""2450014""","High Needs (F/R, EL or SWD)","Not High Needs",112,71.2,112,67.0,68,79.2
"Learn","=""2450014""","Free/Reduced Price Meal Eligibility (2-level)","Eligible For Free Or Reduced Price Meals",229,51.9,229,47.4,108,53.2
"Learn","=""2450014""","Free/Reduced Price Meal Eligibility (2-level)","Not Eligible For Free Or Reduced Price Meals",139,65.4,138,61.7,79,74.9
"Learn","=""2450014""","Race/Ethnicity","American Indian or Alaska Native","*","*","*","*","*","*"
"Learn","=""2450014""","Race/Ethnicity","Asian","*","*","*","*","*","*"
"Learn","=""2450014""","Race/Ethnicity","Black or African American",38,50.2,38,44.1,19,"*"
"Learn","=""2450014""","Race/Ethnicity","Hispanic or Latino",142,50.9,142,49.6,56,52.5
"Learn","=""2450014""","Race/Ethnicity","Two or More Races",57,62.8,56,54.1,29,61.4
"Learn","=""2450014""","Race/Ethnicity","White",123,62.8,123,58.1,78,73.3
"Learn","=""2450014""","Special Education Status (SWD)","Students with Disabilities",97,39.8,96,37.8,47,43.1
"Learn","=""2450014""","Special Education Status (SWD)","Students without Disabilities",271,63.2,271,58.1,140,68.8
"Eastern Connecticut Regional Educational Service Center (EASTCONN)","=""2530014""","All Students","District",92,50.1,88,42.1,78,51.1
"Eastern Connecticut Regional Educational Service Center (EASTCONN)","=""2530014""","English Language Learners (EL)","English Learners","*","*","*","*","*","*"
"Eastern Connecticut Regional Educational Service Center (EASTCONN)","=""2530014""","English Language Learners (EL)","Not English Learners","*","*","*","*","*","*"
"Eastern Connecticut Regional Educational Service Center (EASTCONN)","=""2530014""","Gender","Female",46,53.2,46,41.8,47,48.8
"Eastern Connecticut Regional Educational Service Center (EASTCONN)","=""2530014""","Gender","Male","*","*","*","*","*","*"
"Eastern Connecticut Regional Educational Service Center (EASTCONN)","=""2530014""","Gender","Non-Binary","*","*","*","*","*","*"
"Eastern Connecticut Regional Educational Service Center (EASTCONN)","=""2530014""","Grade","03","*","*","*","*","N/A","N/A"
"Eastern Connecticut Regional Educational Service Center (EASTCONN)","=""2530014""","Grade","04","*","*","*","*","N/A","N/A"
"Eastern Connecticut Regional Educational Service Center (EASTCONN)","=""2530014""","Grade","05","*","*","*","*","*","*"
"Eastern Connecticut Regional Educational Service Center (EASTCONN)","=""2530014""","Grade","06","*","*","*","*","N/A","N/A"
"Eastern Connecticut Regional Educational Service Center (EASTCONN)","=""2530014""","Grade","07","*","*","*","*","N/A","N/A"
"Eastern Connecticut Regional Educational Service Center (EASTCONN)","=""2530014""","Grade","08",10,"*","*","*","*","*"
"Eastern Connecticut Regional Educational Service Center (EASTCONN)","=""2530014""","Grade","11",70,54.6,71,43.1,73,52.9
"Eastern Connecticut Regional Educational Service Center (EASTCONN)","=""2530014""","High Needs (F/R, EL or SWD)","High Needs",64,45.3,60,38.5,49,45.7
"Eastern Connecticut Regional Educational Service Center (EASTCONN)","=""2530014""","High Needs (F/R, EL or SWD)","Not High Needs",28,61.0,28,49.9,29,60.3
"Eastern Connecticut Regional Educational Service Center (EASTCONN)","=""2530014""","Free/Reduced Price Meal Eligibility (2-level)","Eligible For Free Or Reduced Price Meals",49,45.5,45,39.5,39,46.3
"Eastern Connecticut Regional Educational Service Center (EASTCONN)","=""2530014""","Free/Reduced Price Meal Eligibility (2-level)","Not Eligible For Free Or Reduced Price Meals",43,55.3,43,44.9,39,55.9
"Eastern Connecticut Regional Educational Service Center (EASTCONN)","=""2530014""","Race/Ethnicity","Black or African American","*","*","*","*","*","*"
"Eastern Connecticut Regional Educational Service Center (EASTCONN)","=""2530014""","Race/Ethnicity","Hispanic or Latino",18,"*",16,"*",17,"*"
"Eastern Connecticut Regional Educational Service Center (EASTCONN)","=""2530014""","Race/Ethnicity","Two or More Races","*","*","*","*","*","*"
"Eastern Connecticut Regional Educational Service Center (EASTCONN)","=""2530014""","Race/Ethnicity","White",64,51.3,62,42.5,54,53.7
"Eastern Connecticut Regional Educational Service Center (EASTCONN)","=""2530014""","Special Education Status (SWD)","Students with Disabilities",36,41.1,32,36.9,20,43.4
"Eastern Connecticut Regional Educational Service Center (EASTCONN)","=""2530014""","Special Education Status (SWD)","Students without Disabilities",56,55.8,56,45.1,58,53.7
"Jumoke Academy District","=""2610013""","All Students","District",312,50.8,308,46.2,95,43.5
"Jumoke Academy District","=""2610013""","English Language Learners (EL)","English Learners",8,"*",8,"*","*","*"
"Jumoke Academy District","=""2610013""","English Language Learners (EL)","Not English Learners",304,50.8,300,46.1,"*","*"
"Jumoke Academy District","=""2610013""","Gender","Female",172,51.9,170,46.5,54,46.6
"Jumoke Academy District","=""2610013""","Gender","Male","*","*","*","*",41,39.4
"Jumoke Academy District","=""2610013""","Gender","Non-Binary","*","*","*","*","N/A","N/A"
"Jumoke Academy District","=""2610013""","Grade","03",64,54.9,64,44.4,"N/A","N/A"
"Jumoke Academy District","=""2610013""","Grade","04",67,64.5,67,60.9,"N/A","N/A"
"Jumoke Academy District","=""2610013""","Grade","05",48,44.4,48,48.2,48,43.7
"Jumoke Academy District","=""2610013""","Grade","06","*","*","*","*","N/A","N/A"
"Jumoke Academy District","=""2610013""","Grade","07",46,40.5,45,36.0,"N/A","N/A"
"Jumoke Academy District","=""2610013""","Grade","08",45,42.2,43,37.1,"*","*"
"Jumoke Academy District","=""2610013""","Grade","11","*","*","*","*","*","*"
"Jumoke Academy District","=""2610013""","High Needs (F/R, EL or SWD)","High Needs","*","*","*","*","*","*"
"Jumoke Academy District","=""2610013""","High Needs (F/R, EL or SWD)","Not High Needs","*","*","*","*","*","*"
"Jumoke Academy District","=""2610013""","Free/Reduced Price Meal Eligibility (2-level)","Eligible For Free Or Reduced Price Meals","*","*","*","*","*","*"
"Jumoke Academy District","=""2610013""","Free/Reduced Price Meal Eligibility (2-level)","Not Eligible For Free Or Reduced Price Meals","*","*","*","*","*","*"
"Jumoke Academy District","=""2610013""","Race/Ethnicity","Black or African American",300,50.5,296,46.0,93,43.2
"Jumoke Academy District","=""2610013""","Race/Ethnicity","Hispanic or Latino",9,"*",9,"*","*","*"
"Jumoke Academy District","=""2610013""","Race/Ethnicity","Two or More Races","*","*","*","*","N/A","N/A"
"Jumoke Academy District","=""2610013""","Race/Ethnicity","White","*","*","*","*","*","*"
"Jumoke Academy District","=""2610013""","Special Education Status (SWD)","Students with Disabilities",29,34.4,29,32.2,10,"*"
"Jumoke Academy District","=""2610013""","Special Education Status (SWD)","Students without Disabilities",283,52.5,279,47.7,85,44.6
"Odyssey Community School District","=""2630013""","All Students","District",213,69.8,213,69.0,73,69.3
"Odyssey Community School District","=""2630013""","English Language Learners (EL)","English Learners",37,71.1,37,70.7,13,"*"
"Odyssey Community School District","=""2630013""","English Language Learners (EL)","Not English Learners",176,69.5,176,68.6,60,69.2
"Odyssey Community School District","=""2630013""","Gender","Female",108,69.7,108,66.4,37,68.8
"Odyssey Community School District","=""2630013""","Gender","Male",105,69.9,105,71.6,36,69.8
"Odyssey Community School District","=""2630013""","Grade","03",36,74.4,36,69.9,"N/A","N/A"
"Odyssey Community School District","=""2630013""","Grade","04",35,71.2,35,69.7,"N/A","N/A"
"Odyssey Community School District","=""2630013""","Grade","05",35,67.4,35,68.4,36,67.1
"Odyssey Community School District","=""2630013""","Grade","06",35,73.7,35,74.0,"N/A","N/A"
"Odyssey Community School District","=""2630013""","Grade","07",35,61.7,35,61.2,"N/A","N/A"
"Odyssey Community School District","=""2630013""","Grade","08",37,70.1,37,70.5,37,71.4
"Odyssey Community School District","=""2630013""","High Needs (F/R, EL or SWD)","High Needs",120,66.5,120,65.6,39,63.2
"Odyssey Community School District","=""2630013""","High Needs (F/R, EL or SWD)","Not High Needs",93,73.9,93,73.4,34,76.3
"Odyssey Community School District","=""2630013""","Free/Reduced Price Meal Eligibility (2-level)","Eligible For Free Or Reduced Price Meals",94,66.5,94,63.7,32,64.5
"Odyssey Community School District","=""2630013""","Free/Reduced Price Meal Eligibility (2-level)","Not Eligible For Free Or Reduced Price Meals",119,72.4,119,73.1,41,73.1
"Odyssey Community School District","=""2630013""","Race/Ethnicity","American Indian or Alaska Native","*","*","*","*","N/A","N/A"
"Odyssey Community School District","=""2630013""","Race/Ethnicity","Asian",35,76.2,35,78.0,8,"*"
"Odyssey Community School District","=""2630013""","Race/Ethnicity","Black or African American",54,70.1,54,66.3,19,"*"
"Odyssey Community School District","=""2630013""","Race/Ethnicity","Hispanic or Latino",43,60.4,43,59.1,14,"*"
"Odyssey Community School District","=""2630013""","Race/Ethnicity","Two or More Races","*","*","*","*",6,"*"
"Odyssey Community School District","=""2630013""","Race/Ethnicity","White",64,73.4,64,73.9,26,75.5
"Odyssey Community School District","=""2630013""","Special Education Status (SWD)","Students with Disabilities",23,47.9,23,47.4,9,"*"
"Odyssey Community School District","=""2630013""","Special Education Status (SWD)","Students without Disabilities",190,72.4,190,71.6,64,72.3
"Integrated Day Charter School District","=""2640013""","All Students","District",227,68.7,227,63.5,72,67.5
"Integrated Day Charter School District","=""2640013""","English Language Learners (EL)","English Learners",32,67.4,32,60.9,11,"*"
"Integrated Day Charter School District","=""2640013""","English Language Learners (EL)","Not English Learners",195,69.0,195,63.9,61,68.2
"Integrated Day Charter School District","=""2640013""","Gender","Female",111,69.8,111,61.6,35,67.8
"Integrated Day Charter School District","=""2640013""","Gender","Male",116,67.7,116,65.4,37,67.2
"Integrated Day Charter School District","=""2640013""","Grade","03",31,59.1,31,57.0,"N/A","N/A"
"Integrated Day Charter School District","=""2640013""","Grade","04",37,66.6,37,65.2,"N/A","N/A"
"Integrated Day Charter School District","=""2640013""","Grade","05",29,68.6,29,65.9,29,66.8
"Integrated Day Charter School District","=""2640013""","Grade","06",44,72.1,44,66.0,"N/A","N/A"
"Integrated Day Charter School District","=""2640013""","Grade","07",43,73.9,43,65.6,"N/A","N/A"
"Integrated Day Charter School District","=""2640013""","Grade","08",43,69.0,43,60.5,43,67.9
"Integrated Day Charter School District","=""2640013""","High Needs (F/R, EL or SWD)","High Needs",121,62.4,121,57.3,36,60.2
"Integrated Day Charter School District","=""2640013""","High Needs (F/R, EL or SWD)","Not High Needs",106,76.0,106,70.6,36,74.7
"Integrated Day Charter School District","=""2640013""","Free/Reduced Price Meal Eligibility (2-level)","Eligible For Free Or Reduced Price Meals",97,63.0,97,57.2,28,61.1
"Integrated Day Charter School District","=""2640013""","Free/Reduced Price Meal Eligibility (2-level)","Not Eligible For Free Or Reduced Price Meals",130,73.1,130,68.2,44,71.5
"Integrated Day Charter School District","=""2640013""","Race/Ethnicity","American Indian or Alaska Native","*","*","*","*","*","*"
"Integrated Day Charter School District","=""2640013""","Race/Ethnicity","Asian",33,81.1,33,78.4,11,"*"
"Integrated Day Charter School District","=""2640013""","Race/Ethnicity","Black or African American",25,64.7,25,57.7,10,"*"
"Integrated Day Charter School District","=""2640013""","Race/Ethnicity","Hispanic or Latino",49,57.4,49,48.4,16,"*"
"Integrated Day Charter School District","=""2640013""","Race/Ethnicity","Two or More Races","*","*","*","*","*","*"
"Integrated Day Charter School District","=""2640013""","Race/Ethnicity","White",94,71.9,94,67.4,30,71.1
"Integrated Day Charter School District","=""2640013""","Special Education Status (SWD)","Students with Disabilities",33,46.1,33,43.0,12,"*"
"Integrated Day Charter School District","=""2640013""","Special Education Status (SWD)","Students without Disabilities",194,72.6,194,67.0,60,71.1
"Interdistrict School for Arts and Comm District","=""2650013""","All Students","District",262,64.4,262,58.5,78,57.7
"Interdistrict School for Arts and Comm District","=""2650013""","English Language Learners (EL)","English Learners",82,57.5,82,53.0,22,50.2
"Interdistrict School for Arts and Comm District","=""2650013""","English Language Learners (EL)","Not English Learners",180,67.6,180,61.0,56,60.7
"Interdistrict School for Arts and Comm District","=""2650013""","Gender","Female",142,67.6,141,58.7,37,57.2
"Interdistrict School for Arts and Comm District","=""2650013""","Gender","Male","*","*","*","*",41,58.2
"Interdistrict School for Arts and Comm District","=""2650013""","Gender","Non-Binary","*","*","*","*","N/A","N/A"
"Interdistrict School for Arts and Comm District","=""2650013""","Grade","06",96,67.4,95,61.5,"N/A","N/A"
"Interdistrict School for Arts and Comm District","=""2650013""","Grade","07",88,62.7,88,52.8,"N/A","N/A"
"Interdistrict School for Arts and Comm District","=""2650013""","Grade","08",78,62.7,79,61.1,78,57.7
"Interdistrict School for Arts and Comm District","=""2650013""","High Needs (F/R, EL or SWD)","High Needs",207,61.6,207,55.5,57,53.4
"Interdistrict School for Arts and Comm District","=""2650013""","High Needs (F/R, EL or SWD)","Not High Needs",55,75.0,55,69.5,21,69.6
"Interdistrict School for Arts and Comm District","=""2650013""","Free/Reduced Price Meal Eligibility (2-level)","Eligible For Free Or Reduced Price Meals",184,62.2,184,56.5,51,54.1
"Interdistrict School for Arts and Comm District","=""2650013""","Free/Reduced Price Meal Eligibility (2-level)","Not Eligible For Free Or Reduced Price Meals",78,69.7,78,63.2,27,64.7
"Interdistrict School for Arts and Comm District","=""2650013""","Race/Ethnicity","American Indian or Alaska Native","*","*","*","*","*","*"
"Interdistrict School for Arts and Comm District","=""2650013""","Race/Ethnicity","Asian","*","*","*","*","N/A","N/A"
"Interdistrict School for Arts and Comm District","=""2650013""","Race/Ethnicity","Black or African American",42,64.3,42,52.9,9,"*"
"Interdistrict School for Arts and Comm District","=""2650013""","Race/Ethnicity","Hispanic or Latino",162,61.7,162,57.4,52,54.9
"Interdistrict School for Arts and Comm District","=""2650013""","Race/Ethnicity","Two or More Races",20,67.2,20,56.7,"*","*"
"Interdistrict School for Arts and Comm District","=""2650013""","Race/Ethnicity","White",33,72.9,33,70.1,14,"*"
"Interdistrict School for Arts and Comm District","=""2650013""","Special Education Status (SWD)","Students with Disabilities",51,48.7,50,40.2,11,"*"
"Interdistrict School for Arts and Comm District","=""2650013""","Special Education Status (SWD)","Students without Disabilities",211,68.2,212,62.8,67,59.5
"Common Ground High School District","=""2680013""","All Students","District",47,47.1,47,43.3,44,49.4
"Common Ground High School District","=""2680013""","English Language Learners (EL)","English Learners","*","*","*","*","*","*"
"Common Ground High School District","=""2680013""","English Language Learners (EL)","Not English Learners","*","*","*","*","*","*"
"Common Ground High School District","=""2680013""","Gender","Female",26,49.9,26,46.3,24,50.3
"Common Ground High School District","=""2680013""","Gender","Male","*","*","*","*","*","*"
"Common Ground High School District","=""2680013""","Gender","Non-Binary","*","*","*","*","*","*"
"Common Ground High School District","=""2680013""","Grade","11",47,47.1,47,43.3,44,49.4
"Common Ground High School District","=""2680013""","High Needs (F/R, EL or SWD)","High Needs",35,42.0,35,40.8,32,46.2
"Common Ground High School District","=""2680013""","High Needs (F/R, EL or SWD)","Not High Needs",12,"*",12,"*",12,"*"
"Common Ground High School District","=""2680013""","Free/Reduced Price Meal Eligibility (2-level)","Eligible For Free Or Reduced Price Meals",32,43.4,32,42.1,29,46.3
"Common Ground High School District","=""2680013""","Free/Reduced Price Meal Eligibility (2-level)","Not Eligible For Free Or Reduced Price Meals",15,"*",15,"*",15,"*"
"Common Ground High School District","=""2680013""","Race/Ethnicity","Asian","*","*","*","*","*","*"
"Common Ground High School District","=""2680013""","Race/Ethnicity","Black or African American",12,"*",12,"*",11,"*"
"Common Ground High School District","=""2680013""","Race/Ethnicity","Hispanic or Latino",25,41.7,25,40.7,23,49.1
"Common Ground High School District","=""2680013""","Race/Ethnicity","White","*","*","*","*","*","*"
"Common Ground High School District","=""2680013""","Special Education Status (SWD)","Students with Disabilities",10,"*",10,"*",8,"*"
"Common Ground High School District","=""2680013""","Special Education Status (SWD)","Students without Disabilities",37,51.2,37,46.3,36,51.7
"The Bridge Academy District","=""2690013""","All Students","District",135,52.0,135,51.7,86,46.2
"The Bridge Academy District","=""2690013""","English Language Learners (EL)","English Learners","*","*","*","*","*","*"
"The Bridge Academy District","=""2690013""","English Language Learners (EL)","Not English Learners","*","*","*","*","*","*"
"The Bridge Academy District","=""2690013""","Gender","Female",59,52.6,59,49.5,38,42.6
"The Bridge Academy District","=""2690013""","Gender","Male",76,51.6,76,53.5,48,49.1
"The Bridge Academy District","=""2690013""","Grade","07",49,55.0,49,54.1,"N/A","N/A"
"The Bridge Academy District","=""2690013""","Grade","08",45,57.9,45,59.1,45,47.1
"The Bridge Academy District","=""2690013""","Grade","11",41,41.9,41,40.8,41,45.3
"The Bridge Academy District","=""2690013""","High Needs (F/R, EL or SWD)","High Needs",117,49.8,117,49.1,75,45.0
"The Bridge Academy District","=""2690013""","High Needs (F/R, EL or SWD)","Not High Needs",18,"*",18,"*",11,"*"
"The Bridge Academy District","=""2690013""","Free/Reduced Price Meal Eligibility (2-level)","Eligible For Free Or Reduced Price Meals",117,49.8,117,49.1,75,45.0
"The Bridge Academy District","=""2690013""","Free/Reduced Price Meal Eligibility (2-level)","Not Eligible For Free Or Reduced Price Meals",18,"*",18,"*",11,"*"
"The Bridge Academy District","=""2690013""","Race/Ethnicity","Asian","*","*","*","*","*","*"
"The Bridge Academy District","=""2690013""","Race/Ethnicity","Black or African American",55,54.4,55,55.4,37,46.3
"The Bridge Academy District","=""2690013""","Race/Ethnicity","Hispanic or Latino",71,50.5,71,49.7,46,46.1
"The Bridge Academy District","=""2690013""","Race/Ethnicity","Two or More Races","*","*","*","*","*","*"
"The Bridge Academy District","=""2690013""","Race/Ethnicity","White","*","*","*","*","N/A","N/A"
"The Bridge Academy District","=""2690013""","Special Education Status (SWD)","Students with Disabilities",19,"*",19,"*",13,"*"
"The Bridge Academy District","=""2690013""","Special Education Status (SWD)","Students without Disabilities",116,54.7,116,54.2,73,48.9
"Side By Side Charter School District","=""2700013""","All Students","District",132,67.9,132,66.8,42,69.0
"Side By Side Charter School District","=""2700013""","English Language Learners (EL)","English Learners",30,52.1,30,54.3,6,"*"
"Side By Side Charter School District","=""2700013""","English Language Learners (EL)","Not English Learners",102,72.6,102,70.5,36,72.8
"Side By Side Charter School District","=""2700013""","Gender","Female",68,70.3,68,64.4,20,66.4
"Side By Side Charter School District","=""2700013""","Gender","Male",64,65.3,64,69.4,22,71.4
"Side By Side Charter School District","=""2700013""","Grade","03",24,63.9,24,62.1,"N/A","N/A"
"Side By Side Charter School District","=""2700013""","Grade","04",24,67.5,24,64.0,"N/A","N/A"
"Side By Side Charter School District","=""2700013""","Grade","05",23,65.4,23,64.7,23,62.0
"Side By Side Charter School District","=""2700013""","Grade","06",22,65.1,22,64.1,"N/A","N/A"
"Side By Side Charter School District","=""2700013""","Grade","07",20,78.5,20,76.8,"N/A","N/A"
"Side By Side Charter School District","=""2700013""","Grade","08",19,"*",19,"*",19,"*"
"Side By Side Charter School District","=""2700013""","High Needs (F/R, EL or SWD)","High Needs",78,61.3,78,60.3,24,59.4
"Side By Side Charter School District","=""2700013""","High Needs (F/R, EL or SWD)","Not High Needs",54,77.4,54,76.3,18,"*"
"Side By Side Charter School District","=""2700013""","Free/Reduced Price Meal Eligibility (2-level)","Eligible For Free Or Reduced Price Meals",71,61.0,71,59.7,20,56.0
"Side By Side Charter School District","=""2700013""","Free/Reduced Price Meal Eligibility (2-level)","Not Eligible For Free Or Reduced Price Meals",61,75.9,61,75.1,22,80.8
"Side By Side Charter School District","=""2700013""","Race/Ethnicity","Asian","*","*","*","*","N/A","N/A"
"Side By Side Charter School District","=""2700013""","Race/Ethnicity","Black or African American",29,61.5,29,61.1,10,"*"
"Side By Side Charter School District","=""2700013""","Race/Ethnicity","Hispanic or Latino",78,66.5,78,65.8,27,68.8
"Side By Side Charter School District","=""2700013""","Race/Ethnicity","Two or More Races","*","*","*","*","*","*"
"Side By Side Charter School District","=""2700013""","Race/Ethnicity","White",16,"*",16,"*","*","*"
"Side By Side Charter School District","=""2700013""","Special Education Status (SWD)","Students with Disabilities",14,"*",14,"*",7,"*"
"Side By Side Charter School District","=""2700013""","Special Education Status (SWD)","Students without Disabilities",118,70.2,118,69.0,35,70.9
"Explorations District","=""2720013""","All Students","District",21,38.8,21,32.0,18,"*"
"Explorations District","=""2720013""","English Language Learners (EL)","Not English Learners",21,38.8,21,32.0,18,"*"
"Explorations District","=""2720013""","Gender","Female",10,"*",10,"*",8,"*"
"Explorations District","=""2720013""","Gender","Male","*","*","*","*",8,"*"
"Explorations District","=""2720013""","Gender","Non-Binary","*","*","*","*","*","*"
"Explorations District","=""2720013""","Grade","11",21,38.8,21,32.0,18,"*"
"Explorations District","=""2720013""","High Needs (F/R, EL or SWD)","High Needs",14,"*",14,"*",12,"*"
"Explorations District","=""2720013""","High Needs (F/R, EL or SWD)","Not High Needs",7,"*",7,"*",6,"*"
"Explorations District","=""2720013""","Free/Reduced Price Meal Eligibility (2-level)","Eligible For Free Or Reduced Price Meals",13,"*",13,"*",11,"*"
"Explorations District","=""2720013""","Free/Reduced Price Meal Eligibility (2-level)","Not Eligible For Free Or Reduced Price Meals",8,"*",8,"*",7,"*"
"Explorations District","=""2720013""","Race/Ethnicity","Black or African American","*","*","*","*","*","*"
"Explorations District","=""2720013""","Race/Ethnicity","Hispanic or Latino",6,"*",6,"*",6,"*"
"Explorations District","=""2720013""","Race/Ethnicity","Two or More Races","*","*","*","*","*","*"
"Explorations District","=""2720013""","Race/Ethnicity","White",12,"*",12,"*",10,"*"
"Explorations District","=""2720013""","Special Education Status (SWD)","Students with Disabilities","*","*","*","*","*","*"
"Explorations District","=""2720013""","Special Education Status (SWD)","Students without Disabilities","*","*","*","*","*","*"
"Amistad Academy District","=""2790013""","All Students","District",591,59.3,575,50.3,234,53.4
"Amistad Academy District","=""2790013""","English Language Learners (EL)","English Learners",102,60.6,99,52.8,40,53.8
"Amistad Academy District","=""2790013""","English Language Learners (EL)","Not English Learners",489,59.0,476,49.8,194,53.4
"Amistad Academy District","=""2790013""","Gender","Female",325,61.4,316,50.6,129,54.0
"Amistad Academy District","=""2790013""","Gender","Male",266,56.7,259,50.1,105,52.8
"Amistad Academy District","=""2790013""","Grade","03",87,55.0,76,50.5,"N/A","N/A"
"Amistad Academy District","=""2790013""","Grade","04",88,63.0,87,58.3,"N/A","N/A"
"Amistad Academy District","=""2790013""","Grade","05",97,60.7,97,54.0,96,58.3
"Amistad Academy District","=""2790013""","Grade","06",94,58.0,94,40.0,"N/A","N/A"
"Amistad Academy District","=""2790013""","Grade","07",85,64.2,84,51.4,"N/A","N/A"
"Amistad Academy District","=""2790013""","Grade","08",86,62.9,83,54.9,83,56.3
"Amistad Academy District","=""2790013""","Grade","11",54,46.3,54,40.0,55,40.6
"Amistad Academy District","=""2790013""","High Needs (F/R, EL or SWD)","High Needs",500,58.0,485,48.7,189,51.4
"Amistad Academy District","=""2790013""","High Needs (F/R, EL or SWD)","Not High Needs",91,66.1,90,59.1,45,61.9
"Amistad Academy District","=""2790013""","Free/Reduced Price Meal Eligibility (2-level)","Eligible For Free Or Reduced Price Meals",470,57.8,455,48.3,174,51.2
"Amistad Academy District","=""2790013""","Free/Reduced Price Meal Eligibility (2-level)","Not Eligible For Free Or Reduced Price Meals",121,64.9,120,58.1,60,60.0
"Amistad Academy District","=""2790013""","Race/Ethnicity","American Indian or Alaska Native","*","*","*","*","*","*"
"Amistad Academy District","=""2790013""","Race/Ethnicity","Asian",9,"*",9,"*","*","*"
"Amistad Academy District","=""2790013""","Race/Ethnicity","Black or African American",366,58.4,355,48.7,144,51.6
"Amistad Academy District","=""2790013""","Race/Ethnicity","Hispanic or Latino",200,61.1,195,53.6,83,57.2
"Amistad Academy District","=""2790013""","Race/Ethnicity","Two or More Races",9,"*",9,"*","*","*"
"Amistad Academy District","=""2790013""","Race/Ethnicity","White","*","*","*","*","*","*"
"Amistad Academy District","=""2790013""","Special Education Status (SWD)","Students with Disabilities",57,41.3,53,31.6,21,39.9
"Amistad Academy District","=""2790013""","Special Education Status (SWD)","Students without Disabilities",534,61.2,522,52.3,213,54.8
"New Beginnings Inc Family Academy District","=""2800013""","All Students","District",119,56.4,119,50.3,30,51.0
"New Beginnings Inc Family Academy District","=""2800013""","English Language Learners (EL)","English Learners",17,"*",17,"*",6,"*"
"New Beginnings Inc Family Academy District","=""2800013""","English Language Learners (EL)","Not English Learners",102,57.7,102,50.2,24,51.0
"New Beginnings Inc Family Academy District","=""2800013""","Gender","Female",59,58.9,59,50.2,14,"*"
"New Beginnings Inc Family Academy District","=""2800013""","Gender","Male",60,53.8,60,50.3,16,"*"
"New Beginnings Inc Family Academy District","=""2800013""","Grade","03",38,56.8,38,48.8,"N/A","N/A"
"New Beginnings Inc Family Academy District","=""2800013""","Grade","04",30,57.5,30,51.1,"N/A","N/A"
"New Beginnings Inc Family Academy District","=""2800013""","Grade","05",30,56.6,30,52.8,30,51.0
"New Beginnings Inc Family Academy District","=""2800013""","Grade","06",21,53.6,21,48.2,"N/A","N/A"
"New Beginnings Inc Family Academy District","=""2800013""","High Needs (F/R, EL or SWD)","High Needs",98,55.2,98,49.1,23,53.2
"New Beginnings Inc Family Academy District","=""2800013""","High Needs (F/R, EL or SWD)","Not High Needs",21,61.7,21,55.7,7,"*"
"New Beginnings Inc Family Academy District","=""2800013""","Free/Reduced Price Meal Eligibility (2-level)","Eligible For Free Or Reduced Price Meals",92,56.0,92,49.0,19,"*"
"New Beginnings Inc Family Academy District","=""2800013""","Free/Reduced Price Meal Eligibility (2-level)","Not Eligible For Free Or Reduced Price Meals",27,57.7,27,54.6,11,"*"
"New Beginnings Inc Family Academy District","=""2800013""","Race/Ethnicity","Black or African American",78,56.9,78,49.4,15,"*"
"New Beginnings Inc Family Academy District","=""2800013""","Race/Ethnicity","Hispanic or Latino",38,54.1,38,51.1,15,"*"
"New Beginnings Inc Family Academy District","=""2800013""","Race/Ethnicity","Two or More Races","*","*","*","*","N/A","N/A"
"New Beginnings Inc Family Academy District","=""2800013""","Race/Ethnicity","White","*","*","*","*","N/A","N/A"
"New Beginnings Inc Family Academy District","=""2800013""","Special Education Status (SWD)","Students with Disabilities",15,"*",15,"*","*","*"
"New Beginnings Inc Family Academy District","=""2800013""","Special Education Status (SWD)","Students without Disabilities",104,58.4,104,51.9,"*","*"
"Park City Prep Charter School District","=""2830013""","All Students","District",384,64.3,378,56.8,166,57.6
"Park City Prep Charter School District","=""2830013""","English Language Learners (EL)","English Learners",75,61.0,74,57.4,32,54.9
"Park City Prep Charter School District","=""2830013""","English Language Learners (EL)","Not English Learners",309,65.1,304,56.6,134,58.2
"Park City Prep Charter School District","=""2830013""","Gender","Female",170,64.7,166,54.5,73,55.2
"Park City Prep Charter School District","=""2830013""","Gender","Male",214,64.0,212,58.6,93,59.5
"Park City Prep Charter School District","=""2830013""","Grade","04",48,63.9,48,54.2,"N/A","N/A"
"Park City Prep Charter School District","=""2830013""","Grade","05",87,61.7,87,57.3,87,58.3
"Park City Prep Charter School District","=""2830013""","Grade","06",85,68.6,82,62.7,"N/A","N/A"
"Park City Prep Charter School District","=""2830013""","Grade","07",85,64.1,84,55.2,"N/A","N/A"
"Park City Prep Charter School District","=""2830013""","Grade","08",79,63.0,77,53.2,79,56.8
"Park City Prep Charter School District","=""2830013""","High Needs (F/R, EL or SWD)","High Needs",313,63.2,307,56.7,142,57.1
"Park City Prep Charter School District","=""2830013""","High Needs (F/R, EL or SWD)","Not High Needs",71,68.9,71,57.3,24,60.3
"Park City Prep Charter School District","=""2830013""","Free/Reduced Price Meal Eligibility (2-level)","Eligible For Free Or Reduced Price Meals",290,63.8,284,57.4,132,57.3
"Park City Prep Charter School District","=""2830013""","Free/Reduced Price Meal Eligibility (2-level)","Not Eligible For Free Or Reduced Price Meals",94,65.7,94,54.8,34,58.6
"Park City Prep Charter School District","=""2830013""","Race/Ethnicity","American Indian or Alaska Native","*","*","*","*","*","*"
"Park City Prep Charter School District","=""2830013""","Race/Ethnicity","Asian","*","*","*","*","*","*"
"Park City Prep Charter School District","=""2830013""","Race/Ethnicity","Black or African American",180,64.4,177,55.0,76,57.0
"Park City Prep Charter School District","=""2830013""","Race/Ethnicity","Hispanic or Latino",171,64.3,168,58.2,77,58.7
"Park City Prep Charter School District","=""2830013""","Race/Ethnicity","Two or More Races","*","*","*","*","*","*"
"Park City Prep Charter School District","=""2830013""","Race/Ethnicity","White",22,61.2,22,55.6,9,"*"
"Park City Prep Charter School District","=""2830013""","Special Education Status (SWD)","Students with Disabilities",32,46.7,31,37.3,16,"*"
"Park City Prep Charter School District","=""2830013""","Special Education Status (SWD)","Students without Disabilities",352,65.9,347,58.5,150,59.4
"Achievement First Bridgeport Academy District","=""2850013""","All Students","District",605,59.7,594,49.3,230,54.5
"Achievement First Bridgeport Academy District","=""2850013""","English Language Learners (EL)","English Learners",132,60.9,128,50.3,33,54.7
"Achievement First Bridgeport Academy District","=""2850013""","English Language Learners (EL)","Not English Learners",473,59.4,466,49.0,197,54.5
"Achievement First Bridgeport Academy District","=""2850013""","Gender","Female",336,61.2,332,48.3,129,54.1
"Achievement First Bridgeport Academy District","=""2850013""","Gender","Male",269,57.8,262,50.6,101,55.0
"Achievement First Bridgeport Academy District","=""2850013""","Grade","03",92,57.6,91,57.6,"N/A","N/A"
"Achievement First Bridgeport Academy District","=""2850013""","Grade","04",96,59.0,92,53.4,"N/A","N/A"
"Achievement First Bridgeport Academy District","=""2850013""","Grade","05",90,64.5,90,51.2,89,60.1
"Achievement First Bridgeport Academy District","=""2850013""","Grade","06",94,60.6,93,43.4,"N/A","N/A"
"Achievement First Bridgeport Academy District","=""2850013""","Grade","07",94,57.1,91,43.2,"N/A","N/A"
"Achievement First Bridgeport Academy District","=""2850013""","Grade","08",92,68.1,90,51.6,89,58.1
"Achievement First Bridgeport Academy District","=""2850013""","Grade","11",47,43.0,47,40.6,52,38.9
"Achievement First Bridgeport Academy District","=""2850013""","High Needs (F/R, EL or SWD)","High Needs",485,57.7,474,47.2,177,52.3
"Achievement First Bridgeport Academy District","=""2850013""","High Needs (F/R, EL or SWD)","Not High Needs",120,67.6,120,57.3,53,62.0
"Achievement First Bridgeport Academy District","=""2850013""","Free/Reduced Price Meal Eligibility (2-level)","Eligible For Free Or Reduced Price Meals",437,57.8,427,47.3,163,52.6
"Achievement First Bridgeport Academy District","=""2850013""","Free/Reduced Price Meal Eligibility (2-level)","Not Eligible For Free Or Reduced Price Meals",168,64.6,167,54.5,67,59.3
"Achievement First Bridgeport Academy District","=""2850013""","Race/Ethnicity","American Indian or Alaska Native","*","*","*","*","*","*"
"Achievement First Bridgeport Academy District","=""2850013""","Race/Ethnicity","Asian","*","*","*","*","N/A","N/A"
"Achievement First Bridgeport Academy District","=""2850013""","Race/Ethnicity","Black or African American",311,58.4,305,47.7,129,52.3
"Achievement First Bridgeport Academy District","=""2850013""","Race/Ethnicity","Hispanic or Latino",271,61.1,267,50.8,96,57.0
"Achievement First Bridgeport Academy District","=""2850013""","Race/Ethnicity","Two or More Races",7,"*",6,"*",0,"N/A"
"Achievement First Bridgeport Academy District","=""2850013""","Race/Ethnicity","White",9,"*",9,"*","*","*"
"Achievement First Bridgeport Academy District","=""2850013""","Special Education Status (SWD)","Students with Disabilities",69,43.0,65,31.9,26,39.7
"Achievement First Bridgeport Academy District","=""2850013""","Special Education Status (SWD)","Students without Disabilities",536,61.8,529,51.4,204,56.4
"Highville Charter School District","=""2860013""","All Students","District",218,54.4,218,48.1,82,47.0
"Highville Charter School District","=""2860013""","English Language Learners (EL)","English Learners","*","*","*","*","N/A","N/A"
"Highville Charter School District","=""2860013""","English Language Learners (EL)","Not English Learners","*","*","*","*",82,47.0
"Highville Charter School District","=""2860013""","Gender","Female",128,56.0,128,48.0,49,49.3
"Highville Charter School District","=""2860013""","Gender","Male",90,52.1,90,48.3,33,43.6
"Highville Charter School District","=""2860013""","Grade","03",35,57.6,35,47.6,"N/A","N/A"
"Highville Charter School District","=""2860013""","Grade","04",35,54.1,35,48.6,"N/A","N/A"
"Highville Charter School District","=""2860013""","Grade","05",39,50.2,39,45.3,39,43.3
"Highville Charter School District","=""2860013""","Grade","06",29,55.2,29,47.6,"N/A","N/A"
"Highville Charter School District","=""2860013""","Grade","07",37,57.5,37,55.3,"N/A","N/A"
"Highville Charter School District","=""2860013""","Grade","08",31,55.8,31,46.2,31,48.1
"Highville Charter School District","=""2860013""","Grade","11",12,"*",12,"*",12,"*"
"Highville Charter School District","=""2860013""","High Needs (F/R, EL or SWD)","High Needs",152,51.0,152,45.7,60,45.1
"Highville Charter School District","=""2860013""","High Needs (F/R, EL or SWD)","Not High Needs",66,62.2,66,53.6,22,52.0
"Highville Charter School District","=""2860013""","Free/Reduced Price Meal Eligibility (2-level)","Eligible For Free Or Reduced Price Meals",143,51.7,143,46.6,58,45.7
"Highville Charter School District","=""2860013""","Free/Reduced Price Meal Eligibility (2-level)","Not Eligible For Free Or Reduced Price Meals",75,59.6,75,51.0,24,50.0
"Highville Charter School District","=""2860013""","Race/Ethnicity","American Indian or Alaska Native","*","*","*","*","N/A","N/A"
"Highville Charter School District","=""2860013""","Race/Ethnicity","Black or African American",180,53.7,180,47.3,69,46.9
"Highville Charter School District","=""2860013""","Race/Ethnicity","Hispanic or Latino",33,55.8,33,49.5,13,"*"
"Highville Charter School District","=""2860013""","Race/Ethnicity","Native Hawaiian or Other Pacific Islander","*","*","*","*","N/A","N/A"
"Highville Charter School District","=""2860013""","Race/Ethnicity","Two or More Races","*","*","*","*","N/A","N/A"
"Highville Charter School District","=""2860013""","Special Education Status (SWD)","Students with Disabilities",25,38.4,25,36.4,12,"*"
"Highville Charter School District","=""2860013""","Special Education Status (SWD)","Students without Disabilities",193,56.5,193,49.6,70,49.5
"Achievement First Hartford Academy District","=""2880013""","All Students","District",521,58.8,515,48.7,229,47.5
"Achievement First Hartford Academy District","=""2880013""","English Language Learners (EL)","English Learners",34,47.2,32,39.2,15,"*"
"Achievement First Hartford Academy District","=""2880013""","English Language Learners (EL)","Not English Learners",487,59.6,483,49.3,214,47.8
"Achievement First Hartford Academy District","=""2880013""","Gender","Female",267,61.3,264,49.2,126,49.9
"Achievement First Hartford Academy District","=""2880013""","Gender","Male",254,56.1,251,48.2,103,44.6
"Achievement First Hartford Academy District","=""2880013""","Grade","03",66,65.0,64,54.0,"N/A","N/A"
"Achievement First Hartford Academy District","=""2880013""","Grade","04",82,70.6,84,60.5,"N/A","N/A"
"Achievement First Hartford Academy District","=""2880013""","Grade","05",86,58.6,83,47.7,85,48.1
"Achievement First Hartford Academy District","=""2880013""","Grade","06",68,56.7,67,40.4,"N/A","N/A"
"Achievement First Hartford Academy District","=""2880013""","Grade","07",74,56.8,73,48.3,"N/A","N/A"
"Achievement First Hartford Academy District","=""2880013""","Grade","08",85,60.0,84,47.5,85,54.2
"Achievement First Hartford Academy District","=""2880013""","Grade","11",60,38.7,60,39.3,59,37.0
"Achievement First Hartford Academy District","=""2880013""","High Needs (F/R, EL or SWD)","High Needs",422,58.1,418,48.5,178,46.2
"Achievement First Hartford Academy District","=""2880013""","High Needs (F/R, EL or SWD)","Not High Needs",99,61.7,97,49.7,51,52.3
"Achievement First Hartford Academy District","=""2880013""","Free/Reduced Price Meal Eligibility (2-level)","Eligible For Free Or Reduced Price Meals",407,58.5,404,48.7,172,46.2
"Achievement First Hartford Academy District","=""2880013""","Free/Reduced Price Meal Eligibility (2-level)","Not Eligible For Free Or Reduced Price Meals",114,59.7,111,48.7,57,51.4
"Achievement First Hartford Academy District","=""2880013""","Race/Ethnicity","American Indian or Alaska Native",6,"*",6,"*","*","*"
"Achievement First Hartford Academy District","=""2880013""","Race/Ethnicity","Black or African American",403,59.4,399,49.1,184,48.1
"Achievement First Hartford Academy District","=""2880013""","Race/Ethnicity","Hispanic or Latino",105,56.3,103,47.1,41,45.4
"Achievement First Hartford Academy District","=""2880013""","Race/Ethnicity","Two or More Races","*","*","*","*","*","*"
"Achievement First Hartford Academy District","=""2880013""","Race/Ethnicity","White","*","*","*","*","*","*"
"Achievement First Hartford Academy District","=""2880013""","Special Education Status (SWD)","Students with Disabilities",46,37.8,46,30.9,18,"*"
"Achievement First Hartford Academy District","=""2880013""","Special Education Status (SWD)","Students without Disabilities",475,60.8,469,50.4,211,48.7
"Elm City College Preparatory School District","=""2890013""","All Students","District",415,61.4,414,50.2,167,50.7
"Elm City College Preparatory School District","=""2890013""","English Language Learners (EL)","English Learners",52,67.8,52,59.4,19,"*"
"Elm City College Preparatory School District","=""2890013""","English Language Learners (EL)","Not English Learners",363,60.4,362,48.9,148,50.1
"Elm City College Preparatory School District","=""2890013""","Gender","Female",215,63.2,214,49.3,77,51.7
"Elm City College Preparatory School District","=""2890013""","Gender","Male",200,59.4,200,51.2,90,49.8
"Elm City College Preparatory School District","=""2890013""","Grade","03",62,64.2,62,61.4,"N/A","N/A"
"Elm City College Preparatory School District","=""2890013""","Grade","04",65,64.6,64,59.9,"N/A","N/A"
"Elm City College Preparatory School District","=""2890013""","Grade","05",64,62.0,64,55.6,64,55.6
"Elm City College Preparatory School District","=""2890013""","Grade","06",58,61.3,58,46.7,"N/A","N/A"
"Elm City College Preparatory School District","=""2890013""","Grade","07",66,61.8,66,42.3,"N/A","N/A"
"Elm City College Preparatory School District","=""2890013""","Grade","08",63,61.9,63,41.2,61,50.6
"Elm City College Preparatory School District","=""2890013""","Grade","11",37,48.2,37,40.6,42,43.4
"Elm City College Preparatory School District","=""2890013""","High Needs (F/R, EL or SWD)","High Needs",343,60.1,343,49.0,135,49.7
"Elm City College Preparatory School District","=""2890013""","High Needs (F/R, EL or SWD)","Not High Needs",72,67.4,71,56.3,32,54.9
"Elm City College Preparatory School District","=""2890013""","Free/Reduced Price Meal Eligibility (2-level)","Eligible For Free Or Reduced Price Meals",326,59.8,326,48.9,123,49.6
"Elm City College Preparatory School District","=""2890013""","Free/Reduced Price Meal Eligibility (2-level)","Not Eligible For Free Or Reduced Price Meals",89,67.0,88,55.1,44,53.8
"Elm City College Preparatory School District","=""2890013""","Race/Ethnicity","Black or African American",273,59.9,272,47.2,105,48.0
"Elm City College Preparatory School District","=""2890013""","Race/Ethnicity","Hispanic or Latino",124,64.8,124,57.8,53,54.2
"Elm City College Preparatory School District","=""2890013""","Race/Ethnicity","Native Hawaiian or Other Pacific Islander","*","*","*","*","*","*"
"Elm City College Preparatory School District","=""2890013""","Race/Ethnicity","Two or More Races",10,"*",10,"*","*","*"
"Elm City College Preparatory School District","=""2890013""","Race/Ethnicity","White","*","*","*","*","*","*"
"Elm City College Preparatory School District","=""2890013""","Special Education Status (SWD)","Students with Disabilities",52,44.9,52,33.4,19,"*"
"Elm City College Preparatory School District","=""2890013""","Special Education Status (SWD)","Students without Disabilities",363,63.7,362,52.7,148,51.6
"Brass City Charter School District","=""2900013""","All Students","District",208,63.5,208,57.1,67,55.3
"Brass City Charter School District","=""2900013""","English Language Learners (EL)","English Learners",23,48.5,23,46.5,7,"*"
"Brass City Charter School District","=""2900013""","English Language Learners (EL)","Not English Learners",185,65.4,185,58.4,60,56.3
"Brass City Charter School District","=""2900013""","Gender","Female",102,62.7,102,53.9,36,55.4
"Brass City Charter School District","=""2900013""","Gender","Male",106,64.4,106,60.2,31,55.2
"Brass City Charter School District","=""2900013""","Grade","03",38,78.1,38,80.6,"N/A","N/A"
"Brass City Charter School District","=""2900013""","Grade","04",36,62.0,36,52.9,"N/A","N/A"
"Brass City Charter School District","=""2900013""","Grade","05",37,55.0,37,53.0,37,55.5
"Brass City Charter School District","=""2900013""","Grade","06",34,57.7,34,50.5,"N/A","N/A"
"Brass City Charter School District","=""2900013""","Grade","07",32,60.6,32,48.8,"N/A","N/A"
"Brass City Charter School District","=""2900013""","Grade","08",31,67.1,31,54.0,30,55.1
"Brass City Charter School District","=""2900013""","High Needs (F/R, EL or SWD)","High Needs",153,60.9,153,54.9,45,50.5
"Brass City Charter School District","=""2900013""","High Needs (F/R, EL or SWD)","Not High Needs",55,70.9,55,63.2,22,65.1
"Brass City Charter School District","=""2900013""","Free/Reduced Price Meal Eligibility (2-level)","Eligible For Free Or Reduced Price Meals",129,62.0,129,55.9,39,51.0
"Brass City Charter School District","=""2900013""","Free/Reduced Price Meal Eligibility (2-level)","Not Eligible For Free Or Reduced Price Meals",79,66.1,79,59.1,28,61.3
"Brass City Charter School District","=""2900013""","Race/Ethnicity","Asian",6,"*",6,"*","*","*"
"Brass City Charter School District","=""2900013""","Race/Ethnicity","Black or African American",68,62.1,68,53.8,22,49.1
"Brass City Charter School District","=""2900013""","Race/Ethnicity","Hispanic or Latino",112,62.6,112,57.2,37,58.0
"Brass City Charter School District","=""2900013""","Race/Ethnicity","Two or More Races",12,"*",12,"*","*","*"
"Brass City Charter School District","=""2900013""","Race/Ethnicity","White",10,"*",10,"*","*","*"
"Brass City Charter School District","=""2900013""","Special Education Status (SWD)","Students with Disabilities",49,48.7,49,45.0,15,"*"
"Brass City Charter School District","=""2900013""","Special Education Status (SWD)","Students without Disabilities",159,68.1,159,60.8,52,59.6
"Elm City Montessori School District","=""2910013""","All Students","District",125,64.9,125,52.6,41,67.9
"Elm City Montessori School District","=""2910013""","English Language Learners (EL)","English Learners",6,"*",6,"*","*","*"
"Elm City Montessori School District","=""2910013""","English Language Learners (EL)","Not English Learners",119,66.1,119,53.7,"*","*"
"Elm City Montessori School District","=""2910013""","Gender","Female",63,66.8,63,52.9,22,68.6
"Elm City Montessori School District","=""2910013""","Gender","Male",62,62.9,62,52.4,19,"*"
"Elm City Montessori School District","=""2910013""","Grade","03",30,62.9,30,50.5,"N/A","N/A"
"Elm City Montessori School District","=""2910013""","Grade","04",19,"*",19,"*","N/A","N/A"
"Elm City Montessori School District","=""2910013""","Grade","05",25,70.6,25,59.3,25,70.5
"Elm City Montessori School District","=""2910013""","Grade","06",21,60.0,21,50.3,"N/A","N/A"
"Elm City Montessori School District","=""2910013""","Grade","07",15,"*",15,"*","N/A","N/A"
"Elm City Montessori School District","=""2910013""","Grade","08",15,"*",15,"*",16,"*"
"Elm City Montessori School District","=""2910013""","High Needs (F/R, EL or SWD)","High Needs",62,53.5,62,43.8,20,56.4
"Elm City Montessori School District","=""2910013""","High Needs (F/R, EL or SWD)","Not High Needs",63,76.2,63,61.3,21,78.9
"Elm City Montessori School District","=""2910013""","Free/Reduced Price Meal Eligibility (2-level)","Eligible For Free Or Reduced Price Meals",47,52.9,47,42.5,15,"*"
"Elm City Montessori School District","=""2910013""","Free/Reduced Price Meal Eligibility (2-level)","Not Eligible For Free Or Reduced Price Meals",78,72.2,78,58.7,26,75.2
"Elm City Montessori School District","=""2910013""","Race/Ethnicity","Asian","*","*","*","*","*","*"
"Elm City Montessori School District","=""2910013""","Race/Ethnicity","Black or African American",31,55.4,31,43.4,7,"*"
"Elm City Montessori School District","=""2910013""","Race/Ethnicity","Hispanic or Latino",37,58.0,37,47.3,15,"*"
"Elm City Montessori School District","=""2910013""","Race/Ethnicity","Two or More Races","*","*","*","*","*","*"
"Elm City Montessori School District","=""2910013""","Race/Ethnicity","White",41,76.9,41,62.4,15,"*"
"Elm City Montessori School District","=""2910013""","Special Education Status (SWD)","Students with Disabilities",23,45.2,23,37.1,"*","*"
"Elm City Montessori School District","=""2910013""","Special Education Status (SWD)","Students without Disabilities",102,69.4,102,56.1,"*","*"
"Great Oaks Charter School District","=""2940013""","All Students","District",324,50.8,324,42.2,179,44.3
"Great Oaks Charter School District","=""2940013""","English Language Learners (EL)","English Learners",51,41.0,51,36.5,23,39.1
"Great Oaks Charter School District","=""2940013""","English Language Learners (EL)","Not English Learners",273,52.6,273,43.2,156,45.1
"Great Oaks Charter School District","=""2940013""","Gender","Female",158,52.8,158,41.3,82,41.1
"Great Oaks Charter School District","=""2940013""","Gender","Male",166,48.9,166,43.0,97,47.0
"Great Oaks Charter School District","=""2940013""","Grade","06",55,59.6,55,47.3,"N/A","N/A"
"Great Oaks Charter School District","=""2940013""","Grade","07",92,55.3,92,47.6,"N/A","N/A"
"Great Oaks Charter School District","=""2940013""","Grade","08",100,55.1,100,42.2,100,50.5
"Great Oaks Charter School District","=""2940013""","Grade","11",77,33.4,77,32.0,79,36.4
"Great Oaks Charter School District","=""2940013""","High Needs (F/R, EL or SWD)","High Needs",262,49.2,262,41.3,145,43.6
"Great Oaks Charter School District","=""2940013""","High Needs (F/R, EL or SWD)","Not High Needs",62,57.5,62,45.9,34,47.2
"Great Oaks Charter School District","=""2940013""","Free/Reduced Price Meal Eligibility (2-level)","Eligible For Free Or Reduced Price Meals",240,49.7,240,41.3,137,43.0
"Great Oaks Charter School District","=""2940013""","Free/Reduced Price Meal Eligibility (2-level)","Not Eligible For Free Or Reduced Price Meals",84,53.9,84,44.6,42,48.4
"Great Oaks Charter School District","=""2940013""","Race/Ethnicity","American Indian or Alaska Native","*","*","*","*","*","*"
"Great Oaks Charter School District","=""2940013""","Race/Ethnicity","Black or African American",142,50.4,142,41.4,83,45.0
"Great Oaks Charter School District","=""2940013""","Race/Ethnicity","Hispanic or Latino",163,51.4,163,43.2,86,44.4
"Great Oaks Charter School District","=""2940013""","Race/Ethnicity","Two or More Races","*","*","*","*","*","*"
"Great Oaks Charter School District","=""2940013""","Race/Ethnicity","White",13,"*",13,"*",6,"*"
"Great Oaks Charter School District","=""2940013""","Special Education Status (SWD)","Students with Disabilities",47,34.8,47,29.8,25,34.2
"Great Oaks Charter School District","=""2940013""","Special Education Status (SWD)","Students without Disabilities",277,53.5,277,44.3,154,45.9
"Booker T. Washington Academy District","=""2950013""","All Students","District",239,61.8,239,54.8,70,48.8
"Booker T. Washington Academy District","=""2950013""","English Language Learners (EL)","English Learners",12,"*",12,"*","*","*"
"Booker T. Washington Academy District","=""2950013""","English Language Learners (EL)","Not English Learners",227,61.6,227,54.7,"*","*"
"Booker T. Washington Academy District","=""2950013""","Gender","Female",123,62.6,123,54.0,36,47.2
"Booker T. Washington Academy District","=""2950013""","Gender","Male",116,61.0,116,55.7,34,50.5
"Booker T. Washington Academy District","=""2950013""","Grade","03",53,60.2,53,53.0,"N/A","N/A"
"Booker T. Washington Academy District","=""2950013""","Grade","04",43,69.8,43,60.5,"N/A","N/A"
"Booker T. Washington Academy District","=""2950013""","Grade","05",38,65.8,38,67.1,37,47.2
"Booker T. Washington Academy District","=""2950013""","Grade","06",31,61.3,31,45.0,"N/A","N/A"
"Booker T. Washington Academy District","=""2950013""","Grade","07",40,56.3,40,46.1,"N/A","N/A"
"Booker T. Washington Academy District","=""2950013""","Grade","08",34,57.0,34,55.8,33,50.6
"Booker T. Washington Academy District","=""2950013""","High Needs (F/R, EL or SWD)","High Needs",215,60.4,215,53.6,64,48.1
"Booker T. Washington Academy District","=""2950013""","High Needs (F/R, EL or SWD)","Not High Needs",24,74.5,24,65.2,6,"*"
"Booker T. Washington Academy District","=""2950013""","Free/Reduced Price Meal Eligibility (2-level)","Eligible For Free Or Reduced Price Meals",212,60.6,212,54.0,63,48.3
"Booker T. Washington Academy District","=""2950013""","Free/Reduced Price Meal Eligibility (2-level)","Not Eligible For Free Or Reduced Price Meals",27,71.4,27,61.4,7,"*"
"Booker T. Washington Academy District","=""2950013""","Race/Ethnicity","Black or African American",197,61.4,197,54.5,57,48.8
"Booker T. Washington Academy District","=""2950013""","Race/Ethnicity","Hispanic or Latino",32,63.2,32,55.2,"*","*"
"Booker T. Washington Academy District","=""2950013""","Race/Ethnicity","Native Hawaiian or Other Pacific Islander","*","*","*","*","N/A","N/A"
"Booker T. Washington Academy District","=""2950013""","Race/Ethnicity","Two or More Races","*","*","*","*","*","*"
"Booker T. Washington Academy District","=""2950013""","Special Education Status (SWD)","Students with Disabilities",23,40.5,23,32.5,7,"*"
"Booker T. Washington Academy District","=""2950013""","Special Education Status (SWD)","Students without Disabilities",216,64.1,216,57.2,63,50.2
"Stamford Charter School for Excellence District","=""2960013""","All Students","District",334,79.3,334,78.1,107,68.6
"Stamford Charter School for Excellence District","=""2960013""","English Language Learners (EL)","English Learners",64,72.0,64,74.0,25,65.9
"Stamford Charter School for Excellence District","=""2960013""","English Language Learners (EL)","Not English Learners",270,81.1,270,79.0,82,69.5
"Stamford Charter School for Excellence District","=""2960013""","Gender","Female",183,79.1,183,76.7,58,67.1
"Stamford Charter School for Excellence District","=""2960013""","Gender","Male",151,79.6,151,79.7,49,70.4
"Stamford Charter School for Excellence District","=""2960013""","Grade","03",60,79.9,60,81.9,"N/A","N/A"
"Stamford Charter School for Excellence District","=""2960013""","Grade","04",62,84.2,62,80.4,"N/A","N/A"
"Stamford Charter School for Excellence District","=""2960013""","Grade","05",59,81.2,59,75.5,59,72.6
"Stamford Charter School for Excellence District","=""2960013""","Grade","06",51,82.7,51,79.1,"N/A","N/A"
"Stamford Charter School for Excellence District","=""2960013""","Grade","07",54,76.7,54,78.5,"N/A","N/A"
"Stamford Charter School for Excellence District","=""2960013""","Grade","08",48,69.3,48,71.7,48,63.8
"Stamford Charter School for Excellence District","=""2960013""","High Needs (F/R, EL or SWD)","High Needs",217,75.0,217,73.1,71,65.2
"Stamford Charter School for Excellence District","=""2960013""","High Needs (F/R, EL or SWD)","Not High Needs",117,87.4,117,87.4,36,75.4
"Stamford Charter School for Excellence District","=""2960013""","Free/Reduced Price Meal Eligibility (2-level)","Eligible For Free Or Reduced Price Meals",198,75.4,198,72.7,66,64.9
"Stamford Charter School for Excellence District","=""2960013""","Free/Reduced Price Meal Eligibility (2-level)","Not Eligible For Free Or Reduced Price Meals",136,85.0,136,85.9,41,74.6
"Stamford Charter School for Excellence District","=""2960013""","Race/Ethnicity","Asian",66,93.4,66,98.5,18,"*"
"Stamford Charter School for Excellence District","=""2960013""","Race/Ethnicity","Black or African American",153,77.6,153,73.0,47,64.7
"Stamford Charter School for Excellence District","=""2960013""","Race/Ethnicity","Hispanic or Latino",96,73.3,96,72.4,35,61.8
"Stamford Charter School for Excellence District","=""2960013""","Race/Ethnicity","Native Hawaiian or Other Pacific Islander","*","*","*","*","*","*"
"Stamford Charter School for Excellence District","=""2960013""","Race/Ethnicity","Two or More Races",13,"*",13,"*","*","*"
"Stamford Charter School for Excellence District","=""2960013""","Race/Ethnicity","White","*","*","*","*","*","*"
"Stamford Charter School for Excellence District","=""2960013""","Special Education Status (SWD)","Students with Disabilities",19,"*",19,"*",6,"*"
"Stamford Charter School for Excellence District","=""2960013""","Special Education Status (SWD)","Students without Disabilities",315,80.6,315,79.3,101,69.7
"Capital Preparatory Harbor School District","=""2970013""","All Students","District",396,58.1,396,49.1,156,52.8
"Capital Preparatory Harbor School District","=""2970013""","English Language Learners (EL)","English Learners",42,51.3,42,47.0,11,"*"
"Capital Preparatory Harbor School District","=""2970013""","English Language Learners (EL)","Not English Learners",354,58.9,354,49.3,145,53.1
"Capital Preparatory Harbor School District","=""2970013""","Gender","Female",220,59.4,220,49.7,92,52.7
"Capital Preparatory Harbor School District","=""2970013""","Gender","Male",176,56.6,176,48.2,64,52.8
"Capital Preparatory Harbor School District","=""2970013""","Grade","03",60,56.8,60,48.0,"N/A","N/A"
"Capital Preparatory Harbor School District","=""2970013""","Grade","04",62,58.1,62,50.2,"N/A","N/A"
"Capital Preparatory Harbor School District","=""2970013""","Grade","05",58,59.2,58,53.2,58,53.1
"Capital Preparatory Harbor School District","=""2970013""","Grade","06",59,61.8,59,52.7,"N/A","N/A"
"Capital Preparatory Harbor School District","=""2970013""","Grade","07",61,63.8,61,52.2,"N/A","N/A"
"Capital Preparatory Harbor School District","=""2970013""","Grade","08",60,55.2,60,41.7,60,50.2
"Capital Preparatory Harbor School District","=""2970013""","Grade","11",36,47.8,36,43.3,38,56.2
"Capital Preparatory Harbor School District","=""2970013""","High Needs (F/R, EL or SWD)","High Needs",275,56.1,275,46.9,100,52.5
"Capital Preparatory Harbor School District","=""2970013""","High Needs (F/R, EL or SWD)","Not High Needs",121,62.7,121,54.0,56,53.2
"Capital Preparatory Harbor School District","=""2970013""","Free/Reduced Price Meal Eligibility (2-level)","Eligible For Free Or Reduced Price Meals",249,57.5,249,47.6,88,53.6
"Capital Preparatory Harbor School District","=""2970013""","Free/Reduced Price Meal Eligibility (2-level)","Not Eligible For Free Or Reduced Price Meals",147,59.2,147,51.5,68,51.7
"Capital Preparatory Harbor School District","=""2970013""","Race/Ethnicity","American Indian or Alaska Native","*","*","*","*","N/A","N/A"
"Capital Preparatory Harbor School District","=""2970013""","Race/Ethnicity","Black or African American",262,58.6,262,48.9,104,51.6
"Capital Preparatory Harbor School District","=""2970013""","Race/Ethnicity","Hispanic or Latino",132,56.9,132,49.4,52,55.1
"Capital Preparatory Harbor School District","=""2970013""","Race/Ethnicity","Two or More Races","*","*","*","*","N/A","N/A"
"Capital Preparatory Harbor School District","=""2970013""","Special Education Status (SWD)","Students with Disabilities",37,40.7,37,30.0,14,"*"
"Capital Preparatory Harbor School District","=""2970013""","Special Education Status (SWD)","Students without Disabilities",359,59.9,359,51.0,142,54.2
"Unified School District #2","=""3470015""","All Students","District",9,"*",9,"*",6,"*"
"Unified School District #2","=""3470015""","English Language Learners (EL)","English Learners",0,"N/A",0,"N/A",0,"N/A"
"Unified School District #2","=""3470015""","English Language Learners (EL)","Not English Learners",9,"*",9,"*",6,"*"
"Unified School District #2","=""3470015""","Gender","Female","*","*","*","*","*","*"
"Unified School District #2","=""3470015""","Gender","Male","*","*","*","*","*","*"
"Unified School District #2","=""3470015""","Grade","04",0,"N/A",0,"N/A","N/A","N/A"
"Unified School District #2","=""3470015""","Grade","05",0,"N/A",0,"N/A",0,"N/A"
"Unified School District #2","=""3470015""","Grade","06",0,"N/A",0,"N/A","N/A","N/A"
"Unified School District #2","=""3470015""","Grade","07","*","*","*","*","N/A","N/A"
"Unified School District #2","=""3470015""","Grade","08","*","*","*","*","*","*"
"Unified School District #2","=""3470015""","Grade","11","*","*","*","*","*","*"
"Unified School District #2","=""3470015""","High Needs (F/R, EL or SWD)","High Needs",9,"*",9,"*",6,"*"
"Unified School District #2","=""3470015""","Free/Reduced Price Meal Eligibility (2-level)","Eligible For Free Or Reduced Price Meals",9,"*",9,"*",6,"*"
"Unified School District #2","=""3470015""","Free/Reduced Price Meal Eligibility (2-level)","Not Eligible For Free Or Reduced Price Meals",0,"N/A",0,"N/A",0,"N/A"
"Unified School District #2","=""3470015""","Race/Ethnicity","Asian",0,"N/A",0,"N/A",0,"N/A"
"Unified School District #2","=""3470015""","Race/Ethnicity","Black or African American","*","*","*","*","*","*"
"Unified School District #2","=""3470015""","Race/Ethnicity","Hispanic or Latino","*","*","*","*","*","*"
"Unified School District #2","=""3470015""","Race/Ethnicity","Two or More Races","*","*","*","*","*","*"
"Unified School District #2","=""3470015""","Race/Ethnicity","White","*","*","*","*",0,"N/A"
"Unified School District #2","=""3470015""","Special Education Status (SWD)","Students with Disabilities",9,"*",9,"*",6,"*"
"Unified School District #2","=""3470015""","Special Education Status (SWD)","Students without Disabilities",0,"N/A",0,"N/A",0,"N/A"
"Connecticut Technical Education and Career System","=""9000016""","All Students","District",2622,42.5,2622,39.2,2624,51.7
"Connecticut Technical Education and Career System","=""9000016""","English Language Learners (EL)","English Learners",195,31.2,195,31.1,194,40.2
"Connecticut Technical Education and Career System","=""9000016""","English Language Learners (EL)","Not English Learners",2427,43.4,2427,39.8,2430,52.6
"Connecticut Technical Education and Career System","=""9000016""","Gender","Female",1015,43.3,1015,38.6,1003,50.2
"Connecticut Technical Education and Career System","=""9000016""","Gender","Male",1590,41.9,1590,39.5,1604,52.6
"Connecticut Technical Education and Career System","=""9000016""","Gender","Non-Binary",17,"*",17,"*",17,"*"
"Connecticut Technical Education and Career System","=""9000016""","Grade","11",2622,42.5,2622,39.2,2624,51.7
"Connecticut Technical Education and Career System","=""9000016""","High Needs (F/R, EL or SWD)","High Needs",1541,39.1,1541,36.0,1550,48.0
"Connecticut Technical Education and Career System","=""9000016""","High Needs (F/R, EL or SWD)","Not High Needs",1081,47.3,1081,43.8,1074,57.1
"Connecticut Technical Education and Career System","=""9000016""","Free/Reduced Price Meal Eligibility (2-level)","Eligible For Free Or Reduced Price Meals",1308,40.5,1308,37.1,1322,49.2
"Connecticut Technical Education and Career System","=""9000016""","Free/Reduced Price Meal Eligibility (2-level)","Not Eligible For Free Or Reduced Price Meals",1314,44.4,1314,41.3,1302,54.3
"Connecticut Technical Education and Career System","=""9000016""","Race/Ethnicity","American Indian or Alaska Native","*","*","*","*","*","*"
"Connecticut Technical Education and Career System","=""9000016""","Race/Ethnicity","Asian",29,50.0,29,49.4,29,56.5
"Connecticut Technical Education and Career System","=""9000016""","Race/Ethnicity","Black or African American",327,36.8,327,34.2,326,44.0
"Connecticut Technical Education and Career System","=""9000016""","Race/Ethnicity","Hispanic or Latino",1117,40.7,1117,37.2,1106,49.0
"Connecticut Technical Education and Career System","=""9000016""","Race/Ethnicity","Native Hawaiian or Other Pacific Islander","*","*","*","*","*","*"
"Connecticut Technical Education and Career System","=""9000016""","Race/Ethnicity","Two or More Races",136,46.7,136,42.3,137,55.8
"Connecticut Technical Education and Career System","=""9000016""","Race/Ethnicity","White",1009,45.5,1009,42.3,1022,56.4
"Connecticut Technical Education and Career System","=""9000016""","Special Education Status (SWD)","Students with Disabilities",382,30.3,382,28.2,383,39.0
"Connecticut Technical Education and Career System","=""9000016""","Special Education Status (SWD)","Students without Disabilities",2240,44.6,2240,41.1,2241,53.9
"Norwich Free Academy District","=""9010022""","All Students","District",507,51.4,507,45.4,506,54.9
"Norwich Free Academy District","=""9010022""","English Language Learners (EL)","English Learners",66,32.9,66,32.2,63,37.1
"Norwich Free Academy District","=""9010022""","English Language Learners (EL)","Not English Learners",441,54.1,441,47.4,443,57.4
"Norwich Free Academy District","=""9010022""","Gender","Female",264,51.9,264,45.1,264,54.9
"Norwich Free Academy District","=""9010022""","Gender","Male","*","*","*","*","*","*"
"Norwich Free Academy District","=""9010022""","Gender","Non-Binary","*","*","*","*","*","*"
"Norwich Free Academy District","=""9010022""","Grade","11",507,51.4,507,45.4,506,54.9
"Norwich Free Academy District","=""9010022""","High Needs (F/R, EL or SWD)","High Needs",271,42.4,271,38.0,271,44.7
"Norwich Free Academy District","=""9010022""","High Needs (F/R, EL or SWD)","Not High Needs",236,61.6,236,54.0,235,66.5
"Norwich Free Academy District","=""9010022""","Free/Reduced Price Meal Eligibility (2-level)","Eligible For Free Or Reduced Price Meals",241,43.2,241,38.5,243,44.8
"Norwich Free Academy District","=""9010022""","Free/Reduced Price Meal Eligibility (2-level)","Not Eligible For Free Or Reduced Price Meals",266,58.8,266,51.7,263,64.1
"Norwich Free Academy District","=""9010022""","Race/Ethnicity","American Indian or Alaska Native","*","*","*","*","*","*"
"Norwich Free Academy District","=""9010022""","Race/Ethnicity","Asian",32,65.1,32,62.0,32,72.2
"Norwich Free Academy District","=""9010022""","Race/Ethnicity","Black or African American",63,40.1,63,35.6,63,40.2
"Norwich Free Academy District","=""9010022""","Race/Ethnicity","Hispanic or Latino",132,41.4,132,36.6,132,42.7
"Norwich Free Academy District","=""9010022""","Race/Ethnicity","Native Hawaiian or Other Pacific Islander","*","*","*","*","*","*"
"Norwich Free Academy District","=""9010022""","Race/Ethnicity","Two or More Races",38,44.6,38,39.4,37,51.5
"Norwich Free Academy District","=""9010022""","Race/Ethnicity","White",236,59.0,236,51.6,236,63.7
"Norwich Free Academy District","=""9010022""","Special Education Status (SWD)","Students with Disabilities",57,30.6,57,28.1,58,36.5
"Norwich Free Academy District","=""9010022""","Special Education Status (SWD)","Students without Disabilities",450,54.0,450,47.7,448,57.2
"The Gilbert School District","=""9020022""","All Students","District",243,57.5,242,52.1,154,53.7
"The Gilbert School District","=""9020022""","English Language Learners (EL)","English Learners",11,"*",11,"*",6,"*"
"The Gilbert School District","=""9020022""","English Language Learners (EL)","Not English Learners",232,58.6,231,52.9,148,54.6
"The Gilbert School District","=""9020022""","Gender","Female",126,60.0,125,53.3,77,57.7
"The Gilbert School District","=""9020022""","Gender","Male",117,54.9,117,50.8,77,49.8
"The Gilbert School District","=""9020022""","Grade","07",87,62.2,86,58.5,"N/A","N/A"
"The Gilbert School District","=""9020022""","Grade","08",70,58.8,70,51.4,70,59.9
"The Gilbert School District","=""9020022""","Grade","11",86,51.8,86,46.3,84,48.6
"The Gilbert School District","=""9020022""","High Needs (F/R, EL or SWD)","High Needs",142,54.8,141,47.3,84,51.9
"The Gilbert School District","=""9020022""","High Needs (F/R, EL or SWD)","Not High Needs",101,61.4,101,58.8,70,55.9
"The Gilbert School District","=""9020022""","Free/Reduced Price Meal Eligibility (2-level)","Eligible For Free Or Reduced Price Meals",135,55.0,134,47.6,81,52.1
"The Gilbert School District","=""9020022""","Free/Reduced Price Meal Eligibility (2-level)","Not Eligible For Free Or Reduced Price Meals",108,60.7,108,57.7,73,55.5
"The Gilbert School District","=""9020022""","Race/Ethnicity","American Indian or Alaska Native","*","*","*","*","N/A","N/A"
"The Gilbert School District","=""9020022""","Race/Ethnicity","Asian",6,"*",6,"*","*","*"
"The Gilbert School District","=""9020022""","Race/Ethnicity","Black or African American","*","*","*","*","*","*"
"The Gilbert School District","=""9020022""","Race/Ethnicity","Hispanic or Latino",46,45.4,46,43.2,28,38.0
"The Gilbert School District","=""9020022""","Race/Ethnicity","Two or More Races",12,"*",12,"*",7,"*"
"The Gilbert School District","=""9020022""","Race/Ethnicity","White",174,61.7,173,54.5,111,57.9
"The Gilbert School District","=""9020022""","Special Education Status (SWD)","Students with Disabilities",33,43.5,33,31.2,17,"*"
"The Gilbert School District","=""9020022""","Special Education Status (SWD)","Students without Disabilities",210,59.7,209,55.4,137,54.3
"The Woodstock Academy District","=""9030022""","All Students","District",242,58.7,242,52.1,238,57.3
"The Woodstock Academy District","=""9030022""","English Language Learners (EL)","English Learners","*","*","*","*","*","*"
"The Woodstock Academy District","=""9030022""","English Language Learners (EL)","Not English Learners","*","*","*","*","*","*"
"The Woodstock Academy District","=""9030022""","Gender","Female",128,60.3,128,52.5,129,58.8
"The Woodstock Academy District","=""9030022""","Gender","Male","*","*","*","*","*","*"
"The Woodstock Academy District","=""9030022""","Gender","Non-Binary","*","*","*","*","*","*"
"The Woodstock Academy District","=""9030022""","Grade","11",242,58.7,242,52.1,238,57.3
"The Woodstock Academy District","=""9030022""","High Needs (F/R, EL or SWD)","High Needs",34,47.9,34,43.2,33,51.2
"The Woodstock Academy District","=""9030022""","High Needs (F/R, EL or SWD)","Not High Needs",208,60.4,208,53.6,205,58.3
"The Woodstock Academy District","=""9030022""","Free/Reduced Price Meal Eligibility (2-level)","Eligible For Free Or Reduced Price Meals",12,"*",12,"*",13,"*"
"The Woodstock Academy District","=""9030022""","Free/Reduced Price Meal Eligibility (2-level)","Not Eligible For Free Or Reduced Price Meals",230,58.9,230,52.5,225,57.3
"The Woodstock Academy District","=""9030022""","Race/Ethnicity","Asian",12,"*",12,"*",12,"*"
"The Woodstock Academy District","=""9030022""","Race/Ethnicity","Black or African American",9,"*",9,"*",9,"*"
"The Woodstock Academy District","=""9030022""","Race/Ethnicity","Hispanic or Latino",16,"*",16,"*",13,"*"
"The Woodstock Academy District","=""9030022""","Race/Ethnicity","Native Hawaiian or Other Pacific Islander","*","*","*","*","*","*"
"The Woodstock Academy District","=""9030022""","Race/Ethnicity","Two or More Races","*","*","*","*","*","*"
"The Woodstock Academy District","=""9030022""","Race/Ethnicity","White",200,60.5,200,52.1,200,58.7
"The Woodstock Academy District","=""9030022""","Special Education Status (SWD)","Students with Disabilities",21,47.8,21,44.5,22,50.1
"The Woodstock Academy District","=""9030022""","Special Education Status (SWD)","Students without Disabilities",221,59.7,221,52.9,216,58.1

