"Performance Index, 2024-25"
"All Districts"
"Notes:"
"The Performance Index is the average performance of students in a subject area (i.e., ELA, Mathematics or Science) on the state summative assessments."
"The Performance Index ranges from 0-100 and is reported for all students and for students in each individual student group."
"Connecticut's ultimate target for a Performance Index is 75."
"Starting with 2018-19, Connecticut began implementation of new science assessments aligned to the Next Generation Science Standards."
"Therefore, 2018-19 science performance index scores cannot be compared to those from prior years; they can serve as a baseline for future years."

"District Name","District Code","Category","Student Group","ELACount","ELAPerformanceIndex","MathCount","MathPerformanceIndex","ScienceCount","SciencePerformanceIndex"
"Andover School District","=""0010011""","All Students","District",107,73.1,108,68.7,25,76.5
"Andover School District","=""0010011""","English Language Learners (EL)","English Learners",7,"*",7,"*","*","*"
"Andover School District","=""0010011""","English Language Learners (EL)","Not English Learners",100,73.6,101,69.0,"*","*"
"Andover School District","=""0010011""","Gender","Female",57,75.6,58,68.5,15,"*"
"Andover School District","=""0010011""","Gender","Male",50,70.2,50,68.9,10,"*"
"Andover School District","=""0010011""","Grade","03",34,71.3,34,66.5,"N/A","N/A"
"Andover School District","=""0010011""","Grade","04",27,70.2,27,66.2,"N/A","N/A"
"Andover School District","=""0010011""","Grade","05",25,76.0,25,72.4,25,76.5
"Andover School District","=""0010011""","Grade","06",21,76.0,22,70.9,"N/A","N/A"
"Andover School District","=""0010011""","High Needs (F/R, EL or SWD)","High Needs",41,60.3,42,56.5,11,"*"
"Andover School District","=""0010011""","High Needs (F/R, EL or SWD)","Not High Needs",66,81.0,66,76.5,14,"*"
"Andover School District","=""0010011""","Free/Reduced Price Meal Eligibility (2-level)","Eligible For Free Or Reduced Price Meals",33,62.3,34,58.1,11,"*"
"Andover School District","=""0010011""","Free/Reduced Price Meal Eligibility (2-level)","Not Eligible For Free Or Reduced Price Meals",74,77.9,74,73.6,14,"*"
"Andover School District","=""0010011""","Race/Ethnicity","Black or African American","*","*","*","*","N/A","N/A"
"Andover School District","=""0010011""","Race/Ethnicity","Hispanic or Latino",11,"*",11,"*",8,"*"
"Andover School District","=""0010011""","Race/Ethnicity","Two or More Races","*","*","*","*",0,"N/A"
"Andover School District","=""0010011""","Race/Ethnicity","White",93,74.1,94,69.7,17,"*"
"Andover School District","=""0010011""","Special Education Status (SWD)","Students with Disabilities",17,"*",18,"*","*","*"
"Andover School District","=""0010011""","Special Education Status (SWD)","Students without Disabilities",90,78.2,90,74.1,"*","*"
"Ansonia School District","=""0020011""","All Students","District",1224,52.6,1224,48.3,531,48.3
"Ansonia School District","=""0020011""","English Language Learners (EL)","English Learners",147,44.8,146,42.8,67,44.1
"Ansonia School District","=""0020011""","English Language Learners (EL)","Not English Learners",1077,53.7,1078,49.0,464,48.9
"Ansonia School District","=""0020011""","Gender","Female",584,54.2,584,47.3,258,48.8
"Ansonia School District","=""0020011""","Gender","Male",640,51.1,640,49.2,273,47.8
"Ansonia School District","=""0020011""","Grade","03",174,55.4,175,52.4,"N/A","N/A"
"Ansonia School District","=""0020011""","Grade","04",183,62.3,184,60.3,"N/A","N/A"
"Ansonia School District","=""0020011""","Grade","05",180,56.0,180,55.4,180,52.7
"Ansonia School District","=""0020011""","Grade","06",157,55.4,156,47.9,"N/A","N/A"
"Ansonia School District","=""0020011""","Grade","07",175,50.1,174,43.8,"N/A","N/A"
"Ansonia School District","=""0020011""","Grade","08",201,45.1,201,39.2,200,45.7
"Ansonia School District","=""0020011""","Grade","11",154,43.5,154,38.3,151,46.5
"Ansonia School District","=""0020011""","High Needs (F/R, EL or SWD)","High Needs",894,49.8,895,45.3,399,46.1
"Ansonia School District","=""0020011""","High Needs (F/R, EL or SWD)","Not High Needs",330,60.3,329,56.4,132,54.9
"Ansonia School District","=""0020011""","Free/Reduced Price Meal Eligibility (2-level)","Eligible For Free Or Reduced Price Meals",815,50.5,816,45.8,366,47.0
"Ansonia School District","=""0020011""","Free/Reduced Price Meal Eligibility (2-level)","Not Eligible For Free Or Reduced Price Meals",409,56.8,408,53.2,165,51.2
"Ansonia School District","=""0020011""","Race/Ethnicity","American Indian or Alaska Native","*","*","*","*","N/A","N/A"
"Ansonia School District","=""0020011""","Race/Ethnicity","Asian",19,"*",19,"*","*","*"
"Ansonia School District","=""0020011""","Race/Ethnicity","Black or African American",273,49.0,273,43.8,124,44.6
"Ansonia School District","=""0020011""","Race/Ethnicity","Hispanic or Latino",606,52.0,607,48.0,263,47.6
"Ansonia School District","=""0020011""","Race/Ethnicity","Native Hawaiian or Other Pacific Islander","*","*","*","*","*","*"
"Ansonia School District","=""0020011""","Race/Ethnicity","Two or More Races",58,52.0,58,46.8,34,48.6
"Ansonia School District","=""0020011""","Race/Ethnicity","White",266,56.9,265,53.1,103,55.0
"Ansonia School District","=""0020011""","Special Education Status (SWD)","Students with Disabilities",199,33.2,199,28.1,100,33.7
"Ansonia School District","=""0020011""","Special Education Status (SWD)","Students without Disabilities",1025,56.4,1025,52.2,431,51.7
"Ashford School District","=""0030011""","All Students","District",216,68.3,216,66.1,71,75.4
"Ashford School District","=""0030011""","English Language Learners (EL)","English Learners",8,"*",8,"*","*","*"
"Ashford School District","=""0030011""","English Language Learners (EL)","Not English Learners",208,68.6,208,66.2,"*","*"
"Ashford School District","=""0030011""","Gender","Female",104,68.5,104,64.1,36,74.3
"Ashford School District","=""0030011""","Gender","Male",112,68.1,112,67.9,35,76.5
"Ashford School District","=""0030011""","Grade","03",30,62.1,30,61.1,"N/A","N/A"
"Ashford School District","=""0030011""","Grade","04",31,72.0,31,68.6,"N/A","N/A"
"Ashford School District","=""0030011""","Grade","05",37,68.2,37,71.2,37,73.4
"Ashford School District","=""0030011""","Grade","06",42,68.7,42,60.5,"N/A","N/A"
"Ashford School District","=""0030011""","Grade","07",42,67.6,42,64.0,"N/A","N/A"
"Ashford School District","=""0030011""","Grade","08",34,70.4,34,72.0,34,77.5
"Ashford School District","=""0030011""","High Needs (F/R, EL or SWD)","High Needs",102,61.7,102,58.4,29,67.6
"Ashford School District","=""0030011""","High Needs (F/R, EL or SWD)","Not High Needs",114,74.1,114,72.9,42,80.7
"Ashford School District","=""0030011""","Free/Reduced Price Meal Eligibility (2-level)","Eligible For Free Or Reduced Price Meals",80,62.5,80,59.6,23,71.8
"Ashford School District","=""0030011""","Free/Reduced Price Meal Eligibility (2-level)","Not Eligible For Free Or Reduced Price Meals",136,71.7,136,69.9,48,77.1
"Ashford School District","=""0030011""","Race/Ethnicity","Asian","*","*","*","*","*","*"
"Ashford School District","=""0030011""","Race/Ethnicity","Black or African American","*","*","*","*","*","*"
"Ashford School District","=""0030011""","Race/Ethnicity","Hispanic or Latino",21,58.3,21,52.1,"*","*"
"Ashford School District","=""0030011""","Race/Ethnicity","Native Hawaiian or Other Pacific Islander","*","*","*","*","*","*"
"Ashford School District","=""0030011""","Race/Ethnicity","Two or More Races","*","*","*","*","*","*"
"Ashford School District","=""0030011""","Race/Ethnicity","White",181,69.4,181,67.2,60,76.5
"Ashford School District","=""0030011""","Special Education Status (SWD)","Students with Disabilities",39,55.0,39,47.0,10,"*"
"Ashford School District","=""0030011""","Special Education Status (SWD)","Students without Disabilities",177,71.2,177,70.3,61,78.6
"Avon School District","=""0040011""","All Students","District",1606,76.8,1597,74.2,706,78.0
"Avon School District","=""0040011""","English Language Learners (EL)","English Learners",105,66.5,102,67.1,32,68.8
"Avon School District","=""0040011""","English Language Learners (EL)","Not English Learners",1501,77.5,1495,74.7,674,78.4
"Avon School District","=""0040011""","Gender","Female",851,78.2,843,73.3,387,75.8
"Avon School District","=""0040011""","Gender","Male","*","*","*","*","*","*"
"Avon School District","=""0040011""","Gender","Non-Binary","*","*","*","*","*","*"
"Avon School District","=""0040011""","Grade","03",225,74.6,224,70.6,"N/A","N/A"
"Avon School District","=""0040011""","Grade","04",232,77.1,232,73.3,"N/A","N/A"
"Avon School District","=""0040011""","Grade","05",254,78.7,249,77.8,250,77.3
"Avon School District","=""0040011""","Grade","06",230,78.5,228,76.7,"N/A","N/A"
"Avon School District","=""0040011""","Grade","07",203,77.2,203,75.0,"N/A","N/A"
"Avon School District","=""0040011""","Grade","08",248,78.8,247,76.8,247,77.7
"Avon School District","=""0040011""","Grade","11",214,71.8,214,68.4,209,79.1
"Avon School District","=""0040011""","High Needs (F/R, EL or SWD)","High Needs",392,61.8,387,57.9,154,60.1
"Avon School District","=""0040011""","High Needs (F/R, EL or SWD)","Not High Needs",1214,81.6,1210,79.4,552,83.0
"Avon School District","=""0040011""","Free/Reduced Price Meal Eligibility (2-level)","Eligible For Free Or Reduced Price Meals",184,65.5,182,60.1,71,65.4
"Avon School District","=""0040011""","Free/Reduced Price Meal Eligibility (2-level)","Not Eligible For Free Or Reduced Price Meals",1422,78.2,1415,76.0,635,79.4
"Avon School District","=""0040011""","Race/Ethnicity","American Indian or Alaska Native","*","*","*","*","*","*"
"Avon School District","=""0040011""","Race/Ethnicity","Asian",295,84.3,293,87.0,132,89.5
"Avon School District","=""0040011""","Race/Ethnicity","Black or African American",89,61.5,87,52.2,37,55.8
"Avon School District","=""0040011""","Race/Ethnicity","Hispanic or Latino",131,68.5,131,67.0,65,70.4
"Avon School District","=""0040011""","Race/Ethnicity","Native Hawaiian or Other Pacific Islander","*","*","*","*","*","*"
"Avon School District","=""0040011""","Race/Ethnicity","Two or More Races",87,80.0,87,74.7,31,80.1
"Avon School District","=""0040011""","Race/Ethnicity","White",997,76.8,992,73.3,439,77.5
"Avon School District","=""0040011""","Special Education Status (SWD)","Students with Disabilities",199,51.1,197,46.2,83,48.7
"Avon School District","=""0040011""","Special Education Status (SWD)","Students without Disabilities",1407,80.4,1400,78.2,623,81.9
"Barkhamsted School District","=""0050011""","All Students","District",120,69.6,120,66.3,28,72.3
"Barkhamsted School District","=""0050011""","English Language Learners (EL)","English Learners","*","*","*","*","N/A","N/A"
"Barkhamsted School District","=""0050011""","English Language Learners (EL)","Not English Learners","*","*","*","*",28,72.3
"Barkhamsted School District","=""0050011""","Gender","Female",57,72.0,57,64.9,17,"*"
"Barkhamsted School District","=""0050011""","Gender","Male",63,67.5,63,67.5,11,"*"
"Barkhamsted School District","=""0050011""","Grade","03",34,64.9,34,57.0,"N/A","N/A"
"Barkhamsted School District","=""0050011""","Grade","04",33,69.3,33,68.4,"N/A","N/A"
"Barkhamsted School District","=""0050011""","Grade","05",28,73.5,28,69.9,28,72.3
"Barkhamsted School District","=""0050011""","Grade","06",25,72.1,25,72.0,"N/A","N/A"
"Barkhamsted School District","=""0050011""","High Needs (F/R, EL or SWD)","High Needs",57,60.5,57,59.4,11,"*"
"Barkhamsted School District","=""0050011""","High Needs (F/R, EL or SWD)","Not High Needs",63,78.0,63,72.5,17,"*"
"Barkhamsted School District","=""0050011""","Free/Reduced Price Meal Eligibility (2-level)","Eligible For Free Or Reduced Price Meals",27,63.9,27,63.5,8,"*"
"Barkhamsted School District","=""0050011""","Free/Reduced Price Meal Eligibility (2-level)","Not Eligible For Free Or Reduced Price Meals",93,71.3,93,67.1,20,77.7
"Barkhamsted School District","=""0050011""","Race/Ethnicity","American Indian or Alaska Native","*","*","*","*","N/A","N/A"
"Barkhamsted School District","=""0050011""","Race/Ethnicity","Hispanic or Latino",7,"*",7,"*","*","*"
"Barkhamsted School District","=""0050011""","Race/Ethnicity","Two or More Races","*","*","*","*","N/A","N/A"
"Barkhamsted School District","=""0050011""","Race/Ethnicity","White",108,70.1,108,67.2,"*","*"
"Barkhamsted School District","=""0050011""","Special Education Status (SWD)","Students with Disabilities",39,55.4,39,53.2,7,"*"
"Barkhamsted School District","=""0050011""","Special Education Status (SWD)","Students without Disabilities",81,76.5,81,72.6,21,79.9
"Berlin School District","=""0070011""","All Students","District",1334,70.4,1329,68.1,561,72.1
"Berlin School District","=""0070011""","English Language Learners (EL)","English Learners",112,65.4,112,64.5,32,66.0
"Berlin School District","=""0070011""","English Language Learners (EL)","Not English Learners",1222,70.9,1217,68.5,529,72.4
"Berlin School District","=""0070011""","Gender","Female",674,71.0,671,66.8,285,71.0
"Berlin School District","=""0070011""","Gender","Male",660,69.8,658,69.5,276,73.2
"Berlin School District","=""0070011""","Grade","03",196,73.8,196,72.1,"N/A","N/A"
"Berlin School District","=""0070011""","Grade","04",185,74.3,184,71.6,"N/A","N/A"
"Berlin School District","=""0070011""","Grade","05",183,74.7,183,74.9,183,73.6
"Berlin School District","=""0070011""","Grade","06",191,71.0,189,67.5,"N/A","N/A"
"Berlin School District","=""0070011""","Grade","07",201,73.1,200,71.4,"N/A","N/A"
"Berlin School District","=""0070011""","Grade","08",189,67.9,188,65.1,189,69.4
"Berlin School District","=""0070011""","Grade","11",189,58.0,189,54.1,189,73.3
"Berlin School District","=""0070011""","High Needs (F/R, EL or SWD)","High Needs",504,60.5,502,57.9,196,59.6
"Berlin School District","=""0070011""","High Needs (F/R, EL or SWD)","Not High Needs",830,76.4,827,74.4,365,78.8
"Berlin School District","=""0070011""","Free/Reduced Price Meal Eligibility (2-level)","Eligible For Free Or Reduced Price Meals",332,62.5,330,60.7,130,63.8
"Berlin School District","=""0070011""","Free/Reduced Price Meal Eligibility (2-level)","Not Eligible For Free Or Reduced Price Meals",1002,73.0,999,70.6,431,74.6
"Berlin School District","=""0070011""","Race/Ethnicity","Asian",63,73.5,63,76.1,32,79.8
"Berlin School District","=""0070011""","Race/Ethnicity","Black or African American","*","*","*","*",15,"*"
"Berlin School District","=""0070011""","Race/Ethnicity","Hispanic or Latino",173,63.3,172,59.0,76,63.5
"Berlin School District","=""0070011""","Race/Ethnicity","Native Hawaiian or Other Pacific Islander","*","*","*","*","N/A","N/A"
"Berlin School District","=""0070011""","Race/Ethnicity","Two or More Races",40,71.9,39,70.3,19,"*"
"Berlin School District","=""0070011""","Race/Ethnicity","White",1021,71.6,1018,69.4,419,72.8
"Berlin School District","=""0070011""","Special Education Status (SWD)","Students with Disabilities",206,49.1,204,43.2,85,47.5
"Berlin School District","=""0070011""","Special Education Status (SWD)","Students without Disabilities",1128,74.3,1125,72.7,476,76.5
"Bethany School District","=""0080011""","All Students","District",253,80.7,253,74.6,77,84.3
"Bethany School District","=""0080011""","English Language Learners (EL)","English Learners",25,76.1,25,72.2,7,"*"
"Bethany School District","=""0080011""","English Language Learners (EL)","Not English Learners",228,81.2,228,74.8,70,84.8
"Bethany School District","=""0080011""","Gender","Female",121,84.2,121,75.3,37,85.4
"Bethany School District","=""0080011""","Gender","Male",132,77.4,132,73.9,40,83.2
"Bethany School District","=""0080011""","Grade","03",61,71.9,61,67.4,"N/A","N/A"
"Bethany School District","=""0080011""","Grade","04",55,81.2,55,77.1,"N/A","N/A"
"Bethany School District","=""0080011""","Grade","05",77,84.7,77,74.0,77,84.3
"Bethany School District","=""0080011""","Grade","06",60,83.9,60,80.4,"N/A","N/A"
"Bethany School District","=""0080011""","High Needs (F/R, EL or SWD)","High Needs",87,69.3,87,65.9,25,75.3
"Bethany School District","=""0080011""","High Needs (F/R, EL or SWD)","Not High Needs",166,86.6,166,79.1,52,88.6
"Bethany School District","=""0080011""","Free/Reduced Price Meal Eligibility (2-level)","Eligible For Free Or Reduced Price Meals",24,70.1,24,63.4,10,"*"
"Bethany School District","=""0080011""","Free/Reduced Price Meal Eligibility (2-level)","Not Eligible For Free Or Reduced Price Meals",229,81.8,229,75.7,67,85.7
"Bethany School District","=""0080011""","Race/Ethnicity","American Indian or Alaska Native","*","*","*","*","N/A","N/A"
"Bethany School District","=""0080011""","Race/Ethnicity","Asian",23,91.8,23,84.6,9,"*"
"Bethany School District","=""0080011""","Race/Ethnicity","Black or African American","*","*","*","*","*","*"
"Bethany School District","=""0080011""","Race/Ethnicity","Hispanic or Latino",18,"*",18,"*","*","*"
"Bethany School District","=""0080011""","Race/Ethnicity","Two or More Races","*","*","*","*","*","*"
"Bethany School District","=""0080011""","Race/Ethnicity","White",203,80.4,203,73.5,62,83.7
"Bethany School District","=""0080011""","Special Education Status (SWD)","Students with Disabilities",55,64.2,55,61.3,13,"*"
"Bethany School District","=""0080011""","Special Education Status (SWD)","Students without Disabilities",198,85.2,198,78.3,64,87.2
"Bethel School District","=""0090011""","All Students","District",1622,70.0,1617,68.8,756,70.1
"Bethel School District","=""0090011""","English Language Learners (EL)","English Learners",205,55.2,204,57.1,82,50.5
"Bethel School District","=""0090011""","English Language Learners (EL)","Not English Learners",1417,72.2,1413,70.5,674,72.4
"Bethel School District","=""0090011""","Gender","Female","*","*","*","*","*","*"
"Bethel School District","=""0090011""","Gender","Male",840,68.6,840,69.8,404,70.5
"Bethel School District","=""0090011""","Gender","Non-Binary","*","*","*","*","*","*"
"Bethel School District","=""0090011""","Grade","03",187,72.2,187,69.2,"N/A","N/A"
"Bethel School District","=""0090011""","Grade","04",203,74.2,203,71.8,"N/A","N/A"
"Bethel School District","=""0090011""","Grade","05",238,73.8,236,73.2,236,71.5
"Bethel School District","=""0090011""","Grade","06",226,72.6,226,70.2,"N/A","N/A"
"Bethel School District","=""0090011""","Grade","07",252,70.4,250,70.1,"N/A","N/A"
"Bethel School District","=""0090011""","Grade","08",249,69.9,248,73.4,249,66.7
"Bethel School District","=""0090011""","Grade","11",267,59.6,267,55.4,271,71.9
"Bethel School District","=""0090011""","High Needs (F/R, EL or SWD)","High Needs",743,60.5,739,58.7,355,59.2
"Bethel School District","=""0090011""","High Needs (F/R, EL or SWD)","Not High Needs",879,78.1,878,77.3,401,79.7
"Bethel School District","=""0090011""","Free/Reduced Price Meal Eligibility (2-level)","Eligible For Free Or Reduced Price Meals",561,61.9,559,60.3,273,60.3
"Bethel School District","=""0090011""","Free/Reduced Price Meal Eligibility (2-level)","Not Eligible For Free Or Reduced Price Meals",1061,74.4,1058,73.2,483,75.6
"Bethel School District","=""0090011""","Race/Ethnicity","American Indian or Alaska Native","*","*","*","*","*","*"
"Bethel School District","=""0090011""","Race/Ethnicity","Asian",128,83.8,128,86.1,49,86.3
"Bethel School District","=""0090011""","Race/Ethnicity","Black or African American",70,67.0,70,62.6,26,62.0
"Bethel School District","=""0090011""","Race/Ethnicity","Hispanic or Latino",455,63.7,454,62.2,232,62.0
"Bethel School District","=""0090011""","Race/Ethnicity","Native Hawaiian or Other Pacific Islander","*","*","*","*","*","*"
"Bethel School District","=""0090011""","Race/Ethnicity","Two or More Races",67,77.0,67,75.3,32,73.2
"Bethel School District","=""0090011""","Race/Ethnicity","White",866,71.6,862,70.1,399,73.7
"Bethel School District","=""0090011""","Special Education Status (SWD)","Students with Disabilities",245,48.9,241,43.0,114,46.6
"Bethel School District","=""0090011""","Special Education Status (SWD)","Students without Disabilities",1377,73.8,1376,73.3,642,74.2
"Bloomfield School District","=""0110011""","All Students","District",798,56.3,798,50.1,363,52.2
"Bloomfield School District","=""0110011""","English Language Learners (EL)","English Learners",71,46.9,71,42.1,28,46.3
"Bloomfield School District","=""0110011""","English Language Learners (EL)","Not English Learners",727,57.2,727,50.9,335,52.6
"Bloomfield School District","=""0110011""","Gender","Female",384,59.0,384,49.8,171,50.9
"Bloomfield School District","=""0110011""","Gender","Male",414,53.8,414,50.3,192,53.3
"Bloomfield School District","=""0110011""","Grade","03",97,63.8,97,57.4,"N/A","N/A"
"Bloomfield School District","=""0110011""","Grade","04",83,61.1,83,59.0,"N/A","N/A"
"Bloomfield School District","=""0110011""","Grade","05",98,58.3,98,58.2,98,57.9
"Bloomfield School District","=""0110011""","Grade","06",130,58.8,130,48.1,"N/A","N/A"
"Bloomfield School District","=""0110011""","Grade","07",122,57.5,122,48.9,"N/A","N/A"
"Bloomfield School District","=""0110011""","Grade","08",121,54.7,121,48.9,121,52.3
"Bloomfield School District","=""0110011""","Grade","11",147,45.3,147,38.6,144,48.1
"Bloomfield School District","=""0110011""","High Needs (F/R, EL or SWD)","High Needs",502,51.3,502,44.8,218,48.4
"Bloomfield School District","=""0110011""","High Needs (F/R, EL or SWD)","Not High Needs",296,64.8,296,59.1,145,57.8
"Bloomfield School District","=""0110011""","Free/Reduced Price Meal Eligibility (2-level)","Eligible For Free Or Reduced Price Meals",407,53.0,407,45.2,177,48.9
"Bloomfield School District","=""0110011""","Free/Reduced Price Meal Eligibility (2-level)","Not Eligible For Free Or Reduced Price Meals",391,59.7,391,55.1,186,55.3
"Bloomfield School District","=""0110011""","Race/Ethnicity","American Indian or Alaska Native","*","*","*","*","*","*"
"Bloomfield School District","=""0110011""","Race/Ethnicity","Asian",15,"*",15,"*","*","*"
"Bloomfield School District","=""0110011""","Race/Ethnicity","Black or African American",571,56.9,571,50.3,269,52.3
"Bloomfield School District","=""0110011""","Race/Ethnicity","Hispanic or Latino",147,52.3,147,46.8,62,51.1
"Bloomfield School District","=""0110011""","Race/Ethnicity","Native Hawaiian or Other Pacific Islander","*","*","*","*","*","*"
"Bloomfield School District","=""0110011""","Race/Ethnicity","Two or More Races",38,58.4,38,54.5,16,"*"
"Bloomfield School District","=""0110011""","Race/Ethnicity","White",21,56.0,21,53.2,9,"*"
"Bloomfield School District","=""0110011""","Special Education Status (SWD)","Students with Disabilities",182,39.3,182,34.6,75,41.0
"Bloomfield School District","=""0110011""","Special Education Status (SWD)","Students without Disabilities",616,61.3,616,54.7,288,55.1
"Bolton School District","=""0120011""","All Students","District",353,71.7,349,70.3,157,71.3
"Bolton School District","=""0120011""","English Language Learners (EL)","English Learners",6,"*",6,"*","*","*"
"Bolton School District","=""0120011""","English Language Learners (EL)","Not English Learners",347,71.8,343,70.3,"*","*"
"Bolton School District","=""0120011""","Gender","Female",181,74.2,178,70.0,81,71.9
"Bolton School District","=""0120011""","Gender","Male",172,69.2,171,70.6,76,70.7
"Bolton School District","=""0120011""","Grade","03",46,73.6,45,80.1,"N/A","N/A"
"Bolton School District","=""0120011""","Grade","04",51,76.9,51,76.8,"N/A","N/A"
"Bolton School District","=""0120011""","Grade","05",44,80.2,42,81.7,43,74.5
"Bolton School District","=""0120011""","Grade","06",52,70.4,52,64.8,"N/A","N/A"
"Bolton School District","=""0120011""","Grade","07",45,73.4,44,70.3,"N/A","N/A"
"Bolton School District","=""0120011""","Grade","08",51,72.3,51,69.2,51,75.0
"Bolton School District","=""0120011""","Grade","11",64,60.0,64,56.0,63,66.1
"Bolton School District","=""0120011""","High Needs (F/R, EL or SWD)","High Needs",101,58.7,100,54.5,43,59.4
"Bolton School District","=""0120011""","High Needs (F/R, EL or SWD)","Not High Needs",252,77.0,249,76.6,114,75.8
"Bolton School District","=""0120011""","Free/Reduced Price Meal Eligibility (2-level)","Eligible For Free Or Reduced Price Meals",83,58.4,82,54.5,37,58.8
"Bolton School District","=""0120011""","Free/Reduced Price Meal Eligibility (2-level)","Not Eligible For Free Or Reduced Price Meals",270,75.8,267,75.2,120,75.1
"Bolton School District","=""0120011""","Race/Ethnicity","Asian",7,"*",7,"*","*","*"
"Bolton School District","=""0120011""","Race/Ethnicity","Black or African American",21,54.2,21,46.7,12,"*"
"Bolton School District","=""0120011""","Race/Ethnicity","Hispanic or Latino",37,68.8,37,65.7,17,"*"
"Bolton School District","=""0120011""","Race/Ethnicity","Two or More Races",22,66.9,22,65.2,"*","*"
"Bolton School District","=""0120011""","Race/Ethnicity","White",266,74.0,262,73.1,115,74.1
"Bolton School District","=""0120011""","Special Education Status (SWD)","Students with Disabilities",34,49.6,34,41.6,12,"*"
"Bolton School District","=""0120011""","Special Education Status (SWD)","Students without Disabilities",319,74.1,315,73.4,145,73.2
"Bozrah School District","=""0130011""","All Students","District",106,70.8,106,73.2,35,75.2
"Bozrah School District","=""0130011""","English Language Learners (EL)","English Learners","*","*","*","*","*","*"
"Bozrah School District","=""0130011""","English Language Learners (EL)","Not English Learners","*","*","*","*","*","*"
"Bozrah School District","=""0130011""","Gender","Female",49,72.4,49,72.1,15,"*"
"Bozrah School District","=""0130011""","Gender","Male",57,69.3,57,74.2,20,74.9
"Bozrah School District","=""0130011""","Grade","03",18,"*",18,"*","N/A","N/A"
"Bozrah School District","=""0130011""","Grade","04",17,"*",17,"*","N/A","N/A"
"Bozrah School District","=""0130011""","Grade","05",17,"*",17,"*",17,"*"
"Bozrah School District","=""0130011""","Grade","06",15,"*",15,"*","N/A","N/A"
"Bozrah School District","=""0130011""","Grade","07",21,69.6,21,70.2,"N/A","N/A"
"Bozrah School District","=""0130011""","Grade","08",18,"*",18,"*",18,"*"
"Bozrah School District","=""0130011""","High Needs (F/R, EL or SWD)","High Needs",53,63.1,53,64.7,20,67.9
"Bozrah School District","=""0130011""","High Needs (F/R, EL or SWD)","Not High Needs",53,78.4,53,81.8,15,"*"
"Bozrah School District","=""0130011""","Free/Reduced Price Meal Eligibility (2-level)","Eligible For Free Or Reduced Price Meals",40,66.7,40,68.3,15,"*"
"Bozrah School District","=""0130011""","Free/Reduced Price Meal Eligibility (2-level)","Not Eligible For Free Or Reduced Price Meals",66,73.2,66,76.2,20,76.0
"Bozrah School District","=""0130011""","Race/Ethnicity","American Indian or Alaska Native","*","*","*","*","*","*"
"Bozrah School District","=""0130011""","Race/Ethnicity","Asian","*","*","*","*","N/A","N/A"
"Bozrah School District","=""0130011""","Race/Ethnicity","Black or African American","*","*","*","*","*","*"
"Bozrah School District","=""0130011""","Race/Ethnicity","Hispanic or Latino",12,"*",12,"*","*","*"
"Bozrah School District","=""0130011""","Race/Ethnicity","Two or More Races",7,"*",7,"*","*","*"
"Bozrah School District","=""0130011""","Race/Ethnicity","White",84,73.1,84,75.8,25,77.5
"Bozrah School District","=""0130011""","Special Education Status (SWD)","Students with Disabilities",21,50.1,21,48.9,7,"*"
"Bozrah School District","=""0130011""","Special Education Status (SWD)","Students without Disabilities",85,75.9,85,79.2,28,81.5
"Branford School District","=""0140011""","All Students","District",1290,68.7,1288,64.9,551,63.0
"Branford School District","=""0140011""","English Language Learners (EL)","English Learners",153,66.2,153,64.9,56,58.7
"Branford School District","=""0140011""","English Language Learners (EL)","Not English Learners",1137,69.0,1135,64.9,495,63.5
"Branford School District","=""0140011""","Gender","Female","*","*","*","*",268,62.6
"Branford School District","=""0140011""","Gender","Male",664,67.0,664,66.0,283,63.5
"Branford School District","=""0140011""","Gender","Non-Binary","*","*","*","*",0,"N/A"
"Branford School District","=""0140011""","Grade","03",184,70.5,184,68.7,"N/A","N/A"
"Branford School District","=""0140011""","Grade","04",177,79.0,177,72.1,"N/A","N/A"
"Branford School District","=""0140011""","Grade","05",177,71.2,177,68.9,177,65.7
"Branford School District","=""0140011""","Grade","06",205,70.5,205,67.9,"N/A","N/A"
"Branford School District","=""0140011""","Grade","07",173,67.5,173,63.0,"N/A","N/A"
"Branford School District","=""0140011""","Grade","08",195,63.9,193,59.8,196,64.5
"Branford School District","=""0140011""","Grade","11",179,58.4,179,54.0,178,58.8
"Branford School District","=""0140011""","High Needs (F/R, EL or SWD)","High Needs",634,61.6,633,57.7,269,56.9
"Branford School District","=""0140011""","High Needs (F/R, EL or SWD)","Not High Needs",656,75.5,655,71.9,282,68.9
"Branford School District","=""0140011""","Free/Reduced Price Meal Eligibility (2-level)","Eligible For Free Or Reduced Price Meals",485,62.9,484,58.4,218,57.9
"Branford School District","=""0140011""","Free/Reduced Price Meal Eligibility (2-level)","Not Eligible For Free Or Reduced Price Meals",805,72.1,804,68.9,333,66.4
"Branford School District","=""0140011""","Race/Ethnicity","American Indian or Alaska Native","*","*","*","*","*","*"
"Branford School District","=""0140011""","Race/Ethnicity","Asian",81,73.9,81,73.2,35,71.2
"Branford School District","=""0140011""","Race/Ethnicity","Black or African American",62,59.6,62,54.1,25,58.1
"Branford School District","=""0140011""","Race/Ethnicity","Hispanic or Latino",222,66.4,221,59.5,102,57.5
"Branford School District","=""0140011""","Race/Ethnicity","Native Hawaiian or Other Pacific Islander","*","*","*","*","N/A","N/A"
"Branford School District","=""0140011""","Race/Ethnicity","Two or More Races",66,73.5,66,68.8,"*","*"
"Branford School District","=""0140011""","Race/Ethnicity","White",854,69.0,853,66.1,362,63.7
"Branford School District","=""0140011""","Special Education Status (SWD)","Students with Disabilities",208,49.5,208,45.5,81,44.2
"Branford School District","=""0140011""","Special Education Status (SWD)","Students without Disabilities",1082,72.4,1080,68.7,470,66.3
"Bridgeport School District","=""0150011""","All Students","District",8796,49.4,8750,44.9,3630,46.7
"Bridgeport School District","=""0150011""","English Language Learners (EL)","English Learners",2818,42.7,2806,42.0,1009,41.0
"Bridgeport School District","=""0150011""","English Language Learners (EL)","Not English Learners",5978,52.5,5944,46.2,2621,48.8
"Bridgeport School District","=""0150011""","Gender","Female","*","*","*","*",1775,46.7
"Bridgeport School District","=""0150011""","Gender","Male",4513,48.1,4486,45.2,1855,46.6
"Bridgeport School District","=""0150011""","Gender","Non-Binary","*","*","*","*","N/A","N/A"
"Bridgeport School District","=""0150011""","Grade","03",1362,51.1,1360,46.0,"N/A","N/A"
"Bridgeport School District","=""0150011""","Grade","04",1234,52.8,1224,47.7,"N/A","N/A"
"Bridgeport School District","=""0150011""","Grade","05",1295,47.9,1285,48.6,1289,49.2
"Bridgeport School District","=""0150011""","Grade","06",1283,52.1,1274,46.0,"N/A","N/A"
"Bridgeport School District","=""0150011""","Grade","07",1268,51.0,1262,45.8,"N/A","N/A"
"Bridgeport School District","=""0150011""","Grade","08",1319,46.2,1311,42.2,1308,47.9
"Bridgeport School District","=""0150011""","Grade","11",1035,43.5,1034,36.3,1033,41.9
"Bridgeport School District","=""0150011""","High Needs (F/R, EL or SWD)","High Needs",8156,48.2,8110,44.0,3314,45.7
"Bridgeport School District","=""0150011""","High Needs (F/R, EL or SWD)","Not High Needs",640,64.3,640,56.2,316,57.1
"Bridgeport School District","=""0150011""","Free/Reduced Price Meal Eligibility (2-level)","Eligible For Free Or Reduced Price Meals",7834,48.3,7789,44.0,3198,45.8
"Bridgeport School District","=""0150011""","Free/Reduced Price Meal Eligibility (2-level)","Not Eligible For Free Or Reduced Price Meals",962,57.8,961,52.1,432,52.9
"Bridgeport School District","=""0150011""","Race/Ethnicity","American Indian or Alaska Native",37,54.2,37,48.5,16,"*"
"Bridgeport School District","=""0150011""","Race/Ethnicity","Asian",162,66.3,162,62.6,70,63.6
"Bridgeport School District","=""0150011""","Race/Ethnicity","Black or African American",2436,49.0,2418,42.2,1077,44.6
"Bridgeport School District","=""0150011""","Race/Ethnicity","Hispanic or Latino",5193,48.1,5171,44.9,2059,45.9
"Bridgeport School District","=""0150011""","Race/Ethnicity","Native Hawaiian or Other Pacific Islander",10,"*",10,"*",6,"*"
"Bridgeport School District","=""0150011""","Race/Ethnicity","Two or More Races",211,51.4,211,46.1,83,50.3
"Bridgeport School District","=""0150011""","Race/Ethnicity","White",747,54.3,741,48.7,319,54.4
"Bridgeport School District","=""0150011""","Special Education Status (SWD)","Students with Disabilities",1810,34.9,1780,29.9,732,34.2
"Bridgeport School District","=""0150011""","Special Education Status (SWD)","Students without Disabilities",6986,53.1,6970,48.7,2898,49.8
"Bristol School District","=""0170011""","All Students","District",3874,63.2,3864,58.6,1693,63.9
"Bristol School District","=""0170011""","English Language Learners (EL)","English Learners",326,53.7,325,51.4,139,52.0
"Bristol School District","=""0170011""","English Language Learners (EL)","Not English Learners",3548,64.0,3539,59.3,1554,64.9
"Bristol School District","=""0170011""","Gender","Female",1938,64.0,1935,57.4,861,62.7
"Bristol School District","=""0170011""","Gender","Male","*","*","*","*","*","*"
"Bristol School District","=""0170011""","Gender","Non-Binary","*","*","*","*","*","*"
"Bristol School District","=""0170011""","Grade","03",591,65.9,589,59.8,"N/A","N/A"
"Bristol School District","=""0170011""","Grade","04",490,70.4,489,64.9,"N/A","N/A"
"Bristol School District","=""0170011""","Grade","05",599,63.5,596,63.0,599,61.2
"Bristol School District","=""0170011""","Grade","06",524,66.6,524,60.6,"N/A","N/A"
"Bristol School District","=""0170011""","Grade","07",563,65.3,560,58.2,"N/A","N/A"
"Bristol School District","=""0170011""","Grade","08",569,60.9,568,58.4,570,65.3
"Bristol School District","=""0170011""","Grade","11",538,50.1,538,45.8,524,65.4
"Bristol School District","=""0170011""","High Needs (F/R, EL or SWD)","High Needs",2399,57.7,2388,52.5,1008,57.0
"Bristol School District","=""0170011""","High Needs (F/R, EL or SWD)","Not High Needs",1475,72.0,1476,68.5,685,74.0
"Bristol School District","=""0170011""","Free/Reduced Price Meal Eligibility (2-level)","Eligible For Free Or Reduced Price Meals",2053,59.0,2044,53.6,867,57.7
"Bristol School District","=""0170011""","Free/Reduced Price Meal Eligibility (2-level)","Not Eligible For Free Or Reduced Price Meals",1821,67.9,1820,64.3,826,70.3
"Bristol School District","=""0170011""","Race/Ethnicity","American Indian or Alaska Native","*","*","*","*","*","*"
"Bristol School District","=""0170011""","Race/Ethnicity","Asian",137,66.8,136,65.6,"*","*"
"Bristol School District","=""0170011""","Race/Ethnicity","Black or African American",338,59.9,337,52.3,147,56.2
"Bristol School District","=""0170011""","Race/Ethnicity","Hispanic or Latino",1474,58.3,1467,53.3,618,58.1
"Bristol School District","=""0170011""","Race/Ethnicity","Native Hawaiian or Other Pacific Islander","*","*","*","*","N/A","N/A"
"Bristol School District","=""0170011""","Race/Ethnicity","Two or More Races",232,63.3,232,57.4,83,61.2
"Bristol School District","=""0170011""","Race/Ethnicity","White",1688,67.8,1687,64.1,774,69.7
"Bristol School District","=""0170011""","Special Education Status (SWD)","Students with Disabilities",765,42.7,758,36.8,332,43.8
"Bristol School District","=""0170011""","Special Education Status (SWD)","Students without Disabilities",3109,68.2,3106,64.0,1361,68.8
"Brookfield School District","=""0180011""","All Students","District",1318,71.1,1317,66.8,574,67.1
"Brookfield School District","=""0180011""","English Language Learners (EL)","English Learners",111,56.2,111,54.5,43,54.5
"Brookfield School District","=""0180011""","English Language Learners (EL)","Not English Learners",1207,72.5,1206,68.0,531,68.1
"Brookfield School District","=""0180011""","Gender","Female",650,72.2,649,65.8,279,66.9
"Brookfield School District","=""0180011""","Gender","Male",668,70.1,668,67.9,295,67.3
"Brookfield School District","=""0180011""","Grade","03",191,66.9,191,62.8,"N/A","N/A"
"Brookfield School District","=""0180011""","Grade","04",174,77.0,172,71.1,"N/A","N/A"
"Brookfield School District","=""0180011""","Grade","05",183,74.9,183,66.2,183,72.5
"Brookfield School District","=""0180011""","Grade","06",187,77.6,187,74.7,"N/A","N/A"
"Brookfield School District","=""0180011""","Grade","07",189,75.6,189,72.3,"N/A","N/A"
"Brookfield School District","=""0180011""","Grade","08",194,64.9,195,63.8,195,67.6
"Brookfield School District","=""0180011""","Grade","11",200,62.5,200,58.1,196,61.5
"Brookfield School District","=""0180011""","High Needs (F/R, EL or SWD)","High Needs",453,60.5,452,55.9,190,55.9
"Brookfield School District","=""0180011""","High Needs (F/R, EL or SWD)","Not High Needs",865,76.7,865,72.5,384,72.6
"Brookfield School District","=""0180011""","Free/Reduced Price Meal Eligibility (2-level)","Eligible For Free Or Reduced Price Meals",313,62.8,312,58.4,134,58.7
"Brookfield School District","=""0180011""","Free/Reduced Price Meal Eligibility (2-level)","Not Eligible For Free Or Reduced Price Meals",1005,73.8,1005,69.5,440,69.7
"Brookfield School District","=""0180011""","Race/Ethnicity","American Indian or Alaska Native",17,"*",17,"*","*","*"
"Brookfield School District","=""0180011""","Race/Ethnicity","Asian",110,78.0,110,78.1,45,77.3
"Brookfield School District","=""0180011""","Race/Ethnicity","Black or African American",69,68.6,69,63.1,29,63.6
"Brookfield School District","=""0180011""","Race/Ethnicity","Hispanic or Latino",212,62.5,213,58.8,78,56.9
"Brookfield School District","=""0180011""","Race/Ethnicity","Native Hawaiian or Other Pacific Islander","*","*","*","*","*","*"
"Brookfield School District","=""0180011""","Race/Ethnicity","Two or More Races","*","*","*","*","N/A","N/A"
"Brookfield School District","=""0180011""","Race/Ethnicity","White",904,72.7,902,67.7,415,68.1
"Brookfield School District","=""0180011""","Special Education Status (SWD)","Students with Disabilities",169,53.2,168,45.9,62,47.2
"Brookfield School District","=""0180011""","Special Education Status (SWD)","Students without Disabilities",1149,73.8,1149,69.9,512,69.5
"Brooklyn School District","=""0190011""","All Students","District",537,67.8,533,65.0,182,69.0
"Brooklyn School District","=""0190011""","English Language Learners (EL)","English Learners",16,"*",16,"*",8,"*"
"Brooklyn School District","=""0190011""","English Language Learners (EL)","Not English Learners",521,68.0,517,65.1,174,69.1
"Brooklyn School District","=""0190011""","Gender","Female",287,69.4,285,63.7,93,64.9
"Brooklyn School District","=""0190011""","Gender","Male",250,65.9,248,66.4,89,73.3
"Brooklyn School District","=""0190011""","Grade","03",82,66.8,81,65.8,"N/A","N/A"
"Brooklyn School District","=""0190011""","Grade","04",91,71.5,90,70.2,"N/A","N/A"
"Brooklyn School District","=""0190011""","Grade","05",104,65.5,104,63.5,103,72.2
"Brooklyn School District","=""0190011""","Grade","06",93,69.8,93,65.6,"N/A","N/A"
"Brooklyn School District","=""0190011""","Grade","07",88,72.0,87,65.0,"N/A","N/A"
"Brooklyn School District","=""0190011""","Grade","08",79,60.3,78,59.1,79,64.8
"Brooklyn School District","=""0190011""","Grade","11",0,"N/A",0,"N/A",0,"N/A"
"Brooklyn School District","=""0190011""","High Needs (F/R, EL or SWD)","High Needs",246,61.3,243,57.6,74,61.5
"Brooklyn School District","=""0190011""","High Needs (F/R, EL or SWD)","Not High Needs",291,73.2,290,71.1,108,74.1
"Brooklyn School District","=""0190011""","Free/Reduced Price Meal Eligibility (2-level)","Eligible For Free Or Reduced Price Meals",205,61.6,202,57.7,64,60.8
"Brooklyn School District","=""0190011""","Free/Reduced Price Meal Eligibility (2-level)","Not Eligible For Free Or Reduced Price Meals",332,71.5,331,69.4,118,73.4
"Brooklyn School District","=""0190011""","Race/Ethnicity","American Indian or Alaska Native","*","*","*","*","N/A","N/A"
"Brooklyn School District","=""0190011""","Race/Ethnicity","Asian",14,"*",14,"*","*","*"
"Brooklyn School District","=""0190011""","Race/Ethnicity","Black or African American","*","*","*","*","*","*"
"Brooklyn School District","=""0190011""","Race/Ethnicity","Hispanic or Latino",61,61.5,61,54.0,22,57.5
"Brooklyn School District","=""0190011""","Race/Ethnicity","Two or More Races",26,59.7,26,59.8,11,"*"
"Brooklyn School District","=""0190011""","Race/Ethnicity","White",426,68.8,422,66.7,142,71.2
"Brooklyn School District","=""0190011""","Special Education Status (SWD)","Students with Disabilities",100,52.5,98,48.4,30,54.1
"Brooklyn School District","=""0190011""","Special Education Status (SWD)","Students without Disabilities",437,71.2,435,68.7,152,71.9
"Canaan School District","=""0210011""","All Students","District",46,75.4,46,70.0,15,"*"
"Canaan School District","=""0210011""","English Language Learners (EL)","English Learners","*","*","*","*","N/A","N/A"
"Canaan School District","=""0210011""","English Language Learners (EL)","Not English Learners","*","*","*","*",15,"*"
"Canaan School District","=""0210011""","Gender","Female",21,75.1,21,70.1,"*","*"
"Canaan School District","=""0210011""","Gender","Male",25,75.6,25,69.9,"*","*"
"Canaan School District","=""0210011""","Grade","03",8,"*",8,"*","N/A","N/A"
"Canaan School District","=""0210011""","Grade","04",10,"*",10,"*","N/A","N/A"
"Canaan School District","=""0210011""","Grade","05","*","*","*","*",7,"*"
"Canaan School District","=""0210011""","Grade","06",10,"*",10,"*","N/A","N/A"
"Canaan School District","=""0210011""","Grade","07","*","*","*","*","N/A","N/A"
"Canaan School District","=""0210011""","Grade","08",8,"*",8,"*",8,"*"
"Canaan School District","=""0210011""","High Needs (F/R, EL or SWD)","High Needs",24,72.9,24,66.4,9,"*"
"Canaan School District","=""0210011""","High Needs (F/R, EL or SWD)","Not High Needs",22,78.1,22,73.9,6,"*"
"Canaan School District","=""0210011""","Free/Reduced Price Meal Eligibility (2-level)","Eligible For Free Or Reduced Price Meals",20,73.6,20,66.4,8,"*"
"Canaan School District","=""0210011""","Free/Reduced Price Meal Eligibility (2-level)","Not Eligible For Free Or Reduced Price Meals",26,76.8,26,72.8,7,"*"
"Canaan School District","=""0210011""","Race/Ethnicity","Asian","*","*","*","*","N/A","N/A"
"Canaan School District","=""0210011""","Race/Ethnicity","Hispanic or Latino","*","*","*","*","N/A","N/A"
"Canaan School District","=""0210011""","Race/Ethnicity","Two or More Races","*","*","*","*","N/A","N/A"
"Canaan School District","=""0210011""","Race/Ethnicity","White",42,75.9,42,70.5,15,"*"
"Canaan School District","=""0210011""","Special Education Status (SWD)","Students with Disabilities",9,"*",9,"*","*","*"
"Canaan School District","=""0210011""","Special Education Status (SWD)","Students without Disabilities",37,78.2,37,73.5,"*","*"
"Canterbury School District","=""0220011""","All Students","District",303,67.1,303,67.0,102,68.7
"Canterbury School District","=""0220011""","English Language Learners (EL)","English Learners",8,"*",8,"*","N/A","N/A"
"Canterbury School District","=""0220011""","English Language Learners (EL)","Not English Learners",295,67.4,295,67.4,102,68.7
"Canterbury School District","=""0220011""","Gender","Female",150,68.7,150,66.3,44,64.1
"Canterbury School District","=""0220011""","Gender","Male",153,65.6,153,67.8,58,72.2
"Canterbury School District","=""0220011""","Grade","03",49,67.2,49,75.5,"N/A","N/A"
"Canterbury School District","=""0220011""","Grade","04",47,67.9,47,69.1,"N/A","N/A"
"Canterbury School District","=""0220011""","Grade","05",44,65.5,44,66.4,44,64.9
"Canterbury School District","=""0220011""","Grade","06",54,67.8,54,68.2,"N/A","N/A"
"Canterbury School District","=""0220011""","Grade","07",51,67.8,51,62.9,"N/A","N/A"
"Canterbury School District","=""0220011""","Grade","08",58,66.3,58,61.2,58,71.6
"Canterbury School District","=""0220011""","Grade","11",0,"N/A",0,"N/A",0,"N/A"
"Canterbury School District","=""0220011""","High Needs (F/R, EL or SWD)","High Needs",123,61.4,123,60.7,46,64.1
"Canterbury School District","=""0220011""","High Needs (F/R, EL or SWD)","Not High Needs",180,71.0,180,71.4,56,72.4
"Canterbury School District","=""0220011""","Free/Reduced Price Meal Eligibility (2-level)","Eligible For Free Or Reduced Price Meals",92,64.3,92,63.5,35,69.8
"Canterbury School District","=""0220011""","Free/Reduced Price Meal Eligibility (2-level)","Not Eligible For Free Or Reduced Price Meals",211,68.3,211,68.6,67,68.1
"Canterbury School District","=""0220011""","Race/Ethnicity","Asian","*","*","*","*","N/A","N/A"
"Canterbury School District","=""0220011""","Race/Ethnicity","Black or African American","*","*","*","*","*","*"
"Canterbury School District","=""0220011""","Race/Ethnicity","Hispanic or Latino",37,62.9,37,61.5,"*","*"
"Canterbury School District","=""0220011""","Race/Ethnicity","Two or More Races",0,"N/A",0,"N/A","N/A","N/A"
"Canterbury School District","=""0220011""","Race/Ethnicity","White",261,67.9,261,67.8,91,67.9
"Canterbury School District","=""0220011""","Special Education Status (SWD)","Students with Disabilities",44,50.9,44,47.4,18,"*"
"Canterbury School District","=""0220011""","Special Education Status (SWD)","Students without Disabilities",259,69.9,259,70.4,84,72.9
"Canton School District","=""0230011""","All Students","District",739,72.6,738,68.7,331,74.3
"Canton School District","=""0230011""","English Language Learners (EL)","English Learners",14,"*",14,"*","*","*"
"Canton School District","=""0230011""","English Language Learners (EL)","Not English Learners",725,73.0,724,69.0,"*","*"
"Canton School District","=""0230011""","Gender","Female",345,73.4,345,66.5,136,72.2
"Canton School District","=""0230011""","Gender","Male",394,71.8,393,70.7,195,75.9
"Canton School District","=""0230011""","Grade","03",107,70.7,106,67.7,"N/A","N/A"
"Canton School District","=""0230011""","Grade","04",104,75.3,104,75.4,"N/A","N/A"
"Canton School District","=""0230011""","Grade","05",116,70.5,116,70.4,117,72.0
"Canton School District","=""0230011""","Grade","06",108,78.4,108,72.6,"N/A","N/A"
"Canton School District","=""0230011""","Grade","07",90,74.2,90,66.6,"N/A","N/A"
"Canton School District","=""0230011""","Grade","08",114,72.8,114,68.4,114,70.1
"Canton School District","=""0230011""","Grade","11",100,66.0,100,59.3,100,81.9
"Canton School District","=""0230011""","High Needs (F/R, EL or SWD)","High Needs",246,60.7,246,56.4,101,62.8
"Canton School District","=""0230011""","High Needs (F/R, EL or SWD)","Not High Needs",493,78.5,492,74.9,230,79.4
"Canton School District","=""0230011""","Free/Reduced Price Meal Eligibility (2-level)","Eligible For Free Or Reduced Price Meals",142,63.6,142,59.9,62,66.6
"Canton School District","=""0230011""","Free/Reduced Price Meal Eligibility (2-level)","Not Eligible For Free Or Reduced Price Meals",597,74.7,596,70.8,269,76.1
"Canton School District","=""0230011""","Race/Ethnicity","Asian","*","*","*","*","*","*"
"Canton School District","=""0230011""","Race/Ethnicity","Black or African American",41,55.6,41,52.3,18,"*"
"Canton School District","=""0230011""","Race/Ethnicity","Hispanic or Latino",50,67.0,50,62.7,22,71.8
"Canton School District","=""0230011""","Race/Ethnicity","Native Hawaiian or Other Pacific Islander","*","*","*","*","*","*"
"Canton School District","=""0230011""","Race/Ethnicity","Two or More Races",25,73.8,25,67.6,15,"*"
"Canton School District","=""0230011""","Race/Ethnicity","White",611,74.2,610,70.4,268,75.7
"Canton School District","=""0230011""","Special Education Status (SWD)","Students with Disabilities",141,52.9,141,47.8,53,53.1
"Canton School District","=""0230011""","Special Education Status (SWD)","Students without Disabilities",598,77.2,597,73.7,278,78.4
"Chaplin School District","=""0240011""","All Students","District",78,62.3,77,65.3,24,66.0
"Chaplin School District","=""0240011""","English Language Learners (EL)","English Learners","*","*","*","*","*","*"
"Chaplin School District","=""0240011""","English Language Learners (EL)","Not English Learners","*","*","*","*","*","*"
"Chaplin School District","=""0240011""","Gender","Female",37,61.8,36,60.9,13,"*"
"Chaplin School District","=""0240011""","Gender","Male",41,62.7,41,69.2,11,"*"
"Chaplin School District","=""0240011""","Grade","03",20,63.0,20,71.1,"N/A","N/A"
"Chaplin School District","=""0240011""","Grade","04",18,"*",18,"*","N/A","N/A"
"Chaplin School District","=""0240011""","Grade","05",24,57.2,23,66.6,24,66.0
"Chaplin School District","=""0240011""","Grade","06",16,"*",16,"*","N/A","N/A"
"Chaplin School District","=""0240011""","High Needs (F/R, EL or SWD)","High Needs",41,58.2,41,60.2,11,"*"
"Chaplin School District","=""0240011""","High Needs (F/R, EL or SWD)","Not High Needs",37,66.8,36,71.2,13,"*"
"Chaplin School District","=""0240011""","Free/Reduced Price Meal Eligibility (2-level)","Eligible For Free Or Reduced Price Meals",35,58.6,35,62.6,9,"*"
"Chaplin School District","=""0240011""","Free/Reduced Price Meal Eligibility (2-level)","Not Eligible For Free Or Reduced Price Meals",43,65.3,42,67.6,15,"*"
"Chaplin School District","=""0240011""","Race/Ethnicity","Asian","*","*","*","*","N/A","N/A"
"Chaplin School District","=""0240011""","Race/Ethnicity","Black or African American","*","*","*","*","*","*"
"Chaplin School District","=""0240011""","Race/Ethnicity","Hispanic or Latino",8,"*",8,"*","*","*"
"Chaplin School District","=""0240011""","Race/Ethnicity","Two or More Races","*","*","*","*","*","*"
"Chaplin School District","=""0240011""","Race/Ethnicity","White",63,64.1,62,67.2,17,"*"
"Chaplin School District","=""0240011""","Special Education Status (SWD)","Students with Disabilities",17,"*",17,"*","*","*"
"Chaplin School District","=""0240011""","Special Education Status (SWD)","Students without Disabilities",61,66.0,60,69.9,"*","*"
"Cheshire School District","=""0250011""","All Students","District",2271,78.9,2271,77.2,911,76.9
"Cheshire School District","=""0250011""","English Language Learners (EL)","English Learners",129,69.0,129,71.2,45,67.7
"Cheshire School District","=""0250011""","English Language Learners (EL)","Not English Learners",2142,79.5,2142,77.5,866,77.4
"Cheshire School District","=""0250011""","Gender","Female","*","*","*","*",430,76.9
"Cheshire School District","=""0250011""","Gender","Male",1186,77.2,1186,78.1,481,76.9
"Cheshire School District","=""0250011""","Gender","Non-Binary","*","*","*","*","N/A","N/A"
"Cheshire School District","=""0250011""","Grade","03",374,76.8,374,75.5,"N/A","N/A"
"Cheshire School District","=""0250011""","Grade","04",322,80.2,322,76.8,"N/A","N/A"
"Cheshire School District","=""0250011""","Grade","05",302,85.2,302,86.6,302,85.2
"Cheshire School District","=""0250011""","Grade","06",341,82.6,341,80.7,"N/A","N/A"
"Cheshire School District","=""0250011""","Grade","07",326,82.2,325,79.5,"N/A","N/A"
"Cheshire School District","=""0250011""","Grade","08",319,79.2,320,77.8,318,77.4
"Cheshire School District","=""0250011""","Grade","11",287,65.0,287,62.2,291,67.7
"Cheshire School District","=""0250011""","High Needs (F/R, EL or SWD)","High Needs",678,68.2,678,65.9,263,66.0
"Cheshire School District","=""0250011""","High Needs (F/R, EL or SWD)","Not High Needs",1593,83.5,1593,81.9,648,81.3
"Cheshire School District","=""0250011""","Free/Reduced Price Meal Eligibility (2-level)","Eligible For Free Or Reduced Price Meals",404,71.3,405,68.3,166,68.7
"Cheshire School District","=""0250011""","Free/Reduced Price Meal Eligibility (2-level)","Not Eligible For Free Or Reduced Price Meals",1867,80.5,1866,79.1,745,78.7
"Cheshire School District","=""0250011""","Race/Ethnicity","American Indian or Alaska Native","*","*","*","*","*","*"
"Cheshire School District","=""0250011""","Race/Ethnicity","Asian",221,81.2,221,83.3,97,83.0
"Cheshire School District","=""0250011""","Race/Ethnicity","Black or African American","*","*","*","*","*","*"
"Cheshire School District","=""0250011""","Race/Ethnicity","Hispanic or Latino",228,75.5,228,72.4,100,73.2
"Cheshire School District","=""0250011""","Race/Ethnicity","Two or More Races",90,80.1,90,76.4,31,74.3
"Cheshire School District","=""0250011""","Race/Ethnicity","White",1659,79.2,1659,77.4,657,77.1
"Cheshire School District","=""0250011""","Special Education Status (SWD)","Students with Disabilities",306,59.2,305,55.4,114,58.2
"Cheshire School District","=""0250011""","Special Education Status (SWD)","Students without Disabilities",1965,82.0,1966,80.5,797,79.6
"Chester School District","=""0260011""","All Students","District",116,77.9,116,76.3,34,80.7
"Chester School District","=""0260011""","English Language Learners (EL)","English Learners","*","*","*","*","*","*"
"Chester School District","=""0260011""","English Language Learners (EL)","Not English Learners","*","*","*","*","*","*"
"Chester School District","=""0260011""","Gender","Female",71,80.7,71,76.8,18,"*"
"Chester School District","=""0260011""","Gender","Male",45,73.6,45,75.4,16,"*"
"Chester School District","=""0260011""","Grade","03",35,77.1,35,77.3,"N/A","N/A"
"Chester School District","=""0260011""","Grade","04",24,80.1,24,75.7,"N/A","N/A"
"Chester School District","=""0260011""","Grade","05",34,75.5,34,80.4,34,80.7
"Chester School District","=""0260011""","Grade","06",23,80.6,23,69.1,"N/A","N/A"
"Chester School District","=""0260011""","High Needs (F/R, EL or SWD)","High Needs",40,67.4,40,64.7,9,"*"
"Chester School District","=""0260011""","High Needs (F/R, EL or SWD)","Not High Needs",76,83.5,76,82.3,25,87.5
"Chester School District","=""0260011""","Free/Reduced Price Meal Eligibility (2-level)","Eligible For Free Or Reduced Price Meals",31,69.8,31,65.6,6,"*"
"Chester School District","=""0260011""","Free/Reduced Price Meal Eligibility (2-level)","Not Eligible For Free Or Reduced Price Meals",85,80.9,85,80.1,28,84.1
"Chester School District","=""0260011""","Race/Ethnicity","Asian","*","*","*","*","N/A","N/A"
"Chester School District","=""0260011""","Race/Ethnicity","Hispanic or Latino",9,"*",9,"*","*","*"
"Chester School District","=""0260011""","Race/Ethnicity","Two or More Races","*","*","*","*","*","*"
"Chester School District","=""0260011""","Race/Ethnicity","White",103,78.7,103,76.7,30,81.0
"Chester School District","=""0260011""","Special Education Status (SWD)","Students with Disabilities",17,"*",17,"*","*","*"
"Chester School District","=""0260011""","Special Education Status (SWD)","Students without Disabilities",99,81.6,99,79.8,"*","*"
"Clinton School District","=""0270011""","All Students","District",719,66.4,719,65.8,301,67.2
"Clinton School District","=""0270011""","English Language Learners (EL)","English Learners",115,55.0,115,58.1,40,54.9
"Clinton School District","=""0270011""","English Language Learners (EL)","Not English Learners",604,68.6,604,67.3,261,69.1
"Clinton School District","=""0270011""","Gender","Female","*","*","*","*","*","*"
"Clinton School District","=""0270011""","Gender","Male",362,64.7,362,66.7,155,66.6
"Clinton School District","=""0270011""","Gender","Non-Binary","*","*","*","*","*","*"
"Clinton School District","=""0270011""","Grade","03",103,71.1,103,69.5,"N/A","N/A"
"Clinton School District","=""0270011""","Grade","04",101,71.9,101,72.6,"N/A","N/A"
"Clinton School District","=""0270011""","Grade","05",86,62.4,86,67.8,86,66.0
"Clinton School District","=""0270011""","Grade","06",107,70.7,107,65.8,"N/A","N/A"
"Clinton School District","=""0270011""","Grade","07",108,64.7,108,63.9,"N/A","N/A"
"Clinton School District","=""0270011""","Grade","08",91,66.8,91,71.3,91,71.1
"Clinton School District","=""0270011""","Grade","11",123,58.4,123,53.3,124,65.2
"Clinton School District","=""0270011""","High Needs (F/R, EL or SWD)","High Needs",363,59.9,363,59.1,141,59.1
"Clinton School District","=""0270011""","High Needs (F/R, EL or SWD)","Not High Needs",356,73.1,356,72.7,160,74.4
"Clinton School District","=""0270011""","Free/Reduced Price Meal Eligibility (2-level)","Eligible For Free Or Reduced Price Meals",281,60.8,281,60.7,113,61.6
"Clinton School District","=""0270011""","Free/Reduced Price Meal Eligibility (2-level)","Not Eligible For Free Or Reduced Price Meals",438,70.0,438,69.1,188,70.6
"Clinton School District","=""0270011""","Race/Ethnicity","Asian",19,"*",19,"*",8,"*"
"Clinton School District","=""0270011""","Race/Ethnicity","Black or African American",9,"*",9,"*","*","*"
"Clinton School District","=""0270011""","Race/Ethnicity","Hispanic or Latino",181,58.1,181,60.2,74,59.1
"Clinton School District","=""0270011""","Race/Ethnicity","Two or More Races",14,"*",14,"*","*","*"
"Clinton School District","=""0270011""","Race/Ethnicity","White",496,69.2,496,67.4,209,69.6
"Clinton School District","=""0270011""","Special Education Status (SWD)","Students with Disabilities",130,53.2,130,48.2,49,50.9
"Clinton School District","=""0270011""","Special Education Status (SWD)","Students without Disabilities",589,69.3,589,69.7,252,70.4
"Colchester School District","=""0280011""","All Students","District",1093,69.8,1092,69.0,447,70.6
"Colchester School District","=""0280011""","English Language Learners (EL)","English Learners",39,51.3,39,51.9,16,"*"
"Colchester School District","=""0280011""","English Language Learners (EL)","Not English Learners",1054,70.5,1053,69.7,431,71.1
"Colchester School District","=""0280011""","Gender","Female",551,71.7,551,68.7,235,70.5
"Colchester School District","=""0280011""","Gender","Male",542,67.9,541,69.3,212,70.6
"Colchester School District","=""0280011""","Grade","03",182,70.6,181,67.1,"N/A","N/A"
"Colchester School District","=""0280011""","Grade","04",172,74.1,172,72.8,"N/A","N/A"
"Colchester School District","=""0280011""","Grade","05",152,75.0,152,72.7,152,73.3
"Colchester School District","=""0280011""","Grade","06",144,67.7,144,71.0,"N/A","N/A"
"Colchester School District","=""0280011""","Grade","07",141,69.6,141,70.9,"N/A","N/A"
"Colchester School District","=""0280011""","Grade","08",158,71.3,158,72.9,158,71.8
"Colchester School District","=""0280011""","Grade","11",144,59.0,144,55.1,137,66.2
"Colchester School District","=""0280011""","High Needs (F/R, EL or SWD)","High Needs",393,60.2,392,58.6,139,59.4
"Colchester School District","=""0280011""","High Needs (F/R, EL or SWD)","Not High Needs",700,75.2,700,74.9,308,75.6
"Colchester School District","=""0280011""","Free/Reduced Price Meal Eligibility (2-level)","Eligible For Free Or Reduced Price Meals",256,62.3,256,59.9,92,60.9
"Colchester School District","=""0280011""","Free/Reduced Price Meal Eligibility (2-level)","Not Eligible For Free Or Reduced Price Meals",837,72.1,836,71.8,355,73.1
"Colchester School District","=""0280011""","Race/Ethnicity","American Indian or Alaska Native","*","*","*","*","N/A","N/A"
"Colchester School District","=""0280011""","Race/Ethnicity","Asian",16,"*",16,"*",9,"*"
"Colchester School District","=""0280011""","Race/Ethnicity","Black or African American",20,54.8,20,45.3,14,"*"
"Colchester School District","=""0280011""","Race/Ethnicity","Hispanic or Latino",109,62.0,109,61.5,36,62.1
"Colchester School District","=""0280011""","Race/Ethnicity","Native Hawaiian or Other Pacific Islander","*","*","*","*","N/A","N/A"
"Colchester School District","=""0280011""","Race/Ethnicity","Two or More Races",60,71.0,60,72.8,22,75.6
"Colchester School District","=""0280011""","Race/Ethnicity","White",886,71.1,885,70.2,366,71.8
"Colchester School District","=""0280011""","Special Education Status (SWD)","Students with Disabilities",197,53.5,196,51.1,62,51.8
"Colchester School District","=""0280011""","Special Education Status (SWD)","Students without Disabilities",896,73.4,896,72.9,385,73.6
"Colebrook School District","=""0290011""","All Students","District",37,77.5,37,78.9,14,"*"
"Colebrook School District","=""0290011""","English Language Learners (EL)","Not English Learners",37,77.5,37,78.9,14,"*"
"Colebrook School District","=""0290011""","Gender","Female",13,"*",13,"*","*","*"
"Colebrook School District","=""0290011""","Gender","Male",24,77.7,24,79.3,"*","*"
"Colebrook School District","=""0290011""","Grade","03",7,"*",7,"*","N/A","N/A"
"Colebrook School District","=""0290011""","Grade","04",7,"*",7,"*","N/A","N/A"
"Colebrook School District","=""0290011""","Grade","05",14,"*",14,"*",14,"*"
"Colebrook School District","=""0290011""","Grade","06",9,"*",9,"*","N/A","N/A"
"Colebrook School District","=""0290011""","High Needs (F/R, EL or SWD)","High Needs",15,"*",15,"*","*","*"
"Colebrook School District","=""0290011""","High Needs (F/R, EL or SWD)","Not High Needs",22,79.0,22,81.3,"*","*"
"Colebrook School District","=""0290011""","Free/Reduced Price Meal Eligibility (2-level)","Eligible For Free Or Reduced Price Meals",12,"*",12,"*","*","*"
"Colebrook School District","=""0290011""","Free/Reduced Price Meal Eligibility (2-level)","Not Eligible For Free Or Reduced Price Meals",25,77.4,25,79.9,"*","*"
"Colebrook School District","=""0290011""","Race/Ethnicity","Two or More Races","*","*","*","*","*","*"
"Colebrook School District","=""0290011""","Race/Ethnicity","White","*","*","*","*","*","*"
"Colebrook School District","=""0290011""","Special Education Status (SWD)","Students with Disabilities",8,"*",8,"*","*","*"
"Colebrook School District","=""0290011""","Special Education Status (SWD)","Students without Disabilities",29,81.0,29,82.1,"*","*"
"Columbia School District","=""0300011""","All Students","District",272,68.2,271,65.9,105,68.8
"Columbia School District","=""0300011""","English Language Learners (EL)","English Learners","*","*","*","*","*","*"
"Columbia School District","=""0300011""","English Language Learners (EL)","Not English Learners","*","*","*","*","*","*"
"Columbia School District","=""0300011""","Gender","Female",137,68.6,136,63.5,48,67.0
"Columbia School District","=""0300011""","Gender","Male",135,67.8,135,68.3,57,70.4
"Columbia School District","=""0300011""","Grade","03",32,69.5,31,69.0,"N/A","N/A"
"Columbia School District","=""0300011""","Grade","04",39,67.1,39,68.9,"N/A","N/A"
"Columbia School District","=""0300011""","Grade","05",53,67.2,53,65.1,54,69.8
"Columbia School District","=""0300011""","Grade","06",43,68.3,43,65.0,"N/A","N/A"
"Columbia School District","=""0300011""","Grade","07",55,71.6,55,66.6,"N/A","N/A"
"Columbia School District","=""0300011""","Grade","08",50,65.6,50,62.4,51,67.8
"Columbia School District","=""0300011""","High Needs (F/R, EL or SWD)","High Needs",94,56.2,94,55.1,35,58.8
"Columbia School District","=""0300011""","High Needs (F/R, EL or SWD)","Not High Needs",178,74.6,177,71.6,70,73.8
"Columbia School District","=""0300011""","Free/Reduced Price Meal Eligibility (2-level)","Eligible For Free Or Reduced Price Meals",72,57.9,72,57.8,27,60.2
"Columbia School District","=""0300011""","Free/Reduced Price Meal Eligibility (2-level)","Not Eligible For Free Or Reduced Price Meals",200,71.9,199,68.8,78,71.8
"Columbia School District","=""0300011""","Race/Ethnicity","American Indian or Alaska Native","*","*","*","*","N/A","N/A"
"Columbia School District","=""0300011""","Race/Ethnicity","Asian","*","*","*","*","N/A","N/A"
"Columbia School District","=""0300011""","Race/Ethnicity","Black or African American","*","*","*","*","N/A","N/A"
"Columbia School District","=""0300011""","Race/Ethnicity","Hispanic or Latino",31,63.8,31,58.3,14,"*"
"Columbia School District","=""0300011""","Race/Ethnicity","Two or More Races",11,"*",11,"*",6,"*"
"Columbia School District","=""0300011""","Race/Ethnicity","White",225,69.3,224,67.3,85,69.5
"Columbia School District","=""0300011""","Special Education Status (SWD)","Students with Disabilities",44,44.4,44,43.9,18,"*"
"Columbia School District","=""0300011""","Special Education Status (SWD)","Students without Disabilities",228,72.8,227,70.2,87,72.6
"Cornwall School District","=""0310011""","All Students","District",52,79.3,52,75.6,14,"*"
"Cornwall School District","=""0310011""","English Language Learners (EL)","Not English Learners",52,79.3,52,75.6,14,"*"
"Cornwall School District","=""0310011""","Gender","Female",31,78.8,31,71.0,6,"*"
"Cornwall School District","=""0310011""","Gender","Male",21,80.1,21,82.5,8,"*"
"Cornwall School District","=""0310011""","Grade","03",9,"*",9,"*","N/A","N/A"
"Cornwall School District","=""0310011""","Grade","04",11,"*",11,"*","N/A","N/A"
"Cornwall School District","=""0310011""","Grade","05",9,"*",9,"*","*","*"
"Cornwall School District","=""0310011""","Grade","06",11,"*",11,"*","N/A","N/A"
"Cornwall School District","=""0310011""","Grade","07","*","*","*","*","N/A","N/A"
"Cornwall School District","=""0310011""","Grade","08","*","*","*","*","*","*"
"Cornwall School District","=""0310011""","High Needs (F/R, EL or SWD)","High Needs",22,74.3,22,73.2,"*","*"
"Cornwall School District","=""0310011""","High Needs (F/R, EL or SWD)","Not High Needs",30,83.0,30,77.4,"*","*"
"Cornwall School District","=""0310011""","Free/Reduced Price Meal Eligibility (2-level)","Eligible For Free Or Reduced Price Meals",18,"*",18,"*",8,"*"
"Cornwall School District","=""0310011""","Free/Reduced Price Meal Eligibility (2-level)","Not Eligible For Free Or Reduced Price Meals",34,80.1,34,73.6,6,"*"
"Cornwall School District","=""0310011""","Race/Ethnicity","Black or African American","*","*","*","*","*","*"
"Cornwall School District","=""0310011""","Race/Ethnicity","Hispanic or Latino","*","*","*","*","*","*"
"Cornwall School District","=""0310011""","Race/Ethnicity","White",45,81.5,45,77.5,11,"*"
"Cornwall School District","=""0310011""","Special Education Status (SWD)","Students with Disabilities",6,"*",6,"*","*","*"
"Cornwall School District","=""0310011""","Special Education Status (SWD)","Students without Disabilities",46,82.1,46,79.2,"*","*"
"Coventry School District","=""0320011""","All Students","District",832,75.4,830,70.0,345,75.9
"Coventry School District","=""0320011""","English Language Learners (EL)","English Learners",17,"*",17,"*","*","*"
"Coventry School District","=""0320011""","English Language Learners (EL)","Not English Learners",815,75.6,813,70.2,"*","*"
"Coventry School District","=""0320011""","Gender","Female",431,77.8,429,69.6,163,77.0
"Coventry School District","=""0320011""","Gender","Male",401,72.7,401,70.5,182,74.9
"Coventry School District","=""0320011""","Grade","03",127,75.0,127,68.5,"N/A","N/A"
"Coventry School District","=""0320011""","Grade","04",126,81.4,126,75.2,"N/A","N/A"
"Coventry School District","=""0320011""","Grade","05",115,77.3,115,80.0,116,79.2
"Coventry School District","=""0320011""","Grade","06",102,77.0,101,67.8,"N/A","N/A"
"Coventry School District","=""0320011""","Grade","07",132,78.7,131,71.5,"N/A","N/A"
"Coventry School District","=""0320011""","Grade","08",120,73.1,120,66.0,119,71.8
"Coventry School District","=""0320011""","Grade","11",110,63.8,110,59.8,110,76.8
"Coventry School District","=""0320011""","High Needs (F/R, EL or SWD)","High Needs",289,66.1,287,60.3,114,66.5
"Coventry School District","=""0320011""","High Needs (F/R, EL or SWD)","Not High Needs",543,80.3,543,75.1,231,80.5
"Coventry School District","=""0320011""","Free/Reduced Price Meal Eligibility (2-level)","Eligible For Free Or Reduced Price Meals",211,68.7,210,63.2,83,68.8
"Coventry School District","=""0320011""","Free/Reduced Price Meal Eligibility (2-level)","Not Eligible For Free Or Reduced Price Meals",621,77.6,620,72.3,262,78.2
"Coventry School District","=""0320011""","Race/Ethnicity","American Indian or Alaska Native","*","*","*","*","*","*"
"Coventry School District","=""0320011""","Race/Ethnicity","Asian",11,"*",11,"*","*","*"
"Coventry School District","=""0320011""","Race/Ethnicity","Black or African American",6,"*",6,"*","*","*"
"Coventry School District","=""0320011""","Race/Ethnicity","Hispanic or Latino",66,74.1,66,66.9,24,74.7
"Coventry School District","=""0320011""","Race/Ethnicity","Native Hawaiian or Other Pacific Islander","*","*","*","*","*","*"
"Coventry School District","=""0320011""","Race/Ethnicity","Two or More Races",43,74.9,43,69.7,21,79.0
"Coventry School District","=""0320011""","Race/Ethnicity","White",702,75.4,700,70.3,292,76.0
"Coventry School District","=""0320011""","Special Education Status (SWD)","Students with Disabilities",128,54.7,127,49.1,51,55.5
"Coventry School District","=""0320011""","Special Education Status (SWD)","Students without Disabilities",704,79.1,703,73.8,294,79.4
"Cromwell School District","=""0330011""","All Students","District",983,69.9,981,66.0,413,67.7
"Cromwell School District","=""0330011""","English Language Learners (EL)","English Learners",92,65.0,92,58.2,31,63.3
"Cromwell School District","=""0330011""","English Language Learners (EL)","Not English Learners",891,70.4,889,66.8,382,68.1
"Cromwell School District","=""0330011""","Gender","Female",487,71.2,486,64.6,206,67.9
"Cromwell School District","=""0330011""","Gender","Male",496,68.6,495,67.3,207,67.6
"Cromwell School District","=""0330011""","Grade","03",132,67.2,132,66.9,"N/A","N/A"
"Cromwell School District","=""0330011""","Grade","04",155,71.3,155,68.3,"N/A","N/A"
"Cromwell School District","=""0330011""","Grade","05",143,71.1,143,70.7,143,73.5
"Cromwell School District","=""0330011""","Grade","06",133,74.0,132,69.2,"N/A","N/A"
"Cromwell School District","=""0330011""","Grade","07",147,72.7,147,69.0,"N/A","N/A"
"Cromwell School District","=""0330011""","Grade","08",164,70.7,163,60.9,162,69.6
"Cromwell School District","=""0330011""","Grade","11",109,59.7,109,55.1,108,57.3
"Cromwell School District","=""0330011""","High Needs (F/R, EL or SWD)","High Needs",378,59.6,376,54.0,159,57.9
"Cromwell School District","=""0330011""","High Needs (F/R, EL or SWD)","Not High Needs",605,76.3,605,73.4,254,73.9
"Cromwell School District","=""0330011""","Free/Reduced Price Meal Eligibility (2-level)","Eligible For Free Or Reduced Price Meals",276,60.5,274,54.7,119,59.8
"Cromwell School District","=""0330011""","Free/Reduced Price Meal Eligibility (2-level)","Not Eligible For Free Or Reduced Price Meals",707,73.6,707,70.4,294,70.9
"Cromwell School District","=""0330011""","Race/Ethnicity","American Indian or Alaska Native","*","*","*","*","*","*"
"Cromwell School District","=""0330011""","Race/Ethnicity","Asian",42,75.0,42,71.5,13,"*"
"Cromwell School District","=""0330011""","Race/Ethnicity","Black or African American",63,58.6,63,50.5,33,53.0
"Cromwell School District","=""0330011""","Race/Ethnicity","Hispanic or Latino",146,61.3,146,56.2,58,60.4
"Cromwell School District","=""0330011""","Race/Ethnicity","Native Hawaiian or Other Pacific Islander","*","*","*","*","*","*"
"Cromwell School District","=""0330011""","Race/Ethnicity","Two or More Races",64,71.4,64,67.3,21,73.7
"Cromwell School District","=""0330011""","Race/Ethnicity","White",665,72.4,663,69.1,285,69.9
"Cromwell School District","=""0330011""","Special Education Status (SWD)","Students with Disabilities",137,45.6,137,39.1,61,43.9
"Cromwell School District","=""0330011""","Special Education Status (SWD)","Students without Disabilities",846,73.8,844,70.3,352,71.9
"Danbury School District","=""0340011""","All Students","District",5770,57.2,5767,53.6,2405,53.6
"Danbury School District","=""0340011""","English Language Learners (EL)","English Learners",2611,50.1,2610,48.1,974,46.9
"Danbury School District","=""0340011""","English Language Learners (EL)","Not English Learners",3159,63.1,3157,58.0,1431,58.1
"Danbury School District","=""0340011""","Gender","Female","*","*","*","*",1207,53.4
"Danbury School District","=""0340011""","Gender","Male",2943,56.3,2941,54.8,"*","*"
"Danbury School District","=""0340011""","Gender","Non-Binary","*","*","*","*","*","*"
"Danbury School District","=""0340011""","Grade","03",897,62.3,897,60.5,"N/A","N/A"
"Danbury School District","=""0340011""","Grade","04",837,63.6,837,63.9,"N/A","N/A"
"Danbury School District","=""0340011""","Grade","05",790,60.0,790,63.1,793,59.9
"Danbury School District","=""0340011""","Grade","06",809,59.8,809,51.4,"N/A","N/A"
"Danbury School District","=""0340011""","Grade","07",829,55.4,826,49.3,"N/A","N/A"
"Danbury School District","=""0340011""","Grade","08",817,53.8,817,46.2,818,55.1
"Danbury School District","=""0340011""","Grade","11",791,44.8,791,39.5,794,45.6
"Danbury School District","=""0340011""","High Needs (F/R, EL or SWD)","High Needs",4344,52.8,4341,49.5,1769,49.6
"Danbury School District","=""0340011""","High Needs (F/R, EL or SWD)","Not High Needs",1426,70.5,1426,66.0,636,64.7
"Danbury School District","=""0340011""","Free/Reduced Price Meal Eligibility (2-level)","Eligible For Free Or Reduced Price Meals",3209,54.3,3206,50.4,1371,51.1
"Danbury School District","=""0340011""","Free/Reduced Price Meal Eligibility (2-level)","Not Eligible For Free Or Reduced Price Meals",2561,60.9,2561,57.5,1034,56.8
"Danbury School District","=""0340011""","Race/Ethnicity","American Indian or Alaska Native","*","*","*","*","*","*"
"Danbury School District","=""0340011""","Race/Ethnicity","Asian",240,69.2,240,67.6,110,63.4
"Danbury School District","=""0340011""","Race/Ethnicity","Black or African American",361,57.4,361,51.6,159,50.8
"Danbury School District","=""0340011""","Race/Ethnicity","Hispanic or Latino",3782,54.0,3779,50.8,1521,50.9
"Danbury School District","=""0340011""","Race/Ethnicity","Native Hawaiian or Other Pacific Islander","*","*","*","*","*","*"
"Danbury School District","=""0340011""","Race/Ethnicity","Two or More Races",217,63.4,217,59.1,76,58.0
"Danbury School District","=""0340011""","Race/Ethnicity","White",1156,64.1,1156,59.3,535,59.3
"Danbury School District","=""0340011""","Special Education Status (SWD)","Students with Disabilities",771,40.2,769,35.2,318,38.4
"Danbury School District","=""0340011""","Special Education Status (SWD)","Students without Disabilities",4999,59.8,4998,56.4,2087,55.9
"Darien School District","=""0350011""","All Students","District",2460,82.3,2460,81.1,1073,79.4
"Darien School District","=""0350011""","English Language Learners (EL)","English Learners",63,67.5,63,70.6,16,"*"
"Darien School District","=""0350011""","English Language Learners (EL)","Not English Learners",2397,82.7,2397,81.4,1057,79.5
"Darien School District","=""0350011""","Gender","Female","*","*","*","*","*","*"
"Darien School District","=""0350011""","Gender","Male",1261,80.5,1261,82.3,557,80.1
"Darien School District","=""0350011""","Gender","Non-Binary","*","*","*","*","*","*"
"Darien School District","=""0350011""","Grade","03",364,81.5,364,80.7,"N/A","N/A"
"Darien School District","=""0350011""","Grade","04",342,85.7,342,85.4,"N/A","N/A"
"Darien School District","=""0350011""","Grade","05",367,83.6,367,84.2,367,81.3
"Darien School District","=""0350011""","Grade","06",340,83.6,340,81.3,"N/A","N/A"
"Darien School District","=""0350011""","Grade","07",337,83.6,337,83.0,"N/A","N/A"
"Darien School District","=""0350011""","Grade","08",355,82.3,355,79.9,353,80.3
"Darien School District","=""0350011""","Grade","11",355,75.8,355,73.6,353,76.5
"Darien School District","=""0350011""","High Needs (F/R, EL or SWD)","High Needs",557,67.5,557,65.7,242,62.7
"Darien School District","=""0350011""","High Needs (F/R, EL or SWD)","Not High Needs",1903,86.6,1903,85.7,831,84.3
"Darien School District","=""0350011""","Free/Reduced Price Meal Eligibility (2-level)","Eligible For Free Or Reduced Price Meals",37,58.4,37,58.4,21,65.1
"Darien School District","=""0350011""","Free/Reduced Price Meal Eligibility (2-level)","Not Eligible For Free Or Reduced Price Meals",2423,82.6,2423,81.5,1052,79.7
"Darien School District","=""0350011""","Race/Ethnicity","American Indian or Alaska Native","*","*","*","*","*","*"
"Darien School District","=""0350011""","Race/Ethnicity","Asian",174,89.2,174,93.3,59,91.6
"Darien School District","=""0350011""","Race/Ethnicity","Black or African American",17,"*",17,"*",9,"*"
"Darien School District","=""0350011""","Race/Ethnicity","Hispanic or Latino",173,75.0,173,72.1,74,69.7
"Darien School District","=""0350011""","Race/Ethnicity","Native Hawaiian or Other Pacific Islander","*","*","*","*","*","*"
"Darien School District","=""0350011""","Race/Ethnicity","Two or More Races",132,85.1,132,86.1,56,81.8
"Darien School District","=""0350011""","Race/Ethnicity","White",1961,82.3,1961,80.8,873,79.5
"Darien School District","=""0350011""","Special Education Status (SWD)","Students with Disabilities",494,66.7,494,64.1,215,60.6
"Darien School District","=""0350011""","Special Education Status (SWD)","Students without Disabilities",1966,86.2,1966,85.4,858,84.1
"Deep River School District","=""0360011""","All Students","District",109,73.6,109,73.3,28,79.0
"Deep River School District","=""0360011""","English Language Learners (EL)","English Learners","*","*","*","*","*","*"
"Deep River School District","=""0360011""","English Language Learners (EL)","Not English Learners","*","*","*","*","*","*"
"Deep River School District","=""0360011""","Gender","Female",57,76.9,57,74.2,19,"*"
"Deep River School District","=""0360011""","Gender","Male",52,70.1,52,72.3,9,"*"
"Deep River School District","=""0360011""","Grade","03",32,69.8,32,72.4,"N/A","N/A"
"Deep River School District","=""0360011""","Grade","04",26,73.2,26,75.2,"N/A","N/A"
"Deep River School District","=""0360011""","Grade","05",28,78.4,28,79.6,28,79.0
"Deep River School District","=""0360011""","Grade","06",23,73.5,23,64.6,"N/A","N/A"
"Deep River School District","=""0360011""","High Needs (F/R, EL or SWD)","High Needs",50,67.9,50,65.3,10,"*"
"Deep River School District","=""0360011""","High Needs (F/R, EL or SWD)","Not High Needs",59,78.5,59,80.0,18,"*"
"Deep River School District","=""0360011""","Free/Reduced Price Meal Eligibility (2-level)","Eligible For Free Or Reduced Price Meals",40,71.6,40,70.3,8,"*"
"Deep River School District","=""0360011""","Free/Reduced Price Meal Eligibility (2-level)","Not Eligible For Free Or Reduced Price Meals",69,74.8,69,75.0,20,82.5
"Deep River School District","=""0360011""","Race/Ethnicity","Black or African American","*","*","*","*","*","*"
"Deep River School District","=""0360011""","Race/Ethnicity","Hispanic or Latino",8,"*",8,"*","*","*"
"Deep River School District","=""0360011""","Race/Ethnicity","Native Hawaiian or Other Pacific Islander","*","*","*","*","*","*"
"Deep River School District","=""0360011""","Race/Ethnicity","Two or More Races","*","*","*","*","*","*"
"Deep River School District","=""0360011""","Race/Ethnicity","White",96,73.7,96,73.0,23,79.1
"Deep River School District","=""0360011""","Special Education Status (SWD)","Students with Disabilities",19,"*",19,"*","*","*"
"Deep River School District","=""0360011""","Special Education Status (SWD)","Students without Disabilities",90,77.5,90,78.6,"*","*"
"Derby School District","=""0370011""","All Students","District",635,57.3,633,50.6,238,49.9
"Derby School District","=""0370011""","English Language Learners (EL)","English Learners",62,46.7,62,47.6,19,"*"
"Derby School District","=""0370011""","English Language Learners (EL)","Not English Learners",573,58.4,571,51.0,219,50.7
"Derby School District","=""0370011""","Gender","Female",313,59.4,313,49.7,104,50.4
"Derby School District","=""0370011""","Gender","Male",322,55.2,320,51.6,134,49.5
"Derby School District","=""0370011""","Grade","03",113,59.3,112,57.7,"N/A","N/A"
"Derby School District","=""0370011""","Grade","04",90,61.0,90,59.0,"N/A","N/A"
"Derby School District","=""0370011""","Grade","05",78,58.6,78,55.2,78,57.0
"Derby School District","=""0370011""","Grade","06",105,57.5,105,47.6,"N/A","N/A"
"Derby School District","=""0370011""","Grade","07",87,58.8,87,45.9,"N/A","N/A"
"Derby School District","=""0370011""","Grade","08",95,57.1,94,46.3,94,48.0
"Derby School District","=""0370011""","Grade","11",67,45.3,67,39.3,66,44.3
"Derby School District","=""0370011""","High Needs (F/R, EL or SWD)","High Needs",426,52.9,424,46.3,146,45.4
"Derby School District","=""0370011""","High Needs (F/R, EL or SWD)","Not High Needs",209,66.2,209,59.4,92,57.0
"Derby School District","=""0370011""","Free/Reduced Price Meal Eligibility (2-level)","Eligible For Free Or Reduced Price Meals",333,54.8,331,47.2,108,46.7
"Derby School District","=""0370011""","Free/Reduced Price Meal Eligibility (2-level)","Not Eligible For Free Or Reduced Price Meals",302,60.0,302,54.3,130,52.6
"Derby School District","=""0370011""","Race/Ethnicity","Asian","*","*","*","*","*","*"
"Derby School District","=""0370011""","Race/Ethnicity","Black or African American",127,51.9,126,44.3,57,45.9
"Derby School District","=""0370011""","Race/Ethnicity","Hispanic or Latino",284,54.1,284,47.1,101,43.9
"Derby School District","=""0370011""","Race/Ethnicity","Native Hawaiian or Other Pacific Islander","*","*","*","*","*","*"
"Derby School District","=""0370011""","Race/Ethnicity","Two or More Races",43,59.2,43,53.0,14,"*"
"Derby School District","=""0370011""","Race/Ethnicity","White",165,65.6,164,59.5,59,60.3
"Derby School District","=""0370011""","Special Education Status (SWD)","Students with Disabilities",149,42.1,148,35.0,56,36.3
"Derby School District","=""0370011""","Special Education Status (SWD)","Students without Disabilities",486,62.0,485,55.4,182,54.1
"Eastford School District","=""0390011""","All Students","District",98,79.6,98,71.1,33,79.3
"Eastford School District","=""0390011""","English Language Learners (EL)","English Learners","*","*","*","*","N/A","N/A"
"Eastford School District","=""0390011""","English Language Learners (EL)","Not English Learners","*","*","*","*",33,79.3
"Eastford School District","=""0390011""","Gender","Female",47,83.9,47,71.8,15,"*"
"Eastford School District","=""0390011""","Gender","Male",51,75.6,51,70.5,18,"*"
"Eastford School District","=""0390011""","Grade","03",16,"*",16,"*","N/A","N/A"
"Eastford School District","=""0390011""","Grade","04",20,80.3,20,76.9,"N/A","N/A"
"Eastford School District","=""0390011""","Grade","05",11,"*",11,"*",11,"*"
"Eastford School District","=""0390011""","Grade","06",22,83.0,22,66.4,"N/A","N/A"
"Eastford School District","=""0390011""","Grade","07",7,"*",7,"*","N/A","N/A"
"Eastford School District","=""0390011""","Grade","08",22,83.2,22,78.4,22,79.1
"Eastford School District","=""0390011""","High Needs (F/R, EL or SWD)","High Needs",41,69.2,41,60.3,11,"*"
"Eastford School District","=""0390011""","High Needs (F/R, EL or SWD)","Not High Needs",57,87.0,57,78.9,22,86.3
"Eastford School District","=""0390011""","Free/Reduced Price Meal Eligibility (2-level)","Eligible For Free Or Reduced Price Meals",26,73.8,26,62.8,9,"*"
"Eastford School District","=""0390011""","Free/Reduced Price Meal Eligibility (2-level)","Not Eligible For Free Or Reduced Price Meals",72,81.6,72,74.1,24,83.7
"Eastford School District","=""0390011""","Race/Ethnicity","Asian","*","*","*","*","*","*"
"Eastford School District","=""0390011""","Race/Ethnicity","Black or African American","*","*","*","*","N/A","N/A"
"Eastford School District","=""0390011""","Race/Ethnicity","Hispanic or Latino",10,"*",10,"*","*","*"
"Eastford School District","=""0390011""","Race/Ethnicity","Two or More Races",8,"*",8,"*","*","*"
"Eastford School District","=""0390011""","Race/Ethnicity","White",78,80.7,78,72.4,24,82.1
"Eastford School District","=""0390011""","Special Education Status (SWD)","Students with Disabilities",20,57.1,20,50.2,"*","*"
"Eastford School District","=""0390011""","Special Education Status (SWD)","Students without Disabilities",78,85.3,78,76.5,"*","*"
"East Granby School District","=""0400011""","All Students","District",469,75.9,468,69.5,196,73.5
"East Granby School District","=""0400011""","English Language Learners (EL)","English Learners",22,65.3,22,61.9,8,"*"
"East Granby School District","=""0400011""","English Language Learners (EL)","Not English Learners",447,76.4,446,69.9,188,73.9
"East Granby School District","=""0400011""","Gender","Female",219,76.7,218,67.2,93,76.1
"East Granby School District","=""0400011""","Gender","Male",250,75.2,250,71.6,103,71.1
"East Granby School District","=""0400011""","Grade","03",64,75.3,63,77.1,"N/A","N/A"
"East Granby School District","=""0400011""","Grade","04",66,76.2,66,72.3,"N/A","N/A"
"East Granby School District","=""0400011""","Grade","05",59,81.2,59,78.8,59,87.3
"East Granby School District","=""0400011""","Grade","06",65,77.6,65,66.6,"N/A","N/A"
"East Granby School District","=""0400011""","Grade","07",78,78.1,78,69.6,"N/A","N/A"
"East Granby School District","=""0400011""","Grade","08",72,77.5,72,63.1,72,73.7
"East Granby School District","=""0400011""","Grade","11",65,65.5,65,60.8,65,60.7
"East Granby School District","=""0400011""","High Needs (F/R, EL or SWD)","High Needs",146,65.5,145,57.7,61,64.0
"East Granby School District","=""0400011""","High Needs (F/R, EL or SWD)","Not High Needs",323,80.6,323,74.8,135,77.8
"East Granby School District","=""0400011""","Free/Reduced Price Meal Eligibility (2-level)","Eligible For Free Or Reduced Price Meals",86,67.2,86,58.3,37,64.4
"East Granby School District","=""0400011""","Free/Reduced Price Meal Eligibility (2-level)","Not Eligible For Free Or Reduced Price Meals",383,77.9,382,72.0,159,75.6
"East Granby School District","=""0400011""","Race/Ethnicity","Asian",35,83.8,35,83.7,15,"*"
"East Granby School District","=""0400011""","Race/Ethnicity","Black or African American",31,61.2,31,54.5,17,"*"
"East Granby School District","=""0400011""","Race/Ethnicity","Hispanic or Latino",37,63.5,37,54.0,13,"*"
"East Granby School District","=""0400011""","Race/Ethnicity","Two or More Races",24,80.4,24,69.3,11,"*"
"East Granby School District","=""0400011""","Race/Ethnicity","White",342,77.5,341,71.1,140,76.1
"East Granby School District","=""0400011""","Special Education Status (SWD)","Students with Disabilities",66,57.4,65,47.8,26,51.7
"East Granby School District","=""0400011""","Special Education Status (SWD)","Students without Disabilities",403,78.9,403,73.0,170,76.8
"East Haddam School District","=""0410011""","All Students","District",465,67.9,465,64.3,184,61.3
"East Haddam School District","=""0410011""","English Language Learners (EL)","English Learners","*","*","*","*","*","*"
"East Haddam School District","=""0410011""","English Language Learners (EL)","Not English Learners","*","*","*","*","*","*"
"East Haddam School District","=""0410011""","Gender","Female",238,70.5,238,64.4,"*","*"
"East Haddam School District","=""0410011""","Gender","Male","*","*","*","*",97,61.7
"East Haddam School District","=""0410011""","Gender","Non-Binary","*","*","*","*","*","*"
"East Haddam School District","=""0410011""","Grade","03",68,74.5,68,70.9,"N/A","N/A"
"East Haddam School District","=""0410011""","Grade","04",69,72.9,69,68.7,"N/A","N/A"
"East Haddam School District","=""0410011""","Grade","05",63,70.7,63,71.3,63,73.3
"East Haddam School District","=""0410011""","Grade","06",68,69.0,68,61.9,"N/A","N/A"
"East Haddam School District","=""0410011""","Grade","07",75,67.8,75,65.7,"N/A","N/A"
"East Haddam School District","=""0410011""","Grade","08",61,62.5,61,61.5,61,59.8
"East Haddam School District","=""0410011""","Grade","11",61,56.2,61,48.3,60,50.4
"East Haddam School District","=""0410011""","High Needs (F/R, EL or SWD)","High Needs",154,57.8,154,54.9,58,51.5
"East Haddam School District","=""0410011""","High Needs (F/R, EL or SWD)","Not High Needs",311,72.9,311,68.9,126,65.9
"East Haddam School District","=""0410011""","Free/Reduced Price Meal Eligibility (2-level)","Eligible For Free Or Reduced Price Meals",112,59.6,112,57.8,43,51.8
"East Haddam School District","=""0410011""","Free/Reduced Price Meal Eligibility (2-level)","Not Eligible For Free Or Reduced Price Meals",353,70.5,353,66.3,141,64.3
"East Haddam School District","=""0410011""","Race/Ethnicity","American Indian or Alaska Native","*","*","*","*","*","*"
"East Haddam School District","=""0410011""","Race/Ethnicity","Asian","*","*","*","*","N/A","N/A"
"East Haddam School District","=""0410011""","Race/Ethnicity","Black or African American","*","*","*","*","*","*"
"East Haddam School District","=""0410011""","Race/Ethnicity","Hispanic or Latino",27,63.7,27,63.0,16,"*"
"East Haddam School District","=""0410011""","Race/Ethnicity","Two or More Races",15,"*",15,"*",6,"*"
"East Haddam School District","=""0410011""","Race/Ethnicity","White",417,68.2,417,64.4,158,62.0
"East Haddam School District","=""0410011""","Special Education Status (SWD)","Students with Disabilities",66,49.8,66,45.2,27,46.7
"East Haddam School District","=""0410011""","Special Education Status (SWD)","Students without Disabilities",399,70.9,399,67.4,157,63.9
"East Hampton School District","=""0420011""","All Students","District",869,70.7,866,66.0,386,70.0
"East Hampton School District","=""0420011""","English Language Learners (EL)","English Learners",9,"*",9,"*","*","*"
"East Hampton School District","=""0420011""","English Language Learners (EL)","Not English Learners",860,70.9,857,66.1,"*","*"
"East Hampton School District","=""0420011""","Gender","Female",427,71.9,426,64.5,197,69.3
"East Hampton School District","=""0420011""","Gender","Male",442,69.5,440,67.4,189,70.6
"East Hampton School District","=""0420011""","Grade","03",103,70.7,103,70.8,"N/A","N/A"
"East Hampton School District","=""0420011""","Grade","04",122,77.9,122,77.2,"N/A","N/A"
"East Hampton School District","=""0420011""","Grade","05",123,76.5,122,71.8,123,71.6
"East Hampton School District","=""0420011""","Grade","06",125,70.8,124,64.4,"N/A","N/A"
"East Hampton School District","=""0420011""","Grade","07",132,70.2,132,61.9,"N/A","N/A"
"East Hampton School District","=""0420011""","Grade","08",148,66.4,147,63.8,148,67.5
"East Hampton School District","=""0420011""","Grade","11",116,62.9,116,52.9,115,71.4
"East Hampton School District","=""0420011""","High Needs (F/R, EL or SWD)","High Needs",317,58.9,314,52.8,133,58.0
"East Hampton School District","=""0420011""","High Needs (F/R, EL or SWD)","Not High Needs",552,77.4,552,73.5,253,76.3
"East Hampton School District","=""0420011""","Free/Reduced Price Meal Eligibility (2-level)","Eligible For Free Or Reduced Price Meals",209,61.3,208,55.5,89,61.5
"East Hampton School District","=""0420011""","Free/Reduced Price Meal Eligibility (2-level)","Not Eligible For Free Or Reduced Price Meals",660,73.6,658,69.3,297,72.5
"East Hampton School District","=""0420011""","Race/Ethnicity","Asian","*","*","*","*","*","*"
"East Hampton School District","=""0420011""","Race/Ethnicity","Black or African American",12,"*",12,"*","*","*"
"East Hampton School District","=""0420011""","Race/Ethnicity","Hispanic or Latino",69,67.6,69,60.4,25,71.2
"East Hampton School District","=""0420011""","Race/Ethnicity","Native Hawaiian or Other Pacific Islander","*","*","*","*","N/A","N/A"
"East Hampton School District","=""0420011""","Race/Ethnicity","Two or More Races",33,67.4,32,65.3,14,"*"
"East Hampton School District","=""0420011""","Race/Ethnicity","White",744,71.2,742,66.6,339,70.0
"East Hampton School District","=""0420011""","Special Education Status (SWD)","Students with Disabilities",177,52.6,174,45.5,74,50.5
"East Hampton School District","=""0420011""","Special Education Status (SWD)","Students without Disabilities",692,75.3,692,71.2,312,74.6
"East Hartford School District","=""0430011""","All Students","District",3030,58.4,3019,54.4,1346,57.9
"East Hartford School District","=""0430011""","English Language Learners (EL)","English Learners",648,49.7,649,49.2,314,48.3
"East Hartford School District","=""0430011""","English Language Learners (EL)","Not English Learners",2382,60.7,2370,55.9,1032,60.8
"East Hartford School District","=""0430011""","Gender","Female",1439,61.1,1434,55.2,645,59.8
"East Hartford School District","=""0430011""","Gender","Male",1591,55.9,1585,53.7,701,56.2
"East Hartford School District","=""0430011""","Grade","03",443,62.6,442,56.8,"N/A","N/A"
"East Hartford School District","=""0430011""","Grade","04",428,63.7,427,60.8,"N/A","N/A"
"East Hartford School District","=""0430011""","Grade","05",424,60.6,424,61.3,424,61.8
"East Hartford School District","=""0430011""","Grade","06",402,63.2,400,56.4,"N/A","N/A"
"East Hartford School District","=""0430011""","Grade","07",425,59.6,423,51.2,"N/A","N/A"
"East Hartford School District","=""0430011""","Grade","08",416,54.4,411,52.4,415,57.2
"East Hartford School District","=""0430011""","Grade","11",492,46.5,492,43.7,507,55.3
"East Hartford School District","=""0430011""","High Needs (F/R, EL or SWD)","High Needs",2344,54.7,2333,50.6,1018,53.2
"East Hartford School District","=""0430011""","High Needs (F/R, EL or SWD)","Not High Needs",686,71.0,686,67.4,328,72.6
"East Hartford School District","=""0430011""","Free/Reduced Price Meal Eligibility (2-level)","Eligible For Free Or Reduced Price Meals",1991,55.9,1984,51.1,838,54.7
"East Hartford School District","=""0430011""","Free/Reduced Price Meal Eligibility (2-level)","Not Eligible For Free Or Reduced Price Meals",1039,63.1,1035,60.7,508,63.3
"East Hartford School District","=""0430011""","Race/Ethnicity","American Indian or Alaska Native","*","*","*","*","*","*"
"East Hartford School District","=""0430011""","Race/Ethnicity","Asian",112,67.8,112,66.7,50,72.3
"East Hartford School District","=""0430011""","Race/Ethnicity","Black or African American",935,58.2,928,51.9,422,57.2
"East Hartford School District","=""0430011""","Race/Ethnicity","Hispanic or Latino",1558,55.6,1556,52.9,710,55.0
"East Hartford School District","=""0430011""","Race/Ethnicity","Native Hawaiian or Other Pacific Islander","*","*","*","*","*","*"
"East Hartford School District","=""0430011""","Race/Ethnicity","Two or More Races",105,61.3,103,55.5,40,61.1
"East Hartford School District","=""0430011""","Race/Ethnicity","White",306,68.7,306,64.8,121,70.3
"East Hartford School District","=""0430011""","Special Education Status (SWD)","Students with Disabilities",719,40.9,713,35.9,324,40.1
"East Hartford School District","=""0430011""","Special Education Status (SWD)","Students without Disabilities",2311,63.8,2306,60.2,1022,63.6
"East Haven School District","=""0440011""","All Students","District",1305,59.7,1301,54.0,555,60.8
"East Haven School District","=""0440011""","English Language Learners (EL)","English Learners",240,55.0,240,51.3,92,52.0
"East Haven School District","=""0440011""","English Language Learners (EL)","Not English Learners",1065,60.8,1061,54.7,463,62.6
"East Haven School District","=""0440011""","Gender","Female",680,61.3,678,53.5,283,60.6
"East Haven School District","=""0440011""","Gender","Male","*","*","*","*","*","*"
"East Haven School District","=""0440011""","Gender","Non-Binary","*","*","*","*","*","*"
"East Haven School District","=""0440011""","Grade","03",185,60.0,185,54.6,"N/A","N/A"
"East Haven School District","=""0440011""","Grade","04",186,65.2,186,60.7,"N/A","N/A"
"East Haven School District","=""0440011""","Grade","05",168,60.7,168,61.6,168,61.9
"East Haven School District","=""0440011""","Grade","06",201,62.7,201,53.9,"N/A","N/A"
"East Haven School District","=""0440011""","Grade","07",172,61.7,170,54.8,"N/A","N/A"
"East Haven School District","=""0440011""","Grade","08",192,59.1,190,51.0,191,57.7
"East Haven School District","=""0440011""","Grade","11",201,49.4,201,43.4,196,63.0
"East Haven School District","=""0440011""","High Needs (F/R, EL or SWD)","High Needs",934,56.6,931,51.1,384,56.3
"East Haven School District","=""0440011""","High Needs (F/R, EL or SWD)","Not High Needs",371,67.6,370,61.6,171,71.1
"East Haven School District","=""0440011""","Free/Reduced Price Meal Eligibility (2-level)","Eligible For Free Or Reduced Price Meals",809,57.2,806,51.4,330,57.0
"East Haven School District","=""0440011""","Free/Reduced Price Meal Eligibility (2-level)","Not Eligible For Free Or Reduced Price Meals",496,63.9,495,58.4,225,66.5
"East Haven School District","=""0440011""","Race/Ethnicity","American Indian or Alaska Native","*","*","*","*","*","*"
"East Haven School District","=""0440011""","Race/Ethnicity","Asian","*","*","*","*",19,"*"
"East Haven School District","=""0440011""","Race/Ethnicity","Black or African American",78,59.7,77,50.1,35,55.2
"East Haven School District","=""0440011""","Race/Ethnicity","Hispanic or Latino",558,57.5,556,51.3,245,58.1
"East Haven School District","=""0440011""","Race/Ethnicity","Two or More Races",44,61.5,43,51.2,"*","*"
"East Haven School District","=""0440011""","Race/Ethnicity","White",580,61.2,580,56.5,239,63.9
"East Haven School District","=""0440011""","Special Education Status (SWD)","Students with Disabilities",267,42.7,265,37.6,106,43.1
"East Haven School District","=""0440011""","Special Education Status (SWD)","Students without Disabilities",1038,64.1,1036,58.3,449,65.1
"East Lyme School District","=""0450011""","All Students","District",1235,73.4,1231,70.7,589,72.1
"East Lyme School District","=""0450011""","English Language Learners (EL)","English Learners",93,65.0,93,65.2,34,62.9
"East Lyme School District","=""0450011""","English Language Learners (EL)","Not English Learners",1142,74.1,1138,71.1,555,72.7
"East Lyme School District","=""0450011""","Gender","Female",606,75.3,605,69.6,288,72.2
"East Lyme School District","=""0450011""","Gender","Male",629,71.7,626,71.7,301,72.1
"East Lyme School District","=""0450011""","Grade","03",170,77.7,171,75.4,"N/A","N/A"
"East Lyme School District","=""0450011""","Grade","04",155,80.6,155,80.6,"N/A","N/A"
"East Lyme School District","=""0450011""","Grade","05",172,71.1,171,69.5,171,70.7
"East Lyme School District","=""0450011""","Grade","06",164,75.7,163,71.4,"N/A","N/A"
"East Lyme School District","=""0450011""","Grade","07",152,73.6,150,70.2,"N/A","N/A"
"East Lyme School District","=""0450011""","Grade","08",187,72.3,186,70.9,186,72.5
"East Lyme School District","=""0450011""","Grade","11",235,66.6,235,61.2,232,72.9
"East Lyme School District","=""0450011""","High Needs (F/R, EL or SWD)","High Needs",511,63.1,510,60.0,229,60.8
"East Lyme School District","=""0450011""","High Needs (F/R, EL or SWD)","Not High Needs",724,80.7,721,78.2,360,79.3
"East Lyme School District","=""0450011""","Free/Reduced Price Meal Eligibility (2-level)","Eligible For Free Or Reduced Price Meals",313,64.0,313,61.0,135,63.6
"East Lyme School District","=""0450011""","Free/Reduced Price Meal Eligibility (2-level)","Not Eligible For Free Or Reduced Price Meals",922,76.6,918,74.0,454,74.7
"East Lyme School District","=""0450011""","Race/Ethnicity","American Indian or Alaska Native","*","*","*","*","N/A","N/A"
"East Lyme School District","=""0450011""","Race/Ethnicity","Asian",116,77.7,117,80.1,54,76.7
"East Lyme School District","=""0450011""","Race/Ethnicity","Black or African American","*","*","*","*",11,"*"
"East Lyme School District","=""0450011""","Race/Ethnicity","Hispanic or Latino",138,66.6,136,63.0,63,62.0
"East Lyme School District","=""0450011""","Race/Ethnicity","Two or More Races",79,74.9,79,72.9,33,74.9
"East Lyme School District","=""0450011""","Race/Ethnicity","White",877,74.0,874,70.5,428,73.1
"East Lyme School District","=""0450011""","Special Education Status (SWD)","Students with Disabilities",250,55.9,249,50.9,117,51.8
"East Lyme School District","=""0450011""","Special Education Status (SWD)","Students without Disabilities",985,77.9,982,75.7,472,77.2
"Easton School District","=""0460011""","All Students","District",580,79.1,580,79.4,188,75.9
"Easton School District","=""0460011""","English Language Learners (EL)","English Learners",30,71.9,30,78.8,8,"*"
"Easton School District","=""0460011""","English Language Learners (EL)","Not English Learners",550,79.5,550,79.5,180,76.4
"Easton School District","=""0460011""","Gender","Female","*","*","*","*","*","*"
"Easton School District","=""0460011""","Gender","Male",307,76.9,307,80.5,95,76.8
"Easton School District","=""0460011""","Gender","Non-Binary","*","*","*","*","*","*"
"Easton School District","=""0460011""","Grade","03",98,76.4,98,79.1,"N/A","N/A"
"Easton School District","=""0460011""","Grade","04",99,80.5,99,83.7,"N/A","N/A"
"Easton School District","=""0460011""","Grade","05",99,74.6,99,73.4,99,77.3
"Easton School District","=""0460011""","Grade","06",95,81.1,95,78.2,"N/A","N/A"
"Easton School District","=""0460011""","Grade","07",100,83.9,100,82.3,"N/A","N/A"
"Easton School District","=""0460011""","Grade","08",89,78.0,89,80.0,89,74.3
"Easton School District","=""0460011""","High Needs (F/R, EL or SWD)","High Needs",158,65.6,158,66.6,48,60.8
"Easton School District","=""0460011""","High Needs (F/R, EL or SWD)","Not High Needs",422,84.1,422,84.3,140,81.0
"Easton School District","=""0460011""","Free/Reduced Price Meal Eligibility (2-level)","Eligible For Free Or Reduced Price Meals",55,71.1,55,70.1,18,"*"
"Easton School District","=""0460011""","Free/Reduced Price Meal Eligibility (2-level)","Not Eligible For Free Or Reduced Price Meals",525,79.9,525,80.4,170,76.2
"Easton School District","=""0460011""","Race/Ethnicity","Asian",46,85.8,46,92.8,6,"*"
"Easton School District","=""0460011""","Race/Ethnicity","Black or African American",23,71.0,23,70.1,7,"*"
"Easton School District","=""0460011""","Race/Ethnicity","Hispanic or Latino",56,71.4,56,70.6,24,67.2
"Easton School District","=""0460011""","Race/Ethnicity","Two or More Races",33,82.0,33,79.9,9,"*"
"Easton School District","=""0460011""","Race/Ethnicity","White",422,79.6,422,79.6,142,76.5
"Easton School District","=""0460011""","Special Education Status (SWD)","Students with Disabilities",101,58.4,101,59.7,31,57.3
"Easton School District","=""0460011""","Special Education Status (SWD)","Students without Disabilities",479,83.4,479,83.6,157,79.5
"East Windsor School District","=""0470011""","All Students","District",502,65.0,503,61.0,216,63.9
"East Windsor School District","=""0470011""","English Language Learners (EL)","English Learners",45,62.5,45,59.1,15,"*"
"East Windsor School District","=""0470011""","English Language Learners (EL)","Not English Learners",457,65.3,458,61.2,201,64.0
"East Windsor School District","=""0470011""","Gender","Female","*","*","*","*",98,63.8
"East Windsor School District","=""0470011""","Gender","Male",258,61.9,258,61.7,118,63.9
"East Windsor School District","=""0470011""","Gender","Non-Binary","*","*","*","*",0,"N/A"
"East Windsor School District","=""0470011""","Grade","03",68,65.1,68,59.3,"N/A","N/A"
"East Windsor School District","=""0470011""","Grade","04",68,64.7,68,64.1,"N/A","N/A"
"East Windsor School District","=""0470011""","Grade","05",80,67.9,80,67.2,80,69.7
"East Windsor School District","=""0470011""","Grade","06",69,70.2,69,61.7,"N/A","N/A"
"East Windsor School District","=""0470011""","Grade","07",77,68.2,77,58.7,"N/A","N/A"
"East Windsor School District","=""0470011""","Grade","08",80,66.1,81,65.6,79,65.1
"East Windsor School District","=""0470011""","Grade","11",60,50.2,60,46.8,57,53.9
"East Windsor School District","=""0470011""","High Needs (F/R, EL or SWD)","High Needs",344,60.2,345,54.6,143,58.1
"East Windsor School District","=""0470011""","High Needs (F/R, EL or SWD)","Not High Needs",158,75.5,158,74.9,73,75.2
"East Windsor School District","=""0470011""","Free/Reduced Price Meal Eligibility (2-level)","Eligible For Free Or Reduced Price Meals",307,60.5,308,54.5,128,57.9
"East Windsor School District","=""0470011""","Free/Reduced Price Meal Eligibility (2-level)","Not Eligible For Free Or Reduced Price Meals",195,72.2,195,71.2,88,72.5
"East Windsor School District","=""0470011""","Race/Ethnicity","Asian",23,76.3,23,80.7,12,"*"
"East Windsor School District","=""0470011""","Race/Ethnicity","Black or African American",68,54.5,68,46.6,36,53.2
"East Windsor School District","=""0470011""","Race/Ethnicity","Hispanic or Latino",139,64.0,140,58.4,53,60.9
"East Windsor School District","=""0470011""","Race/Ethnicity","Two or More Races",34,66.7,34,60.0,8,"*"
"East Windsor School District","=""0470011""","Race/Ethnicity","White",238,67.4,238,64.9,107,66.1
"East Windsor School District","=""0470011""","Special Education Status (SWD)","Students with Disabilities",99,46.1,99,37.6,46,45.9
"East Windsor School District","=""0470011""","Special Education Status (SWD)","Students without Disabilities",403,69.7,404,66.7,170,68.7
"Ellington School District","=""0480011""","All Students","District",1329,74.1,1325,73.8,539,72.6
"Ellington School District","=""0480011""","English Language Learners (EL)","English Learners",49,65.8,49,67.9,18,"*"
"Ellington School District","=""0480011""","English Language Learners (EL)","Not English Learners",1280,74.5,1276,74.0,521,72.9
"Ellington School District","=""0480011""","Gender","Female",646,75.2,644,72.7,257,71.2
"Ellington School District","=""0480011""","Gender","Male",683,73.1,681,74.8,282,73.8
"Ellington School District","=""0480011""","Gender","Non-Binary",0,"N/A",0,"N/A",0,"N/A"
"Ellington School District","=""0480011""","Grade","03",207,76.3,207,75.1,"N/A","N/A"
"Ellington School District","=""0480011""","Grade","04",169,80.3,169,78.5,"N/A","N/A"
"Ellington School District","=""0480011""","Grade","05",192,74.1,192,76.5,192,76.4
"Ellington School District","=""0480011""","Grade","06",199,77.8,198,77.2,"N/A","N/A"
"Ellington School District","=""0480011""","Grade","07",210,73.8,208,71.5,"N/A","N/A"
"Ellington School District","=""0480011""","Grade","08",178,73.2,177,75.6,178,74.3
"Ellington School District","=""0480011""","Grade","11",174,62.7,174,61.6,169,66.4
"Ellington School District","=""0480011""","High Needs (F/R, EL or SWD)","High Needs",420,61.1,416,59.6,170,59.0
"Ellington School District","=""0480011""","High Needs (F/R, EL or SWD)","Not High Needs",909,80.2,909,80.3,369,78.8
"Ellington School District","=""0480011""","Free/Reduced Price Meal Eligibility (2-level)","Eligible For Free Or Reduced Price Meals",276,62.7,273,61.4,117,60.6
"Ellington School District","=""0480011""","Free/Reduced Price Meal Eligibility (2-level)","Not Eligible For Free Or Reduced Price Meals",1053,77.1,1052,77.0,422,75.9
"Ellington School District","=""0480011""","Race/Ethnicity","American Indian or Alaska Native","*","*","*","*","*","*"
"Ellington School District","=""0480011""","Race/Ethnicity","Asian",147,85.4,147,88.5,68,82.9
"Ellington School District","=""0480011""","Race/Ethnicity","Black or African American",66,57.5,66,53.5,29,53.9
"Ellington School District","=""0480011""","Race/Ethnicity","Hispanic or Latino",110,63.0,109,60.2,46,57.7
"Ellington School District","=""0480011""","Race/Ethnicity","Two or More Races","*","*","*","*","*","*"
"Ellington School District","=""0480011""","Race/Ethnicity","White",955,74.8,953,74.5,384,74.2
"Ellington School District","=""0480011""","Special Education Status (SWD)","Students with Disabilities",206,52.7,203,49.0,92,49.2
"Ellington School District","=""0480011""","Special Education Status (SWD)","Students without Disabilities",1123,78.1,1122,78.2,447,77.4
"Enfield School District","=""0490011""","All Students","District",2278,61.5,2258,57.7,987,62.2
"Enfield School District","=""0490011""","English Language Learners (EL)","English Learners",139,48.6,139,46.1,48,50.4
"Enfield School District","=""0490011""","English Language Learners (EL)","Not English Learners",2139,62.3,2119,58.5,939,62.8
"Enfield School District","=""0490011""","Gender","Female","*","*","*","*",493,62.3
"Enfield School District","=""0490011""","Gender","Male",1178,59.7,1167,58.3,"*","*"
"Enfield School District","=""0490011""","Gender","Non-Binary","*","*","*","*","*","*"
"Enfield School District","=""0490011""","Grade","03",348,63.1,348,60.2,"N/A","N/A"
"Enfield School District","=""0490011""","Grade","04",313,68.9,314,66.4,"N/A","N/A"
"Enfield School District","=""0490011""","Grade","05",311,65.2,310,63.7,312,67.8
"Enfield School District","=""0490011""","Grade","06",281,65.3,278,58.9,"N/A","N/A"
"Enfield School District","=""0490011""","Grade","07",344,60.9,336,55.1,"N/A","N/A"
"Enfield School District","=""0490011""","Grade","08",364,55.7,355,51.4,365,57.7
"Enfield School District","=""0490011""","Grade","11",317,52.6,317,49.4,310,61.9
"Enfield School District","=""0490011""","High Needs (F/R, EL or SWD)","High Needs",1304,55.3,1287,50.8,543,55.3
"Enfield School District","=""0490011""","High Needs (F/R, EL or SWD)","Not High Needs",974,69.7,971,67.0,444,70.7
"Enfield School District","=""0490011""","Free/Reduced Price Meal Eligibility (2-level)","Eligible For Free Or Reduced Price Meals",1108,56.6,1096,52.2,450,56.7
"Enfield School District","=""0490011""","Free/Reduced Price Meal Eligibility (2-level)","Not Eligible For Free Or Reduced Price Meals",1170,66.0,1162,63.0,537,66.9
"Enfield School District","=""0490011""","Race/Ethnicity","American Indian or Alaska Native",0,"N/A",0,"N/A","N/A","N/A"
"Enfield School District","=""0490011""","Race/Ethnicity","Asian","*","*","*","*","*","*"
"Enfield School District","=""0490011""","Race/Ethnicity","Black or African American",132,48.1,128,44.7,68,46.8
"Enfield School District","=""0490011""","Race/Ethnicity","Hispanic or Latino",535,56.0,530,51.6,201,54.7
"Enfield School District","=""0490011""","Race/Ethnicity","Native Hawaiian or Other Pacific Islander","*","*","*","*","*","*"
"Enfield School District","=""0490011""","Race/Ethnicity","Two or More Races",150,63.0,145,56.3,48,62.8
"Enfield School District","=""0490011""","Race/Ethnicity","White",1410,64.5,1404,61.3,643,65.8
"Enfield School District","=""0490011""","Special Education Status (SWD)","Students with Disabilities",481,43.0,471,37.9,219,43.7
"Enfield School District","=""0490011""","Special Education Status (SWD)","Students without Disabilities",1797,66.4,1787,63.0,768,67.5
"Essex School District","=""0500011""","All Students","District",147,75.8,146,73.5,40,78.2
"Essex School District","=""0500011""","English Language Learners (EL)","English Learners","*","*","*","*","*","*"
"Essex School District","=""0500011""","English Language Learners (EL)","Not English Learners","*","*","*","*","*","*"
"Essex School District","=""0500011""","Gender","Female",61,74.1,60,68.7,14,"*"
"Essex School District","=""0500011""","Gender","Male",86,77.1,86,76.8,26,79.8
"Essex School District","=""0500011""","Grade","03",32,77.7,32,74.7,"N/A","N/A"
"Essex School District","=""0500011""","Grade","04",34,76.2,33,74.2,"N/A","N/A"
"Essex School District","=""0500011""","Grade","05",40,77.0,40,76.5,40,78.2
"Essex School District","=""0500011""","Grade","06",41,73.0,41,69.1,"N/A","N/A"
"Essex School District","=""0500011""","High Needs (F/R, EL or SWD)","High Needs",56,66.0,55,62.1,16,"*"
"Essex School District","=""0500011""","High Needs (F/R, EL or SWD)","Not High Needs",91,81.9,91,80.4,24,83.6
"Essex School District","=""0500011""","Free/Reduced Price Meal Eligibility (2-level)","Eligible For Free Or Reduced Price Meals",24,68.6,23,61.8,"*","*"
"Essex School District","=""0500011""","Free/Reduced Price Meal Eligibility (2-level)","Not Eligible For Free Or Reduced Price Meals",123,77.2,123,75.7,"*","*"
"Essex School District","=""0500011""","Race/Ethnicity","Asian","*","*","*","*","*","*"
"Essex School District","=""0500011""","Race/Ethnicity","Black or African American","*","*","*","*","N/A","N/A"
"Essex School District","=""0500011""","Race/Ethnicity","Hispanic or Latino",12,"*",12,"*","*","*"
"Essex School District","=""0500011""","Race/Ethnicity","Two or More Races",8,"*",8,"*","*","*"
"Essex School District","=""0500011""","Race/Ethnicity","White",125,76.9,124,75.2,35,78.6
"Essex School District","=""0500011""","Special Education Status (SWD)","Students with Disabilities",41,62.2,41,58.6,14,"*"
"Essex School District","=""0500011""","Special Education Status (SWD)","Students without Disabilities",106,81.1,105,79.4,26,81.9
"Fairfield School District","=""0510011""","All Students","District",4818,76.1,4810,74.2,2081,72.5
"Fairfield School District","=""0510011""","English Language Learners (EL)","English Learners",225,63.1,225,62.8,84,59.7
"Fairfield School District","=""0510011""","English Language Learners (EL)","Not English Learners",4593,76.7,4585,74.7,1997,73.1
"Fairfield School District","=""0510011""","Gender","Female",2380,77.7,2374,72.8,1005,72.0
"Fairfield School District","=""0510011""","Gender","Male",2438,74.4,2436,75.4,1076,73.0
"Fairfield School District","=""0510011""","Grade","03",739,77.4,737,74.5,"N/A","N/A"
"Fairfield School District","=""0510011""","Grade","04",658,82.2,658,78.2,"N/A","N/A"
"Fairfield School District","=""0510011""","Grade","05",685,79.8,685,78.5,685,77.1
"Fairfield School District","=""0510011""","Grade","06",671,78.1,669,78.0,"N/A","N/A"
"Fairfield School District","=""0510011""","Grade","07",671,75.9,671,75.1,"N/A","N/A"
"Fairfield School District","=""0510011""","Grade","08",683,73.6,679,73.4,681,70.8
"Fairfield School District","=""0510011""","Grade","11",711,66.1,711,62.1,715,69.8
"Fairfield School District","=""0510011""","High Needs (F/R, EL or SWD)","High Needs",1531,63.8,1529,61.9,641,58.3
"Fairfield School District","=""0510011""","High Needs (F/R, EL or SWD)","Not High Needs",3287,81.8,3281,79.8,1440,78.9
"Fairfield School District","=""0510011""","Free/Reduced Price Meal Eligibility (2-level)","Eligible For Free Or Reduced Price Meals",779,65.6,780,64.0,322,61.4
"Fairfield School District","=""0510011""","Free/Reduced Price Meal Eligibility (2-level)","Not Eligible For Free Or Reduced Price Meals",4039,78.1,4030,76.1,1759,74.6
"Fairfield School District","=""0510011""","Race/Ethnicity","American Indian or Alaska Native","*","*","*","*","*","*"
"Fairfield School District","=""0510011""","Race/Ethnicity","Asian",281,80.4,281,80.8,116,79.6
"Fairfield School District","=""0510011""","Race/Ethnicity","Black or African American",146,64.3,146,59.7,"*","*"
"Fairfield School District","=""0510011""","Race/Ethnicity","Hispanic or Latino",636,68.4,636,65.8,269,63.9
"Fairfield School District","=""0510011""","Race/Ethnicity","Native Hawaiian or Other Pacific Islander","*","*","*","*","N/A","N/A"
"Fairfield School District","=""0510011""","Race/Ethnicity","Two or More Races",315,80.3,314,78.3,123,79.1
"Fairfield School District","=""0510011""","Race/Ethnicity","White",3435,77.2,3428,75.4,1508,73.6
"Fairfield School District","=""0510011""","Special Education Status (SWD)","Students with Disabilities",910,59.4,908,56.9,387,53.4
"Fairfield School District","=""0510011""","Special Education Status (SWD)","Students without Disabilities",3908,80.0,3902,78.2,1694,76.9
"Farmington School District","=""0520011""","All Students","District",2270,78.3,2263,76.9,991,80.0
"Farmington School District","=""0520011""","English Language Learners (EL)","English Learners",223,71.6,223,73.5,75,72.2
"Farmington School District","=""0520011""","English Language Learners (EL)","Not English Learners",2047,79.0,2040,77.3,916,80.7
"Farmington School District","=""0520011""","Gender","Female","*","*","*","*","*","*"
"Farmington School District","=""0520011""","Gender","Male",1161,76.1,1156,77.3,527,80.4
"Farmington School District","=""0520011""","Gender","Non-Binary","*","*","*","*","*","*"
"Farmington School District","=""0520011""","Grade","03",333,78.6,332,78.5,"N/A","N/A"
"Farmington School District","=""0520011""","Grade","04",298,81.7,298,82.9,"N/A","N/A"
"Farmington School District","=""0520011""","Grade","05",344,79.3,344,80.7,343,83.0
"Farmington School District","=""0520011""","Grade","06",316,80.9,315,77.4,"N/A","N/A"
"Farmington School District","=""0520011""","Grade","07",333,81.0,329,76.4,"N/A","N/A"
"Farmington School District","=""0520011""","Grade","08",327,77.5,326,75.5,326,77.7
"Farmington School District","=""0520011""","Grade","11",319,69.1,319,66.9,322,79.2
"Farmington School District","=""0520011""","High Needs (F/R, EL or SWD)","High Needs",750,65.9,743,63.3,306,65.2
"Farmington School District","=""0520011""","High Needs (F/R, EL or SWD)","Not High Needs",1520,84.4,1520,83.6,685,86.7
"Farmington School District","=""0520011""","Free/Reduced Price Meal Eligibility (2-level)","Eligible For Free Or Reduced Price Meals",425,66.0,422,61.6,175,66.0
"Farmington School District","=""0520011""","Free/Reduced Price Meal Eligibility (2-level)","Not Eligible For Free Or Reduced Price Meals",1845,81.1,1841,80.4,816,83.0
"Farmington School District","=""0520011""","Race/Ethnicity","American Indian or Alaska Native","*","*","*","*","*","*"
"Farmington School District","=""0520011""","Race/Ethnicity","Asian",569,87.1,569,91.0,253,91.7
"Farmington School District","=""0520011""","Race/Ethnicity","Black or African American",102,62.3,102,57.8,44,58.2
"Farmington School District","=""0520011""","Race/Ethnicity","Hispanic or Latino",279,70.5,276,64.2,108,70.2
"Farmington School District","=""0520011""","Race/Ethnicity","Native Hawaiian or Other Pacific Islander","*","*","*","*","*","*"
"Farmington School District","=""0520011""","Race/Ethnicity","Two or More Races",141,79.3,140,79.3,62,82.1
"Farmington School District","=""0520011""","Race/Ethnicity","White",1172,77.2,1169,74.4,519,78.2
"Farmington School District","=""0520011""","Special Education Status (SWD)","Students with Disabilities",308,53.5,301,49.0,137,52.0
"Farmington School District","=""0520011""","Special Education Status (SWD)","Students without Disabilities",1962,82.2,1962,81.2,854,84.5
"Franklin School District","=""0530011""","All Students","District",103,70.8,103,68.5,42,71.2
"Franklin School District","=""0530011""","English Language Learners (EL)","Not English Learners",103,70.8,103,68.5,42,71.2
"Franklin School District","=""0530011""","Gender","Female",41,74.3,41,71.5,19,"*"
"Franklin School District","=""0530011""","Gender","Male",62,68.5,62,66.5,23,69.2
"Franklin School District","=""0530011""","Grade","03",19,"*",19,"*","N/A","N/A"
"Franklin School District","=""0530011""","Grade","04",12,"*",12,"*","N/A","N/A"
"Franklin School District","=""0530011""","Grade","05",19,"*",19,"*",19,"*"
"Franklin School District","=""0530011""","Grade","06",13,"*",13,"*","N/A","N/A"
"Franklin School District","=""0530011""","Grade","07",17,"*",17,"*","N/A","N/A"
"Franklin School District","=""0530011""","Grade","08",23,71.1,23,69.7,23,74.9
"Franklin School District","=""0530011""","Grade","11",0,"N/A",0,"N/A",0,"N/A"
"Franklin School District","=""0530011""","High Needs (F/R, EL or SWD)","High Needs",29,63.2,29,59.0,9,"*"
"Franklin School District","=""0530011""","High Needs (F/R, EL or SWD)","Not High Needs",74,73.8,74,72.3,33,74.9
"Franklin School District","=""0530011""","Free/Reduced Price Meal Eligibility (2-level)","Eligible For Free Or Reduced Price Meals",24,69.2,24,65.0,8,"*"
"Franklin School District","=""0530011""","Free/Reduced Price Meal Eligibility (2-level)","Not Eligible For Free Or Reduced Price Meals",79,71.3,79,69.6,34,74.0
"Franklin School District","=""0530011""","Race/Ethnicity","Hispanic or Latino",7,"*",7,"*","*","*"
"Franklin School District","=""0530011""","Race/Ethnicity","Two or More Races",10,"*",10,"*","*","*"
"Franklin School District","=""0530011""","Race/Ethnicity","White",86,70.2,86,67.6,34,71.8
"Franklin School District","=""0530011""","Special Education Status (SWD)","Students with Disabilities",10,"*",10,"*","*","*"
"Franklin School District","=""0530011""","Special Education Status (SWD)","Students without Disabilities",93,74.4,93,72.3,"*","*"
"Glastonbury School District","=""0540011""","All Students","District",2991,76.8,2989,76.1,1277,72.6
"Glastonbury School District","=""0540011""","English Language Learners (EL)","English Learners",172,68.9,172,72.5,50,62.0
"Glastonbury School District","=""0540011""","English Language Learners (EL)","Not English Learners",2819,77.3,2817,76.4,1227,73.0
"Glastonbury School District","=""0540011""","Gender","Female","*","*","*","*","*","*"
"Glastonbury School District","=""0540011""","Gender","Male",1573,75.2,1571,77.0,694,73.0
"Glastonbury School District","=""0540011""","Gender","Non-Binary","*","*","*","*","*","*"
"Glastonbury School District","=""0540011""","Grade","03",392,76.9,392,76.3,"N/A","N/A"
"Glastonbury School District","=""0540011""","Grade","04",431,80.5,430,80.2,"N/A","N/A"
"Glastonbury School District","=""0540011""","Grade","05",426,76.7,426,79.3,425,75.5
"Glastonbury School District","=""0540011""","Grade","06",444,80.6,444,78.3,"N/A","N/A"
"Glastonbury School District","=""0540011""","Grade","07",440,81.3,440,79.4,"N/A","N/A"
"Glastonbury School District","=""0540011""","Grade","08",432,73.7,431,73.7,432,74.3
"Glastonbury School District","=""0540011""","Grade","11",426,67.9,426,65.6,420,67.8
"Glastonbury School District","=""0540011""","High Needs (F/R, EL or SWD)","High Needs",808,63.4,806,61.0,339,56.6
"Glastonbury School District","=""0540011""","High Needs (F/R, EL or SWD)","Not High Needs",2183,81.8,2183,81.7,938,78.3
"Glastonbury School District","=""0540011""","Free/Reduced Price Meal Eligibility (2-level)","Eligible For Free Or Reduced Price Meals",426,64.0,426,61.0,195,58.6
"Glastonbury School District","=""0540011""","Free/Reduced Price Meal Eligibility (2-level)","Not Eligible For Free Or Reduced Price Meals",2565,79.0,2563,78.7,1082,75.1
"Glastonbury School District","=""0540011""","Race/Ethnicity","American Indian or Alaska Native","*","*","*","*","*","*"
"Glastonbury School District","=""0540011""","Race/Ethnicity","Asian",481,85.7,481,90.2,197,84.0
"Glastonbury School District","=""0540011""","Race/Ethnicity","Black or African American","*","*","*","*","*","*"
"Glastonbury School District","=""0540011""","Race/Ethnicity","Hispanic or Latino",366,67.2,366,63.3,160,63.3
"Glastonbury School District","=""0540011""","Race/Ethnicity","Two or More Races",195,78.4,194,77.1,78,74.2
"Glastonbury School District","=""0540011""","Race/Ethnicity","White",1847,76.8,1846,75.7,799,72.1
"Glastonbury School District","=""0540011""","Special Education Status (SWD)","Students with Disabilities",404,53.9,402,49.2,170,47.3
"Glastonbury School District","=""0540011""","Special Education Status (SWD)","Students without Disabilities",2587,80.4,2587,80.3,1107,76.5
"Granby School District","=""0560011""","All Students","District",893,73.4,893,68.6,374,76.1
"Granby School District","=""0560011""","English Language Learners (EL)","English Learners",12,"*",12,"*","*","*"
"Granby School District","=""0560011""","English Language Learners (EL)","Not English Learners",881,73.5,881,68.5,"*","*"
"Granby School District","=""0560011""","Gender","Female",422,74.0,422,66.4,187,74.1
"Granby School District","=""0560011""","Gender","Male",471,72.9,471,70.5,187,78.1
"Granby School District","=""0560011""","Gender","Non-Binary",0,"N/A",0,"N/A",0,"N/A"
"Granby School District","=""0560011""","Grade","03",131,75.5,131,71.9,"N/A","N/A"
"Granby School District","=""0560011""","Grade","04",124,71.8,124,66.7,"N/A","N/A"
"Granby School District","=""0560011""","Grade","05",125,75.7,125,74.7,124,79.8
"Granby School District","=""0560011""","Grade","06",125,77.7,125,71.0,"N/A","N/A"
"Granby School District","=""0560011""","Grade","07",137,72.5,137,65.0,"N/A","N/A"
"Granby School District","=""0560011""","Grade","08",120,75.1,120,71.8,120,79.1
"Granby School District","=""0560011""","Grade","11",131,66.0,131,59.5,130,69.8
"Granby School District","=""0560011""","High Needs (F/R, EL or SWD)","High Needs",289,60.8,289,55.6,101,61.3
"Granby School District","=""0560011""","High Needs (F/R, EL or SWD)","Not High Needs",604,79.5,604,74.8,273,81.6
"Granby School District","=""0560011""","Free/Reduced Price Meal Eligibility (2-level)","Eligible For Free Or Reduced Price Meals",169,64.0,169,58.3,61,62.8
"Granby School District","=""0560011""","Free/Reduced Price Meal Eligibility (2-level)","Not Eligible For Free Or Reduced Price Meals",724,75.6,724,71.0,313,78.7
"Granby School District","=""0560011""","Race/Ethnicity","American Indian or Alaska Native","*","*","*","*","*","*"
"Granby School District","=""0560011""","Race/Ethnicity","Asian",26,86.4,26,81.7,10,"*"
"Granby School District","=""0560011""","Race/Ethnicity","Black or African American",68,53.8,68,48.6,22,56.3
"Granby School District","=""0560011""","Race/Ethnicity","Hispanic or Latino",49,64.6,49,58.4,17,"*"
"Granby School District","=""0560011""","Race/Ethnicity","Native Hawaiian or Other Pacific Islander","*","*","*","*","*","*"
"Granby School District","=""0560011""","Race/Ethnicity","Two or More Races",27,71.3,27,65.6,10,"*"
"Granby School District","=""0560011""","Race/Ethnicity","White",721,75.5,721,70.8,313,78.0
"Granby School District","=""0560011""","Special Education Status (SWD)","Students with Disabilities",154,51.6,154,46.9,54,54.8
"Granby School District","=""0560011""","Special Education Status (SWD)","Students without Disabilities",739,78.0,739,73.1,320,79.7
"Greenwich School District","=""0570011""","All Students","District",4251,80.7,4242,79.6,1838,82.8
"Greenwich School District","=""0570011""","English Language Learners (EL)","English Learners",370,68.5,369,70.3,118,66.7
"Greenwich School District","=""0570011""","English Language Learners (EL)","Not English Learners",3881,81.8,3873,80.5,1720,83.9
"Greenwich School District","=""0570011""","Gender","Female","*","*","*","*","*","*"
"Greenwich School District","=""0570011""","Gender","Male",2235,79.7,2233,81.7,959,84.0
"Greenwich School District","=""0570011""","Gender","Non-Binary","*","*","*","*","*","*"
"Greenwich School District","=""0570011""","Grade","03",611,83.3,611,83.4,"N/A","N/A"
"Greenwich School District","=""0570011""","Grade","04",609,84.7,609,84.0,"N/A","N/A"
"Greenwich School District","=""0570011""","Grade","05",583,85.8,582,85.9,583,82.8
"Greenwich School District","=""0570011""","Grade","06",609,82.8,606,80.3,"N/A","N/A"
"Greenwich School District","=""0570011""","Grade","07",584,80.8,583,77.8,"N/A","N/A"
"Greenwich School District","=""0570011""","Grade","08",606,77.8,602,78.6,605,81.1
"Greenwich School District","=""0570011""","Grade","11",649,70.3,649,68.1,650,84.4
"Greenwich School District","=""0570011""","High Needs (F/R, EL or SWD)","High Needs",1420,66.8,1416,65.3,578,67.4
"Greenwich School District","=""0570011""","High Needs (F/R, EL or SWD)","Not High Needs",2831,87.6,2826,86.8,1260,89.9
"Greenwich School District","=""0570011""","Free/Reduced Price Meal Eligibility (2-level)","Eligible For Free Or Reduced Price Meals",712,67.5,710,64.6,323,68.2
"Greenwich School District","=""0570011""","Free/Reduced Price Meal Eligibility (2-level)","Not Eligible For Free Or Reduced Price Meals",3539,83.3,3532,82.6,1515,86.0
"Greenwich School District","=""0570011""","Race/Ethnicity","American Indian or Alaska Native","*","*","*","*","*","*"
"Greenwich School District","=""0570011""","Race/Ethnicity","Asian",398,88.4,397,93.4,160,92.9
"Greenwich School District","=""0570011""","Race/Ethnicity","Black or African American",73,71.7,73,60.6,39,69.3
"Greenwich School District","=""0570011""","Race/Ethnicity","Hispanic or Latino",954,71.6,952,69.5,424,73.1
"Greenwich School District","=""0570011""","Race/Ethnicity","Native Hawaiian or Other Pacific Islander","*","*","*","*","*","*"
"Greenwich School District","=""0570011""","Race/Ethnicity","Two or More Races",287,85.6,287,85.5,128,87.9
"Greenwich School District","=""0570011""","Race/Ethnicity","White",2531,82.5,2525,81.1,1083,85.0
"Greenwich School District","=""0570011""","Special Education Status (SWD)","Students with Disabilities",705,59.9,704,57.2,275,60.8
"Greenwich School District","=""0570011""","Special Education Status (SWD)","Students without Disabilities",3546,84.8,3538,84.0,1563,86.7
"Griswold School District","=""0580011""","All Students","District",860,62.3,860,56.5,356,59.6
"Griswold School District","=""0580011""","English Language Learners (EL)","English Learners",22,51.8,22,51.4,8,"*"
"Griswold School District","=""0580011""","English Language Learners (EL)","Not English Learners",838,62.6,838,56.6,348,60.1
"Griswold School District","=""0580011""","Gender","Female",422,64.4,422,55.9,"*","*"
"Griswold School District","=""0580011""","Gender","Male",438,60.3,438,57.1,180,56.9
"Griswold School District","=""0580011""","Gender","Non-Binary",0,"N/A",0,"N/A","*","*"
"Griswold School District","=""0580011""","Grade","03",119,61.7,119,59.2,"N/A","N/A"
"Griswold School District","=""0580011""","Grade","04",113,66.1,113,60.9,"N/A","N/A"
"Griswold School District","=""0580011""","Grade","05",124,63.6,124,59.5,124,63.2
"Griswold School District","=""0580011""","Grade","06",136,66.0,136,60.7,"N/A","N/A"
"Griswold School District","=""0580011""","Grade","07",131,61.2,131,52.2,"N/A","N/A"
"Griswold School District","=""0580011""","Grade","08",103,68.9,103,60.9,103,61.0
"Griswold School District","=""0580011""","Grade","11",134,50.6,134,44.3,129,55.1
"Griswold School District","=""0580011""","High Needs (F/R, EL or SWD)","High Needs",508,56.9,508,51.5,207,55.8
"Griswold School District","=""0580011""","High Needs (F/R, EL or SWD)","Not High Needs",352,70.1,352,63.8,149,64.9
"Griswold School District","=""0580011""","Free/Reduced Price Meal Eligibility (2-level)","Eligible For Free Or Reduced Price Meals",458,58.2,458,52.7,190,56.1
"Griswold School District","=""0580011""","Free/Reduced Price Meal Eligibility (2-level)","Not Eligible For Free Or Reduced Price Meals",402,66.9,402,60.9,166,63.6
"Griswold School District","=""0580011""","Race/Ethnicity","American Indian or Alaska Native","*","*","*","*","*","*"
"Griswold School District","=""0580011""","Race/Ethnicity","Asian",16,"*",16,"*",7,"*"
"Griswold School District","=""0580011""","Race/Ethnicity","Black or African American",41,55.5,41,46.1,16,"*"
"Griswold School District","=""0580011""","Race/Ethnicity","Hispanic or Latino",117,57.9,117,51.9,41,51.4
"Griswold School District","=""0580011""","Race/Ethnicity","Native Hawaiian or Other Pacific Islander","*","*","*","*","*","*"
"Griswold School District","=""0580011""","Race/Ethnicity","Two or More Races",56,67.7,56,57.1,31,58.1
"Griswold School District","=""0580011""","Race/Ethnicity","White",618,62.7,618,57.6,255,61.6
"Griswold School District","=""0580011""","Special Education Status (SWD)","Students with Disabilities",136,40.8,136,36.9,59,41.0
"Griswold School District","=""0580011""","Special Education Status (SWD)","Students without Disabilities",724,66.3,724,60.2,297,63.3
"Groton School District","=""0590011""","All Students","District",1964,63.7,1963,59.9,814,60.9
"Groton School District","=""0590011""","English Language Learners (EL)","English Learners",122,53.9,122,51.3,47,53.4
"Groton School District","=""0590011""","English Language Learners (EL)","Not English Learners",1842,64.4,1841,60.5,767,61.3
"Groton School District","=""0590011""","Gender","Female",937,65.5,936,59.1,397,61.6
"Groton School District","=""0590011""","Gender","Male",1027,62.1,1027,60.6,417,60.1
"Groton School District","=""0590011""","Gender","Non-Binary",0,"N/A",0,"N/A",0,"N/A"
"Groton School District","=""0590011""","Grade","03",310,64.4,310,60.7,"N/A","N/A"
"Groton School District","=""0590011""","Grade","04",292,70.7,292,67.4,"N/A","N/A"
"Groton School District","=""0590011""","Grade","05",313,68.4,313,67.9,313,69.4
"Groton School District","=""0590011""","Grade","06",282,64.5,283,58.0,"N/A","N/A"
"Groton School District","=""0590011""","Grade","07",272,63.5,272,59.3,"N/A","N/A"
"Groton School District","=""0590011""","Grade","08",281,56.2,279,51.0,281,55.8
"Groton School District","=""0590011""","Grade","11",214,55.4,214,51.7,220,55.2
"Groton School District","=""0590011""","High Needs (F/R, EL or SWD)","High Needs",1117,56.5,1116,52.5,447,52.5
"Groton School District","=""0590011""","High Needs (F/R, EL or SWD)","Not High Needs",847,73.2,847,69.7,367,71.0
"Groton School District","=""0590011""","Free/Reduced Price Meal Eligibility (2-level)","Eligible For Free Or Reduced Price Meals",915,58.4,913,54.4,361,54.2
"Groton School District","=""0590011""","Free/Reduced Price Meal Eligibility (2-level)","Not Eligible For Free Or Reduced Price Meals",1049,68.3,1050,64.7,453,66.2
"Groton School District","=""0590011""","Race/Ethnicity","American Indian or Alaska Native",12,"*",12,"*","*","*"
"Groton School District","=""0590011""","Race/Ethnicity","Asian",112,71.3,112,69.5,51,71.6
"Groton School District","=""0590011""","Race/Ethnicity","Black or African American",132,53.3,132,48.6,52,48.5
"Groton School District","=""0590011""","Race/Ethnicity","Hispanic or Latino",532,56.5,530,52.8,231,52.5
"Groton School District","=""0590011""","Race/Ethnicity","Native Hawaiian or Other Pacific Islander",7,"*",7,"*","*","*"
"Groton School District","=""0590011""","Race/Ethnicity","Two or More Races",248,61.4,248,57.4,102,59.7
"Groton School District","=""0590011""","Race/Ethnicity","White",921,69.1,922,65.2,373,66.4
"Groton School District","=""0590011""","Special Education Status (SWD)","Students with Disabilities",396,44.2,395,39.6,157,40.8
"Groton School District","=""0590011""","Special Education Status (SWD)","Students without Disabilities",1568,68.6,1568,65.0,657,65.7
"Guilford School District","=""0600011""","All Students","District",1576,77.1,1576,74.8,674,75.7
"Guilford School District","=""0600011""","English Language Learners (EL)","English Learners",65,68.9,65,67.8,21,67.1
"Guilford School District","=""0600011""","English Language Learners (EL)","Not English Learners",1511,77.5,1511,75.1,653,76.0
"Guilford School District","=""0600011""","Gender","Female","*","*","*","*",342,76.3
"Guilford School District","=""0600011""","Gender","Male",801,75.8,801,75.9,"*","*"
"Guilford School District","=""0600011""","Gender","Non-Binary","*","*","*","*","*","*"
"Guilford School District","=""0600011""","Grade","03",230,79.3,230,73.8,"N/A","N/A"
"Guilford School District","=""0600011""","Grade","04",192,81.3,192,77.7,"N/A","N/A"
"Guilford School District","=""0600011""","Grade","05",214,83.5,214,78.2,214,80.8
"Guilford School District","=""0600011""","Grade","06",246,79.2,246,74.2,"N/A","N/A"
"Guilford School District","=""0600011""","Grade","07",232,77.4,232,78.8,"N/A","N/A"
"Guilford School District","=""0600011""","Grade","08",242,74.0,242,77.9,242,76.0
"Guilford School District","=""0600011""","Grade","11",220,65.9,220,62.9,218,70.5
"Guilford School District","=""0600011""","High Needs (F/R, EL or SWD)","High Needs",433,64.5,433,60.6,160,61.9
"Guilford School District","=""0600011""","High Needs (F/R, EL or SWD)","Not High Needs",1143,81.9,1143,80.2,514,80.0
"Guilford School District","=""0600011""","Free/Reduced Price Meal Eligibility (2-level)","Eligible For Free Or Reduced Price Meals",196,69.1,196,64.8,82,65.6
"Guilford School District","=""0600011""","Free/Reduced Price Meal Eligibility (2-level)","Not Eligible For Free Or Reduced Price Meals",1380,78.3,1380,76.2,592,77.1
"Guilford School District","=""0600011""","Race/Ethnicity","Asian",72,86.5,72,87.4,27,80.9
"Guilford School District","=""0600011""","Race/Ethnicity","Black or African American","*","*","*","*",7,"*"
"Guilford School District","=""0600011""","Race/Ethnicity","Hispanic or Latino",155,71.9,155,67.9,76,71.4
"Guilford School District","=""0600011""","Race/Ethnicity","Native Hawaiian or Other Pacific Islander","*","*","*","*","N/A","N/A"
"Guilford School District","=""0600011""","Race/Ethnicity","Two or More Races",89,82.4,89,78.9,32,81.4
"Guilford School District","=""0600011""","Race/Ethnicity","White",1246,77.1,1246,74.8,532,75.9
"Guilford School District","=""0600011""","Special Education Status (SWD)","Students with Disabilities",257,57.6,257,52.8,91,54.9
"Guilford School District","=""0600011""","Special Education Status (SWD)","Students without Disabilities",1319,80.9,1319,79.1,583,79.0
"Hamden School District","=""0620011""","All Students","District",2649,60.0,2630,55.4,1171,53.9
"Hamden School District","=""0620011""","English Language Learners (EL)","English Learners",295,52.1,295,48.8,117,45.9
"Hamden School District","=""0620011""","English Language Learners (EL)","Not English Learners",2354,61.0,2335,56.2,1054,54.8
"Hamden School District","=""0620011""","Gender","Female","*","*","*","*","*","*"
"Hamden School District","=""0620011""","Gender","Male",1345,57.4,1334,55.2,594,52.8
"Hamden School District","=""0620011""","Gender","Non-Binary","*","*","*","*","*","*"
"Hamden School District","=""0620011""","Grade","03",369,58.5,369,55.5,"N/A","N/A"
"Hamden School District","=""0620011""","Grade","04",348,64.8,344,60.6,"N/A","N/A"
"Hamden School District","=""0620011""","Grade","05",389,61.6,386,59.6,386,61.7
"Hamden School District","=""0620011""","Grade","06",363,66.2,362,57.7,"N/A","N/A"
"Hamden School District","=""0620011""","Grade","07",379,58.6,373,53.6,"N/A","N/A"
"Hamden School District","=""0620011""","Grade","08",420,60.6,415,55.2,415,55.6
"Hamden School District","=""0620011""","Grade","11",381,50.4,381,45.9,370,44.0
"Hamden School District","=""0620011""","High Needs (F/R, EL or SWD)","High Needs",1444,51.6,1433,46.6,626,46.8
"Hamden School District","=""0620011""","High Needs (F/R, EL or SWD)","Not High Needs",1205,70.1,1197,65.9,545,62.1
"Hamden School District","=""0620011""","Free/Reduced Price Meal Eligibility (2-level)","Eligible For Free Or Reduced Price Meals",1078,53.4,1070,48.2,463,48.9
"Hamden School District","=""0620011""","Free/Reduced Price Meal Eligibility (2-level)","Not Eligible For Free Or Reduced Price Meals",1571,64.6,1560,60.3,708,57.2
"Hamden School District","=""0620011""","Race/Ethnicity","American Indian or Alaska Native","*","*","*","*","*","*"
"Hamden School District","=""0620011""","Race/Ethnicity","Asian",175,66.6,175,66.3,83,66.5
"Hamden School District","=""0620011""","Race/Ethnicity","Black or African American",856,53.0,848,46.6,392,45.1
"Hamden School District","=""0620011""","Race/Ethnicity","Hispanic or Latino",742,54.9,738,50.2,316,49.8
"Hamden School District","=""0620011""","Race/Ethnicity","Native Hawaiian or Other Pacific Islander","*","*","*","*","N/A","N/A"
"Hamden School District","=""0620011""","Race/Ethnicity","Two or More Races",178,64.5,176,58.1,"*","*"
"Hamden School District","=""0620011""","Race/Ethnicity","White",692,71.5,687,68.3,299,66.2
"Hamden School District","=""0620011""","Special Education Status (SWD)","Students with Disabilities",500,39.3,490,33.3,224,37.7
"Hamden School District","=""0620011""","Special Education Status (SWD)","Students without Disabilities",2149,64.8,2140,60.4,947,57.8
"Hampton School District","=""0630011""","All Students","District",29,70.8,29,63.1,8,"*"
"Hampton School District","=""0630011""","English Language Learners (EL)","Not English Learners",29,70.8,29,63.1,8,"*"
"Hampton School District","=""0630011""","Gender","Female",14,"*",14,"*","*","*"
"Hampton School District","=""0630011""","Gender","Male",15,"*",15,"*","*","*"
"Hampton School District","=""0630011""","Grade","03",6,"*",6,"*","N/A","N/A"
"Hampton School District","=""0630011""","Grade","04",7,"*",7,"*","N/A","N/A"
"Hampton School District","=""0630011""","Grade","05",8,"*",8,"*",8,"*"
"Hampton School District","=""0630011""","Grade","06",8,"*",8,"*","N/A","N/A"
"Hampton School District","=""0630011""","High Needs (F/R, EL or SWD)","High Needs",16,"*",16,"*","*","*"
"Hampton School District","=""0630011""","High Needs (F/R, EL or SWD)","Not High Needs",13,"*",13,"*","*","*"
"Hampton School District","=""0630011""","Free/Reduced Price Meal Eligibility (2-level)","Eligible For Free Or Reduced Price Meals",12,"*",12,"*","*","*"
"Hampton School District","=""0630011""","Free/Reduced Price Meal Eligibility (2-level)","Not Eligible For Free Or Reduced Price Meals",17,"*",17,"*","*","*"
"Hampton School District","=""0630011""","Race/Ethnicity","Asian","*","*","*","*","N/A","N/A"
"Hampton School District","=""0630011""","Race/Ethnicity","Hispanic or Latino","*","*","*","*","N/A","N/A"
"Hampton School District","=""0630011""","Race/Ethnicity","Two or More Races","*","*","*","*","*","*"
"Hampton School District","=""0630011""","Race/Ethnicity","White",25,69.9,25,63.1,"*","*"
"Hampton School District","=""0630011""","Special Education Status (SWD)","Students with Disabilities",6,"*",6,"*","*","*"
"Hampton School District","=""0630011""","Special Education Status (SWD)","Students without Disabilities",23,75.2,23,67.6,"*","*"
"Hartford School District","=""0640011""","All Students","District",7092,48.4,7036,44.5,3003,46.2
"Hartford School District","=""0640011""","English Language Learners (EL)","English Learners",2038,41.8,2015,40.3,796,40.3
"Hartford School District","=""0640011""","English Language Learners (EL)","Not English Learners",5054,51.0,5021,46.1,2207,48.4
"Hartford School District","=""0640011""","Gender","Female",3498,49.7,3471,44.2,"*","*"
"Hartford School District","=""0640011""","Gender","Male",3588,47.0,3559,44.7,1554,46.9
"Hartford School District","=""0640011""","Gender","Non-Binary",6,"*",6,"*","*","*"
"Hartford School District","=""0640011""","Grade","03",1068,50.5,1064,48.6,"N/A","N/A"
"Hartford School District","=""0640011""","Grade","04",1031,53.5,1026,50.7,"N/A","N/A"
"Hartford School District","=""0640011""","Grade","05",1064,47.2,1059,48.5,1062,48.8
"Hartford School District","=""0640011""","Grade","06",998,51.3,993,42.7,"N/A","N/A"
"Hartford School District","=""0640011""","Grade","07",1054,47.4,1038,41.9,"N/A","N/A"
"Hartford School District","=""0640011""","Grade","08",1063,45.4,1042,38.8,1059,46.9
"Hartford School District","=""0640011""","Grade","11",814,42.2,814,38.7,882,42.4
"Hartford School District","=""0640011""","High Needs (F/R, EL or SWD)","High Needs",6284,46.0,6232,42.2,2679,44.3
"Hartford School District","=""0640011""","High Needs (F/R, EL or SWD)","Not High Needs",808,66.3,804,62.1,324,62.7
"Hartford School District","=""0640011""","Free/Reduced Price Meal Eligibility (2-level)","Eligible For Free Or Reduced Price Meals",5862,46.2,5813,42.0,2529,44.2
"Hartford School District","=""0640011""","Free/Reduced Price Meal Eligibility (2-level)","Not Eligible For Free Or Reduced Price Meals",1230,58.6,1223,56.3,474,57.0
"Hartford School District","=""0640011""","Race/Ethnicity","American Indian or Alaska Native",21,54.7,21,44.5,"*","*"
"Hartford School District","=""0640011""","Race/Ethnicity","Asian",238,68.8,236,71.7,84,64.6
"Hartford School District","=""0640011""","Race/Ethnicity","Black or African American",2065,48.6,2049,43.7,931,45.4
"Hartford School District","=""0640011""","Race/Ethnicity","Hispanic or Latino",4129,45.0,4094,41.3,1703,43.6
"Hartford School District","=""0640011""","Race/Ethnicity","Native Hawaiian or Other Pacific Islander",8,"*",8,"*","*","*"
"Hartford School District","=""0640011""","Race/Ethnicity","Two or More Races",198,56.7,197,51.3,83,54.2
"Hartford School District","=""0640011""","Race/Ethnicity","White",433,63.9,431,59.9,190,62.3
"Hartford School District","=""0640011""","Special Education Status (SWD)","Students with Disabilities",1653,34.0,1634,28.5,690,33.2
"Hartford School District","=""0640011""","Special Education Status (SWD)","Students without Disabilities",5439,52.7,5402,49.3,2313,50.1
"Hartland School District","=""0650011""","All Students","District",80,74.1,80,71.7,25,80.8
"Hartland School District","=""0650011""","English Language Learners (EL)","Not English Learners",80,74.1,80,71.7,25,80.8
"Hartland School District","=""0650011""","Gender","Female",35,77.3,35,70.8,13,"*"
"Hartland School District","=""0650011""","Gender","Male",45,71.6,45,72.4,12,"*"
"Hartland School District","=""0650011""","Grade","03",10,"*",10,"*","N/A","N/A"
"Hartland School District","=""0650011""","Grade","04",10,"*",10,"*","N/A","N/A"
"Hartland School District","=""0650011""","Grade","05",10,"*",10,"*",10,"*"
"Hartland School District","=""0650011""","Grade","06",14,"*",14,"*","N/A","N/A"
"Hartland School District","=""0650011""","Grade","07",21,72.5,21,69.6,"N/A","N/A"
"Hartland School District","=""0650011""","Grade","08",15,"*",15,"*",15,"*"
"Hartland School District","=""0650011""","High Needs (F/R, EL or SWD)","High Needs",26,65.6,26,58.6,9,"*"
"Hartland School District","=""0650011""","High Needs (F/R, EL or SWD)","Not High Needs",54,78.2,54,78.1,16,"*"
"Hartland School District","=""0650011""","Free/Reduced Price Meal Eligibility (2-level)","Eligible For Free Or Reduced Price Meals",12,"*",12,"*","*","*"
"Hartland School District","=""0650011""","Free/Reduced Price Meal Eligibility (2-level)","Not Eligible For Free Or Reduced Price Meals",68,75.1,68,73.9,"*","*"
"Hartland School District","=""0650011""","Race/Ethnicity","Hispanic or Latino","*","*","*","*","*","*"
"Hartland School District","=""0650011""","Race/Ethnicity","Two or More Races","*","*","*","*","*","*"
"Hartland School District","=""0650011""","Race/Ethnicity","White",70,74.0,70,72.2,22,81.0
"Hartland School District","=""0650011""","Special Education Status (SWD)","Students with Disabilities",19,"*",19,"*",7,"*"
"Hartland School District","=""0650011""","Special Education Status (SWD)","Students without Disabilities",61,78.2,61,76.7,18,"*"
"Hebron School District","=""0670011""","All Students","District",356,76.5,356,73.6,88,77.1
"Hebron School District","=""0670011""","English Language Learners (EL)","English Learners","*","*","*","*","*","*"
"Hebron School District","=""0670011""","English Language Learners (EL)","Not English Learners","*","*","*","*","*","*"
"Hebron School District","=""0670011""","Gender","Female",176,77.4,176,70.7,41,74.6
"Hebron School District","=""0670011""","Gender","Male",180,75.6,180,76.5,47,79.2
"Hebron School District","=""0670011""","Grade","03",96,74.6,96,68.1,"N/A","N/A"
"Hebron School District","=""0670011""","Grade","04",90,80.0,90,77.8,"N/A","N/A"
"Hebron School District","=""0670011""","Grade","05",88,75.1,88,74.6,88,77.1
"Hebron School District","=""0670011""","Grade","06",82,76.4,82,74.4,"N/A","N/A"
"Hebron School District","=""0670011""","High Needs (F/R, EL or SWD)","High Needs",101,65.7,101,61.3,18,"*"
"Hebron School District","=""0670011""","High Needs (F/R, EL or SWD)","Not High Needs",255,80.8,255,78.5,70,80.2
"Hebron School District","=""0670011""","Free/Reduced Price Meal Eligibility (2-level)","Eligible For Free Or Reduced Price Meals",54,72.8,54,69.9,8,"*"
"Hebron School District","=""0670011""","Free/Reduced Price Meal Eligibility (2-level)","Not Eligible For Free Or Reduced Price Meals",302,77.2,302,74.3,80,77.1
"Hebron School District","=""0670011""","Race/Ethnicity","American Indian or Alaska Native","*","*","*","*","*","*"
"Hebron School District","=""0670011""","Race/Ethnicity","Asian",7,"*",7,"*","*","*"
"Hebron School District","=""0670011""","Race/Ethnicity","Black or African American","*","*","*","*","*","*"
"Hebron School District","=""0670011""","Race/Ethnicity","Hispanic or Latino",12,"*",12,"*","*","*"
"Hebron School District","=""0670011""","Race/Ethnicity","Two or More Races",12,"*",12,"*","*","*"
"Hebron School District","=""0670011""","Race/Ethnicity","White",318,77.2,318,74.3,82,77.8
"Hebron School District","=""0670011""","Special Education Status (SWD)","Students with Disabilities",61,57.5,61,52.7,11,"*"
"Hebron School District","=""0670011""","Special Education Status (SWD)","Students without Disabilities",295,80.4,295,77.9,77,79.9
"Kent School District","=""0680011""","All Students","District",100,79.1,100,74.4,35,79.9
"Kent School District","=""0680011""","English Language Learners (EL)","English Learners","*","*","*","*","*","*"
"Kent School District","=""0680011""","English Language Learners (EL)","Not English Learners","*","*","*","*","*","*"
"Kent School District","=""0680011""","Gender","Female",49,81.9,49,73.6,17,"*"
"Kent School District","=""0680011""","Gender","Male",51,76.4,51,75.2,18,"*"
"Kent School District","=""0680011""","Grade","03",22,70.0,22,64.1,"N/A","N/A"
"Kent School District","=""0680011""","Grade","04",14,"*",14,"*","N/A","N/A"
"Kent School District","=""0680011""","Grade","05",21,77.4,21,76.4,21,81.9
"Kent School District","=""0680011""","Grade","06",10,"*",10,"*","N/A","N/A"
"Kent School District","=""0680011""","Grade","07",19,"*",19,"*","N/A","N/A"
"Kent School District","=""0680011""","Grade","08",14,"*",14,"*",14,"*"
"Kent School District","=""0680011""","High Needs (F/R, EL or SWD)","High Needs",39,74.6,39,70.9,18,"*"
"Kent School District","=""0680011""","High Needs (F/R, EL or SWD)","Not High Needs",61,82.0,61,76.7,17,"*"
"Kent School District","=""0680011""","Free/Reduced Price Meal Eligibility (2-level)","Eligible For Free Or Reduced Price Meals",27,78.7,27,76.0,12,"*"
"Kent School District","=""0680011""","Free/Reduced Price Meal Eligibility (2-level)","Not Eligible For Free Or Reduced Price Meals",73,79.2,73,73.9,23,77.3
"Kent School District","=""0680011""","Race/Ethnicity","Asian","*","*","*","*","N/A","N/A"
"Kent School District","=""0680011""","Race/Ethnicity","Black or African American","*","*","*","*","*","*"
"Kent School District","=""0680011""","Race/Ethnicity","Hispanic or Latino",12,"*",12,"*","*","*"
"Kent School District","=""0680011""","Race/Ethnicity","Two or More Races",6,"*",6,"*","*","*"
"Kent School District","=""0680011""","Race/Ethnicity","White",77,78.2,77,72.8,25,81.6
"Kent School District","=""0680011""","Special Education Status (SWD)","Students with Disabilities",15,"*",15,"*",6,"*"
"Kent School District","=""0680011""","Special Education Status (SWD)","Students without Disabilities",85,81.3,85,76.6,29,83.4
"Killingly School District","=""0690011""","All Students","District",1164,62.7,1158,54.2,501,55.9
"Killingly School District","=""0690011""","English Language Learners (EL)","English Learners",54,58.1,54,49.2,26,52.3
"Killingly School District","=""0690011""","English Language Learners (EL)","Not English Learners",1110,62.9,1104,54.4,475,56.1
"Killingly School District","=""0690011""","Gender","Female",551,64.2,548,53.0,247,57.0
"Killingly School District","=""0690011""","Gender","Male",613,61.4,610,55.3,254,54.9
"Killingly School District","=""0690011""","Grade","03",140,62.2,138,63.4,"N/A","N/A"
"Killingly School District","=""0690011""","Grade","04",167,68.6,167,66.4,"N/A","N/A"
"Killingly School District","=""0690011""","Grade","05",155,64.5,154,54.6,155,59.9
"Killingly School District","=""0690011""","Grade","06",177,63.0,175,47.7,"N/A","N/A"
"Killingly School District","=""0690011""","Grade","07",174,67.5,174,59.0,"N/A","N/A"
"Killingly School District","=""0690011""","Grade","08",164,58.6,163,46.1,165,57.5
"Killingly School District","=""0690011""","Grade","11",187,55.3,187,44.9,181,51.1
"Killingly School District","=""0690011""","High Needs (F/R, EL or SWD)","High Needs",691,58.1,686,49.6,291,52.2
"Killingly School District","=""0690011""","High Needs (F/R, EL or SWD)","Not High Needs",473,69.5,472,60.9,210,61.0
"Killingly School District","=""0690011""","Free/Reduced Price Meal Eligibility (2-level)","Eligible For Free Or Reduced Price Meals",592,59.6,588,50.5,248,53.0
"Killingly School District","=""0690011""","Free/Reduced Price Meal Eligibility (2-level)","Not Eligible For Free Or Reduced Price Meals",572,66.0,570,58.0,253,58.8
"Killingly School District","=""0690011""","Race/Ethnicity","American Indian or Alaska Native","*","*","*","*","*","*"
"Killingly School District","=""0690011""","Race/Ethnicity","Asian",20,52.5,20,50.7,"*","*"
"Killingly School District","=""0690011""","Race/Ethnicity","Black or African American",19,"*",19,"*",14,"*"
"Killingly School District","=""0690011""","Race/Ethnicity","Hispanic or Latino",148,59.6,148,49.6,64,54.7
"Killingly School District","=""0690011""","Race/Ethnicity","Native Hawaiian or Other Pacific Islander","*","*","*","*","N/A","N/A"
"Killingly School District","=""0690011""","Race/Ethnicity","Two or More Races",99,61.4,98,54.1,39,57.0
"Killingly School District","=""0690011""","Race/Ethnicity","White",874,63.6,869,55.3,373,56.2
"Killingly School District","=""0690011""","Special Education Status (SWD)","Students with Disabilities",234,45.9,232,36.9,95,40.5
"Killingly School District","=""0690011""","Special Education Status (SWD)","Students without Disabilities",930,66.9,926,58.5,406,59.5
"Lebanon School District","=""0710011""","All Students","District",429,71.0,427,67.5,207,67.7
"Lebanon School District","=""0710011""","English Language Learners (EL)","English Learners",7,"*",7,"*","*","*"
"Lebanon School District","=""0710011""","English Language Learners (EL)","Not English Learners",422,71.1,420,67.6,"*","*"
"Lebanon School District","=""0710011""","Gender","Female",189,73.4,189,67.3,84,69.1
"Lebanon School District","=""0710011""","Gender","Male",240,69.1,238,67.7,123,66.7
"Lebanon School District","=""0710011""","Grade","03",59,74.6,58,71.3,"N/A","N/A"
"Lebanon School District","=""0710011""","Grade","04",47,71.6,47,66.8,"N/A","N/A"
"Lebanon School District","=""0710011""","Grade","05",69,72.8,68,69.5,69,72.4
"Lebanon School District","=""0710011""","Grade","06",60,79.7,60,76.0,"N/A","N/A"
"Lebanon School District","=""0710011""","Grade","07",57,75.6,57,74.6,"N/A","N/A"
"Lebanon School District","=""0710011""","Grade","08",67,72.2,67,68.8,68,68.9
"Lebanon School District","=""0710011""","Grade","11",70,53.3,70,48.6,70,61.8
"Lebanon School District","=""0710011""","High Needs (F/R, EL or SWD)","High Needs",177,61.6,175,56.7,86,59.2
"Lebanon School District","=""0710011""","High Needs (F/R, EL or SWD)","Not High Needs",252,77.5,252,75.0,121,73.7
"Lebanon School District","=""0710011""","Free/Reduced Price Meal Eligibility (2-level)","Eligible For Free Or Reduced Price Meals",135,63.6,134,57.9,71,61.8
"Lebanon School District","=""0710011""","Free/Reduced Price Meal Eligibility (2-level)","Not Eligible For Free Or Reduced Price Meals",294,74.4,293,71.9,136,70.7
"Lebanon School District","=""0710011""","Race/Ethnicity","American Indian or Alaska Native","*","*","*","*","N/A","N/A"
"Lebanon School District","=""0710011""","Race/Ethnicity","Asian","*","*","*","*","*","*"
"Lebanon School District","=""0710011""","Race/Ethnicity","Black or African American","*","*","*","*","*","*"
"Lebanon School District","=""0710011""","Race/Ethnicity","Hispanic or Latino",39,71.6,38,67.8,16,"*"
"Lebanon School District","=""0710011""","Race/Ethnicity","Native Hawaiian or Other Pacific Islander","*","*","*","*","*","*"
"Lebanon School District","=""0710011""","Race/Ethnicity","Two or More Races",10,"*",10,"*","*","*"
"Lebanon School District","=""0710011""","Race/Ethnicity","White",365,71.1,364,67.8,180,67.6
"Lebanon School District","=""0710011""","Special Education Status (SWD)","Students with Disabilities",90,50.5,88,45.7,41,46.9
"Lebanon School District","=""0710011""","Special Education Status (SWD)","Students without Disabilities",339,76.4,339,73.2,166,72.8
"Ledyard School District","=""0720011""","All Students","District",1212,65.9,1212,61.5,515,68.8
"Ledyard School District","=""0720011""","English Language Learners (EL)","English Learners",37,59.1,37,61.3,17,"*"
"Ledyard School District","=""0720011""","English Language Learners (EL)","Not English Learners",1175,66.2,1175,61.5,498,68.8
"Ledyard School District","=""0720011""","Gender","Female","*","*","*","*","*","*"
"Ledyard School District","=""0720011""","Gender","Male",630,63.9,630,62.6,259,70.4
"Ledyard School District","=""0720011""","Gender","Non-Binary","*","*","*","*","*","*"
"Ledyard School District","=""0720011""","Grade","03",180,68.0,180,62.2,"N/A","N/A"
"Ledyard School District","=""0720011""","Grade","04",155,75.9,155,72.2,"N/A","N/A"
"Ledyard School District","=""0720011""","Grade","05",179,69.4,179,68.5,181,69.8
"Ledyard School District","=""0720011""","Grade","06",167,62.6,166,58.0,"N/A","N/A"
"Ledyard School District","=""0720011""","Grade","07",194,64.3,194,60.9,"N/A","N/A"
"Ledyard School District","=""0720011""","Grade","08",162,59.3,163,54.8,160,64.0
"Ledyard School District","=""0720011""","Grade","11",175,62.7,175,54.7,174,72.0
"Ledyard School District","=""0720011""","High Needs (F/R, EL or SWD)","High Needs",482,56.4,482,51.4,196,57.9
"Ledyard School District","=""0720011""","High Needs (F/R, EL or SWD)","Not High Needs",730,72.2,730,68.2,319,75.5
"Ledyard School District","=""0720011""","Free/Reduced Price Meal Eligibility (2-level)","Eligible For Free Or Reduced Price Meals",317,58.6,317,53.4,132,59.9
"Ledyard School District","=""0720011""","Free/Reduced Price Meal Eligibility (2-level)","Not Eligible For Free Or Reduced Price Meals",895,68.5,895,64.4,383,71.8
"Ledyard School District","=""0720011""","Race/Ethnicity","American Indian or Alaska Native","*","*","*","*","*","*"
"Ledyard School District","=""0720011""","Race/Ethnicity","Asian",36,64.3,36,65.4,18,"*"
"Ledyard School District","=""0720011""","Race/Ethnicity","Black or African American",29,58.8,29,56.2,12,"*"
"Ledyard School District","=""0720011""","Race/Ethnicity","Hispanic or Latino",181,61.5,181,58.9,77,67.4
"Ledyard School District","=""0720011""","Race/Ethnicity","Native Hawaiian or Other Pacific Islander","*","*","*","*","*","*"
"Ledyard School District","=""0720011""","Race/Ethnicity","Two or More Races",121,59.2,121,52.2,46,61.0
"Ledyard School District","=""0720011""","Race/Ethnicity","White",824,68.6,824,64.0,351,70.6
"Ledyard School District","=""0720011""","Special Education Status (SWD)","Students with Disabilities",221,48.8,221,42.5,85,48.7
"Ledyard School District","=""0720011""","Special Education Status (SWD)","Students without Disabilities",991,69.8,991,65.8,430,72.7
"Lisbon School District","=""0730011""","All Students","District",246,67.4,245,64.2,98,66.9
"Lisbon School District","=""0730011""","English Language Learners (EL)","English Learners",10,"*",10,"*","*","*"
"Lisbon School District","=""0730011""","English Language Learners (EL)","Not English Learners",236,68.0,235,64.6,"*","*"
"Lisbon School District","=""0730011""","Gender","Female",125,69.1,124,64.3,50,67.3
"Lisbon School District","=""0730011""","Gender","Male",121,65.6,121,64.1,48,66.5
"Lisbon School District","=""0730011""","Grade","03","*","*","*","*","N/A","N/A"
"Lisbon School District","=""0730011""","Grade","04",40,69.5,40,62.6,"N/A","N/A"
"Lisbon School District","=""0730011""","Grade","05",49,63.0,49,61.2,49,63.0
"Lisbon School District","=""0730011""","Grade","06",36,68.4,36,69.1,"N/A","N/A"
"Lisbon School District","=""0730011""","Grade","07",42,63.9,41,63.2,"N/A","N/A"
"Lisbon School District","=""0730011""","Grade","08",48,71.5,48,65.4,"*","*"
"Lisbon School District","=""0730011""","Grade","11","*","*","*","*","*","*"
"Lisbon School District","=""0730011""","High Needs (F/R, EL or SWD)","High Needs",123,61.6,122,57.9,44,61.3
"Lisbon School District","=""0730011""","High Needs (F/R, EL or SWD)","Not High Needs",123,73.2,123,70.5,54,71.5
"Lisbon School District","=""0730011""","Free/Reduced Price Meal Eligibility (2-level)","Eligible For Free Or Reduced Price Meals",93,63.8,92,58.3,31,65.3
"Lisbon School District","=""0730011""","Free/Reduced Price Meal Eligibility (2-level)","Not Eligible For Free Or Reduced Price Meals",153,69.6,153,67.7,67,67.7
"Lisbon School District","=""0730011""","Race/Ethnicity","American Indian or Alaska Native","*","*","*","*","N/A","N/A"
"Lisbon School District","=""0730011""","Race/Ethnicity","Asian","*","*","*","*","*","*"
"Lisbon School District","=""0730011""","Race/Ethnicity","Black or African American","*","*","*","*","*","*"
"Lisbon School District","=""0730011""","Race/Ethnicity","Hispanic or Latino",29,62.1,29,59.7,12,"*"
"Lisbon School District","=""0730011""","Race/Ethnicity","Two or More Races",18,"*",18,"*",7,"*"
"Lisbon School District","=""0730011""","Race/Ethnicity","White",188,68.9,187,65.1,77,67.5
"Lisbon School District","=""0730011""","Special Education Status (SWD)","Students with Disabilities",42,53.9,42,48.3,17,"*"
"Lisbon School District","=""0730011""","Special Education Status (SWD)","Students without Disabilities",204,70.2,203,67.5,81,71.0
"Madison School District","=""0760011""","All Students","District",1260,79.9,1258,79.0,532,79.7
"Madison School District","=""0760011""","English Language Learners (EL)","English Learners",43,71.7,43,75.0,13,"*"
"Madison School District","=""0760011""","English Language Learners (EL)","Not English Learners",1217,80.2,1215,79.2,519,80.1
"Madison School District","=""0760011""","Gender","Female","*","*","*","*","*","*"
"Madison School District","=""0760011""","Gender","Male",645,79.6,645,81.2,273,81.4
"Madison School District","=""0760011""","Gender","Non-Binary","*","*","*","*","*","*"
"Madison School District","=""0760011""","Grade","03",183,76.6,183,75.8,"N/A","N/A"
"Madison School District","=""0760011""","Grade","04",177,85.4,177,80.9,"N/A","N/A"
"Madison School District","=""0760011""","Grade","05",181,80.6,180,79.4,180,81.2
"Madison School District","=""0760011""","Grade","06",180,84.7,180,83.2,"N/A","N/A"
"Madison School District","=""0760011""","Grade","07",183,81.6,182,81.5,"N/A","N/A"
"Madison School District","=""0760011""","Grade","08",173,81.7,173,83.8,173,82.9
"Madison School District","=""0760011""","Grade","11",183,69.1,183,69.0,179,75.1
"Madison School District","=""0760011""","High Needs (F/R, EL or SWD)","High Needs",269,65.4,268,64.4,106,64.3
"Madison School District","=""0760011""","High Needs (F/R, EL or SWD)","Not High Needs",991,83.8,990,83.0,426,83.5
"Madison School District","=""0760011""","Free/Reduced Price Meal Eligibility (2-level)","Eligible For Free Or Reduced Price Meals",68,73.1,68,68.7,25,74.7
"Madison School District","=""0760011""","Free/Reduced Price Meal Eligibility (2-level)","Not Eligible For Free Or Reduced Price Meals",1192,80.3,1190,79.6,507,79.9
"Madison School District","=""0760011""","Race/Ethnicity","Asian",45,87.0,45,88.9,23,82.7
"Madison School District","=""0760011""","Race/Ethnicity","Black or African American","*","*","*","*","*","*"
"Madison School District","=""0760011""","Race/Ethnicity","Hispanic or Latino",91,77.5,91,76.2,32,76.9
"Madison School District","=""0760011""","Race/Ethnicity","Native Hawaiian or Other Pacific Islander","*","*","*","*","*","*"
"Madison School District","=""0760011""","Race/Ethnicity","Two or More Races",67,82.1,67,84.0,31,84.5
"Madison School District","=""0760011""","Race/Ethnicity","White",1045,79.7,1043,78.5,442,79.4
"Madison School District","=""0760011""","Special Education Status (SWD)","Students with Disabilities",197,60.7,196,59.5,81,59.9
"Madison School District","=""0760011""","Special Education Status (SWD)","Students without Disabilities",1063,83.5,1062,82.6,451,83.2
"Manchester School District","=""0770011""","All Students","District",2856,56.5,2830,52.0,1224,53.2
"Manchester School District","=""0770011""","English Language Learners (EL)","English Learners",369,48.9,367,46.6,154,47.8
"Manchester School District","=""0770011""","English Language Learners (EL)","Not English Learners",2487,57.6,2463,52.8,1070,54.0
"Manchester School District","=""0770011""","Gender","Female","*","*","*","*","*","*"
"Manchester School District","=""0770011""","Gender","Male",1493,54.2,1482,52.1,613,54.4
"Manchester School District","=""0770011""","Gender","Non-Binary","*","*","*","*","*","*"
"Manchester School District","=""0770011""","Grade","03",457,64.3,457,57.4,"N/A","N/A"
"Manchester School District","=""0770011""","Grade","04",430,62.9,430,56.9,"N/A","N/A"
"Manchester School District","=""0770011""","Grade","05",440,57.3,438,57.5,438,59.0
"Manchester School District","=""0770011""","Grade","06",401,58.5,397,55.8,"N/A","N/A"
"Manchester School District","=""0770011""","Grade","07",381,53.7,368,47.2,"N/A","N/A"
"Manchester School District","=""0770011""","Grade","08",383,48.8,376,43.5,385,53.8
"Manchester School District","=""0770011""","Grade","11",364,46.9,364,42.3,401,46.4
"Manchester School District","=""0770011""","High Needs (F/R, EL or SWD)","High Needs",1959,50.6,1935,46.1,826,47.5
"Manchester School District","=""0770011""","High Needs (F/R, EL or SWD)","Not High Needs",897,69.3,895,64.7,398,65.2
"Manchester School District","=""0770011""","Free/Reduced Price Meal Eligibility (2-level)","Eligible For Free Or Reduced Price Meals",1674,51.5,1653,46.9,708,48.5
"Manchester School District","=""0770011""","Free/Reduced Price Meal Eligibility (2-level)","Not Eligible For Free Or Reduced Price Meals",1182,63.5,1177,59.2,516,59.7
"Manchester School District","=""0770011""","Race/Ethnicity","American Indian or Alaska Native",17,"*",17,"*",7,"*"
"Manchester School District","=""0770011""","Race/Ethnicity","Asian",215,64.4,214,63.7,100,61.2
"Manchester School District","=""0770011""","Race/Ethnicity","Black or African American",719,52.8,713,46.9,312,47.9
"Manchester School District","=""0770011""","Race/Ethnicity","Hispanic or Latino",1040,50.5,1025,46.4,434,48.0
"Manchester School District","=""0770011""","Race/Ethnicity","Native Hawaiian or Other Pacific Islander",8,"*",8,"*",6,"*"
"Manchester School District","=""0770011""","Race/Ethnicity","Two or More Races",75,53.3,75,52.1,35,49.9
"Manchester School District","=""0770011""","Race/Ethnicity","White",782,66.2,778,61.1,330,63.6
"Manchester School District","=""0770011""","Special Education Status (SWD)","Students with Disabilities",563,36.5,556,31.0,231,33.2
"Manchester School District","=""0770011""","Special Education Status (SWD)","Students without Disabilities",2293,61.4,2274,57.1,993,57.9
"Mansfield School District","=""0780011""","All Students","District",608,76.3,606,73.1,209,78.3
"Mansfield School District","=""0780011""","English Language Learners (EL)","English Learners",51,66.0,51,67.0,16,"*"
"Mansfield School District","=""0780011""","English Language Learners (EL)","Not English Learners",557,77.3,555,73.6,193,78.5
"Mansfield School District","=""0780011""","Gender","Female","*","*","*","*","*","*"
"Mansfield School District","=""0780011""","Gender","Male",314,74.6,313,74.4,111,77.8
"Mansfield School District","=""0780011""","Gender","Non-Binary","*","*","*","*","*","*"
"Mansfield School District","=""0780011""","Grade","03",111,76.0,111,73.6,"N/A","N/A"
"Mansfield School District","=""0780011""","Grade","04",103,78.1,102,76.9,"N/A","N/A"
"Mansfield School District","=""0780011""","Grade","05",94,74.6,94,73.7,94,77.7
"Mansfield School District","=""0780011""","Grade","06",90,77.6,90,70.4,"N/A","N/A"
"Mansfield School District","=""0780011""","Grade","07",98,76.5,98,69.2,"N/A","N/A"
"Mansfield School District","=""0780011""","Grade","08",112,75.2,111,73.9,115,78.8
"Mansfield School District","=""0780011""","High Needs (F/R, EL or SWD)","High Needs",243,63.8,242,60.6,74,63.2
"Mansfield School District","=""0780011""","High Needs (F/R, EL or SWD)","Not High Needs",365,84.7,364,81.3,135,86.5
"Mansfield School District","=""0780011""","Free/Reduced Price Meal Eligibility (2-level)","Eligible For Free Or Reduced Price Meals",178,63.1,177,60.8,52,59.0
"Mansfield School District","=""0780011""","Free/Reduced Price Meal Eligibility (2-level)","Not Eligible For Free Or Reduced Price Meals",430,81.8,429,78.1,157,84.7
"Mansfield School District","=""0780011""","Race/Ethnicity","American Indian or Alaska Native","*","*","*","*","N/A","N/A"
"Mansfield School District","=""0780011""","Race/Ethnicity","Asian",65,89.2,65,91.4,21,89.7
"Mansfield School District","=""0780011""","Race/Ethnicity","Black or African American",23,67.6,23,66.5,12,"*"
"Mansfield School District","=""0780011""","Race/Ethnicity","Hispanic or Latino",120,64.7,119,60.1,45,65.0
"Mansfield School District","=""0780011""","Race/Ethnicity","Two or More Races","*","*","*","*",8,"*"
"Mansfield School District","=""0780011""","Race/Ethnicity","White",378,77.9,377,73.9,123,80.4
"Mansfield School District","=""0780011""","Special Education Status (SWD)","Students with Disabilities",92,52.2,91,45.1,29,54.0
"Mansfield School District","=""0780011""","Special Education Status (SWD)","Students without Disabilities",516,80.6,515,78.0,180,82.2
"Marlborough School District","=""0790011""","All Students","District",247,76.0,247,74.9,63,81.2
"Marlborough School District","=""0790011""","English Language Learners (EL)","English Learners","*","*","*","*","*","*"
"Marlborough School District","=""0790011""","English Language Learners (EL)","Not English Learners","*","*","*","*","*","*"
"Marlborough School District","=""0790011""","Gender","Female",114,75.9,114,71.7,29,82.5
"Marlborough School District","=""0790011""","Gender","Male",133,76.0,133,77.8,34,80.1
"Marlborough School District","=""0790011""","Grade","03",72,68.8,72,64.3,"N/A","N/A"
"Marlborough School District","=""0790011""","Grade","04",55,75.5,55,77.0,"N/A","N/A"
"Marlborough School District","=""0790011""","Grade","05",63,82.1,63,83.0,63,81.2
"Marlborough School District","=""0790011""","Grade","06",57,78.8,57,77.4,"N/A","N/A"
"Marlborough School District","=""0790011""","High Needs (F/R, EL or SWD)","High Needs",68,64.9,68,64.1,15,"*"
"Marlborough School District","=""0790011""","High Needs (F/R, EL or SWD)","Not High Needs",179,80.2,179,79.1,48,85.5
"Marlborough School District","=""0790011""","Free/Reduced Price Meal Eligibility (2-level)","Eligible For Free Or Reduced Price Meals",41,67.1,41,64.6,7,"*"
"Marlborough School District","=""0790011""","Free/Reduced Price Meal Eligibility (2-level)","Not Eligible For Free Or Reduced Price Meals",206,77.8,206,77.0,56,83.1
"Marlborough School District","=""0790011""","Race/Ethnicity","American Indian or Alaska Native","*","*","*","*","N/A","N/A"
"Marlborough School District","=""0790011""","Race/Ethnicity","Asian","*","*","*","*","*","*"
"Marlborough School District","=""0790011""","Race/Ethnicity","Black or African American","*","*","*","*","N/A","N/A"
"Marlborough School District","=""0790011""","Race/Ethnicity","Hispanic or Latino",20,67.5,20,65.6,"*","*"
"Marlborough School District","=""0790011""","Race/Ethnicity","Two or More Races","*","*","*","*","N/A","N/A"
"Marlborough School District","=""0790011""","Race/Ethnicity","White",217,76.9,217,75.9,57,81.1
"Marlborough School District","=""0790011""","Special Education Status (SWD)","Students with Disabilities",33,58.5,33,59.3,7,"*"
"Marlborough School District","=""0790011""","Special Education Status (SWD)","Students without Disabilities",214,78.7,214,77.4,56,82.5
"Meriden School District","=""0800011""","All Students","District",4332,62.5,4295,59.2,1876,56.6
"Meriden School District","=""0800011""","English Language Learners (EL)","English Learners",1036,53.4,1030,55.1,403,48.7
"Meriden School District","=""0800011""","English Language Learners (EL)","Not English Learners",3296,65.4,3265,60.5,1473,58.8
"Meriden School District","=""0800011""","Gender","Female","*","*","*","*","*","*"
"Meriden School District","=""0800011""","Gender","Male",2188,61.1,2165,59.7,970,56.5
"Meriden School District","=""0800011""","Gender","Non-Binary","*","*","*","*","*","*"
"Meriden School District","=""0800011""","Grade","03",597,66.7,589,66.7,"N/A","N/A"
"Meriden School District","=""0800011""","Grade","04",585,71.9,581,71.4,"N/A","N/A"
"Meriden School District","=""0800011""","Grade","05",638,68.2,636,70.2,638,63.6
"Meriden School District","=""0800011""","Grade","06",615,64.8,611,59.9,"N/A","N/A"
"Meriden School District","=""0800011""","Grade","07",647,60.1,640,52.6,"N/A","N/A"
"Meriden School District","=""0800011""","Grade","08",660,59.2,648,53.1,653,56.6
"Meriden School District","=""0800011""","Grade","11",590,46.7,590,40.8,585,49.0
"Meriden School District","=""0800011""","High Needs (F/R, EL or SWD)","High Needs",3675,59.7,3639,56.6,1552,53.3
"Meriden School District","=""0800011""","High Needs (F/R, EL or SWD)","Not High Needs",657,78.2,656,73.2,324,72.4
"Meriden School District","=""0800011""","Free/Reduced Price Meal Eligibility (2-level)","Eligible For Free Or Reduced Price Meals",3432,60.5,3399,56.9,1452,53.7
"Meriden School District","=""0800011""","Free/Reduced Price Meal Eligibility (2-level)","Not Eligible For Free Or Reduced Price Meals",900,70.3,896,67.8,424,66.6
"Meriden School District","=""0800011""","Race/Ethnicity","American Indian or Alaska Native","*","*","*","*","*","*"
"Meriden School District","=""0800011""","Race/Ethnicity","Asian",69,72.1,69,69.2,27,66.2
"Meriden School District","=""0800011""","Race/Ethnicity","Black or African American",508,60.9,503,54.5,232,54.0
"Meriden School District","=""0800011""","Race/Ethnicity","Hispanic or Latino",2673,59.2,2648,56.8,1143,53.4
"Meriden School District","=""0800011""","Race/Ethnicity","Native Hawaiian or Other Pacific Islander","*","*","*","*","*","*"
"Meriden School District","=""0800011""","Race/Ethnicity","Two or More Races",234,67.5,232,63.9,79,58.1
"Meriden School District","=""0800011""","Race/Ethnicity","White",842,71.8,837,67.7,393,66.5
"Meriden School District","=""0800011""","Special Education Status (SWD)","Students with Disabilities",827,42.2,807,38.6,354,39.3
"Meriden School District","=""0800011""","Special Education Status (SWD)","Students without Disabilities",3505,67.3,3488,63.9,1522,60.6
"Middletown School District","=""0830011""","All Students","District",2182,58.9,2182,52.8,947,56.6
"Middletown School District","=""0830011""","English Language Learners (EL)","English Learners",189,45.7,186,43.8,74,49.4
"Middletown School District","=""0830011""","English Language Learners (EL)","Not English Learners",1993,60.2,1996,53.7,873,57.2
"Middletown School District","=""0830011""","Gender","Female","*","*","*","*","*","*"
"Middletown School District","=""0830011""","Gender","Male",1094,57.0,1096,53.5,476,55.0
"Middletown School District","=""0830011""","Gender","Non-Binary","*","*","*","*","*","*"
"Middletown School District","=""0830011""","Grade","03",297,63.0,297,56.2,"N/A","N/A"
"Middletown School District","=""0830011""","Grade","04",314,66.3,314,60.3,"N/A","N/A"
"Middletown School District","=""0830011""","Grade","05",347,61.4,346,57.4,347,63.6
"Middletown School District","=""0830011""","Grade","06",304,60.3,304,51.6,"N/A","N/A"
"Middletown School District","=""0830011""","Grade","07",328,57.4,328,50.8,"N/A","N/A"
"Middletown School District","=""0830011""","Grade","08",317,53.4,318,49.2,320,56.0
"Middletown School District","=""0830011""","Grade","11",275,49.7,275,43.1,280,48.5
"Middletown School District","=""0830011""","High Needs (F/R, EL or SWD)","High Needs",1275,51.1,1275,45.0,542,48.5
"Middletown School District","=""0830011""","High Needs (F/R, EL or SWD)","Not High Needs",907,70.0,907,63.8,405,67.4
"Middletown School District","=""0830011""","Free/Reduced Price Meal Eligibility (2-level)","Eligible For Free Or Reduced Price Meals",1119,52.5,1120,45.9,470,48.9
"Middletown School District","=""0830011""","Free/Reduced Price Meal Eligibility (2-level)","Not Eligible For Free Or Reduced Price Meals",1063,65.7,1062,60.1,477,64.1
"Middletown School District","=""0830011""","Race/Ethnicity","American Indian or Alaska Native","*","*","*","*","*","*"
"Middletown School District","=""0830011""","Race/Ethnicity","Asian",92,70.2,91,67.7,41,69.5
"Middletown School District","=""0830011""","Race/Ethnicity","Black or African American",472,52.3,474,44.2,211,52.1
"Middletown School District","=""0830011""","Race/Ethnicity","Hispanic or Latino",517,52.9,516,47.5,240,51.5
"Middletown School District","=""0830011""","Race/Ethnicity","Native Hawaiian or Other Pacific Islander","*","*","*","*","*","*"
"Middletown School District","=""0830011""","Race/Ethnicity","Two or More Races",226,60.3,227,52.9,86,50.4
"Middletown School District","=""0830011""","Race/Ethnicity","White",864,64.7,863,59.3,364,62.8
"Middletown School District","=""0830011""","Special Education Status (SWD)","Students with Disabilities",353,39.0,352,33.1,146,42.0
"Middletown School District","=""0830011""","Special Education Status (SWD)","Students without Disabilities",1829,62.8,1830,56.6,801,59.2
"Milford School District","=""0840011""","All Students","District",2565,68.7,2566,68.0,1116,64.7
"Milford School District","=""0840011""","English Language Learners (EL)","English Learners",106,55.3,106,58.1,39,54.8
"Milford School District","=""0840011""","English Language Learners (EL)","Not English Learners",2459,69.3,2460,68.4,1077,65.1
"Milford School District","=""0840011""","Gender","Female","*","*","*","*","*","*"
"Milford School District","=""0840011""","Gender","Male",1353,66.9,1354,69.1,592,64.8
"Milford School District","=""0840011""","Gender","Non-Binary","*","*","*","*","*","*"
"Milford School District","=""0840011""","Grade","03",349,72.2,348,73.8,"N/A","N/A"
"Milford School District","=""0840011""","Grade","04",363,73.9,364,73.4,"N/A","N/A"
"Milford School District","=""0840011""","Grade","05",376,73.0,376,71.7,376,72.3
"Milford School District","=""0840011""","Grade","06",348,70.2,348,68.4,"N/A","N/A"
"Milford School District","=""0840011""","Grade","07",390,68.9,390,68.5,"N/A","N/A"
"Milford School District","=""0840011""","Grade","08",363,64.4,364,65.8,362,65.2
"Milford School District","=""0840011""","Grade","11",376,58.8,376,54.9,378,56.8
"Milford School District","=""0840011""","High Needs (F/R, EL or SWD)","High Needs",1142,60.1,1145,58.9,490,56.8
"Milford School District","=""0840011""","High Needs (F/R, EL or SWD)","Not High Needs",1423,75.7,1421,75.3,626,71.0
"Milford School District","=""0840011""","Free/Reduced Price Meal Eligibility (2-level)","Eligible For Free Or Reduced Price Meals",807,61.5,809,60.4,358,58.7
"Milford School District","=""0840011""","Free/Reduced Price Meal Eligibility (2-level)","Not Eligible For Free Or Reduced Price Meals",1758,72.0,1757,71.5,758,67.6
"Milford School District","=""0840011""","Race/Ethnicity","American Indian or Alaska Native",0,"N/A",0,"N/A","N/A","N/A"
"Milford School District","=""0840011""","Race/Ethnicity","Asian",197,73.6,197,76.0,100,74.3
"Milford School District","=""0840011""","Race/Ethnicity","Black or African American","*","*","*","*",68,53.7
"Milford School District","=""0840011""","Race/Ethnicity","Hispanic or Latino",431,61.6,432,59.7,187,59.0
"Milford School District","=""0840011""","Race/Ethnicity","Native Hawaiian or Other Pacific Islander","*","*","*","*","*","*"
"Milford School District","=""0840011""","Race/Ethnicity","Two or More Races",143,72.8,143,73.3,"*","*"
"Milford School District","=""0840011""","Race/Ethnicity","White",1662,70.3,1662,69.5,702,65.6
"Milford School District","=""0840011""","Special Education Status (SWD)","Students with Disabilities",526,52.2,529,49.9,213,47.4
"Milford School District","=""0840011""","Special Education Status (SWD)","Students without Disabilities",2039,73.0,2037,72.7,903,68.8
"Monroe School District","=""0850011""","All Students","District",1801,75.6,1796,69.8,766,74.1
"Monroe School District","=""0850011""","English Language Learners (EL)","English Learners",61,58.8,60,53.1,20,53.7
"Monroe School District","=""0850011""","English Language Learners (EL)","Not English Learners",1740,76.2,1736,70.4,746,74.6
"Monroe School District","=""0850011""","Gender","Female","*","*","*","*","*","*"
"Monroe School District","=""0850011""","Gender","Male",915,73.7,911,71.2,384,75.2
"Monroe School District","=""0850011""","Gender","Non-Binary","*","*","*","*","*","*"
"Monroe School District","=""0850011""","Grade","03",279,76.3,279,72.3,"N/A","N/A"
"Monroe School District","=""0850011""","Grade","04",244,78.3,244,73.2,"N/A","N/A"
"Monroe School District","=""0850011""","Grade","05",255,78.7,255,75.2,256,77.4
"Monroe School District","=""0850011""","Grade","06",265,80.5,263,70.5,"N/A","N/A"
"Monroe School District","=""0850011""","Grade","07",248,77.3,247,69.1,"N/A","N/A"
"Monroe School District","=""0850011""","Grade","08",243,75.6,241,69.5,241,73.9
"Monroe School District","=""0850011""","Grade","11",267,63.1,267,59.2,269,71.1
"Monroe School District","=""0850011""","High Needs (F/R, EL or SWD)","High Needs",540,62.8,537,56.1,212,61.0
"Monroe School District","=""0850011""","High Needs (F/R, EL or SWD)","Not High Needs",1261,81.1,1259,75.7,554,79.1
"Monroe School District","=""0850011""","Free/Reduced Price Meal Eligibility (2-level)","Eligible For Free Or Reduced Price Meals",291,67.0,288,60.8,104,67.2
"Monroe School District","=""0850011""","Free/Reduced Price Meal Eligibility (2-level)","Not Eligible For Free Or Reduced Price Meals",1510,77.3,1508,71.5,662,75.2
"Monroe School District","=""0850011""","Race/Ethnicity","American Indian or Alaska Native","*","*","*","*","*","*"
"Monroe School District","=""0850011""","Race/Ethnicity","Asian",90,84.1,90,83.6,39,83.1
"Monroe School District","=""0850011""","Race/Ethnicity","Black or African American",66,63.3,66,57.4,"*","*"
"Monroe School District","=""0850011""","Race/Ethnicity","Hispanic or Latino",333,72.6,332,64.8,141,68.8
"Monroe School District","=""0850011""","Race/Ethnicity","Native Hawaiian or Other Pacific Islander","*","*","*","*","N/A","N/A"
"Monroe School District","=""0850011""","Race/Ethnicity","Two or More Races",72,80.9,72,75.4,29,84.7
"Monroe School District","=""0850011""","Race/Ethnicity","White",1235,76.2,1231,70.5,531,74.9
"Monroe School District","=""0850011""","Special Education Status (SWD)","Students with Disabilities",315,55.3,314,48.6,126,54.9
"Monroe School District","=""0850011""","Special Education Status (SWD)","Students without Disabilities",1486,79.9,1482,74.3,640,77.9
"Montville School District","=""0860011""","All Students","District",1083,64.8,1082,61.5,469,62.9
"Montville School District","=""0860011""","English Language Learners (EL)","English Learners",92,58.5,92,58.9,41,62.6
"Montville School District","=""0860011""","English Language Learners (EL)","Not English Learners",991,65.4,990,61.8,428,62.9
"Montville School District","=""0860011""","Gender","Female",529,66.2,528,60.4,226,61.4
"Montville School District","=""0860011""","Gender","Male",554,63.5,554,62.6,243,64.2
"Montville School District","=""0860011""","Grade","03",163,69.1,163,68.8,"N/A","N/A"
"Montville School District","=""0860011""","Grade","04",144,72.9,144,72.3,"N/A","N/A"
"Montville School District","=""0860011""","Grade","05",133,68.1,133,69.2,133,68.0
"Montville School District","=""0860011""","Grade","06",154,68.1,154,58.3,"N/A","N/A"
"Montville School District","=""0860011""","Grade","07",152,63.9,152,58.2,"N/A","N/A"
"Montville School District","=""0860011""","Grade","08",199,58.9,198,58.3,198,64.1
"Montville School District","=""0860011""","Grade","11",138,54.0,138,46.1,138,56.3
"Montville School District","=""0860011""","High Needs (F/R, EL or SWD)","High Needs",576,57.9,576,54.4,253,55.8
"Montville School District","=""0860011""","High Needs (F/R, EL or SWD)","Not High Needs",507,72.7,506,69.7,216,71.2
"Montville School District","=""0860011""","Free/Reduced Price Meal Eligibility (2-level)","Eligible For Free Or Reduced Price Meals",465,60.3,465,56.7,202,58.1
"Montville School District","=""0860011""","Free/Reduced Price Meal Eligibility (2-level)","Not Eligible For Free Or Reduced Price Meals",618,68.2,617,65.2,267,66.5
"Montville School District","=""0860011""","Race/Ethnicity","American Indian or Alaska Native",8,"*",8,"*","N/A","N/A"
"Montville School District","=""0860011""","Race/Ethnicity","Asian",73,72.8,73,75.6,35,80.3
"Montville School District","=""0860011""","Race/Ethnicity","Black or African American",52,57.7,52,51.8,25,50.3
"Montville School District","=""0860011""","Race/Ethnicity","Hispanic or Latino",170,58.5,169,54.2,79,58.7
"Montville School District","=""0860011""","Race/Ethnicity","Two or More Races",136,61.8,136,56.8,59,60.3
"Montville School District","=""0860011""","Race/Ethnicity","White",644,66.8,644,63.7,271,63.6
"Montville School District","=""0860011""","Special Education Status (SWD)","Students with Disabilities",202,45.3,202,40.1,88,44.1
"Montville School District","=""0860011""","Special Education Status (SWD)","Students without Disabilities",881,69.3,880,66.4,381,67.2
"Naugatuck School District","=""0880011""","All Students","District",2036,60.1,2035,53.9,881,55.1
"Naugatuck School District","=""0880011""","English Language Learners (EL)","English Learners",313,50.4,313,47.0,121,46.6
"Naugatuck School District","=""0880011""","English Language Learners (EL)","Not English Learners",1723,61.8,1722,55.2,760,56.5
"Naugatuck School District","=""0880011""","Gender","Female","*","*","*","*","*","*"
"Naugatuck School District","=""0880011""","Gender","Male",1033,57.2,1033,53.6,466,54.3
"Naugatuck School District","=""0880011""","Gender","Non-Binary","*","*","*","*","*","*"
"Naugatuck School District","=""0880011""","Grade","03",305,63.5,305,57.6,"N/A","N/A"
"Naugatuck School District","=""0880011""","Grade","04",296,67.3,296,61.7,"N/A","N/A"
"Naugatuck School District","=""0880011""","Grade","05",299,64.5,299,62.3,298,63.5
"Naugatuck School District","=""0880011""","Grade","06",276,64.0,276,56.0,"N/A","N/A"
"Naugatuck School District","=""0880011""","Grade","07",274,60.7,273,52.4,"N/A","N/A"
"Naugatuck School District","=""0880011""","Grade","08",310,54.8,310,47.3,311,56.5
"Naugatuck School District","=""0880011""","Grade","11",276,44.9,276,39.2,272,44.4
"Naugatuck School District","=""0880011""","High Needs (F/R, EL or SWD)","High Needs",1367,55.3,1366,48.7,568,50.7
"Naugatuck School District","=""0880011""","High Needs (F/R, EL or SWD)","Not High Needs",669,69.8,669,64.5,313,63.2
"Naugatuck School District","=""0880011""","Free/Reduced Price Meal Eligibility (2-level)","Eligible For Free Or Reduced Price Meals",1132,57.0,1131,49.9,469,51.9
"Naugatuck School District","=""0880011""","Free/Reduced Price Meal Eligibility (2-level)","Not Eligible For Free Or Reduced Price Meals",904,63.9,904,59.0,412,58.7
"Naugatuck School District","=""0880011""","Race/Ethnicity","American Indian or Alaska Native","*","*","*","*","*","*"
"Naugatuck School District","=""0880011""","Race/Ethnicity","Asian",43,65.2,43,65.2,20,52.2
"Naugatuck School District","=""0880011""","Race/Ethnicity","Black or African American",241,55.2,241,46.7,101,51.3
"Naugatuck School District","=""0880011""","Race/Ethnicity","Hispanic or Latino",871,56.8,871,50.6,375,51.1
"Naugatuck School District","=""0880011""","Race/Ethnicity","Native Hawaiian or Other Pacific Islander","*","*","*","*","*","*"
"Naugatuck School District","=""0880011""","Race/Ethnicity","Two or More Races",101,58.9,100,53.0,44,53.6
"Naugatuck School District","=""0880011""","Race/Ethnicity","White",773,65.2,773,59.4,337,61.2
"Naugatuck School District","=""0880011""","Special Education Status (SWD)","Students with Disabilities",403,41.7,402,35.6,155,39.9
"Naugatuck School District","=""0880011""","Special Education Status (SWD)","Students without Disabilities",1633,64.6,1633,58.4,726,58.4
"New Britain School District","=""0890011""","All Students","District",4620,46.9,4602,41.6,1867,43.9
"New Britain School District","=""0890011""","English Language Learners (EL)","English Learners",980,41.1,977,38.2,392,40.1
"New Britain School District","=""0890011""","English Language Learners (EL)","Not English Learners",3640,48.5,3625,42.5,1475,44.9
"New Britain School District","=""0890011""","Gender","Female","*","*","*","*",903,45.0
"New Britain School District","=""0890011""","Gender","Male",2366,44.6,2362,41.9,964,42.8
"New Britain School District","=""0890011""","Gender","Non-Binary","*","*","*","*",0,"N/A"
"New Britain School District","=""0890011""","Grade","03",739,51.2,737,45.5,"N/A","N/A"
"New Britain School District","=""0890011""","Grade","04",686,54.9,682,49.3,"N/A","N/A"
"New Britain School District","=""0890011""","Grade","05",688,50.8,688,49.4,682,49.6
"New Britain School District","=""0890011""","Grade","06",687,46.9,680,37.7,"N/A","N/A"
"New Britain School District","=""0890011""","Grade","07",632,40.9,628,36.7,"N/A","N/A"
"New Britain School District","=""0890011""","Grade","08",665,40.7,664,35.3,652,41.1
"New Britain School District","=""0890011""","Grade","11",523,40.6,523,34.4,533,39.9
"New Britain School District","=""0890011""","High Needs (F/R, EL or SWD)","High Needs",4003,45.1,3986,39.8,1592,42.0
"New Britain School District","=""0890011""","High Needs (F/R, EL or SWD)","Not High Needs",617,58.8,616,52.9,275,54.6
"New Britain School District","=""0890011""","Free/Reduced Price Meal Eligibility (2-level)","Eligible For Free Or Reduced Price Meals",3682,45.3,3664,39.8,1456,42.1
"New Britain School District","=""0890011""","Free/Reduced Price Meal Eligibility (2-level)","Not Eligible For Free Or Reduced Price Meals",938,53.5,938,48.6,411,50.1
"New Britain School District","=""0890011""","Race/Ethnicity","American Indian or Alaska Native","*","*","*","*","*","*"
"New Britain School District","=""0890011""","Race/Ethnicity","Asian",83,53.7,83,50.6,"*","*"
"New Britain School District","=""0890011""","Race/Ethnicity","Black or African American",495,49.0,492,42.2,225,44.6
"New Britain School District","=""0890011""","Race/Ethnicity","Hispanic or Latino",3179,44.9,3169,39.0,1241,41.7
"New Britain School District","=""0890011""","Race/Ethnicity","Native Hawaiian or Other Pacific Islander","*","*","*","*","N/A","N/A"
"New Britain School District","=""0890011""","Race/Ethnicity","Two or More Races",253,50.0,249,46.4,97,44.4
"New Britain School District","=""0890011""","Race/Ethnicity","White",605,53.4,604,51.1,267,52.5
"New Britain School District","=""0890011""","Special Education Status (SWD)","Students with Disabilities",1075,34.9,1066,28.2,412,34.1
"New Britain School District","=""0890011""","Special Education Status (SWD)","Students without Disabilities",3545,50.6,3536,45.6,1455,46.6
"New Canaan School District","=""0900011""","All Students","District",2133,85.8,2133,84.9,976,83.8
"New Canaan School District","=""0900011""","English Language Learners (EL)","English Learners",30,72.8,30,78.5,13,"*"
"New Canaan School District","=""0900011""","English Language Learners (EL)","Not English Learners",2103,86.0,2103,85.0,963,84.0
"New Canaan School District","=""0900011""","Gender","Female",1052,87.8,1051,84.4,454,84.5
"New Canaan School District","=""0900011""","Gender","Male",1081,83.9,1082,85.4,522,83.2
"New Canaan School District","=""0900011""","Grade","03",293,88.2,293,85.4,"N/A","N/A"
"New Canaan School District","=""0900011""","Grade","04",295,92.4,295,91.1,"N/A","N/A"
"New Canaan School District","=""0900011""","Grade","05",331,83.8,331,84.3,331,84.4
"New Canaan School District","=""0900011""","Grade","06",285,89.9,285,88.0,"N/A","N/A"
"New Canaan School District","=""0900011""","Grade","07",296,87.5,297,84.9,"N/A","N/A"
"New Canaan School District","=""0900011""","Grade","08",335,84.2,334,87.0,334,85.6
"New Canaan School District","=""0900011""","Grade","11",298,75.6,298,73.6,311,81.3
"New Canaan School District","=""0900011""","High Needs (F/R, EL or SWD)","High Needs",383,68.2,382,66.9,177,65.4
"New Canaan School District","=""0900011""","High Needs (F/R, EL or SWD)","Not High Needs",1750,89.7,1751,88.8,799,87.9
"New Canaan School District","=""0900011""","Free/Reduced Price Meal Eligibility (2-level)","Eligible For Free Or Reduced Price Meals",90,68.9,90,66.1,48,69.4
"New Canaan School District","=""0900011""","Free/Reduced Price Meal Eligibility (2-level)","Not Eligible For Free Or Reduced Price Meals",2043,86.6,2043,85.7,928,84.6
"New Canaan School District","=""0900011""","Race/Ethnicity","American Indian or Alaska Native","*","*","*","*","*","*"
"New Canaan School District","=""0900011""","Race/Ethnicity","Asian",174,94.1,174,96.5,84,95.4
"New Canaan School District","=""0900011""","Race/Ethnicity","Black or African American",27,72.2,27,69.2,12,"*"
"New Canaan School District","=""0900011""","Race/Ethnicity","Hispanic or Latino",136,81.8,136,79.6,62,82.4
"New Canaan School District","=""0900011""","Race/Ethnicity","Native Hawaiian or Other Pacific Islander","*","*","*","*","*","*"
"New Canaan School District","=""0900011""","Race/Ethnicity","Two or More Races",123,88.6,123,87.3,40,81.4
"New Canaan School District","=""0900011""","Race/Ethnicity","White",1666,85.3,1666,84.2,772,83.0
"New Canaan School District","=""0900011""","Special Education Status (SWD)","Students with Disabilities",308,66.0,307,63.8,139,61.9
"New Canaan School District","=""0900011""","Special Education Status (SWD)","Students without Disabilities",1825,89.2,1826,88.4,837,87.5
"New Fairfield School District","=""0910011""","All Students","District",1087,73.1,1086,71.5,491,72.6
"New Fairfield School District","=""0910011""","English Language Learners (EL)","English Learners",85,66.0,85,63.7,25,68.5
"New Fairfield School District","=""0910011""","English Language Learners (EL)","Not English Learners",1002,73.7,1001,72.2,466,72.9
"New Fairfield School District","=""0910011""","Gender","Female",538,74.7,537,70.2,253,71.7
"New Fairfield School District","=""0910011""","Gender","Male",549,71.5,549,72.8,238,73.6
"New Fairfield School District","=""0910011""","Grade","03",142,70.4,142,72.5,"N/A","N/A"
"New Fairfield School District","=""0910011""","Grade","04",144,75.6,144,74.0,"N/A","N/A"
"New Fairfield School District","=""0910011""","Grade","05",163,76.8,163,77.2,161,75.1
"New Fairfield School District","=""0910011""","Grade","06",135,73.4,135,71.9,"N/A","N/A"
"New Fairfield School District","=""0910011""","Grade","07",172,75.1,172,70.2,"N/A","N/A"
"New Fairfield School District","=""0910011""","Grade","08",156,76.2,155,74.3,155,75.8
"New Fairfield School District","=""0910011""","Grade","11",175,64.9,175,61.8,175,67.6
"New Fairfield School District","=""0910011""","High Needs (F/R, EL or SWD)","High Needs",378,63.5,378,60.5,152,62.4
"New Fairfield School District","=""0910011""","High Needs (F/R, EL or SWD)","Not High Needs",709,78.2,708,77.3,339,77.2
"New Fairfield School District","=""0910011""","Free/Reduced Price Meal Eligibility (2-level)","Eligible For Free Or Reduced Price Meals",200,67.4,200,65.0,86,66.8
"New Fairfield School District","=""0910011""","Free/Reduced Price Meal Eligibility (2-level)","Not Eligible For Free Or Reduced Price Meals",887,74.4,886,73.0,405,73.9
"New Fairfield School District","=""0910011""","Race/Ethnicity","American Indian or Alaska Native","*","*","*","*","*","*"
"New Fairfield School District","=""0910011""","Race/Ethnicity","Asian",12,"*",12,"*","*","*"
"New Fairfield School District","=""0910011""","Race/Ethnicity","Black or African American",21,62.2,21,58.2,10,"*"
"New Fairfield School District","=""0910011""","Race/Ethnicity","Hispanic or Latino",210,71.1,210,68.9,80,71.3
"New Fairfield School District","=""0910011""","Race/Ethnicity","Native Hawaiian or Other Pacific Islander","*","*","*","*","N/A","N/A"
"New Fairfield School District","=""0910011""","Race/Ethnicity","Two or More Races",29,81.5,29,79.1,11,"*"
"New Fairfield School District","=""0910011""","Race/Ethnicity","White",809,73.8,808,72.3,380,73.2
"New Fairfield School District","=""0910011""","Special Education Status (SWD)","Students with Disabilities",199,54.7,199,50.5,79,53.8
"New Fairfield School District","=""0910011""","Special Education Status (SWD)","Students without Disabilities",888,77.3,887,76.2,412,76.3
"New Hartford School District","=""0920011""","All Students","District",235,73.8,235,68.8,64,72.0
"New Hartford School District","=""0920011""","English Language Learners (EL)","English Learners","*","*","*","*","*","*"
"New Hartford School District","=""0920011""","English Language Learners (EL)","Not English Learners","*","*","*","*","*","*"
"New Hartford School District","=""0920011""","Gender","Female",112,74.2,112,67.4,28,73.0
"New Hartford School District","=""0920011""","Gender","Male",123,73.4,123,70.0,36,71.2
"New Hartford School District","=""0920011""","Grade","03",63,76.5,63,73.7,"N/A","N/A"
"New Hartford School District","=""0920011""","Grade","04",53,75.7,53,66.9,"N/A","N/A"
"New Hartford School District","=""0920011""","Grade","05",64,71.3,64,70.7,64,72.0
"New Hartford School District","=""0920011""","Grade","06",55,71.7,55,62.8,"N/A","N/A"
"New Hartford School District","=""0920011""","High Needs (F/R, EL or SWD)","High Needs",88,62.8,88,59.2,25,56.7
"New Hartford School District","=""0920011""","High Needs (F/R, EL or SWD)","Not High Needs",147,80.4,147,74.5,39,81.8
"New Hartford School District","=""0920011""","Free/Reduced Price Meal Eligibility (2-level)","Eligible For Free Or Reduced Price Meals",41,65.3,41,63.1,13,"*"
"New Hartford School District","=""0920011""","Free/Reduced Price Meal Eligibility (2-level)","Not Eligible For Free Or Reduced Price Meals",194,75.6,194,70.0,51,74.5
"New Hartford School District","=""0920011""","Race/Ethnicity","American Indian or Alaska Native","*","*","*","*","*","*"
"New Hartford School District","=""0920011""","Race/Ethnicity","Asian","*","*","*","*","N/A","N/A"
"New Hartford School District","=""0920011""","Race/Ethnicity","Hispanic or Latino",20,65.4,20,67.3,"*","*"
"New Hartford School District","=""0920011""","Race/Ethnicity","Two or More Races","*","*","*","*",0,"N/A"
"New Hartford School District","=""0920011""","Race/Ethnicity","White",208,74.8,208,69.0,55,75.2
"New Hartford School District","=""0920011""","Special Education Status (SWD)","Students with Disabilities",62,57.5,62,52.8,18,"*"
"New Hartford School District","=""0920011""","Special Education Status (SWD)","Students without Disabilities",173,79.6,173,74.5,46,80.7
"New Haven School District","=""0930011""","All Students","District",8678,50.9,8660,44.8,3758,47.8
"New Haven School District","=""0930011""","English Language Learners (EL)","English Learners",2739,43.9,2738,42.0,1115,42.2
"New Haven School District","=""0930011""","English Language Learners (EL)","Not English Learners",5939,54.1,5922,46.1,2643,50.2
"New Haven School District","=""0930011""","Gender","Female",4350,52.0,4342,43.8,"*","*"
"New Haven School District","=""0930011""","Gender","Male",4321,49.7,4311,45.9,1881,48.0
"New Haven School District","=""0930011""","Gender","Non-Binary",7,"*",7,"*","*","*"
"New Haven School District","=""0930011""","Grade","03",1160,51.0,1158,46.4,"N/A","N/A"
"New Haven School District","=""0930011""","Grade","04",1097,54.4,1096,49.7,"N/A","N/A"
"New Haven School District","=""0930011""","Grade","05",1264,50.2,1263,48.2,1258,50.5
"New Haven School District","=""0930011""","Grade","06",1341,55.2,1337,45.5,"N/A","N/A"
"New Haven School District","=""0930011""","Grade","07",1311,51.6,1308,44.9,"N/A","N/A"
"New Haven School District","=""0930011""","Grade","08",1347,50.0,1341,41.4,1330,49.7
"New Haven School District","=""0930011""","Grade","11",1158,43.3,1157,38.1,1170,42.9
"New Haven School District","=""0930011""","High Needs (F/R, EL or SWD)","High Needs",7479,47.9,7464,42.1,3190,45.1
"New Haven School District","=""0930011""","High Needs (F/R, EL or SWD)","Not High Needs",1199,69.3,1196,61.8,568,63.4
"New Haven School District","=""0930011""","Free/Reduced Price Meal Eligibility (2-level)","Eligible For Free Or Reduced Price Meals",6788,48.4,6774,42.0,2909,45.3
"New Haven School District","=""0930011""","Free/Reduced Price Meal Eligibility (2-level)","Not Eligible For Free Or Reduced Price Meals",1890,59.7,1886,55.2,849,56.4
"New Haven School District","=""0930011""","Race/Ethnicity","American Indian or Alaska Native","*","*","*","*","*","*"
"New Haven School District","=""0930011""","Race/Ethnicity","Asian",360,54.6,360,54.2,142,55.6
"New Haven School District","=""0930011""","Race/Ethnicity","Black or African American",2634,49.6,2623,41.5,1148,45.2
"New Haven School District","=""0930011""","Race/Ethnicity","Hispanic or Latino",4513,48.2,4507,43.1,1934,45.8
"New Haven School District","=""0930011""","Race/Ethnicity","Native Hawaiian or Other Pacific Islander","*","*","*","*","*","*"
"New Haven School District","=""0930011""","Race/Ethnicity","Two or More Races",333,55.6,333,49.7,141,54.0
"New Haven School District","=""0930011""","Race/Ethnicity","White",821,65.8,820,58.9,389,60.7
"New Haven School District","=""0930011""","Special Education Status (SWD)","Students with Disabilities",1394,38.1,1384,31.7,601,36.6
"New Haven School District","=""0930011""","Special Education Status (SWD)","Students without Disabilities",7284,53.3,7276,47.3,3157,50.0
"Newington School District","=""0940011""","All Students","District",1972,67.0,1969,63.0,866,66.0
"Newington School District","=""0940011""","English Language Learners (EL)","English Learners",312,59.4,312,58.6,124,55.9
"Newington School District","=""0940011""","English Language Learners (EL)","Not English Learners",1660,68.5,1657,63.8,742,67.7
"Newington School District","=""0940011""","Gender","Female",996,67.9,996,61.4,446,65.5
"Newington School District","=""0940011""","Gender","Male",976,66.1,973,64.6,420,66.6
"Newington School District","=""0940011""","Grade","03",258,68.7,258,63.6,"N/A","N/A"
"Newington School District","=""0940011""","Grade","04",268,71.9,268,70.4,"N/A","N/A"
"Newington School District","=""0940011""","Grade","05",283,68.8,281,64.4,281,66.5
"Newington School District","=""0940011""","Grade","06",314,68.1,314,61.4,"N/A","N/A"
"Newington School District","=""0940011""","Grade","07",259,67.3,258,64.4,"N/A","N/A"
"Newington School District","=""0940011""","Grade","08",298,68.5,298,65.7,298,67.3
"Newington School District","=""0940011""","Grade","11",292,56.4,292,52.1,287,64.3
"Newington School District","=""0940011""","High Needs (F/R, EL or SWD)","High Needs",971,58.9,971,54.8,441,57.2
"Newington School District","=""0940011""","High Needs (F/R, EL or SWD)","Not High Needs",1001,74.9,998,71.0,425,75.2
"Newington School District","=""0940011""","Free/Reduced Price Meal Eligibility (2-level)","Eligible For Free Or Reduced Price Meals",716,59.4,716,55.4,317,58.3
"Newington School District","=""0940011""","Free/Reduced Price Meal Eligibility (2-level)","Not Eligible For Free Or Reduced Price Meals",1256,71.4,1253,67.4,549,70.5
"Newington School District","=""0940011""","Race/Ethnicity","American Indian or Alaska Native","*","*","*","*","*","*"
"Newington School District","=""0940011""","Race/Ethnicity","Asian",213,72.3,213,72.5,107,73.8
"Newington School District","=""0940011""","Race/Ethnicity","Black or African American",136,62.6,136,55.0,60,53.6
"Newington School District","=""0940011""","Race/Ethnicity","Hispanic or Latino",523,60.0,523,54.1,232,57.4
"Newington School District","=""0940011""","Race/Ethnicity","Two or More Races","*","*","*","*","*","*"
"Newington School District","=""0940011""","Race/Ethnicity","White",996,70.4,993,66.8,421,70.3
"Newington School District","=""0940011""","Special Education Status (SWD)","Students with Disabilities",310,47.2,310,40.3,151,46.5
"Newington School District","=""0940011""","Special Education Status (SWD)","Students without Disabilities",1662,70.7,1659,67.3,715,70.2
"New London School District","=""0950011""","All Students","District",1336,49.6,1332,42.4,594,47.8
"New London School District","=""0950011""","English Language Learners (EL)","English Learners",443,41.1,443,36.3,207,40.9
"New London School District","=""0950011""","English Language Learners (EL)","Not English Learners",893,53.8,889,45.4,387,51.6
"New London School District","=""0950011""","Gender","Female","*","*","*","*",270,50.2
"New London School District","=""0950011""","Gender","Male",707,46.5,705,42.0,324,45.9
"New London School District","=""0950011""","Gender","Non-Binary","*","*","*","*","N/A","N/A"
"New London School District","=""0950011""","Grade","03",215,50.9,215,42.2,"N/A","N/A"
"New London School District","=""0950011""","Grade","04",170,57.4,170,53.6,"N/A","N/A"
"New London School District","=""0950011""","Grade","05",255,53.4,255,50.1,256,55.8
"New London School District","=""0950011""","Grade","06",176,53.9,175,41.2,"N/A","N/A"
"New London School District","=""0950011""","Grade","07",166,47.5,165,40.0,"N/A","N/A"
"New London School District","=""0950011""","Grade","08",179,46.1,177,36.2,178,48.9
"New London School District","=""0950011""","Grade","11",175,36.0,175,30.3,160,34.0
"New London School District","=""0950011""","High Needs (F/R, EL or SWD)","High Needs",1188,47.0,1184,40.1,530,45.2
"New London School District","=""0950011""","High Needs (F/R, EL or SWD)","Not High Needs",148,70.2,148,60.4,64,69.6
"New London School District","=""0950011""","Free/Reduced Price Meal Eligibility (2-level)","Eligible For Free Or Reduced Price Meals",1143,47.2,1140,40.3,512,45.2
"New London School District","=""0950011""","Free/Reduced Price Meal Eligibility (2-level)","Not Eligible For Free Or Reduced Price Meals",193,63.9,192,55.0,82,64.6
"New London School District","=""0950011""","Race/Ethnicity","American Indian or Alaska Native","*","*","*","*","*","*"
"New London School District","=""0950011""","Race/Ethnicity","Asian",19,"*",19,"*",6,"*"
"New London School District","=""0950011""","Race/Ethnicity","Black or African American",217,50.0,216,40.9,107,46.8
"New London School District","=""0950011""","Race/Ethnicity","Hispanic or Latino",762,45.4,760,39.4,328,42.8
"New London School District","=""0950011""","Race/Ethnicity","Native Hawaiian or Other Pacific Islander","*","*","*","*","*","*"
"New London School District","=""0950011""","Race/Ethnicity","Two or More Races",172,53.3,172,44.2,85,54.8
"New London School District","=""0950011""","Race/Ethnicity","White",157,63.2,156,55.8,63,61.8
"New London School District","=""0950011""","Special Education Status (SWD)","Students with Disabilities",322,37.1,319,31.0,141,33.8
"New London School District","=""0950011""","Special Education Status (SWD)","Students without Disabilities",1014,53.6,1013,46.0,453,52.2
"New Milford School District","=""0960011""","All Students","District",1732,62.8,1726,58.3,778,61.9
"New Milford School District","=""0960011""","English Language Learners (EL)","English Learners",199,47.4,199,45.7,71,46.9
"New Milford School District","=""0960011""","English Language Learners (EL)","Not English Learners",1533,64.8,1527,60.0,707,63.4
"New Milford School District","=""0960011""","Gender","Female",869,64.6,867,56.6,"*","*"
"New Milford School District","=""0960011""","Gender","Male","*","*","*","*",396,62.9
"New Milford School District","=""0960011""","Gender","Non-Binary","*","*","*","*","*","*"
"New Milford School District","=""0960011""","Grade","03",243,66.3,242,61.4,"N/A","N/A"
"New Milford School District","=""0960011""","Grade","04",226,67.5,224,63.1,"N/A","N/A"
"New Milford School District","=""0960011""","Grade","05",247,66.3,246,63.5,247,65.2
"New Milford School District","=""0960011""","Grade","06",256,63.8,255,58.3,"N/A","N/A"
"New Milford School District","=""0960011""","Grade","07",235,61.0,235,58.3,"N/A","N/A"
"New Milford School District","=""0960011""","Grade","08",268,59.7,267,55.1,267,64.4
"New Milford School District","=""0960011""","Grade","11",257,55.7,257,49.6,264,56.1
"New Milford School District","=""0960011""","High Needs (F/R, EL or SWD)","High Needs",850,55.3,845,50.9,347,54.0
"New Milford School District","=""0960011""","High Needs (F/R, EL or SWD)","Not High Needs",882,70.0,881,65.5,431,68.2
"New Milford School District","=""0960011""","Free/Reduced Price Meal Eligibility (2-level)","Eligible For Free Or Reduced Price Meals",615,57.0,612,52.8,262,55.5
"New Milford School District","=""0960011""","Free/Reduced Price Meal Eligibility (2-level)","Not Eligible For Free Or Reduced Price Meals",1117,66.0,1114,61.4,516,65.1
"New Milford School District","=""0960011""","Race/Ethnicity","Asian",64,71.0,64,69.8,21,74.0
"New Milford School District","=""0960011""","Race/Ethnicity","Black or African American",51,56.7,51,53.8,33,50.5
"New Milford School District","=""0960011""","Race/Ethnicity","Hispanic or Latino",439,55.3,439,51.8,200,55.5
"New Milford School District","=""0960011""","Race/Ethnicity","Native Hawaiian or Other Pacific Islander","*","*","*","*","N/A","N/A"
"New Milford School District","=""0960011""","Race/Ethnicity","Two or More Races","*","*","*","*",15,"*"
"New Milford School District","=""0960011""","Race/Ethnicity","White",1133,65.4,1127,60.3,509,64.4
"New Milford School District","=""0960011""","Special Education Status (SWD)","Students with Disabilities",327,48.5,324,42.3,132,47.1
"New Milford School District","=""0960011""","Special Education Status (SWD)","Students without Disabilities",1405,66.1,1402,62.0,646,64.9
"Newtown School District","=""0970011""","All Students","District",2030,75.0,2031,74.1,859,70.1
"Newtown School District","=""0970011""","English Language Learners (EL)","English Learners",58,62.7,58,66.6,23,57.9
"Newtown School District","=""0970011""","English Language Learners (EL)","Not English Learners",1972,75.4,1973,74.3,836,70.5
"Newtown School District","=""0970011""","Gender","Female","*","*","*","*",435,70.1
"Newtown School District","=""0970011""","Gender","Male",1026,73.5,1027,75.5,"*","*"
"Newtown School District","=""0970011""","Gender","Non-Binary","*","*","*","*","*","*"
"Newtown School District","=""0970011""","Grade","03",301,76.7,302,76.1,"N/A","N/A"
"Newtown School District","=""0970011""","Grade","04",287,81.7,287,80.0,"N/A","N/A"
"Newtown School District","=""0970011""","Grade","05",290,77.4,290,78.9,290,75.2
"Newtown School District","=""0970011""","Grade","06",283,79.2,283,77.5,"N/A","N/A"
"Newtown School District","=""0970011""","Grade","07",295,73.5,295,72.3,"N/A","N/A"
"Newtown School District","=""0970011""","Grade","08",288,73.0,288,74.2,288,75.1
"Newtown School District","=""0970011""","Grade","11",286,63.6,286,59.7,281,59.8
"Newtown School District","=""0970011""","High Needs (F/R, EL or SWD)","High Needs",553,61.6,554,60.4,230,56.9
"Newtown School District","=""0970011""","High Needs (F/R, EL or SWD)","Not High Needs",1477,80.0,1477,79.2,629,75.0
"Newtown School District","=""0970011""","Free/Reduced Price Meal Eligibility (2-level)","Eligible For Free Or Reduced Price Meals",317,65.0,317,63.6,138,61.1
"Newtown School District","=""0970011""","Free/Reduced Price Meal Eligibility (2-level)","Not Eligible For Free Or Reduced Price Meals",1713,76.9,1714,76.0,721,71.9
"Newtown School District","=""0970011""","Race/Ethnicity","American Indian or Alaska Native","*","*","*","*","*","*"
"Newtown School District","=""0970011""","Race/Ethnicity","Asian",48,81.1,48,82.8,17,"*"
"Newtown School District","=""0970011""","Race/Ethnicity","Black or African American",55,65.7,55,64.4,21,57.6
"Newtown School District","=""0970011""","Race/Ethnicity","Hispanic or Latino",294,69.6,294,67.7,126,64.7
"Newtown School District","=""0970011""","Race/Ethnicity","Native Hawaiian or Other Pacific Islander","*","*","*","*","*","*"
"Newtown School District","=""0970011""","Race/Ethnicity","Two or More Races",30,76.7,30,78.0,15,"*"
"Newtown School District","=""0970011""","Race/Ethnicity","White",1598,76.1,1599,75.3,678,71.5
"Newtown School District","=""0970011""","Special Education Status (SWD)","Students with Disabilities",306,54.0,307,52.7,123,48.5
"Newtown School District","=""0970011""","Special Education Status (SWD)","Students without Disabilities",1724,78.7,1724,77.9,736,73.7
"Norfolk School District","=""0980011""","All Students","District",30,69.3,30,67.1,"*","*"
"Norfolk School District","=""0980011""","English Language Learners (EL)","Not English Learners",30,69.3,30,67.1,"*","*"
"Norfolk School District","=""0980011""","Gender","Female",13,"*",13,"*","*","*"
"Norfolk School District","=""0980011""","Gender","Male",17,"*",17,"*","*","*"
"Norfolk School District","=""0980011""","Grade","03",9,"*",9,"*","N/A","N/A"
"Norfolk School District","=""0980011""","Grade","04","*","*","*","*","N/A","N/A"
"Norfolk School District","=""0980011""","Grade","05","*","*","*","*","*","*"
"Norfolk School District","=""0980011""","Grade","06",9,"*",9,"*","N/A","N/A"
"Norfolk School District","=""0980011""","High Needs (F/R, EL or SWD)","High Needs",12,"*",12,"*","N/A","N/A"
"Norfolk School District","=""0980011""","High Needs (F/R, EL or SWD)","Not High Needs",18,"*",18,"*","*","*"
"Norfolk School District","=""0980011""","Free/Reduced Price Meal Eligibility (2-level)","Eligible For Free Or Reduced Price Meals",9,"*",9,"*","N/A","N/A"
"Norfolk School District","=""0980011""","Free/Reduced Price Meal Eligibility (2-level)","Not Eligible For Free Or Reduced Price Meals",21,74.3,21,71.3,"*","*"
"Norfolk School District","=""0980011""","Race/Ethnicity","Hispanic or Latino","*","*","*","*","*","*"
"Norfolk School District","=""0980011""","Race/Ethnicity","Two or More Races","*","*","*","*","N/A","N/A"
"Norfolk School District","=""0980011""","Race/Ethnicity","White",24,72.7,24,69.4,"*","*"
"Norfolk School District","=""0980011""","Special Education Status (SWD)","Students with Disabilities",10,"*",10,"*","N/A","N/A"
"Norfolk School District","=""0980011""","Special Education Status (SWD)","Students without Disabilities",20,78.1,20,75.5,"*","*"
"North Branford School District","=""0990011""","All Students","District",813,70.2,812,66.8,347,65.2
"North Branford School District","=""0990011""","English Language Learners (EL)","English Learners",20,58.7,20,58.5,9,"*"
"North Branford School District","=""0990011""","English Language Learners (EL)","Not English Learners",793,70.5,792,67.0,338,65.7
"North Branford School District","=""0990011""","Gender","Female",424,72.0,423,66.9,170,65.1
"North Branford School District","=""0990011""","Gender","Male","*","*","*","*",177,65.3
"North Branford School District","=""0990011""","Gender","Non-Binary","*","*","*","*","N/A","N/A"
"North Branford School District","=""0990011""","Grade","03",134,71.6,134,66.5,"N/A","N/A"
"North Branford School District","=""0990011""","Grade","04",116,76.8,116,78.1,"N/A","N/A"
"North Branford School District","=""0990011""","Grade","05",114,73.9,114,75.4,113,73.5
"North Branford School District","=""0990011""","Grade","06",108,72.5,108,64.6,"N/A","N/A"
"North Branford School District","=""0990011""","Grade","07",107,66.8,107,61.4,"N/A","N/A"
"North Branford School District","=""0990011""","Grade","08",132,68.7,131,65.5,131,61.2
"North Branford School District","=""0990011""","Grade","11",102,59.9,102,54.2,103,61.2
"North Branford School District","=""0990011""","High Needs (F/R, EL or SWD)","High Needs",265,61.9,264,57.8,119,59.6
"North Branford School District","=""0990011""","High Needs (F/R, EL or SWD)","Not High Needs",548,74.2,548,71.1,228,68.1
"North Branford School District","=""0990011""","Free/Reduced Price Meal Eligibility (2-level)","Eligible For Free Or Reduced Price Meals",182,65.6,181,61.8,87,62.0
"North Branford School District","=""0990011""","Free/Reduced Price Meal Eligibility (2-level)","Not Eligible For Free Or Reduced Price Meals",631,71.5,631,68.2,260,66.3
"North Branford School District","=""0990011""","Race/Ethnicity","Asian",15,"*",15,"*",8,"*"
"North Branford School District","=""0990011""","Race/Ethnicity","Black or African American",12,"*",12,"*",8,"*"
"North Branford School District","=""0990011""","Race/Ethnicity","Hispanic or Latino",87,69.6,87,64.9,47,61.4
"North Branford School District","=""0990011""","Race/Ethnicity","Two or More Races",27,75.9,27,71.7,10,"*"
"North Branford School District","=""0990011""","Race/Ethnicity","White",672,70.5,671,67.3,274,66.2
"North Branford School District","=""0990011""","Special Education Status (SWD)","Students with Disabilities",112,54.0,112,47.9,46,54.2
"North Branford School District","=""0990011""","Special Education Status (SWD)","Students without Disabilities",701,72.8,700,69.8,301,66.9
"North Canaan School District","=""1000011""","All Students","District",141,72.5,141,68.7,47,74.1
"North Canaan School District","=""1000011""","English Language Learners (EL)","English Learners",9,"*",9,"*","*","*"
"North Canaan School District","=""1000011""","English Language Learners (EL)","Not English Learners",132,73.1,132,69.2,"*","*"
"North Canaan School District","=""1000011""","Gender","Female",65,72.8,65,68.2,28,74.7
"North Canaan School District","=""1000011""","Gender","Male",76,72.2,76,69.2,19,"*"
"North Canaan School District","=""1000011""","Grade","03",28,68.9,28,69.2,"N/A","N/A"
"North Canaan School District","=""1000011""","Grade","04",19,"*",19,"*","N/A","N/A"
"North Canaan School District","=""1000011""","Grade","05",15,"*",15,"*",15,"*"
"North Canaan School District","=""1000011""","Grade","06",22,74.8,22,67.8,"N/A","N/A"
"North Canaan School District","=""1000011""","Grade","07",25,73.6,25,66.3,"N/A","N/A"
"North Canaan School District","=""1000011""","Grade","08",32,74.4,32,68.1,32,77.3
"North Canaan School District","=""1000011""","High Needs (F/R, EL or SWD)","High Needs",73,68.2,73,63.4,22,64.0
"North Canaan School District","=""1000011""","High Needs (F/R, EL or SWD)","Not High Needs",68,77.2,68,74.5,25,83.0
"North Canaan School District","=""1000011""","Free/Reduced Price Meal Eligibility (2-level)","Eligible For Free Or Reduced Price Meals",59,70.1,59,65.1,18,"*"
"North Canaan School District","=""1000011""","Free/Reduced Price Meal Eligibility (2-level)","Not Eligible For Free Or Reduced Price Meals",82,74.2,82,71.3,29,79.0
"North Canaan School District","=""1000011""","Race/Ethnicity","Black or African American","*","*","*","*","N/A","N/A"
"North Canaan School District","=""1000011""","Race/Ethnicity","Hispanic or Latino",23,69.3,23,63.8,"*","*"
"North Canaan School District","=""1000011""","Race/Ethnicity","Two or More Races","*","*","*","*","N/A","N/A"
"North Canaan School District","=""1000011""","Race/Ethnicity","White",112,72.6,112,69.5,"*","*"
"North Canaan School District","=""1000011""","Special Education Status (SWD)","Students with Disabilities",25,52.5,25,46.9,9,"*"
"North Canaan School District","=""1000011""","Special Education Status (SWD)","Students without Disabilities",116,76.8,116,73.4,38,79.9
"North Haven School District","=""1010011""","All Students","District",1645,74.0,1643,71.1,701,71.5
"North Haven School District","=""1010011""","English Language Learners (EL)","English Learners",141,67.1,139,67.0,50,64.1
"North Haven School District","=""1010011""","English Language Learners (EL)","Not English Learners",1504,74.6,1504,71.4,651,72.1
"North Haven School District","=""1010011""","Gender","Female",788,76.0,787,70.4,332,70.7
"North Haven School District","=""1010011""","Gender","Male",857,72.2,856,71.6,369,72.2
"North Haven School District","=""1010011""","Grade","03",254,76.7,254,77.2,"N/A","N/A"
"North Haven School District","=""1010011""","Grade","04",214,81.5,214,82.3,"N/A","N/A"
"North Haven School District","=""1010011""","Grade","05",256,79.4,255,79.8,255,74.1
"North Haven School District","=""1010011""","Grade","06",221,77.8,221,68.6,"N/A","N/A"
"North Haven School District","=""1010011""","Grade","07",256,75.3,255,68.9,"N/A","N/A"
"North Haven School District","=""1010011""","Grade","08",236,66.8,236,63.6,240,69.8
"North Haven School District","=""1010011""","Grade","11",208,58.7,208,55.0,206,70.3
"North Haven School District","=""1010011""","High Needs (F/R, EL or SWD)","High Needs",586,64.3,585,61.0,230,59.9
"North Haven School District","=""1010011""","High Needs (F/R, EL or SWD)","Not High Needs",1059,79.3,1058,76.6,471,77.2
"North Haven School District","=""1010011""","Free/Reduced Price Meal Eligibility (2-level)","Eligible For Free Or Reduced Price Meals",381,66.3,379,62.8,150,61.5
"North Haven School District","=""1010011""","Free/Reduced Price Meal Eligibility (2-level)","Not Eligible For Free Or Reduced Price Meals",1264,76.3,1264,73.5,551,74.2
"North Haven School District","=""1010011""","Race/Ethnicity","American Indian or Alaska Native","*","*","*","*","*","*"
"North Haven School District","=""1010011""","Race/Ethnicity","Asian",136,78.5,136,79.8,53,79.4
"North Haven School District","=""1010011""","Race/Ethnicity","Black or African American",93,67.3,93,60.7,45,60.4
"North Haven School District","=""1010011""","Race/Ethnicity","Hispanic or Latino",233,68.4,231,64.8,94,62.4
"North Haven School District","=""1010011""","Race/Ethnicity","Two or More Races","*","*","*","*","*","*"
"North Haven School District","=""1010011""","Race/Ethnicity","White",1110,74.9,1110,71.7,482,73.2
"North Haven School District","=""1010011""","Special Education Status (SWD)","Students with Disabilities",224,53.0,225,49.1,87,48.2
"North Haven School District","=""1010011""","Special Education Status (SWD)","Students without Disabilities",1421,77.3,1418,74.5,614,74.8
"North Stonington School District","=""1020011""","All Students","District",350,72.4,349,72.4,151,72.1
"North Stonington School District","=""1020011""","English Language Learners (EL)","English Learners","*","*","*","*","N/A","N/A"
"North Stonington School District","=""1020011""","English Language Learners (EL)","Not English Learners","*","*","*","*",151,72.1
"North Stonington School District","=""1020011""","Gender","Female",176,73.7,175,71.5,71,71.0
"North Stonington School District","=""1020011""","Gender","Male",174,71.1,174,73.3,80,73.0
"North Stonington School District","=""1020011""","Grade","03",49,80.5,49,86.2,"N/A","N/A"
"North Stonington School District","=""1020011""","Grade","04",44,75.6,44,76.2,"N/A","N/A"
"North Stonington School District","=""1020011""","Grade","05",53,73.8,53,75.4,53,76.3
"North Stonington School District","=""1020011""","Grade","06",45,71.8,45,71.4,"N/A","N/A"
"North Stonington School District","=""1020011""","Grade","07",61,75.6,60,74.2,"N/A","N/A"
"North Stonington School District","=""1020011""","Grade","08",48,64.5,48,65.5,48,69.1
"North Stonington School District","=""1020011""","Grade","11",50,64.4,50,57.8,50,70.4
"North Stonington School District","=""1020011""","High Needs (F/R, EL or SWD)","High Needs",98,63.6,97,61.9,47,64.2
"North Stonington School District","=""1020011""","High Needs (F/R, EL or SWD)","Not High Needs",252,75.8,252,76.5,104,75.6
"North Stonington School District","=""1020011""","Free/Reduced Price Meal Eligibility (2-level)","Eligible For Free Or Reduced Price Meals",68,65.6,68,63.5,35,64.6
"North Stonington School District","=""1020011""","Free/Reduced Price Meal Eligibility (2-level)","Not Eligible For Free Or Reduced Price Meals",282,74.1,281,74.6,116,74.3
"North Stonington School District","=""1020011""","Race/Ethnicity","American Indian or Alaska Native","*","*","*","*","*","*"
"North Stonington School District","=""1020011""","Race/Ethnicity","Asian","*","*","*","*","*","*"
"North Stonington School District","=""1020011""","Race/Ethnicity","Black or African American","*","*","*","*","*","*"
"North Stonington School District","=""1020011""","Race/Ethnicity","Hispanic or Latino",16,"*",16,"*",9,"*"
"North Stonington School District","=""1020011""","Race/Ethnicity","Native Hawaiian or Other Pacific Islander","*","*","*","*","N/A","N/A"
"North Stonington School District","=""1020011""","Race/Ethnicity","Two or More Races","*","*","*","*","N/A","N/A"
"North Stonington School District","=""1020011""","Race/Ethnicity","White",318,72.4,317,72.7,136,72.1
"North Stonington School District","=""1020011""","Special Education Status (SWD)","Students with Disabilities",50,53.2,49,53.1,22,54.1
"North Stonington School District","=""1020011""","Special Education Status (SWD)","Students without Disabilities",300,75.6,300,75.6,129,75.1
"Norwalk School District","=""1030011""","All Students","District",5282,62.2,5273,58.6,2306,57.3
"Norwalk School District","=""1030011""","English Language Learners (EL)","English Learners",1319,50.3,1319,49.2,507,47.8
"Norwalk School District","=""1030011""","English Language Learners (EL)","Not English Learners",3963,66.2,3954,61.7,1799,60.0
"Norwalk School District","=""1030011""","Gender","Female",2594,64.0,2589,57.4,"*","*"
"Norwalk School District","=""1030011""","Gender","Male",2688,60.5,2684,59.7,1185,56.8
"Norwalk School District","=""1030011""","Gender","Non-Binary",0,"N/A",0,"N/A","*","*"
"Norwalk School District","=""1030011""","Grade","03",738,64.1,738,61.3,"N/A","N/A"
"Norwalk School District","=""1030011""","Grade","04",725,67.5,724,63.6,"N/A","N/A"
"Norwalk School District","=""1030011""","Grade","05",756,62.7,755,62.4,758,61.8
"Norwalk School District","=""1030011""","Grade","06",760,64.8,759,58.4,"N/A","N/A"
"Norwalk School District","=""1030011""","Grade","07",768,63.1,766,59.2,"N/A","N/A"
"Norwalk School District","=""1030011""","Grade","08",712,61.5,708,57.4,712,61.2
"Norwalk School District","=""1030011""","Grade","11",823,53.0,823,48.9,836,49.9
"Norwalk School District","=""1030011""","High Needs (F/R, EL or SWD)","High Needs",3534,56.2,3528,52.6,1525,52.1
"Norwalk School District","=""1030011""","High Needs (F/R, EL or SWD)","Not High Needs",1748,74.4,1745,70.6,781,67.4
"Norwalk School District","=""1030011""","Free/Reduced Price Meal Eligibility (2-level)","Eligible For Free Or Reduced Price Meals",2780,57.6,2775,53.7,1192,53.3
"Norwalk School District","=""1030011""","Free/Reduced Price Meal Eligibility (2-level)","Not Eligible For Free Or Reduced Price Meals",2502,67.3,2498,64.0,1114,61.6
"Norwalk School District","=""1030011""","Race/Ethnicity","American Indian or Alaska Native",9,"*",9,"*","*","*"
"Norwalk School District","=""1030011""","Race/Ethnicity","Asian",206,73.6,206,73.1,101,70.4
"Norwalk School District","=""1030011""","Race/Ethnicity","Black or African American",726,58.5,722,50.9,334,50.2
"Norwalk School District","=""1030011""","Race/Ethnicity","Hispanic or Latino",2971,57.0,2969,53.6,1294,53.0
"Norwalk School District","=""1030011""","Race/Ethnicity","Native Hawaiian or Other Pacific Islander",6,"*",6,"*","*","*"
"Norwalk School District","=""1030011""","Race/Ethnicity","Two or More Races",205,69.7,203,66.5,70,66.0
"Norwalk School District","=""1030011""","Race/Ethnicity","White",1159,74.3,1158,71.9,500,69.3
"Norwalk School District","=""1030011""","Special Education Status (SWD)","Students with Disabilities",1013,44.8,1010,40.3,434,41.8
"Norwalk School District","=""1030011""","Special Education Status (SWD)","Students without Disabilities",4269,66.4,4263,62.9,1872,60.9
"Norwich School District","=""1040011""","All Students","District",1886,54.2,1880,48.0,629,51.7
"Norwich School District","=""1040011""","English Language Learners (EL)","English Learners",536,48.1,535,43.4,177,46.1
"Norwich School District","=""1040011""","English Language Learners (EL)","Not English Learners",1350,56.6,1345,49.9,452,53.9
"Norwich School District","=""1040011""","Gender","Female","*","*","*","*","*","*"
"Norwich School District","=""1040011""","Gender","Male",986,53.1,981,49.2,326,53.3
"Norwich School District","=""1040011""","Gender","Non-Binary","*","*","*","*","*","*"
"Norwich School District","=""1040011""","Grade","03","*","*","*","*","N/A","N/A"
"Norwich School District","=""1040011""","Grade","04",308,59.0,307,53.2,"N/A","N/A"
"Norwich School District","=""1040011""","Grade","05",319,57.5,318,55.9,319,54.0
"Norwich School District","=""1040011""","Grade","06",313,52.6,313,44.5,"N/A","N/A"
"Norwich School District","=""1040011""","Grade","07",339,51.3,336,44.4,"N/A","N/A"
"Norwich School District","=""1040011""","Grade","08",306,50.3,305,42.3,"*","*"
"Norwich School District","=""1040011""","Grade","11","*","*","*","*","*","*"
"Norwich School District","=""1040011""","High Needs (F/R, EL or SWD)","High Needs",1634,51.7,1628,45.5,546,49.4
"Norwich School District","=""1040011""","High Needs (F/R, EL or SWD)","Not High Needs",252,70.0,252,64.5,83,66.9
"Norwich School District","=""1040011""","Free/Reduced Price Meal Eligibility (2-level)","Eligible For Free Or Reduced Price Meals",1532,52.0,1525,45.7,513,49.4
"Norwich School District","=""1040011""","Free/Reduced Price Meal Eligibility (2-level)","Not Eligible For Free Or Reduced Price Meals",354,63.5,355,57.8,116,61.9
"Norwich School District","=""1040011""","Race/Ethnicity","American Indian or Alaska Native","*","*","*","*","*","*"
"Norwich School District","=""1040011""","Race/Ethnicity","Asian",126,64.6,126,62.7,41,65.1
"Norwich School District","=""1040011""","Race/Ethnicity","Black or African American",368,50.1,368,42.8,111,45.7
"Norwich School District","=""1040011""","Race/Ethnicity","Hispanic or Latino",718,49.7,716,43.6,227,47.0
"Norwich School District","=""1040011""","Race/Ethnicity","Native Hawaiian or Other Pacific Islander","*","*","*","*","*","*"
"Norwich School District","=""1040011""","Race/Ethnicity","Two or More Races",166,55.8,162,49.7,60,54.0
"Norwich School District","=""1040011""","Race/Ethnicity","White",499,60.3,499,53.8,187,57.2
"Norwich School District","=""1040011""","Special Education Status (SWD)","Students with Disabilities",372,36.1,370,28.9,123,34.2
"Norwich School District","=""1040011""","Special Education Status (SWD)","Students without Disabilities",1514,58.6,1510,52.7,506,56.0
"Old Saybrook School District","=""1060011""","All Students","District",482,73.3,483,68.9,226,72.1
"Old Saybrook School District","=""1060011""","English Language Learners (EL)","English Learners",72,58.7,72,58.0,30,58.3
"Old Saybrook School District","=""1060011""","English Language Learners (EL)","Not English Learners",410,75.8,411,70.9,196,74.2
"Old Saybrook School District","=""1060011""","Gender","Female",237,75.4,237,68.8,111,70.8
"Old Saybrook School District","=""1060011""","Gender","Male",245,71.2,246,69.1,115,73.4
"Old Saybrook School District","=""1060011""","Grade","03",54,69.7,54,60.7,"N/A","N/A"
"Old Saybrook School District","=""1060011""","Grade","04",50,74.6,50,71.1,"N/A","N/A"
"Old Saybrook School District","=""1060011""","Grade","05",68,81.0,68,75.9,68,80.6
"Old Saybrook School District","=""1060011""","Grade","06",84,77.8,85,76.9,"N/A","N/A"
"Old Saybrook School District","=""1060011""","Grade","07",68,75.2,68,75.2,"N/A","N/A"
"Old Saybrook School District","=""1060011""","Grade","08",84,72.0,84,64.7,84,73.3
"Old Saybrook School District","=""1060011""","Grade","11",74,62.5,74,57.1,74,62.9
"Old Saybrook School District","=""1060011""","High Needs (F/R, EL or SWD)","High Needs",195,59.8,196,55.7,92,62.1
"Old Saybrook School District","=""1060011""","High Needs (F/R, EL or SWD)","Not High Needs",287,82.4,287,78.0,134,79.0
"Old Saybrook School District","=""1060011""","Free/Reduced Price Meal Eligibility (2-level)","Eligible For Free Or Reduced Price Meals",133,61.2,133,57.9,63,62.4
"Old Saybrook School District","=""1060011""","Free/Reduced Price Meal Eligibility (2-level)","Not Eligible For Free Or Reduced Price Meals",349,77.9,350,73.2,163,75.8
"Old Saybrook School District","=""1060011""","Race/Ethnicity","Asian",23,64.7,23,66.4,11,"*"
"Old Saybrook School District","=""1060011""","Race/Ethnicity","Black or African American","*","*","*","*","N/A","N/A"
"Old Saybrook School District","=""1060011""","Race/Ethnicity","Hispanic or Latino",84,64.3,84,60.3,36,62.4
"Old Saybrook School District","=""1060011""","Race/Ethnicity","Native Hawaiian or Other Pacific Islander","*","*","*","*","*","*"
"Old Saybrook School District","=""1060011""","Race/Ethnicity","Two or More Races",14,"*",14,"*","*","*"
"Old Saybrook School District","=""1060011""","Race/Ethnicity","White",358,75.6,359,71.3,171,75.2
"Old Saybrook School District","=""1060011""","Special Education Status (SWD)","Students with Disabilities",80,52.1,81,46.8,40,54.9
"Old Saybrook School District","=""1060011""","Special Education Status (SWD)","Students without Disabilities",402,77.5,402,73.4,186,75.8
"Orange School District","=""1070011""","All Students","District",696,78.7,697,75.9,191,78.3
"Orange School District","=""1070011""","English Language Learners (EL)","English Learners",61,68.9,61,70.9,10,"*"
"Orange School District","=""1070011""","English Language Learners (EL)","Not English Learners",635,79.6,636,76.3,181,79.3
"Orange School District","=""1070011""","Gender","Female",344,79.6,344,73.7,87,76.3
"Orange School District","=""1070011""","Gender","Male",352,77.7,353,77.9,104,80.0
"Orange School District","=""1070011""","Grade","03",173,74.0,173,71.8,"N/A","N/A"
"Orange School District","=""1070011""","Grade","04",169,79.8,169,76.8,"N/A","N/A"
"Orange School District","=""1070011""","Grade","05",192,78.0,193,75.9,191,78.3
"Orange School District","=""1070011""","Grade","06",162,83.2,162,79.1,"N/A","N/A"
"Orange School District","=""1070011""","High Needs (F/R, EL or SWD)","High Needs",212,67.7,213,65.1,52,64.9
"Orange School District","=""1070011""","High Needs (F/R, EL or SWD)","Not High Needs",484,83.4,484,80.6,139,83.3
"Orange School District","=""1070011""","Free/Reduced Price Meal Eligibility (2-level)","Eligible For Free Or Reduced Price Meals",117,73.1,117,69.7,26,72.6
"Orange School District","=""1070011""","Free/Reduced Price Meal Eligibility (2-level)","Not Eligible For Free Or Reduced Price Meals",579,79.8,580,77.1,165,79.2
"Orange School District","=""1070011""","Race/Ethnicity","Asian",92,86.6,92,85.7,25,85.4
"Orange School District","=""1070011""","Race/Ethnicity","Black or African American",18,"*",18,"*","*","*"
"Orange School District","=""1070011""","Race/Ethnicity","Hispanic or Latino",65,72.7,65,67.1,14,"*"
"Orange School District","=""1070011""","Race/Ethnicity","Two or More Races",33,88.5,33,86.6,"*","*"
"Orange School District","=""1070011""","Race/Ethnicity","White",488,77.6,489,74.9,138,76.5
"Orange School District","=""1070011""","Special Education Status (SWD)","Students with Disabilities",82,55.0,83,51.4,27,56.5
"Orange School District","=""1070011""","Special Education Status (SWD)","Students without Disabilities",614,81.8,614,79.2,164,81.9
"Oxford School District","=""1080011""","All Students","District",844,72.5,841,67.8,355,73.9
"Oxford School District","=""1080011""","English Language Learners (EL)","English Learners",29,72.5,28,72.1,14,"*"
"Oxford School District","=""1080011""","English Language Learners (EL)","Not English Learners",815,72.5,813,67.6,341,73.6
"Oxford School District","=""1080011""","Gender","Female",399,74.6,398,66.9,174,72.2
"Oxford School District","=""1080011""","Gender","Male",445,70.7,443,68.5,181,75.6
"Oxford School District","=""1080011""","Grade","03",130,74.9,130,68.7,"N/A","N/A"
"Oxford School District","=""1080011""","Grade","04",120,77.5,120,77.2,"N/A","N/A"
"Oxford School District","=""1080011""","Grade","05",116,80.3,114,79.3,116,78.8
"Oxford School District","=""1080011""","Grade","06",120,73.7,119,66.6,"N/A","N/A"
"Oxford School District","=""1080011""","Grade","07",115,72.4,115,66.6,"N/A","N/A"
"Oxford School District","=""1080011""","Grade","08",130,71.6,130,62.0,131,71.9
"Oxford School District","=""1080011""","Grade","11",113,56.3,113,54.1,108,71.2
"Oxford School District","=""1080011""","High Needs (F/R, EL or SWD)","High Needs",252,63.6,250,58.1,98,64.7
"Oxford School District","=""1080011""","High Needs (F/R, EL or SWD)","Not High Needs",592,76.3,591,71.8,257,77.4
"Oxford School District","=""1080011""","Free/Reduced Price Meal Eligibility (2-level)","Eligible For Free Or Reduced Price Meals",143,66.0,143,59.2,55,64.1
"Oxford School District","=""1080011""","Free/Reduced Price Meal Eligibility (2-level)","Not Eligible For Free Or Reduced Price Meals",701,73.8,698,69.5,300,75.7
"Oxford School District","=""1080011""","Race/Ethnicity","American Indian or Alaska Native","*","*","*","*","N/A","N/A"
"Oxford School District","=""1080011""","Race/Ethnicity","Asian",21,76.3,21,81.5,7,"*"
"Oxford School District","=""1080011""","Race/Ethnicity","Black or African American",21,57.2,21,51.8,10,"*"
"Oxford School District","=""1080011""","Race/Ethnicity","Hispanic or Latino",103,70.9,103,65.1,37,72.0
"Oxford School District","=""1080011""","Race/Ethnicity","Native Hawaiian or Other Pacific Islander","*","*","*","*","N/A","N/A"
"Oxford School District","=""1080011""","Race/Ethnicity","Two or More Races",12,"*",12,"*",6,"*"
"Oxford School District","=""1080011""","Race/Ethnicity","White",682,73.1,679,68.4,295,74.3
"Oxford School District","=""1080011""","Special Education Status (SWD)","Students with Disabilities",134,54.5,132,48.3,55,56.7
"Oxford School District","=""1080011""","Special Education Status (SWD)","Students without Disabilities",710,75.9,709,71.4,300,77.1
"Plainfield School District","=""1090011""","All Students","District",963,61.4,963,57.2,398,59.9
"Plainfield School District","=""1090011""","English Language Learners (EL)","English Learners",20,54.2,20,50.3,7,"*"
"Plainfield School District","=""1090011""","English Language Learners (EL)","Not English Learners",943,61.6,943,57.3,391,60.0
"Plainfield School District","=""1090011""","Gender","Female",499,64.4,500,57.6,205,58.5
"Plainfield School District","=""1090011""","Gender","Male",464,58.3,463,56.8,193,61.4
"Plainfield School District","=""1090011""","Grade","03",145,60.5,145,57.8,"N/A","N/A"
"Plainfield School District","=""1090011""","Grade","04",148,65.6,148,64.4,"N/A","N/A"
"Plainfield School District","=""1090011""","Grade","05",131,69.5,131,70.1,131,70.5
"Plainfield School District","=""1090011""","Grade","06",127,66.7,127,64.5,"N/A","N/A"
"Plainfield School District","=""1090011""","Grade","07",143,63.0,143,52.5,"N/A","N/A"
"Plainfield School District","=""1090011""","Grade","08",126,58.2,126,52.3,129,63.4
"Plainfield School District","=""1090011""","Grade","11",143,47.3,143,39.8,138,46.5
"Plainfield School District","=""1090011""","High Needs (F/R, EL or SWD)","High Needs",590,57.1,590,53.2,233,55.0
"Plainfield School District","=""1090011""","High Needs (F/R, EL or SWD)","Not High Needs",373,68.2,373,63.5,165,66.9
"Plainfield School District","=""1090011""","Free/Reduced Price Meal Eligibility (2-level)","Eligible For Free Or Reduced Price Meals",524,58.6,524,54.5,209,55.5
"Plainfield School District","=""1090011""","Free/Reduced Price Meal Eligibility (2-level)","Not Eligible For Free Or Reduced Price Meals",439,64.9,439,60.4,189,64.8
"Plainfield School District","=""1090011""","Race/Ethnicity","American Indian or Alaska Native",6,"*","*","*","*","*"
"Plainfield School District","=""1090011""","Race/Ethnicity","Asian",12,"*",12,"*",6,"*"
"Plainfield School District","=""1090011""","Race/Ethnicity","Black or African American",31,59.9,31,53.9,15,"*"
"Plainfield School District","=""1090011""","Race/Ethnicity","Hispanic or Latino",44,54.6,45,53.6,19,"*"
"Plainfield School District","=""1090011""","Race/Ethnicity","Native Hawaiian or Other Pacific Islander",7,"*","*","*","*","*"
"Plainfield School District","=""1090011""","Race/Ethnicity","Two or More Races",32,66.8,32,60.6,12,"*"
"Plainfield School District","=""1090011""","Race/Ethnicity","White",831,61.6,831,57.2,340,59.7
"Plainfield School District","=""1090011""","Special Education Status (SWD)","Students with Disabilities",169,42.2,169,37.2,69,41.0
"Plainfield School District","=""1090011""","Special Education Status (SWD)","Students without Disabilities",794,65.5,794,61.4,329,63.9
"Plainville School District","=""1100011""","All Students","District",1128,66.5,1117,64.2,517,64.4
"Plainville School District","=""1100011""","English Language Learners (EL)","English Learners",139,60.1,138,60.8,52,60.3
"Plainville School District","=""1100011""","English Language Learners (EL)","Not English Learners",989,67.4,979,64.7,465,64.8
"Plainville School District","=""1100011""","Gender","Female",526,67.8,520,62.8,239,64.1
"Plainville School District","=""1100011""","Gender","Male",602,65.4,597,65.4,278,64.7
"Plainville School District","=""1100011""","Grade","03",148,69.8,147,63.6,"N/A","N/A"
"Plainville School District","=""1100011""","Grade","04",136,72.5,136,68.0,"N/A","N/A"
"Plainville School District","=""1100011""","Grade","05",163,71.2,163,68.8,163,70.1
"Plainville School District","=""1100011""","Grade","06",172,67.3,167,63.1,"N/A","N/A"
"Plainville School District","=""1100011""","Grade","07",155,66.4,151,64.6,"N/A","N/A"
"Plainville School District","=""1100011""","Grade","08",188,66.6,187,72.6,188,68.5
"Plainville School District","=""1100011""","Grade","11",166,53.5,166,48.7,166,54.1
"Plainville School District","=""1100011""","High Needs (F/R, EL or SWD)","High Needs",585,59.8,575,57.3,255,59.3
"Plainville School District","=""1100011""","High Needs (F/R, EL or SWD)","Not High Needs",543,73.8,542,71.6,262,69.4
"Plainville School District","=""1100011""","Free/Reduced Price Meal Eligibility (2-level)","Eligible For Free Or Reduced Price Meals",466,60.4,458,57.9,205,60.7
"Plainville School District","=""1100011""","Free/Reduced Price Meal Eligibility (2-level)","Not Eligible For Free Or Reduced Price Meals",662,70.9,659,68.6,312,66.8
"Plainville School District","=""1100011""","Race/Ethnicity","American Indian or Alaska Native","*","*","*","*","*","*"
"Plainville School District","=""1100011""","Race/Ethnicity","Asian",27,73.9,27,74.2,13,"*"
"Plainville School District","=""1100011""","Race/Ethnicity","Black or African American",71,57.5,68,54.1,36,54.2
"Plainville School District","=""1100011""","Race/Ethnicity","Hispanic or Latino",271,58.6,269,55.2,122,54.8
"Plainville School District","=""1100011""","Race/Ethnicity","Native Hawaiian or Other Pacific Islander","*","*","*","*","*","*"
"Plainville School District","=""1100011""","Race/Ethnicity","Two or More Races",50,65.3,49,59.6,22,57.9
"Plainville School District","=""1100011""","Race/Ethnicity","White",705,70.3,700,68.6,322,68.9
"Plainville School District","=""1100011""","Special Education Status (SWD)","Students with Disabilities",162,42.8,159,35.4,61,44.3
"Plainville School District","=""1100011""","Special Education Status (SWD)","Students without Disabilities",966,70.5,958,69.0,456,67.1
"Plymouth School District","=""1110011""","All Students","District",632,62.6,632,58.5,256,57.9
"Plymouth School District","=""1110011""","English Language Learners (EL)","English Learners",24,54.6,24,50.5,6,"*"
"Plymouth School District","=""1110011""","English Language Learners (EL)","Not English Learners",608,62.9,608,58.8,250,58.1
"Plymouth School District","=""1110011""","Gender","Female",318,65.3,317,59.1,137,59.2
"Plymouth School District","=""1110011""","Gender","Male",314,59.9,315,57.8,119,56.4
"Plymouth School District","=""1110011""","Grade","03",95,64.3,95,63.1,"N/A","N/A"
"Plymouth School District","=""1110011""","Grade","04",79,69.2,79,63.2,"N/A","N/A"
"Plymouth School District","=""1110011""","Grade","05",97,56.1,96,58.0,95,53.7
"Plymouth School District","=""1110011""","Grade","06",106,61.0,106,57.3,"N/A","N/A"
"Plymouth School District","=""1110011""","Grade","07",96,67.2,97,59.7,"N/A","N/A"
"Plymouth School District","=""1110011""","Grade","08",77,66.3,77,59.3,77,67.8
"Plymouth School District","=""1110011""","Grade","11",82,55.3,82,48.3,84,53.7
"Plymouth School District","=""1110011""","High Needs (F/R, EL or SWD)","High Needs",346,57.3,346,52.5,130,51.6
"Plymouth School District","=""1110011""","High Needs (F/R, EL or SWD)","Not High Needs",286,69.0,286,65.7,126,64.4
"Plymouth School District","=""1110011""","Free/Reduced Price Meal Eligibility (2-level)","Eligible For Free Or Reduced Price Meals",275,58.8,275,54.1,102,52.6
"Plymouth School District","=""1110011""","Free/Reduced Price Meal Eligibility (2-level)","Not Eligible For Free Or Reduced Price Meals",357,65.5,357,61.8,154,61.4
"Plymouth School District","=""1110011""","Race/Ethnicity","Asian",8,"*",8,"*","*","*"
"Plymouth School District","=""1110011""","Race/Ethnicity","Black or African American",13,"*",13,"*","*","*"
"Plymouth School District","=""1110011""","Race/Ethnicity","Hispanic or Latino",111,57.8,110,54.7,45,50.2
"Plymouth School District","=""1110011""","Race/Ethnicity","Two or More Races",37,62.8,37,63.2,12,"*"
"Plymouth School District","=""1110011""","Race/Ethnicity","White",463,63.6,464,59.0,193,59.6
"Plymouth School District","=""1110011""","Special Education Status (SWD)","Students with Disabilities",155,47.0,155,41.5,53,41.4
"Plymouth School District","=""1110011""","Special Education Status (SWD)","Students without Disabilities",477,67.7,477,64.0,203,62.2
"Pomfret School District","=""1120011""","All Students","District",214,72.1,214,72.1,79,70.2
"Pomfret School District","=""1120011""","English Language Learners (EL)","English Learners","*","*","*","*","*","*"
"Pomfret School District","=""1120011""","English Language Learners (EL)","Not English Learners","*","*","*","*","*","*"
"Pomfret School District","=""1120011""","Gender","Female",97,71.2,97,69.0,34,68.3
"Pomfret School District","=""1120011""","Gender","Male",117,72.8,117,74.7,45,71.5
"Pomfret School District","=""1120011""","Grade","03",36,63.1,36,64.4,"N/A","N/A"
"Pomfret School District","=""1120011""","Grade","04",26,77.4,26,78.3,"N/A","N/A"
"Pomfret School District","=""1120011""","Grade","05",44,77.0,44,76.5,44,74.3
"Pomfret School District","=""1120011""","Grade","06",44,73.9,44,74.4,"N/A","N/A"
"Pomfret School District","=""1120011""","Grade","07",29,72.1,29,74.6,"N/A","N/A"
"Pomfret School District","=""1120011""","Grade","08",35,69.1,35,64.9,35,65.0
"Pomfret School District","=""1120011""","High Needs (F/R, EL or SWD)","High Needs",83,64.4,83,63.6,28,63.6
"Pomfret School District","=""1120011""","High Needs (F/R, EL or SWD)","Not High Needs",131,77.0,131,77.4,51,73.8
"Pomfret School District","=""1120011""","Free/Reduced Price Meal Eligibility (2-level)","Eligible For Free Or Reduced Price Meals",62,68.7,62,68.0,21,74.9
"Pomfret School District","=""1120011""","Free/Reduced Price Meal Eligibility (2-level)","Not Eligible For Free Or Reduced Price Meals",152,73.5,152,73.7,58,68.4
"Pomfret School District","=""1120011""","Race/Ethnicity","Asian","*","*","*","*","*","*"
"Pomfret School District","=""1120011""","Race/Ethnicity","Black or African American","*","*","*","*","*","*"
"Pomfret School District","=""1120011""","Race/Ethnicity","Hispanic or Latino",10,"*",10,"*","*","*"
"Pomfret School District","=""1120011""","Race/Ethnicity","Two or More Races","*","*","*","*","*","*"
"Pomfret School District","=""1120011""","Race/Ethnicity","White",191,72.6,191,72.7,70,72.4
"Pomfret School District","=""1120011""","Special Education Status (SWD)","Students with Disabilities",37,52.8,37,52.3,12,"*"
"Pomfret School District","=""1120011""","Special Education Status (SWD)","Students without Disabilities",177,76.1,177,76.2,67,74.4
"Portland School District","=""1130011""","All Students","District",649,71.9,646,67.3,289,68.0
"Portland School District","=""1130011""","English Language Learners (EL)","English Learners",45,55.2,45,49.0,19,"*"
"Portland School District","=""1130011""","English Language Learners (EL)","Not English Learners",604,73.2,601,68.7,270,69.4
"Portland School District","=""1130011""","Gender","Female","*","*","*","*","*","*"
"Portland School District","=""1130011""","Gender","Male",353,70.2,351,68.1,152,66.5
"Portland School District","=""1130011""","Gender","Non-Binary","*","*","*","*","*","*"
"Portland School District","=""1130011""","Grade","03",79,77.8,79,74.5,"N/A","N/A"
"Portland School District","=""1130011""","Grade","04",74,78.0,73,78.9,"N/A","N/A"
"Portland School District","=""1130011""","Grade","05",105,73.0,104,73.7,105,71.1
"Portland School District","=""1130011""","Grade","06",98,77.6,98,70.9,"N/A","N/A"
"Portland School District","=""1130011""","Grade","07",110,69.6,109,59.8,"N/A","N/A"
"Portland School District","=""1130011""","Grade","08",106,68.1,106,63.1,106,69.9
"Portland School District","=""1130011""","Grade","11",77,60.0,77,52.0,78,61.4
"Portland School District","=""1130011""","High Needs (F/R, EL or SWD)","High Needs",274,59.3,271,54.1,122,56.0
"Portland School District","=""1130011""","High Needs (F/R, EL or SWD)","Not High Needs",375,81.1,375,76.9,167,76.9
"Portland School District","=""1130011""","Free/Reduced Price Meal Eligibility (2-level)","Eligible For Free Or Reduced Price Meals",201,61.1,200,55.4,91,58.3
"Portland School District","=""1130011""","Free/Reduced Price Meal Eligibility (2-level)","Not Eligible For Free Or Reduced Price Meals",448,76.8,446,72.7,198,72.5
"Portland School District","=""1130011""","Race/Ethnicity","Asian",11,"*",11,"*",7,"*"
"Portland School District","=""1130011""","Race/Ethnicity","Black or African American",27,56.6,27,51.9,11,"*"
"Portland School District","=""1130011""","Race/Ethnicity","Hispanic or Latino",124,62.4,123,55.5,51,58.1
"Portland School District","=""1130011""","Race/Ethnicity","Two or More Races",37,69.8,37,61.8,16,"*"
"Portland School District","=""1130011""","Race/Ethnicity","White",450,75.4,448,71.5,204,71.2
"Portland School District","=""1130011""","Special Education Status (SWD)","Students with Disabilities",142,49.6,139,44.4,60,46.8
"Portland School District","=""1130011""","Special Education Status (SWD)","Students without Disabilities",507,78.2,507,73.6,229,73.6
"Preston School District","=""1140011""","All Students","District",258,70.2,258,64.5,76,72.0
"Preston School District","=""1140011""","English Language Learners (EL)","English Learners",9,"*",9,"*","*","*"
"Preston School District","=""1140011""","English Language Learners (EL)","Not English Learners",249,69.9,249,64.3,"*","*"
"Preston School District","=""1140011""","Gender","Female",121,72.7,121,64.9,40,74.2
"Preston School District","=""1140011""","Gender","Male",137,68.1,137,64.2,36,69.7
"Preston School District","=""1140011""","Grade","03",48,75.8,48,73.2,"N/A","N/A"
"Preston School District","=""1140011""","Grade","04","*","*","*","*","N/A","N/A"
"Preston School District","=""1140011""","Grade","05",37,70.6,37,62.4,"*","*"
"Preston School District","=""1140011""","Grade","06",48,68.3,48,61.4,"N/A","N/A"
"Preston School District","=""1140011""","Grade","07",51,68.0,51,63.3,"N/A","N/A"
"Preston School District","=""1140011""","Grade","08",38,69.6,38,63.4,38,74.3
"Preston School District","=""1140011""","Grade","11","*","*","*","*","*","*"
"Preston School District","=""1140011""","High Needs (F/R, EL or SWD)","High Needs",104,62.5,104,56.5,26,60.4
"Preston School District","=""1140011""","High Needs (F/R, EL or SWD)","Not High Needs",154,75.5,154,69.9,50,78.1
"Preston School District","=""1140011""","Free/Reduced Price Meal Eligibility (2-level)","Eligible For Free Or Reduced Price Meals",80,66.6,80,61.7,20,63.2
"Preston School District","=""1140011""","Free/Reduced Price Meal Eligibility (2-level)","Not Eligible For Free Or Reduced Price Meals",178,71.9,178,65.8,56,75.2
"Preston School District","=""1140011""","Race/Ethnicity","American Indian or Alaska Native","*","*","*","*","*","*"
"Preston School District","=""1140011""","Race/Ethnicity","Asian",8,"*",8,"*","N/A","N/A"
"Preston School District","=""1140011""","Race/Ethnicity","Black or African American",6,"*",6,"*","*","*"
"Preston School District","=""1140011""","Race/Ethnicity","Hispanic or Latino",26,67.8,26,65.5,6,"*"
"Preston School District","=""1140011""","Race/Ethnicity","Native Hawaiian or Other Pacific Islander","*","*","*","*","N/A","N/A"
"Preston School District","=""1140011""","Race/Ethnicity","Two or More Races",9,"*",9,"*","*","*"
"Preston School District","=""1140011""","Race/Ethnicity","White",205,70.8,205,64.9,64,72.7
"Preston School District","=""1140011""","Special Education Status (SWD)","Students with Disabilities",41,48.7,41,41.6,12,"*"
"Preston School District","=""1140011""","Special Education Status (SWD)","Students without Disabilities",217,74.3,217,68.8,64,77.0
"Putnam School District","=""1160011""","All Students","District",585,60.1,582,53.8,212,55.3
"Putnam School District","=""1160011""","English Language Learners (EL)","English Learners",30,50.2,29,44.7,12,"*"
"Putnam School District","=""1160011""","English Language Learners (EL)","Not English Learners",555,60.7,553,54.2,200,55.5
"Putnam School District","=""1160011""","Gender","Female",274,61.2,274,52.6,98,56.1
"Putnam School District","=""1160011""","Gender","Male",311,59.2,308,54.8,114,54.6
"Putnam School District","=""1160011""","Grade","03",110,64.1,109,58.7,"N/A","N/A"
"Putnam School District","=""1160011""","Grade","04",82,64.7,82,60.9,"N/A","N/A"
"Putnam School District","=""1160011""","Grade","05",85,62.8,84,54.1,86,59.3
"Putnam School District","=""1160011""","Grade","06",96,64.9,97,56.5,"N/A","N/A"
"Putnam School District","=""1160011""","Grade","07",84,55.6,83,50.6,"N/A","N/A"
"Putnam School District","=""1160011""","Grade","08",70,53.3,69,47.3,70,59.6
"Putnam School District","=""1160011""","Grade","11",58,49.3,58,41.5,56,43.7
"Putnam School District","=""1160011""","High Needs (F/R, EL or SWD)","High Needs",371,54.3,369,48.4,132,48.5
"Putnam School District","=""1160011""","High Needs (F/R, EL or SWD)","Not High Needs",214,70.3,213,63.0,80,66.5
"Putnam School District","=""1160011""","Free/Reduced Price Meal Eligibility (2-level)","Eligible For Free Or Reduced Price Meals",327,55.3,326,49.2,114,49.3
"Putnam School District","=""1160011""","Free/Reduced Price Meal Eligibility (2-level)","Not Eligible For Free Or Reduced Price Meals",258,66.3,256,59.6,98,62.3
"Putnam School District","=""1160011""","Race/Ethnicity","American Indian or Alaska Native","*","*","*","*","*","*"
"Putnam School District","=""1160011""","Race/Ethnicity","Asian",7,"*",7,"*","*","*"
"Putnam School District","=""1160011""","Race/Ethnicity","Black or African American",11,"*",11,"*","*","*"
"Putnam School District","=""1160011""","Race/Ethnicity","Hispanic or Latino",98,55.0,97,48.8,31,50.9
"Putnam School District","=""1160011""","Race/Ethnicity","Native Hawaiian or Other Pacific Islander","*","*","*","*","*","*"
"Putnam School District","=""1160011""","Race/Ethnicity","Two or More Races",44,61.1,43,55.7,16,"*"
"Putnam School District","=""1160011""","Race/Ethnicity","White",423,61.2,422,54.7,157,56.8
"Putnam School District","=""1160011""","Special Education Status (SWD)","Students with Disabilities",113,40.6,111,34.3,39,35.2
"Putnam School District","=""1160011""","Special Education Status (SWD)","Students without Disabilities",472,64.8,471,58.4,173,59.8
"Redding School District","=""1170011""","All Students","District",552,79.2,551,79.1,199,78.9
"Redding School District","=""1170011""","English Language Learners (EL)","English Learners",17,"*",17,"*",7,"*"
"Redding School District","=""1170011""","English Language Learners (EL)","Not English Learners",535,79.7,534,79.3,192,79.1
"Redding School District","=""1170011""","Gender","Female",288,80.1,287,77.6,103,80.6
"Redding School District","=""1170011""","Gender","Male","*","*","*","*",96,77.0
"Redding School District","=""1170011""","Gender","Non-Binary","*","*","*","*","N/A","N/A"
"Redding School District","=""1170011""","Grade","03",84,81.4,84,79.9,"N/A","N/A"
"Redding School District","=""1170011""","Grade","04",93,83.5,93,82.6,"N/A","N/A"
"Redding School District","=""1170011""","Grade","05",97,82.4,97,81.1,97,83.4
"Redding School District","=""1170011""","Grade","06",88,79.5,88,74.6,"N/A","N/A"
"Redding School District","=""1170011""","Grade","07",89,77.7,89,80.5,"N/A","N/A"
"Redding School District","=""1170011""","Grade","08",101,71.4,100,75.7,102,74.5
"Redding School District","=""1170011""","High Needs (F/R, EL or SWD)","High Needs",164,67.8,163,67.2,54,66.1
"Redding School District","=""1170011""","High Needs (F/R, EL or SWD)","Not High Needs",388,84.0,388,84.1,145,83.6
"Redding School District","=""1170011""","Free/Reduced Price Meal Eligibility (2-level)","Eligible For Free Or Reduced Price Meals",70,72.8,70,73.7,19,"*"
"Redding School District","=""1170011""","Free/Reduced Price Meal Eligibility (2-level)","Not Eligible For Free Or Reduced Price Meals",482,80.1,481,79.9,180,78.5
"Redding School District","=""1170011""","Race/Ethnicity","American Indian or Alaska Native","*","*","*","*","N/A","N/A"
"Redding School District","=""1170011""","Race/Ethnicity","Asian",13,"*",13,"*","*","*"
"Redding School District","=""1170011""","Race/Ethnicity","Black or African American",8,"*",8,"*","*","*"
"Redding School District","=""1170011""","Race/Ethnicity","Hispanic or Latino",63,74.5,63,72.3,17,"*"
"Redding School District","=""1170011""","Race/Ethnicity","Native Hawaiian or Other Pacific Islander","*","*","*","*","N/A","N/A"
"Redding School District","=""1170011""","Race/Ethnicity","Two or More Races",14,"*",14,"*","*","*"
"Redding School District","=""1170011""","Race/Ethnicity","White",451,79.8,450,79.7,169,79.2
"Redding School District","=""1170011""","Special Education Status (SWD)","Students with Disabilities",101,63.1,100,60.2,34,58.8
"Redding School District","=""1170011""","Special Education Status (SWD)","Students without Disabilities",451,82.8,451,83.3,165,83.0
"Ridgefield School District","=""1180011""","All Students","District",2369,80.0,2365,79.2,1040,76.5
"Ridgefield School District","=""1180011""","English Language Learners (EL)","English Learners",85,69.7,85,70.4,29,65.7
"Ridgefield School District","=""1180011""","English Language Learners (EL)","Not English Learners",2284,80.4,2280,79.5,1011,76.8
"Ridgefield School District","=""1180011""","Gender","Female",1165,81.4,1163,77.6,507,76.9
"Ridgefield School District","=""1180011""","Gender","Male",1204,78.8,1202,80.7,533,76.1
"Ridgefield School District","=""1180011""","Grade","03",325,80.0,325,80.5,"N/A","N/A"
"Ridgefield School District","=""1180011""","Grade","04",322,83.6,322,86.2,"N/A","N/A"
"Ridgefield School District","=""1180011""","Grade","05",350,83.8,351,84.5,351,83.5
"Ridgefield School District","=""1180011""","Grade","06",346,80.6,344,75.3,"N/A","N/A"
"Ridgefield School District","=""1180011""","Grade","07",340,81.6,338,79.4,"N/A","N/A"
"Ridgefield School District","=""1180011""","Grade","08",334,80.5,333,81.5,332,78.5
"Ridgefield School District","=""1180011""","Grade","11",352,70.6,352,67.6,357,67.7
"Ridgefield School District","=""1180011""","High Needs (F/R, EL or SWD)","High Needs",605,67.5,602,65.8,246,62.4
"Ridgefield School District","=""1180011""","High Needs (F/R, EL or SWD)","Not High Needs",1764,84.4,1763,83.7,794,80.8
"Ridgefield School District","=""1180011""","Free/Reduced Price Meal Eligibility (2-level)","Eligible For Free Or Reduced Price Meals",185,71.0,185,68.8,77,67.0
"Ridgefield School District","=""1180011""","Free/Reduced Price Meal Eligibility (2-level)","Not Eligible For Free Or Reduced Price Meals",2184,80.8,2180,80.1,963,77.2
"Ridgefield School District","=""1180011""","Race/Ethnicity","American Indian or Alaska Native","*","*","*","*","*","*"
"Ridgefield School District","=""1180011""","Race/Ethnicity","Asian",164,87.3,164,91.6,75,86.9
"Ridgefield School District","=""1180011""","Race/Ethnicity","Black or African American",14,"*",14,"*","*","*"
"Ridgefield School District","=""1180011""","Race/Ethnicity","Hispanic or Latino",221,71.3,220,69.3,102,65.7
"Ridgefield School District","=""1180011""","Race/Ethnicity","Native Hawaiian or Other Pacific Islander","*","*","*","*","*","*"
"Ridgefield School District","=""1180011""","Race/Ethnicity","Two or More Races",122,79.5,122,78.4,53,77.0
"Ridgefield School District","=""1180011""","Race/Ethnicity","White",1843,80.5,1840,79.4,804,77.0
"Ridgefield School District","=""1180011""","Special Education Status (SWD)","Students with Disabilities",430,63.5,427,61.2,177,58.1
"Ridgefield School District","=""1180011""","Special Education Status (SWD)","Students without Disabilities",1939,83.7,1938,83.1,863,80.2
"Rocky Hill School District","=""1190011""","All Students","District",1296,76.0,1294,74.0,537,73.2
"Rocky Hill School District","=""1190011""","English Language Learners (EL)","English Learners",188,69.4,188,70.9,49,63.6
"Rocky Hill School District","=""1190011""","English Language Learners (EL)","Not English Learners",1108,77.2,1106,74.6,488,74.2
"Rocky Hill School District","=""1190011""","Gender","Female","*","*","*","*","*","*"
"Rocky Hill School District","=""1190011""","Gender","Male",672,74.7,671,74.5,273,74.7
"Rocky Hill School District","=""1190011""","Gender","Non-Binary","*","*","*","*","*","*"
"Rocky Hill School District","=""1190011""","Grade","03",197,74.1,197,74.1,"N/A","N/A"
"Rocky Hill School District","=""1190011""","Grade","04",176,78.5,176,77.1,"N/A","N/A"
"Rocky Hill School District","=""1190011""","Grade","05",165,75.0,165,76.4,164,74.4
"Rocky Hill School District","=""1190011""","Grade","06",207,79.0,207,74.7,"N/A","N/A"
"Rocky Hill School District","=""1190011""","Grade","07",174,80.4,174,76.5,"N/A","N/A"
"Rocky Hill School District","=""1190011""","Grade","08",204,78.9,202,74.3,202,76.2
"Rocky Hill School District","=""1190011""","Grade","11",173,65.4,173,65.0,171,68.6
"Rocky Hill School District","=""1190011""","High Needs (F/R, EL or SWD)","High Needs",505,64.8,504,61.7,192,60.1
"Rocky Hill School District","=""1190011""","High Needs (F/R, EL or SWD)","Not High Needs",791,83.2,790,81.9,345,80.5
"Rocky Hill School District","=""1190011""","Free/Reduced Price Meal Eligibility (2-level)","Eligible For Free Or Reduced Price Meals",289,63.3,288,58.1,126,60.7
"Rocky Hill School District","=""1190011""","Free/Reduced Price Meal Eligibility (2-level)","Not Eligible For Free Or Reduced Price Meals",1007,79.7,1006,78.6,411,77.1
"Rocky Hill School District","=""1190011""","Race/Ethnicity","American Indian or Alaska Native","*","*","*","*","N/A","N/A"
"Rocky Hill School District","=""1190011""","Race/Ethnicity","Asian",390,83.8,390,86.5,139,82.7
"Rocky Hill School District","=""1190011""","Race/Ethnicity","Black or African American",61,66.2,61,60.5,26,62.0
"Rocky Hill School District","=""1190011""","Race/Ethnicity","Hispanic or Latino",147,63.3,146,60.1,62,58.3
"Rocky Hill School District","=""1190011""","Race/Ethnicity","Two or More Races","*","*","*","*",22,69.3
"Rocky Hill School District","=""1190011""","Race/Ethnicity","White",643,75.5,642,71.2,288,73.2
"Rocky Hill School District","=""1190011""","Special Education Status (SWD)","Students with Disabilities",165,49.9,164,43.6,69,46.8
"Rocky Hill School District","=""1190011""","Special Education Status (SWD)","Students without Disabilities",1131,79.8,1130,78.4,468,77.1
"Salem School District","=""1210011""","All Students","District",248,68.7,245,65.0,87,63.9
"Salem School District","=""1210011""","English Language Learners (EL)","English Learners","*","*","*","*","*","*"
"Salem School District","=""1210011""","English Language Learners (EL)","Not English Learners","*","*","*","*","*","*"
"Salem School District","=""1210011""","Gender","Female",136,70.5,135,62.9,39,57.9
"Salem School District","=""1210011""","Gender","Male",112,66.5,110,67.6,48,68.8
"Salem School District","=""1210011""","Grade","03",42,71.1,40,70.6,"N/A","N/A"
"Salem School District","=""1210011""","Grade","04",40,72.3,40,67.7,"N/A","N/A"
"Salem School District","=""1210011""","Grade","05",48,65.6,48,67.7,48,68.1
"Salem School District","=""1210011""","Grade","06","*","*",39,69.9,"N/A","N/A"
"Salem School District","=""1210011""","Grade","07",39,66.7,39,59.1,"N/A","N/A"
"Salem School District","=""1210011""","Grade","08",39,62.2,"*","*","*","*"
"Salem School District","=""1210011""","Grade","11","*","*","*","*","*","*"
"Salem School District","=""1210011""","High Needs (F/R, EL or SWD)","High Needs",85,56.8,83,53.5,28,54.2
"Salem School District","=""1210011""","High Needs (F/R, EL or SWD)","Not High Needs",163,74.9,162,71.0,59,68.5
"Salem School District","=""1210011""","Free/Reduced Price Meal Eligibility (2-level)","Eligible For Free Or Reduced Price Meals",58,59.8,58,56.2,18,"*"
"Salem School District","=""1210011""","Free/Reduced Price Meal Eligibility (2-level)","Not Eligible For Free Or Reduced Price Meals",190,71.4,187,67.8,69,65.1
"Salem School District","=""1210011""","Race/Ethnicity","American Indian or Alaska Native","*","*","*","*","N/A","N/A"
"Salem School District","=""1210011""","Race/Ethnicity","Asian","*","*","*","*","N/A","N/A"
"Salem School District","=""1210011""","Race/Ethnicity","Black or African American","*","*","*","*","*","*"
"Salem School District","=""1210011""","Race/Ethnicity","Hispanic or Latino",29,67.9,29,58.8,13,"*"
"Salem School District","=""1210011""","Race/Ethnicity","Two or More Races",17,"*",17,"*","*","*"
"Salem School District","=""1210011""","Race/Ethnicity","White",195,69.0,192,66.2,68,65.8
"Salem School District","=""1210011""","Special Education Status (SWD)","Students with Disabilities",43,48.0,41,45.3,18,"*"
"Salem School District","=""1210011""","Special Education Status (SWD)","Students without Disabilities",205,73.0,204,69.0,69,68.9
"Salisbury School District","=""1220011""","All Students","District",179,80.4,179,76.3,56,77.5
"Salisbury School District","=""1220011""","English Language Learners (EL)","English Learners","*","*","*","*","*","*"
"Salisbury School District","=""1220011""","English Language Learners (EL)","Not English Learners","*","*","*","*","*","*"
"Salisbury School District","=""1220011""","Gender","Female","*","*","*","*","*","*"
"Salisbury School District","=""1220011""","Gender","Male",93,78.0,93,76.3,29,79.0
"Salisbury School District","=""1220011""","Gender","Non-Binary","*","*","*","*","*","*"
"Salisbury School District","=""1220011""","Grade","03",27,80.8,27,74.6,"N/A","N/A"
"Salisbury School District","=""1220011""","Grade","04",28,81.8,28,79.2,"N/A","N/A"
"Salisbury School District","=""1220011""","Grade","05",32,73.5,32,69.2,32,73.5
"Salisbury School District","=""1220011""","Grade","06",26,90.4,26,83.5,"N/A","N/A"
"Salisbury School District","=""1220011""","Grade","07",41,77.1,41,74.1,"N/A","N/A"
"Salisbury School District","=""1220011""","Grade","08",25,82.1,25,79.9,24,82.7
"Salisbury School District","=""1220011""","High Needs (F/R, EL or SWD)","High Needs",57,70.0,57,66.2,14,"*"
"Salisbury School District","=""1220011""","High Needs (F/R, EL or SWD)","Not High Needs",122,85.2,122,81.0,42,81.9
"Salisbury School District","=""1220011""","Free/Reduced Price Meal Eligibility (2-level)","Eligible For Free Or Reduced Price Meals",36,74.9,36,71.1,9,"*"
"Salisbury School District","=""1220011""","Free/Reduced Price Meal Eligibility (2-level)","Not Eligible For Free Or Reduced Price Meals",143,81.8,143,77.6,47,79.6
"Salisbury School District","=""1220011""","Race/Ethnicity","Asian","*","*","*","*","*","*"
"Salisbury School District","=""1220011""","Race/Ethnicity","Black or African American","*","*","*","*","*","*"
"Salisbury School District","=""1220011""","Race/Ethnicity","Hispanic or Latino",18,"*",18,"*",10,"*"
"Salisbury School District","=""1220011""","Race/Ethnicity","Two or More Races",14,"*",14,"*","*","*"
"Salisbury School District","=""1220011""","Race/Ethnicity","White",139,80.1,139,76.0,39,79.2
"Salisbury School District","=""1220011""","Special Education Status (SWD)","Students with Disabilities",28,59.9,28,56.1,6,"*"
"Salisbury School District","=""1220011""","Special Education Status (SWD)","Students without Disabilities",151,84.2,151,80.0,50,80.1
"Scotland School District","=""1230011""","All Students","District",44,63.3,44,62.6,10,"*"
"Scotland School District","=""1230011""","English Language Learners (EL)","Not English Learners",44,63.3,44,62.6,10,"*"
"Scotland School District","=""1230011""","Gender","Female",24,63.9,24,61.1,"*","*"
"Scotland School District","=""1230011""","Gender","Male",20,62.7,20,64.5,"*","*"
"Scotland School District","=""1230011""","Grade","03",8,"*",8,"*","N/A","N/A"
"Scotland School District","=""1230011""","Grade","04",10,"*",10,"*","N/A","N/A"
"Scotland School District","=""1230011""","Grade","05",10,"*",10,"*",10,"*"
"Scotland School District","=""1230011""","Grade","06",16,"*",16,"*","N/A","N/A"
"Scotland School District","=""1230011""","High Needs (F/R, EL or SWD)","High Needs",26,57.4,26,57.6,"*","*"
"Scotland School District","=""1230011""","High Needs (F/R, EL or SWD)","Not High Needs",18,"*",18,"*","*","*"
"Scotland School District","=""1230011""","Free/Reduced Price Meal Eligibility (2-level)","Eligible For Free Or Reduced Price Meals",23,60.1,23,60.1,"*","*"
"Scotland School District","=""1230011""","Free/Reduced Price Meal Eligibility (2-level)","Not Eligible For Free Or Reduced Price Meals",21,66.9,21,65.4,"*","*"
"Scotland School District","=""1230011""","Race/Ethnicity","Black or African American","*","*","*","*","N/A","N/A"
"Scotland School District","=""1230011""","Race/Ethnicity","Hispanic or Latino","*","*","*","*","*","*"
"Scotland School District","=""1230011""","Race/Ethnicity","White",41,65.2,41,63.2,"*","*"
"Scotland School District","=""1230011""","Special Education Status (SWD)","Students with Disabilities",12,"*",12,"*","*","*"
"Scotland School District","=""1230011""","Special Education Status (SWD)","Students without Disabilities",32,70.4,32,69.7,"*","*"
"Seymour School District","=""1240011""","All Students","District",1072,65.7,1073,64.1,461,59.6
"Seymour School District","=""1240011""","English Language Learners (EL)","English Learners",100,57.4,100,57.9,31,49.5
"Seymour School District","=""1240011""","English Language Learners (EL)","Not English Learners",972,66.5,973,64.8,430,60.3
"Seymour School District","=""1240011""","Gender","Female",546,67.9,547,63.9,233,59.4
"Seymour School District","=""1240011""","Gender","Male",526,63.4,526,64.4,228,59.8
"Seymour School District","=""1240011""","Grade","03",158,68.6,158,62.5,"N/A","N/A"
"Seymour School District","=""1240011""","Grade","04",140,74.5,140,74.5,"N/A","N/A"
"Seymour School District","=""1240011""","Grade","05",166,72.2,166,71.9,166,67.7
"Seymour School District","=""1240011""","Grade","06",153,64.5,154,62.0,"N/A","N/A"
"Seymour School District","=""1240011""","Grade","07",158,63.9,158,63.6,"N/A","N/A"
"Seymour School District","=""1240011""","Grade","08",150,61.3,150,64.6,151,64.1
"Seymour School District","=""1240011""","Grade","11",147,54.4,147,49.6,144,45.5
"Seymour School District","=""1240011""","High Needs (F/R, EL or SWD)","High Needs",601,59.3,602,57.7,264,54.5
"Seymour School District","=""1240011""","High Needs (F/R, EL or SWD)","Not High Needs",471,73.8,471,72.4,197,66.4
"Seymour School District","=""1240011""","Free/Reduced Price Meal Eligibility (2-level)","Eligible For Free Or Reduced Price Meals",533,59.7,534,58.0,234,55.5
"Seymour School District","=""1240011""","Free/Reduced Price Meal Eligibility (2-level)","Not Eligible For Free Or Reduced Price Meals",539,71.7,539,70.3,227,63.8
"Seymour School District","=""1240011""","Race/Ethnicity","Asian",41,73.5,41,74.1,11,"*"
"Seymour School District","=""1240011""","Race/Ethnicity","Black or African American",77,60.9,77,61.5,32,50.7
"Seymour School District","=""1240011""","Race/Ethnicity","Hispanic or Latino",233,57.7,234,55.6,101,54.5
"Seymour School District","=""1240011""","Race/Ethnicity","Two or More Races",26,63.4,26,59.6,11,"*"
"Seymour School District","=""1240011""","Race/Ethnicity","White",695,68.5,695,66.9,306,61.7
"Seymour School District","=""1240011""","Special Education Status (SWD)","Students with Disabilities",173,43.5,173,40.2,79,42.3
"Seymour School District","=""1240011""","Special Education Status (SWD)","Students without Disabilities",899,70.0,900,68.7,382,63.2
"Sharon School District","=""1250011""","All Students","District",54,71.6,54,64.0,17,"*"
"Sharon School District","=""1250011""","English Language Learners (EL)","English Learners","*","*","*","*","*","*"
"Sharon School District","=""1250011""","English Language Learners (EL)","Not English Learners","*","*","*","*","*","*"
"Sharon School District","=""1250011""","Gender","Female",23,76.3,23,64.3,9,"*"
"Sharon School District","=""1250011""","Gender","Male",31,68.1,31,63.8,8,"*"
"Sharon School District","=""1250011""","Grade","03",7,"*",7,"*","N/A","N/A"
"Sharon School District","=""1250011""","Grade","04",9,"*",9,"*","N/A","N/A"
"Sharon School District","=""1250011""","Grade","05","*","*","*","*","*","*"
"Sharon School District","=""1250011""","Grade","06",17,"*",17,"*","N/A","N/A"
"Sharon School District","=""1250011""","Grade","07","*","*","*","*","N/A","N/A"
"Sharon School District","=""1250011""","Grade","08",12,"*",12,"*","*","*"
"Sharon School District","=""1250011""","High Needs (F/R, EL or SWD)","High Needs",30,64.0,30,59.4,10,"*"
"Sharon School District","=""1250011""","High Needs (F/R, EL or SWD)","Not High Needs",24,81.1,24,69.7,7,"*"
"Sharon School District","=""1250011""","Free/Reduced Price Meal Eligibility (2-level)","Eligible For Free Or Reduced Price Meals",18,"*",18,"*","*","*"
"Sharon School District","=""1250011""","Free/Reduced Price Meal Eligibility (2-level)","Not Eligible For Free Or Reduced Price Meals",36,75.0,36,65.8,"*","*"
"Sharon School District","=""1250011""","Race/Ethnicity","Hispanic or Latino","*","*","*","*","*","*"
"Sharon School District","=""1250011""","Race/Ethnicity","Two or More Races","*","*","*","*","N/A","N/A"
"Sharon School District","=""1250011""","Race/Ethnicity","White",47,71.0,47,63.6,"*","*"
"Sharon School District","=""1250011""","Special Education Status (SWD)","Students with Disabilities",14,"*",14,"*",6,"*"
"Sharon School District","=""1250011""","Special Education Status (SWD)","Students without Disabilities",40,76.7,40,68.1,11,"*"
"Shelton School District","=""1260011""","All Students","District",2359,66.3,2359,67.0,986,65.1
"Shelton School District","=""1260011""","English Language Learners (EL)","English Learners",284,59.3,284,61.6,88,62.0
"Shelton School District","=""1260011""","English Language Learners (EL)","Not English Learners",2075,67.2,2075,67.7,898,65.4
"Shelton School District","=""1260011""","Gender","Female","*","*","*","*","*","*"
"Shelton School District","=""1260011""","Gender","Male",1216,64.7,1215,68.0,508,65.0
"Shelton School District","=""1260011""","Gender","Non-Binary","*","*","*","*","*","*"
"Shelton School District","=""1260011""","Grade","03",323,72.0,323,73.1,"N/A","N/A"
"Shelton School District","=""1260011""","Grade","04",334,74.3,334,75.9,"N/A","N/A"
"Shelton School District","=""1260011""","Grade","05",321,67.4,321,72.9,322,68.5
"Shelton School District","=""1260011""","Grade","06",385,69.6,385,67.2,"N/A","N/A"
"Shelton School District","=""1260011""","Grade","07",332,63.5,332,63.8,"N/A","N/A"
"Shelton School District","=""1260011""","Grade","08",367,58.2,367,60.4,367,59.0
"Shelton School District","=""1260011""","Grade","11",297,58.4,297,55.3,297,69.0
"Shelton School District","=""1260011""","High Needs (F/R, EL or SWD)","High Needs",1181,58.7,1181,59.2,448,56.0
"Shelton School District","=""1260011""","High Needs (F/R, EL or SWD)","Not High Needs",1178,73.8,1178,74.8,538,72.7
"Shelton School District","=""1260011""","Free/Reduced Price Meal Eligibility (2-level)","Eligible For Free Or Reduced Price Meals",867,59.7,868,60.2,335,56.6
"Shelton School District","=""1260011""","Free/Reduced Price Meal Eligibility (2-level)","Not Eligible For Free Or Reduced Price Meals",1492,70.1,1491,70.9,651,69.5
"Shelton School District","=""1260011""","Race/Ethnicity","American Indian or Alaska Native","*","*","*","*","N/A","N/A"
"Shelton School District","=""1260011""","Race/Ethnicity","Asian",120,75.9,120,79.7,49,80.8
"Shelton School District","=""1260011""","Race/Ethnicity","Black or African American",237,59.9,237,57.5,107,53.4
"Shelton School District","=""1260011""","Race/Ethnicity","Hispanic or Latino",552,61.4,553,60.4,206,59.1
"Shelton School District","=""1260011""","Race/Ethnicity","Native Hawaiian or Other Pacific Islander","*","*","*","*","*","*"
"Shelton School District","=""1260011""","Race/Ethnicity","Two or More Races",99,68.5,99,69.1,"*","*"
"Shelton School District","=""1260011""","Race/Ethnicity","White",1344,68.3,1343,70.1,578,68.1
"Shelton School District","=""1260011""","Special Education Status (SWD)","Students with Disabilities",435,47.6,435,47.1,164,44.8
"Shelton School District","=""1260011""","Special Education Status (SWD)","Students without Disabilities",1924,70.5,1924,71.5,822,69.2
"Sherman School District","=""1270011""","All Students","District",136,79.0,136,75.1,41,79.0
"Sherman School District","=""1270011""","English Language Learners (EL)","Not English Learners",136,79.0,136,75.1,41,79.0
"Sherman School District","=""1270011""","Gender","Female",70,78.5,70,72.3,25,74.2
"Sherman School District","=""1270011""","Gender","Male",66,79.5,66,78.0,16,"*"
"Sherman School District","=""1270011""","Grade","03",21,84.3,21,82.1,"N/A","N/A"
"Sherman School District","=""1270011""","Grade","04",27,81.5,27,81.5,"N/A","N/A"
"Sherman School District","=""1270011""","Grade","05",12,"*",12,"*",12,"*"
"Sherman School District","=""1270011""","Grade","06",28,76.3,28,65.4,"N/A","N/A"
"Sherman School District","=""1270011""","Grade","07",19,"*",19,"*","N/A","N/A"
"Sherman School District","=""1270011""","Grade","08",29,77.2,29,76.0,29,76.0
"Sherman School District","=""1270011""","High Needs (F/R, EL or SWD)","High Needs",21,54.0,21,44.6,6,"*"
"Sherman School District","=""1270011""","High Needs (F/R, EL or SWD)","Not High Needs",115,83.6,115,80.6,35,86.1
"Sherman School District","=""1270011""","Free/Reduced Price Meal Eligibility (2-level)","Eligible For Free Or Reduced Price Meals",9,"*",9,"*","*","*"
"Sherman School District","=""1270011""","Free/Reduced Price Meal Eligibility (2-level)","Not Eligible For Free Or Reduced Price Meals",127,79.8,127,76.6,"*","*"
"Sherman School District","=""1270011""","Race/Ethnicity","Asian","*","*","*","*","*","*"
"Sherman School District","=""1270011""","Race/Ethnicity","Black or African American","*","*","*","*","N/A","N/A"
"Sherman School District","=""1270011""","Race/Ethnicity","Hispanic or Latino",13,"*",13,"*","*","*"
"Sherman School District","=""1270011""","Race/Ethnicity","Two or More Races",9,"*",9,"*","*","*"
"Sherman School District","=""1270011""","Race/Ethnicity","White",112,79.8,112,75.3,37,78.8
"Sherman School District","=""1270011""","Special Education Status (SWD)","Students with Disabilities",16,"*",16,"*","*","*"
"Sherman School District","=""1270011""","Special Education Status (SWD)","Students without Disabilities",120,83.2,120,80.1,"*","*"
"Simsbury School District","=""1280011""","All Students","District",2221,78.7,2220,75.7,956,78.7
"Simsbury School District","=""1280011""","English Language Learners (EL)","English Learners",88,65.4,88,66.8,34,64.2
"Simsbury School District","=""1280011""","English Language Learners (EL)","Not English Learners",2133,79.2,2132,76.0,922,79.2
"Simsbury School District","=""1280011""","Gender","Female","*","*","*","*","*","*"
"Simsbury School District","=""1280011""","Gender","Male",1126,77.9,1126,77.1,481,80.6
"Simsbury School District","=""1280011""","Gender","Non-Binary","*","*","*","*","*","*"
"Simsbury School District","=""1280011""","Grade","03",323,79.9,323,77.5,"N/A","N/A"
"Simsbury School District","=""1280011""","Grade","04",302,84.2,302,81.0,"N/A","N/A"
"Simsbury School District","=""1280011""","Grade","05",327,82.4,326,83.0,327,78.8
"Simsbury School District","=""1280011""","Grade","06",312,82.2,312,77.2,"N/A","N/A"
"Simsbury School District","=""1280011""","Grade","07",333,79.1,333,75.5,"N/A","N/A"
"Simsbury School District","=""1280011""","Grade","08",332,74.5,332,71.0,334,75.6
"Simsbury School District","=""1280011""","Grade","11",292,68.0,292,63.7,295,82.0
"Simsbury School District","=""1280011""","High Needs (F/R, EL or SWD)","High Needs",685,65.6,684,61.7,293,65.0
"Simsbury School District","=""1280011""","High Needs (F/R, EL or SWD)","Not High Needs",1536,84.5,1536,81.9,663,84.7
"Simsbury School District","=""1280011""","Free/Reduced Price Meal Eligibility (2-level)","Eligible For Free Or Reduced Price Meals",377,66.6,377,62.5,165,65.4
"Simsbury School District","=""1280011""","Free/Reduced Price Meal Eligibility (2-level)","Not Eligible For Free Or Reduced Price Meals",1844,81.1,1843,78.4,791,81.4
"Simsbury School District","=""1280011""","Race/Ethnicity","American Indian or Alaska Native","*","*","*","*","*","*"
"Simsbury School District","=""1280011""","Race/Ethnicity","Asian",137,81.9,137,85.7,63,85.3
"Simsbury School District","=""1280011""","Race/Ethnicity","Black or African American",150,64.8,150,59.7,61,63.4
"Simsbury School District","=""1280011""","Race/Ethnicity","Hispanic or Latino",263,72.5,262,68.6,108,73.8
"Simsbury School District","=""1280011""","Race/Ethnicity","Two or More Races","*","*","*","*","*","*"
"Simsbury School District","=""1280011""","Race/Ethnicity","White",1543,80.7,1543,77.4,668,80.1
"Simsbury School District","=""1280011""","Special Education Status (SWD)","Students with Disabilities",373,59.0,372,53.3,157,58.0
"Simsbury School District","=""1280011""","Special Education Status (SWD)","Students without Disabilities",1848,82.7,1848,80.2,799,82.7
"Somers School District","=""1290011""","All Students","District",717,69.6,717,64.9,282,68.8
"Somers School District","=""1290011""","English Language Learners (EL)","English Learners",16,"*",16,"*","*","*"
"Somers School District","=""1290011""","English Language Learners (EL)","Not English Learners",701,69.9,701,65.1,"*","*"
"Somers School District","=""1290011""","Gender","Female",363,71.4,363,63.5,145,67.5
"Somers School District","=""1290011""","Gender","Male",354,67.8,354,66.3,137,70.1
"Somers School District","=""1290011""","Grade","03",126,68.5,126,65.9,"N/A","N/A"
"Somers School District","=""1290011""","Grade","04",95,75.7,95,72.5,"N/A","N/A"
"Somers School District","=""1290011""","Grade","05",100,72.6,100,71.6,100,72.5
"Somers School District","=""1290011""","Grade","06",108,71.7,108,64.1,"N/A","N/A"
"Somers School District","=""1290011""","Grade","07",106,69.2,106,66.2,"N/A","N/A"
"Somers School District","=""1290011""","Grade","08",113,67.5,113,57.6,113,64.2
"Somers School District","=""1290011""","Grade","11",69,59.6,69,53.7,69,70.8
"Somers School District","=""1290011""","High Needs (F/R, EL or SWD)","High Needs",165,55.1,165,50.9,67,55.2
"Somers School District","=""1290011""","High Needs (F/R, EL or SWD)","Not High Needs",552,73.9,552,69.0,215,73.0
"Somers School District","=""1290011""","Free/Reduced Price Meal Eligibility (2-level)","Eligible For Free Or Reduced Price Meals",58,59.3,58,56.6,25,59.7
"Somers School District","=""1290011""","Free/Reduced Price Meal Eligibility (2-level)","Not Eligible For Free Or Reduced Price Meals",659,70.5,659,65.6,257,69.6
"Somers School District","=""1290011""","Race/Ethnicity","American Indian or Alaska Native","*","*","*","*","*","*"
"Somers School District","=""1290011""","Race/Ethnicity","Asian","*","*","*","*","*","*"
"Somers School District","=""1290011""","Race/Ethnicity","Black or African American",22,56.6,22,51.4,9,"*"
"Somers School District","=""1290011""","Race/Ethnicity","Hispanic or Latino",52,59.0,52,50.7,23,57.8
"Somers School District","=""1290011""","Race/Ethnicity","Two or More Races",14,"*",14,"*","*","*"
"Somers School District","=""1290011""","Race/Ethnicity","White",621,70.9,621,66.5,243,70.1
"Somers School District","=""1290011""","Special Education Status (SWD)","Students with Disabilities",114,51.5,114,46.0,47,52.5
"Somers School District","=""1290011""","Special Education Status (SWD)","Students without Disabilities",603,73.0,603,68.4,235,72.0
"Southington School District","=""1310011""","All Students","District",3229,71.9,3224,70.9,1428,72.1
"Southington School District","=""1310011""","English Language Learners (EL)","English Learners",176,63.6,176,64.1,77,62.0
"Southington School District","=""1310011""","English Language Learners (EL)","Not English Learners",3053,72.3,3048,71.2,1351,72.7
"Southington School District","=""1310011""","Gender","Female","*","*","*","*",715,71.9
"Southington School District","=""1310011""","Gender","Male",1628,70.3,1625,72.1,"*","*"
"Southington School District","=""1310011""","Gender","Non-Binary","*","*","*","*","*","*"
"Southington School District","=""1310011""","Grade","03",450,74.3,449,74.8,"N/A","N/A"
"Southington School District","=""1310011""","Grade","04",463,77.6,463,78.8,"N/A","N/A"
"Southington School District","=""1310011""","Grade","05",491,72.2,491,74.6,491,73.1
"Southington School District","=""1310011""","Grade","06",452,77.4,450,73.9,"N/A","N/A"
"Southington School District","=""1310011""","Grade","07",436,75.3,435,72.1,"N/A","N/A"
"Southington School District","=""1310011""","Grade","08",454,69.7,453,69.4,455,74.9
"Southington School District","=""1310011""","Grade","11",483,57.5,483,53.1,482,68.5
"Southington School District","=""1310011""","High Needs (F/R, EL or SWD)","High Needs",1220,62.1,1215,60.3,530,62.6
"Southington School District","=""1310011""","High Needs (F/R, EL or SWD)","Not High Needs",2009,77.8,2009,77.2,898,77.7
"Southington School District","=""1310011""","Free/Reduced Price Meal Eligibility (2-level)","Eligible For Free Or Reduced Price Meals",841,65.1,838,62.8,382,65.1
"Southington School District","=""1310011""","Free/Reduced Price Meal Eligibility (2-level)","Not Eligible For Free Or Reduced Price Meals",2388,74.2,2386,73.7,1046,74.6
"Southington School District","=""1310011""","Race/Ethnicity","Asian",161,77.8,161,81.1,66,80.2
"Southington School District","=""1310011""","Race/Ethnicity","Black or African American","*","*","*","*",34,60.5
"Southington School District","=""1310011""","Race/Ethnicity","Hispanic or Latino",407,65.1,407,62.4,187,63.4
"Southington School District","=""1310011""","Race/Ethnicity","Native Hawaiian or Other Pacific Islander","*","*","*","*","N/A","N/A"
"Southington School District","=""1310011""","Race/Ethnicity","Two or More Races",194,72.6,194,70.2,80,71.8
"Southington School District","=""1310011""","Race/Ethnicity","White",2388,72.9,2383,72.0,1061,73.5
"Southington School District","=""1310011""","Special Education Status (SWD)","Students with Disabilities",547,52.1,542,49.1,226,52.1
"Southington School District","=""1310011""","Special Education Status (SWD)","Students without Disabilities",2682,75.9,2682,75.3,1202,75.9
"South Windsor School District","=""1320011""","All Students","District",2732,75.2,2724,75.0,1146,76.0
"South Windsor School District","=""1320011""","English Language Learners (EL)","English Learners",388,70.4,385,73.3,118,67.7
"South Windsor School District","=""1320011""","English Language Learners (EL)","Not English Learners",2344,76.0,2339,75.2,1028,77.0
"South Windsor School District","=""1320011""","Gender","Female","*","*","*","*","*","*"
"South Windsor School District","=""1320011""","Gender","Male",1405,73.6,1401,75.9,584,74.9
"South Windsor School District","=""1320011""","Gender","Non-Binary","*","*","*","*","*","*"
"South Windsor School District","=""1320011""","Grade","03",404,77.6,402,77.6,"N/A","N/A"
"South Windsor School District","=""1320011""","Grade","04",350,79.7,349,79.6,"N/A","N/A"
"South Windsor School District","=""1320011""","Grade","05",417,79.5,416,78.3,416,78.9
"South Windsor School District","=""1320011""","Grade","06",426,77.9,423,77.5,"N/A","N/A"
"South Windsor School District","=""1320011""","Grade","07",401,73.8,401,73.1,"N/A","N/A"
"South Windsor School District","=""1320011""","Grade","08",371,73.5,370,74.6,369,73.9
"South Windsor School District","=""1320011""","Grade","11",363,63.8,363,63.2,361,74.9
"South Windsor School District","=""1320011""","High Needs (F/R, EL or SWD)","High Needs",921,63.2,916,62.3,379,61.6
"South Windsor School District","=""1320011""","High Needs (F/R, EL or SWD)","Not High Needs",1811,81.4,1808,81.4,767,83.1
"South Windsor School District","=""1320011""","Free/Reduced Price Meal Eligibility (2-level)","Eligible For Free Or Reduced Price Meals",440,61.8,439,58.2,207,61.9
"South Windsor School District","=""1320011""","Free/Reduced Price Meal Eligibility (2-level)","Not Eligible For Free Or Reduced Price Meals",2292,77.8,2285,78.2,939,79.1
"South Windsor School District","=""1320011""","Race/Ethnicity","American Indian or Alaska Native",6,"*",6,"*","*","*"
"South Windsor School District","=""1320011""","Race/Ethnicity","Asian",929,82.5,924,86.2,374,85.0
"South Windsor School District","=""1320011""","Race/Ethnicity","Black or African American",141,65.4,141,60.0,73,65.8
"South Windsor School District","=""1320011""","Race/Ethnicity","Hispanic or Latino",303,63.1,303,59.8,123,60.5
"South Windsor School District","=""1320011""","Race/Ethnicity","Two or More Races",141,71.8,141,69.1,"*","*"
"South Windsor School District","=""1320011""","Race/Ethnicity","White",1212,74.3,1209,72.6,506,75.3
"South Windsor School District","=""1320011""","Special Education Status (SWD)","Students with Disabilities",310,49.1,308,46.1,140,49.3
"South Windsor School District","=""1320011""","Special Education Status (SWD)","Students without Disabilities",2422,78.6,2416,78.6,1006,79.7
"Sprague School District","=""1330011""","All Students","District",158,58.3,157,51.5,47,54.0
"Sprague School District","=""1330011""","English Language Learners (EL)","English Learners","*","*","*","*","*","*"
"Sprague School District","=""1330011""","English Language Learners (EL)","Not English Learners","*","*","*","*","*","*"
"Sprague School District","=""1330011""","Gender","Female",77,63.2,77,54.1,20,54.7
"Sprague School District","=""1330011""","Gender","Male",81,53.7,80,49.0,27,53.4
"Sprague School District","=""1330011""","Grade","03",28,59.3,28,52.7,"N/A","N/A"
"Sprague School District","=""1330011""","Grade","04",22,60.6,21,54.0,"N/A","N/A"
"Sprague School District","=""1330011""","Grade","05",24,61.2,24,53.4,24,60.7
"Sprague School District","=""1330011""","Grade","06",27,60.0,27,53.6,"N/A","N/A"
"Sprague School District","=""1330011""","Grade","07",31,59.8,31,52.1,"N/A","N/A"
"Sprague School District","=""1330011""","Grade","08",26,49.1,26,43.6,23,46.9
"Sprague School District","=""1330011""","Grade","11",0,"N/A",0,"N/A",0,"N/A"
"Sprague School District","=""1330011""","High Needs (F/R, EL or SWD)","High Needs",95,52.7,94,46.1,32,50.4
"Sprague School District","=""1330011""","High Needs (F/R, EL or SWD)","Not High Needs",63,66.8,63,59.5,15,"*"
"Sprague School District","=""1330011""","Free/Reduced Price Meal Eligibility (2-level)","Eligible For Free Or Reduced Price Meals",82,54.4,81,48.4,27,52.9
"Sprague School District","=""1330011""","Free/Reduced Price Meal Eligibility (2-level)","Not Eligible For Free Or Reduced Price Meals",76,62.5,76,54.8,20,55.4
"Sprague School District","=""1330011""","Race/Ethnicity","American Indian or Alaska Native","*","*","*","*","*","*"
"Sprague School District","=""1330011""","Race/Ethnicity","Asian","*","*","*","*","*","*"
"Sprague School District","=""1330011""","Race/Ethnicity","Black or African American","*","*","*","*","*","*"
"Sprague School District","=""1330011""","Race/Ethnicity","Hispanic or Latino",27,56.8,26,49.6,"*","*"
"Sprague School District","=""1330011""","Race/Ethnicity","Two or More Races",20,61.8,20,51.3,"*","*"
"Sprague School District","=""1330011""","Race/Ethnicity","White",105,59.1,105,52.7,34,57.3
"Sprague School District","=""1330011""","Special Education Status (SWD)","Students with Disabilities",27,38.3,26,32.9,9,"*"
"Sprague School District","=""1330011""","Special Education Status (SWD)","Students without Disabilities",131,62.4,131,55.2,38,57.8
"Stafford School District","=""1340011""","All Students","District",637,63.7,635,61.0,262,66.7
"Stafford School District","=""1340011""","English Language Learners (EL)","English Learners",10,"*",10,"*","*","*"
"Stafford School District","=""1340011""","English Language Learners (EL)","Not English Learners",627,63.9,625,61.1,"*","*"
"Stafford School District","=""1340011""","Gender","Female",311,64.9,310,60.1,132,66.9
"Stafford School District","=""1340011""","Gender","Male",326,62.5,325,61.9,130,66.6
"Stafford School District","=""1340011""","Grade","03",91,64.0,91,60.6,"N/A","N/A"
"Stafford School District","=""1340011""","Grade","04",90,63.4,90,65.2,"N/A","N/A"
"Stafford School District","=""1340011""","Grade","05",85,60.1,85,63.7,85,61.5
"Stafford School District","=""1340011""","Grade","06",96,68.8,96,59.5,"N/A","N/A"
"Stafford School District","=""1340011""","Grade","07",96,64.2,94,61.2,"N/A","N/A"
"Stafford School District","=""1340011""","Grade","08",89,62.7,89,61.8,89,66.1
"Stafford School District","=""1340011""","Grade","11",90,62.2,90,55.6,88,72.3
"Stafford School District","=""1340011""","High Needs (F/R, EL or SWD)","High Needs",304,57.4,303,55.4,124,59.6
"Stafford School District","=""1340011""","High Needs (F/R, EL or SWD)","Not High Needs",333,69.5,332,66.2,138,73.1
"Stafford School District","=""1340011""","Free/Reduced Price Meal Eligibility (2-level)","Eligible For Free Or Reduced Price Meals",223,60.3,222,58.6,90,64.5
"Stafford School District","=""1340011""","Free/Reduced Price Meal Eligibility (2-level)","Not Eligible For Free Or Reduced Price Meals",414,65.5,413,62.4,172,67.9
"Stafford School District","=""1340011""","Race/Ethnicity","Asian","*","*","*","*","*","*"
"Stafford School District","=""1340011""","Race/Ethnicity","Black or African American","*","*","*","*","*","*"
"Stafford School District","=""1340011""","Race/Ethnicity","Hispanic or Latino",58,64.5,58,58.8,21,63.9
"Stafford School District","=""1340011""","Race/Ethnicity","Two or More Races",25,60.8,24,62.2,11,"*"
"Stafford School District","=""1340011""","Race/Ethnicity","White",543,63.9,542,61.4,228,67.1
"Stafford School District","=""1340011""","Special Education Status (SWD)","Students with Disabilities",128,45.7,127,44.3,58,49.7
"Stafford School District","=""1340011""","Special Education Status (SWD)","Students without Disabilities",509,68.2,508,65.2,204,71.5
"Stamford School District","=""1350011""","All Students","District",7664,58.8,7643,55.3,3375,55.9
"Stamford School District","=""1350011""","English Language Learners (EL)","English Learners",1396,44.1,1392,42.7,649,41.6
"Stamford School District","=""1350011""","English Language Learners (EL)","Not English Learners",6268,62.1,6251,58.1,2726,59.3
"Stamford School District","=""1350011""","Gender","Female","*","*","*","*","*","*"
"Stamford School District","=""1350011""","Gender","Male",3954,57.1,3944,56.1,1754,55.6
"Stamford School District","=""1350011""","Gender","Non-Binary","*","*","*","*","*","*"
"Stamford School District","=""1350011""","Grade","03",1125,59.0,1120,57.4,"N/A","N/A"
"Stamford School District","=""1350011""","Grade","04",1045,65.1,1045,64.7,"N/A","N/A"
"Stamford School District","=""1350011""","Grade","05",1179,60.6,1177,60.9,1177,62.0
"Stamford School District","=""1350011""","Grade","06",1103,61.2,1103,54.8,"N/A","N/A"
"Stamford School District","=""1350011""","Grade","07",1076,58.9,1070,53.1,"N/A","N/A"
"Stamford School District","=""1350011""","Grade","08",1111,55.4,1103,49.4,1107,56.8
"Stamford School District","=""1350011""","Grade","11",1025,51.2,1025,46.4,1091,48.6
"Stamford School District","=""1350011""","High Needs (F/R, EL or SWD)","High Needs",5106,51.6,5086,48.0,2239,49.2
"Stamford School District","=""1350011""","High Needs (F/R, EL or SWD)","Not High Needs",2558,73.2,2557,69.9,1136,69.2
"Stamford School District","=""1350011""","Free/Reduced Price Meal Eligibility (2-level)","Eligible For Free Or Reduced Price Meals",4263,53.1,4243,49.3,1851,50.6
"Stamford School District","=""1350011""","Free/Reduced Price Meal Eligibility (2-level)","Not Eligible For Free Or Reduced Price Meals",3401,66.0,3400,62.8,1524,62.4
"Stamford School District","=""1350011""","Race/Ethnicity","American Indian or Alaska Native","*","*","*","*","*","*"
"Stamford School District","=""1350011""","Race/Ethnicity","Asian",429,72.1,428,70.5,196,69.4
"Stamford School District","=""1350011""","Race/Ethnicity","Black or African American",902,52.5,896,46.3,428,49.0
"Stamford School District","=""1350011""","Race/Ethnicity","Hispanic or Latino",4191,53.2,4184,49.7,1834,51.0
"Stamford School District","=""1350011""","Race/Ethnicity","Native Hawaiian or Other Pacific Islander","*","*","*","*","*","*"
"Stamford School District","=""1350011""","Race/Ethnicity","Two or More Races",296,65.6,295,62.8,124,61.2
"Stamford School District","=""1350011""","Race/Ethnicity","White",1833,70.4,1827,67.7,785,67.0
"Stamford School District","=""1350011""","Special Education Status (SWD)","Students with Disabilities",1402,40.1,1389,35.6,586,39.0
"Stamford School District","=""1350011""","Special Education Status (SWD)","Students without Disabilities",6262,63.0,6254,59.7,2789,59.5
"Sterling School District","=""1360011""","All Students","District",185,62.8,185,56.8,69,56.7
"Sterling School District","=""1360011""","English Language Learners (EL)","English Learners","*","*","*","*","*","*"
"Sterling School District","=""1360011""","English Language Learners (EL)","Not English Learners","*","*","*","*","*","*"
"Sterling School District","=""1360011""","Gender","Female",95,60.7,95,53.2,36,53.3
"Sterling School District","=""1360011""","Gender","Male",90,65.0,90,60.7,33,60.4
"Sterling School District","=""1360011""","Grade","03",33,69.1,33,65.6,"N/A","N/A"
"Sterling School District","=""1360011""","Grade","04",30,63.0,30,54.9,"N/A","N/A"
"Sterling School District","=""1360011""","Grade","05",36,55.1,36,52.6,36,61.7
"Sterling School District","=""1360011""","Grade","06",24,65.9,24,62.7,"N/A","N/A"
"Sterling School District","=""1360011""","Grade","07",29,72.9,29,64.0,"N/A","N/A"
"Sterling School District","=""1360011""","Grade","08",33,53.4,33,43.9,33,51.2
"Sterling School District","=""1360011""","Grade","11",0,"N/A",0,"N/A",0,"N/A"
"Sterling School District","=""1360011""","High Needs (F/R, EL or SWD)","High Needs",98,58.8,98,53.5,34,52.3
"Sterling School District","=""1360011""","High Needs (F/R, EL or SWD)","Not High Needs",87,67.2,87,60.6,35,60.9
"Sterling School District","=""1360011""","Free/Reduced Price Meal Eligibility (2-level)","Eligible For Free Or Reduced Price Meals",80,60.9,80,55.9,28,53.3
"Sterling School District","=""1360011""","Free/Reduced Price Meal Eligibility (2-level)","Not Eligible For Free Or Reduced Price Meals",105,64.2,105,57.5,41,59.0
"Sterling School District","=""1360011""","Race/Ethnicity","American Indian or Alaska Native","*","*","*","*","N/A","N/A"
"Sterling School District","=""1360011""","Race/Ethnicity","Asian","*","*","*","*","N/A","N/A"
"Sterling School District","=""1360011""","Race/Ethnicity","Black or African American","*","*","*","*","*","*"
"Sterling School District","=""1360011""","Race/Ethnicity","Hispanic or Latino",14,"*",14,"*",8,"*"
"Sterling School District","=""1360011""","Race/Ethnicity","Two or More Races",20,63.1,20,62.4,"*","*"
"Sterling School District","=""1360011""","Race/Ethnicity","White",145,62.2,145,56.5,53,57.8
"Sterling School District","=""1360011""","Special Education Status (SWD)","Students with Disabilities",40,44.4,40,40.1,17,"*"
"Sterling School District","=""1360011""","Special Education Status (SWD)","Students without Disabilities",145,67.8,145,61.4,52,60.4
"Stonington School District","=""1370011""","All Students","District",870,75.3,869,72.1,359,72.9
"Stonington School District","=""1370011""","English Language Learners (EL)","English Learners",12,"*",12,"*","*","*"
"Stonington School District","=""1370011""","English Language Learners (EL)","Not English Learners",858,75.5,857,72.1,"*","*"
"Stonington School District","=""1370011""","Gender","Female",443,76.9,443,70.9,186,72.4
"Stonington School District","=""1370011""","Gender","Male",427,73.8,426,73.3,173,73.4
"Stonington School District","=""1370011""","Grade","03",125,77.5,125,75.6,"N/A","N/A"
"Stonington School District","=""1370011""","Grade","04",133,79.0,133,77.5,"N/A","N/A"
"Stonington School District","=""1370011""","Grade","05",124,77.6,124,76.5,124,73.7
"Stonington School District","=""1370011""","Grade","06",116,81.2,116,73.3,"N/A","N/A"
"Stonington School District","=""1370011""","Grade","07",134,78.1,134,78.0,"N/A","N/A"
"Stonington School District","=""1370011""","Grade","08",108,70.2,107,64.8,107,69.1
"Stonington School District","=""1370011""","Grade","11",130,63.7,130,58.1,128,75.2
"Stonington School District","=""1370011""","High Needs (F/R, EL or SWD)","High Needs",322,64.6,321,59.9,138,61.2
"Stonington School District","=""1370011""","High Needs (F/R, EL or SWD)","Not High Needs",548,81.6,548,79.2,221,80.1
"Stonington School District","=""1370011""","Free/Reduced Price Meal Eligibility (2-level)","Eligible For Free Or Reduced Price Meals",233,66.5,232,62.1,100,62.2
"Stonington School District","=""1370011""","Free/Reduced Price Meal Eligibility (2-level)","Not Eligible For Free Or Reduced Price Meals",637,78.6,637,75.8,259,77.0
"Stonington School District","=""1370011""","Race/Ethnicity","American Indian or Alaska Native","*","*","*","*","N/A","N/A"
"Stonington School District","=""1370011""","Race/Ethnicity","Asian",13,"*",13,"*","*","*"
"Stonington School District","=""1370011""","Race/Ethnicity","Black or African American","*","*","*","*","*","*"
"Stonington School District","=""1370011""","Race/Ethnicity","Hispanic or Latino",65,70.4,65,67.4,27,71.7
"Stonington School District","=""1370011""","Race/Ethnicity","Two or More Races",54,71.7,54,69.4,19,"*"
"Stonington School District","=""1370011""","Race/Ethnicity","White",732,75.9,731,72.4,307,73.4
"Stonington School District","=""1370011""","Special Education Status (SWD)","Students with Disabilities",144,54.9,144,48.4,63,53.3
"Stonington School District","=""1370011""","Special Education Status (SWD)","Students without Disabilities",726,79.4,725,76.8,296,77.0
"Stratford School District","=""1380011""","All Students","District",3338,58.1,3333,52.9,1514,55.2
"Stratford School District","=""1380011""","English Language Learners (EL)","English Learners",474,48.8,473,45.9,205,46.2
"Stratford School District","=""1380011""","English Language Learners (EL)","Not English Learners",2864,59.7,2860,54.0,1309,56.6
"Stratford School District","=""1380011""","Gender","Female","*","*","*","*",759,55.1
"Stratford School District","=""1380011""","Gender","Male",1732,56.4,1731,53.6,"*","*"
"Stratford School District","=""1380011""","Gender","Non-Binary","*","*","*","*","*","*"
"Stratford School District","=""1380011""","Grade","03",452,58.8,452,55.1,"N/A","N/A"
"Stratford School District","=""1380011""","Grade","04",423,63.4,423,58.8,"N/A","N/A"
"Stratford School District","=""1380011""","Grade","05",472,57.6,470,57.0,471,56.2
"Stratford School District","=""1380011""","Grade","06",473,63.0,471,56.5,"N/A","N/A"
"Stratford School District","=""1380011""","Grade","07",468,58.2,467,51.5,"N/A","N/A"
"Stratford School District","=""1380011""","Grade","08",505,57.3,505,50.1,503,55.1
"Stratford School District","=""1380011""","Grade","11",545,50.4,545,43.6,540,54.3
"Stratford School District","=""1380011""","High Needs (F/R, EL or SWD)","High Needs",2131,52.6,2127,47.6,966,49.5
"Stratford School District","=""1380011""","High Needs (F/R, EL or SWD)","Not High Needs",1207,67.9,1206,62.3,548,65.1
"Stratford School District","=""1380011""","Free/Reduced Price Meal Eligibility (2-level)","Eligible For Free Or Reduced Price Meals",1805,53.7,1800,48.7,831,50.6
"Stratford School District","=""1380011""","Free/Reduced Price Meal Eligibility (2-level)","Not Eligible For Free Or Reduced Price Meals",1533,63.3,1533,57.8,683,60.7
"Stratford School District","=""1380011""","Race/Ethnicity","American Indian or Alaska Native","*","*","*","*","*","*"
"Stratford School District","=""1380011""","Race/Ethnicity","Asian",81,68.5,81,66.1,38,69.0
"Stratford School District","=""1380011""","Race/Ethnicity","Black or African American",873,54.8,871,47.4,420,50.8
"Stratford School District","=""1380011""","Race/Ethnicity","Hispanic or Latino",1438,54.5,1436,49.5,644,51.0
"Stratford School District","=""1380011""","Race/Ethnicity","Native Hawaiian or Other Pacific Islander","*","*","*","*","*","*"
"Stratford School District","=""1380011""","Race/Ethnicity","Two or More Races",139,62.7,140,56.5,59,62.7
"Stratford School District","=""1380011""","Race/Ethnicity","White",799,66.3,797,62.8,350,65.2
"Stratford School District","=""1380011""","Special Education Status (SWD)","Students with Disabilities",632,40.3,631,34.7,269,38.3
"Stratford School District","=""1380011""","Special Education Status (SWD)","Students without Disabilities",2706,62.3,2702,57.1,1245,58.8
"Suffield School District","=""1390011""","All Students","District",1048,71.4,1046,71.2,447,74.0
"Suffield School District","=""1390011""","English Language Learners (EL)","English Learners",53,64.4,53,70.2,26,70.5
"Suffield School District","=""1390011""","English Language Learners (EL)","Not English Learners",995,71.8,993,71.2,421,74.2
"Suffield School District","=""1390011""","Gender","Female",526,72.6,525,69.4,234,72.4
"Suffield School District","=""1390011""","Gender","Male",522,70.2,521,72.9,213,75.7
"Suffield School District","=""1390011""","Grade","03",156,70.4,156,71.4,"N/A","N/A"
"Suffield School District","=""1390011""","Grade","04",158,75.3,159,76.2,"N/A","N/A"
"Suffield School District","=""1390011""","Grade","05",157,72.7,157,75.8,157,73.9
"Suffield School District","=""1390011""","Grade","06",145,75.7,144,71.7,"N/A","N/A"
"Suffield School District","=""1390011""","Grade","07",141,70.8,140,71.4,"N/A","N/A"
"Suffield School District","=""1390011""","Grade","08",153,71.3,152,73.4,153,72.7
"Suffield School District","=""1390011""","Grade","11",138,62.6,138,56.6,137,75.6
"Suffield School District","=""1390011""","High Needs (F/R, EL or SWD)","High Needs",343,60.1,341,60.0,146,64.0
"Suffield School District","=""1390011""","High Needs (F/R, EL or SWD)","Not High Needs",705,76.9,705,76.6,301,78.8
"Suffield School District","=""1390011""","Free/Reduced Price Meal Eligibility (2-level)","Eligible For Free Or Reduced Price Meals",175,61.5,174,60.4,72,63.4
"Suffield School District","=""1390011""","Free/Reduced Price Meal Eligibility (2-level)","Not Eligible For Free Or Reduced Price Meals",873,73.4,872,73.3,375,76.0
"Suffield School District","=""1390011""","Race/Ethnicity","American Indian or Alaska Native","*","*","*","*","N/A","N/A"
"Suffield School District","=""1390011""","Race/Ethnicity","Asian",49,75.0,48,77.2,21,83.9
"Suffield School District","=""1390011""","Race/Ethnicity","Black or African American",39,60.8,39,55.2,"*","*"
"Suffield School District","=""1390011""","Race/Ethnicity","Hispanic or Latino",93,61.2,93,62.8,46,59.8
"Suffield School District","=""1390011""","Race/Ethnicity","Native Hawaiian or Other Pacific Islander","*","*","*","*","*","*"
"Suffield School District","=""1390011""","Race/Ethnicity","White",862,72.6,861,72.4,361,75.6
"Suffield School District","=""1390011""","Special Education Status (SWD)","Students with Disabilities",184,52.5,183,52.0,77,56.9
"Suffield School District","=""1390011""","Special Education Status (SWD)","Students without Disabilities",864,75.4,863,75.2,370,77.5
"Thomaston School District","=""1400011""","All Students","District",411,64.9,411,59.7,171,66.9
"Thomaston School District","=""1400011""","English Language Learners (EL)","English Learners",14,"*",14,"*",6,"*"
"Thomaston School District","=""1400011""","English Language Learners (EL)","Not English Learners",397,65.0,397,59.8,165,67.1
"Thomaston School District","=""1400011""","Gender","Female",196,66.6,196,58.3,70,65.7
"Thomaston School District","=""1400011""","Gender","Male",215,63.3,215,61.1,101,67.7
"Thomaston School District","=""1400011""","Grade","03",60,63.3,60,56.7,"N/A","N/A"
"Thomaston School District","=""1400011""","Grade","04",64,67.5,64,58.5,"N/A","N/A"
"Thomaston School District","=""1400011""","Grade","05",68,65.2,68,59.2,68,68.2
"Thomaston School District","=""1400011""","Grade","06",59,70.8,59,62.6,"N/A","N/A"
"Thomaston School District","=""1400011""","Grade","07",55,63.0,55,64.5,"N/A","N/A"
"Thomaston School District","=""1400011""","Grade","08",66,62.2,66,63.8,66,70.4
"Thomaston School District","=""1400011""","Grade","11",39,60.5,39,49.1,37,58.3
"Thomaston School District","=""1400011""","High Needs (F/R, EL or SWD)","High Needs",201,58.8,201,53.9,85,62.2
"Thomaston School District","=""1400011""","High Needs (F/R, EL or SWD)","Not High Needs",210,70.7,210,65.3,86,71.5
"Thomaston School District","=""1400011""","Free/Reduced Price Meal Eligibility (2-level)","Eligible For Free Or Reduced Price Meals",161,60.4,161,55.6,72,64.1
"Thomaston School District","=""1400011""","Free/Reduced Price Meal Eligibility (2-level)","Not Eligible For Free Or Reduced Price Meals",250,67.8,250,62.4,99,69.0
"Thomaston School District","=""1400011""","Race/Ethnicity","Asian",10,"*",10,"*","*","*"
"Thomaston School District","=""1400011""","Race/Ethnicity","Black or African American",6,"*",6,"*","*","*"
"Thomaston School District","=""1400011""","Race/Ethnicity","Hispanic or Latino",50,59.2,50,56.4,17,"*"
"Thomaston School District","=""1400011""","Race/Ethnicity","Two or More Races",12,"*",12,"*","*","*"
"Thomaston School District","=""1400011""","Race/Ethnicity","White",333,65.4,333,60.4,145,67.9
"Thomaston School District","=""1400011""","Special Education Status (SWD)","Students with Disabilities",71,46.1,71,42.9,32,51.0
"Thomaston School District","=""1400011""","Special Education Status (SWD)","Students without Disabilities",340,68.8,340,63.2,139,70.6
"Thompson School District","=""1410011""","All Students","District",440,66.1,439,62.5,168,59.8
"Thompson School District","=""1410011""","English Language Learners (EL)","English Learners",10,"*",10,"*","*","*"
"Thompson School District","=""1410011""","English Language Learners (EL)","Not English Learners",430,66.4,429,62.7,"*","*"
"Thompson School District","=""1410011""","Gender","Female",221,67.4,220,61.8,86,60.3
"Thompson School District","=""1410011""","Gender","Male",219,64.7,219,63.2,82,59.3
"Thompson School District","=""1410011""","Grade","03",62,73.5,62,78.0,"N/A","N/A"
"Thompson School District","=""1410011""","Grade","04",76,69.3,76,66.2,"N/A","N/A"
"Thompson School District","=""1410011""","Grade","05",63,65.8,63,61.1,63,60.2
"Thompson School District","=""1410011""","Grade","06",69,66.7,69,61.2,"N/A","N/A"
"Thompson School District","=""1410011""","Grade","07",68,65.0,68,59.6,"N/A","N/A"
"Thompson School District","=""1410011""","Grade","08",58,63.1,57,61.0,55,63.9
"Thompson School District","=""1410011""","Grade","11",44,54.8,44,44.5,50,54.9
"Thompson School District","=""1410011""","High Needs (F/R, EL or SWD)","High Needs",239,62.3,238,59.4,95,57.3
"Thompson School District","=""1410011""","High Needs (F/R, EL or SWD)","Not High Needs",201,70.5,201,66.1,73,63.1
"Thompson School District","=""1410011""","Free/Reduced Price Meal Eligibility (2-level)","Eligible For Free Or Reduced Price Meals",202,62.7,202,59.7,86,58.3
"Thompson School District","=""1410011""","Free/Reduced Price Meal Eligibility (2-level)","Not Eligible For Free Or Reduced Price Meals",238,68.9,237,64.8,82,61.4
"Thompson School District","=""1410011""","Race/Ethnicity","Asian","*","*","*","*","*","*"
"Thompson School District","=""1410011""","Race/Ethnicity","Black or African American","*","*","*","*","*","*"
"Thompson School District","=""1410011""","Race/Ethnicity","Hispanic or Latino",36,53.2,35,50.3,17,"*"
"Thompson School District","=""1410011""","Race/Ethnicity","Two or More Races",13,"*",13,"*","*","*"
"Thompson School District","=""1410011""","Race/Ethnicity","White",383,67.0,383,63.3,145,60.7
"Thompson School District","=""1410011""","Special Education Status (SWD)","Students with Disabilities",85,53.4,84,49.9,34,45.5
"Thompson School District","=""1410011""","Special Education Status (SWD)","Students without Disabilities",355,69.1,355,65.5,134,63.5
"Tolland School District","=""1420011""","All Students","District",1095,73.4,1094,72.9,488,66.4
"Tolland School District","=""1420011""","English Language Learners (EL)","English Learners",34,66.9,34,69.0,12,"*"
"Tolland School District","=""1420011""","English Language Learners (EL)","Not English Learners",1061,73.6,1060,73.0,476,66.5
"Tolland School District","=""1420011""","Gender","Female",533,74.9,532,72.1,238,66.7
"Tolland School District","=""1420011""","Gender","Male",562,72.0,562,73.7,250,66.1
"Tolland School District","=""1420011""","Grade","03",155,72.1,155,72.8,"N/A","N/A"
"Tolland School District","=""1420011""","Grade","04",154,82.7,154,84.4,"N/A","N/A"
"Tolland School District","=""1420011""","Grade","05",166,79.0,166,78.2,166,74.1
"Tolland School District","=""1420011""","Grade","06",146,77.7,146,73.4,"N/A","N/A"
"Tolland School District","=""1420011""","Grade","07",149,73.8,149,70.4,"N/A","N/A"
"Tolland School District","=""1420011""","Grade","08",154,70.2,153,74.1,154,71.6
"Tolland School District","=""1420011""","Grade","11",171,59.6,171,58.3,168,54.1
"Tolland School District","=""1420011""","High Needs (F/R, EL or SWD)","High Needs",309,62.1,308,59.6,135,56.2
"Tolland School District","=""1420011""","High Needs (F/R, EL or SWD)","Not High Needs",786,77.8,786,78.1,353,70.3
"Tolland School District","=""1420011""","Free/Reduced Price Meal Eligibility (2-level)","Eligible For Free Or Reduced Price Meals",173,66.3,173,64.3,76,58.3
"Tolland School District","=""1420011""","Free/Reduced Price Meal Eligibility (2-level)","Not Eligible For Free Or Reduced Price Meals",922,74.7,921,74.5,412,67.9
"Tolland School District","=""1420011""","Race/Ethnicity","American Indian or Alaska Native","*","*","*","*","N/A","N/A"
"Tolland School District","=""1420011""","Race/Ethnicity","Asian","*","*","*","*",13,"*"
"Tolland School District","=""1420011""","Race/Ethnicity","Black or African American",35,67.4,35,62.7,17,"*"
"Tolland School District","=""1420011""","Race/Ethnicity","Hispanic or Latino",104,67.7,104,65.2,46,58.5
"Tolland School District","=""1420011""","Race/Ethnicity","Two or More Races",43,77.8,43,76.5,17,"*"
"Tolland School District","=""1420011""","Race/Ethnicity","White",876,73.7,875,73.6,395,67.3
"Tolland School District","=""1420011""","Special Education Status (SWD)","Students with Disabilities",171,52.8,170,49.1,78,49.4
"Tolland School District","=""1420011""","Special Education Status (SWD)","Students without Disabilities",924,77.2,924,77.3,410,69.7
"Torrington School District","=""1430011""","All Students","District",2021,60.5,2018,54.6,878,58.8
"Torrington School District","=""1430011""","English Language Learners (EL)","English Learners",409,50.9,409,48.5,172,52.7
"Torrington School District","=""1430011""","English Language Learners (EL)","Not English Learners",1612,63.0,1609,56.2,706,60.3
"Torrington School District","=""1430011""","Gender","Female","*","*","*","*",415,58.6
"Torrington School District","=""1430011""","Gender","Male",1074,59.3,1075,55.8,463,59.0
"Torrington School District","=""1430011""","Gender","Non-Binary","*","*","*","*","N/A","N/A"
"Torrington School District","=""1430011""","Grade","03",316,60.6,316,56.4,"N/A","N/A"
"Torrington School District","=""1430011""","Grade","04",264,68.5,264,62.9,"N/A","N/A"
"Torrington School District","=""1430011""","Grade","05",304,67.9,304,66.5,307,64.3
"Torrington School District","=""1430011""","Grade","06",289,64.6,286,52.7,"N/A","N/A"
"Torrington School District","=""1430011""","Grade","07",303,55.9,304,49.0,"N/A","N/A"
"Torrington School District","=""1430011""","Grade","08",301,56.6,300,50.1,318,61.0
"Torrington School District","=""1430011""","Grade","11",244,48.5,244,43.6,253,49.4
"Torrington School District","=""1430011""","High Needs (F/R, EL or SWD)","High Needs",1509,56.8,1506,51.1,641,55.5
"Torrington School District","=""1430011""","High Needs (F/R, EL or SWD)","Not High Needs",512,71.7,512,64.9,237,67.9
"Torrington School District","=""1430011""","Free/Reduced Price Meal Eligibility (2-level)","Eligible For Free Or Reduced Price Meals",1300,58.5,1297,52.3,549,56.3
"Torrington School District","=""1430011""","Free/Reduced Price Meal Eligibility (2-level)","Not Eligible For Free Or Reduced Price Meals",721,64.2,721,58.8,329,63.1
"Torrington School District","=""1430011""","Race/Ethnicity","American Indian or Alaska Native","*","*","*","*","*","*"
"Torrington School District","=""1430011""","Race/Ethnicity","Asian",97,69.7,97,66.0,44,66.3
"Torrington School District","=""1430011""","Race/Ethnicity","Black or African American",122,62.0,122,52.9,54,55.7
"Torrington School District","=""1430011""","Race/Ethnicity","Hispanic or Latino",860,55.0,859,49.9,371,54.1
"Torrington School District","=""1430011""","Race/Ethnicity","Native Hawaiian or Other Pacific Islander","*","*","*","*","*","*"
"Torrington School District","=""1430011""","Race/Ethnicity","Two or More Races",40,58.4,40,53.0,22,56.4
"Torrington School District","=""1430011""","Race/Ethnicity","White",894,64.8,892,58.3,384,62.9
"Torrington School District","=""1430011""","Special Education Status (SWD)","Students with Disabilities",400,40.8,400,35.3,167,43.3
"Torrington School District","=""1430011""","Special Education Status (SWD)","Students without Disabilities",1621,65.4,1618,59.4,711,62.5
"Trumbull School District","=""1440011""","All Students","District",3675,77.0,3674,75.7,1611,77.2
"Trumbull School District","=""1440011""","English Language Learners (EL)","English Learners",295,69.1,295,69.0,88,65.6
"Trumbull School District","=""1440011""","English Language Learners (EL)","Not English Learners",3380,77.6,3379,76.3,1523,77.9
"Trumbull School District","=""1440011""","Gender","Female","*","*","*","*",776,76.6
"Trumbull School District","=""1440011""","Gender","Male",1946,75.7,1945,76.8,835,77.7
"Trumbull School District","=""1440011""","Gender","Non-Binary","*","*","*","*",0,"N/A"
"Trumbull School District","=""1440011""","Grade","03",506,78.0,506,80.2,"N/A","N/A"
"Trumbull School District","=""1440011""","Grade","04",474,79.7,474,79.7,"N/A","N/A"
"Trumbull School District","=""1440011""","Grade","05",521,79.9,521,80.6,521,81.7
"Trumbull School District","=""1440011""","Grade","06",552,80.5,552,76.9,"N/A","N/A"
"Trumbull School District","=""1440011""","Grade","07",526,80.2,526,77.8,"N/A","N/A"
"Trumbull School District","=""1440011""","Grade","08",541,78.0,540,75.3,541,76.4
"Trumbull School District","=""1440011""","Grade","11",555,63.4,555,61.0,549,73.7
"Trumbull School District","=""1440011""","High Needs (F/R, EL or SWD)","High Needs",1244,67.5,1243,65.1,531,67.1
"Trumbull School District","=""1440011""","High Needs (F/R, EL or SWD)","Not High Needs",2431,81.8,2431,81.2,1080,82.2
"Trumbull School District","=""1440011""","Free/Reduced Price Meal Eligibility (2-level)","Eligible For Free Or Reduced Price Meals",771,70.0,771,67.3,340,71.4
"Trumbull School District","=""1440011""","Free/Reduced Price Meal Eligibility (2-level)","Not Eligible For Free Or Reduced Price Meals",2904,78.8,2903,78.0,1271,78.8
"Trumbull School District","=""1440011""","Race/Ethnicity","American Indian or Alaska Native","*","*","*","*","*","*"
"Trumbull School District","=""1440011""","Race/Ethnicity","Asian",417,84.1,417,86.6,190,85.6
"Trumbull School District","=""1440011""","Race/Ethnicity","Black or African American",267,70.9,267,65.2,127,66.9
"Trumbull School District","=""1440011""","Race/Ethnicity","Hispanic or Latino",731,71.5,731,69.2,301,71.7
"Trumbull School District","=""1440011""","Race/Ethnicity","Native Hawaiian or Other Pacific Islander","*","*","*","*","*","*"
"Trumbull School District","=""1440011""","Race/Ethnicity","Two or More Races",102,84.5,102,83.7,30,88.7
"Trumbull School District","=""1440011""","Race/Ethnicity","White",2148,77.8,2147,76.8,957,78.3
"Trumbull School District","=""1440011""","Special Education Status (SWD)","Students with Disabilities",507,55.9,506,52.0,222,54.5
"Trumbull School District","=""1440011""","Special Education Status (SWD)","Students without Disabilities",3168,80.3,3168,79.5,1389,80.8
"Union School District","=""1450011""","All Students","District",21,65.6,21,67.0,10,"*"
"Union School District","=""1450011""","English Language Learners (EL)","Not English Learners",21,65.6,21,67.0,10,"*"
"Union School District","=""1450011""","Gender","Female",13,"*",13,"*","*","*"
"Union School District","=""1450011""","Gender","Male",8,"*",8,"*","*","*"
"Union School District","=""1450011""","Grade","03","*","*","*","*","N/A","N/A"
"Union School District","=""1450011""","Grade","04","*","*","*","*","N/A","N/A"
"Union School District","=""1450011""","Grade","05","*","*","*","*","*","*"
"Union School District","=""1450011""","Grade","06","*","*","*","*","N/A","N/A"
"Union School District","=""1450011""","Grade","07","*","*","*","*","N/A","N/A"
"Union School District","=""1450011""","Grade","08",7,"*",7,"*","*","*"
"Union School District","=""1450011""","High Needs (F/R, EL or SWD)","High Needs",12,"*",12,"*","*","*"
"Union School District","=""1450011""","High Needs (F/R, EL or SWD)","Not High Needs",9,"*",9,"*","*","*"
"Union School District","=""1450011""","Free/Reduced Price Meal Eligibility (2-level)","Eligible For Free Or Reduced Price Meals",7,"*",7,"*","*","*"
"Union School District","=""1450011""","Free/Reduced Price Meal Eligibility (2-level)","Not Eligible For Free Or Reduced Price Meals",14,"*",14,"*","*","*"
"Union School District","=""1450011""","Race/Ethnicity","Two or More Races","*","*","*","*","*","*"
"Union School District","=""1450011""","Race/Ethnicity","White","*","*","*","*","*","*"
"Union School District","=""1450011""","Special Education Status (SWD)","Students with Disabilities",7,"*",7,"*","*","*"
"Union School District","=""1450011""","Special Education Status (SWD)","Students without Disabilities",14,"*",14,"*","*","*"
"Vernon School District","=""1460011""","All Students","District",1522,66.9,1518,61.6,675,60.7
"Vernon School District","=""1460011""","English Language Learners (EL)","English Learners",99,63.2,98,59.7,30,49.3
"Vernon School District","=""1460011""","English Language Learners (EL)","Not English Learners",1423,67.2,1420,61.7,645,61.2
"Vernon School District","=""1460011""","Gender","Female","*","*","*","*",346,61.7
"Vernon School District","=""1460011""","Gender","Male",773,65.7,771,62.5,"*","*"
"Vernon School District","=""1460011""","Gender","Non-Binary","*","*","*","*","*","*"
"Vernon School District","=""1460011""","Grade","03",242,67.5,241,60.8,"N/A","N/A"
"Vernon School District","=""1460011""","Grade","04",192,74.1,192,69.8,"N/A","N/A"
"Vernon School District","=""1460011""","Grade","05",250,69.2,249,70.0,249,65.9
"Vernon School District","=""1460011""","Grade","06",206,70.1,206,62.6,"N/A","N/A"
"Vernon School District","=""1460011""","Grade","07",209,67.8,209,60.7,"N/A","N/A"
"Vernon School District","=""1460011""","Grade","08",193,70.4,191,61.7,195,67.1
"Vernon School District","=""1460011""","Grade","11",230,51.2,230,46.3,231,49.6
"Vernon School District","=""1460011""","High Needs (F/R, EL or SWD)","High Needs",956,60.7,953,54.6,404,54.0
"Vernon School District","=""1460011""","High Needs (F/R, EL or SWD)","Not High Needs",566,77.4,565,73.4,271,70.6
"Vernon School District","=""1460011""","Free/Reduced Price Meal Eligibility (2-level)","Eligible For Free Or Reduced Price Meals",849,61.5,846,55.3,368,54.4
"Vernon School District","=""1460011""","Free/Reduced Price Meal Eligibility (2-level)","Not Eligible For Free Or Reduced Price Meals",673,73.7,672,69.5,307,68.2
"Vernon School District","=""1460011""","Race/Ethnicity","Asian","*","*","*","*",25,59.6
"Vernon School District","=""1460011""","Race/Ethnicity","Black or African American",169,63.3,169,55.3,72,52.8
"Vernon School District","=""1460011""","Race/Ethnicity","Hispanic or Latino",379,61.2,377,54.5,168,53.7
"Vernon School District","=""1460011""","Race/Ethnicity","Native Hawaiian or Other Pacific Islander","*","*","*","*","N/A","N/A"
"Vernon School District","=""1460011""","Race/Ethnicity","Two or More Races",134,64.9,134,59.2,69,58.4
"Vernon School District","=""1460011""","Race/Ethnicity","White",754,70.1,752,65.9,341,66.3
"Vernon School District","=""1460011""","Special Education Status (SWD)","Students with Disabilities",298,45.2,295,39.2,126,41.6
"Vernon School District","=""1460011""","Special Education Status (SWD)","Students without Disabilities",1224,72.2,1223,67.0,549,65.0
"Voluntown School District","=""1470011""","All Students","District",120,65.0,120,65.2,41,68.9
"Voluntown School District","=""1470011""","English Language Learners (EL)","English Learners",6,"*",6,"*","*","*"
"Voluntown School District","=""1470011""","English Language Learners (EL)","Not English Learners",114,65.6,114,65.7,"*","*"
"Voluntown School District","=""1470011""","Gender","Female",55,65.8,55,61.7,20,64.4
"Voluntown School District","=""1470011""","Gender","Male",65,64.2,65,68.2,21,73.1
"Voluntown School District","=""1470011""","Grade","03",13,"*",13,"*","N/A","N/A"
"Voluntown School District","=""1470011""","Grade","04",21,70.5,21,72.6,"N/A","N/A"
"Voluntown School District","=""1470011""","Grade","05",21,70.7,21,68.0,21,72.8
"Voluntown School District","=""1470011""","Grade","06",14,"*",14,"*","N/A","N/A"
"Voluntown School District","=""1470011""","Grade","07",31,61.8,31,60.1,"N/A","N/A"
"Voluntown School District","=""1470011""","Grade","08",20,60.1,20,72.1,20,64.8
"Voluntown School District","=""1470011""","High Needs (F/R, EL or SWD)","High Needs",61,58.2,61,56.5,15,"*"
"Voluntown School District","=""1470011""","High Needs (F/R, EL or SWD)","Not High Needs",59,72.0,59,74.3,26,76.5
"Voluntown School District","=""1470011""","Free/Reduced Price Meal Eligibility (2-level)","Eligible For Free Or Reduced Price Meals",51,58.2,51,57.1,11,"*"
"Voluntown School District","=""1470011""","Free/Reduced Price Meal Eligibility (2-level)","Not Eligible For Free Or Reduced Price Meals",69,70.0,69,71.2,30,74.0
"Voluntown School District","=""1470011""","Race/Ethnicity","Asian","*","*","*","*","N/A","N/A"
"Voluntown School District","=""1470011""","Race/Ethnicity","Black or African American","*","*","*","*","N/A","N/A"
"Voluntown School District","=""1470011""","Race/Ethnicity","Hispanic or Latino",6,"*",6,"*","*","*"
"Voluntown School District","=""1470011""","Race/Ethnicity","Native Hawaiian or Other Pacific Islander","*","*","*","*","N/A","N/A"
"Voluntown School District","=""1470011""","Race/Ethnicity","Two or More Races","*","*","*","*","*","*"
"Voluntown School District","=""1470011""","Race/Ethnicity","White",106,66.3,106,67.3,38,72.7
"Voluntown School District","=""1470011""","Special Education Status (SWD)","Students with Disabilities",25,48.1,25,42.2,7,"*"
"Voluntown School District","=""1470011""","Special Education Status (SWD)","Students without Disabilities",95,69.4,95,71.3,34,72.8
"Wallingford School District","=""1480011""","All Students","District",2600,65.9,2597,62.3,1128,66.0
"Wallingford School District","=""1480011""","English Language Learners (EL)","English Learners",275,56.7,275,54.3,103,54.3
"Wallingford School District","=""1480011""","English Language Learners (EL)","Not English Learners",2325,67.0,2322,63.3,1025,67.1
"Wallingford School District","=""1480011""","Gender","Female","*","*","*","*",566,65.7
"Wallingford School District","=""1480011""","Gender","Male",1331,64.8,1330,64.1,"*","*"
"Wallingford School District","=""1480011""","Gender","Non-Binary","*","*","*","*","*","*"
"Wallingford School District","=""1480011""","Grade","03",383,67.4,383,66.3,"N/A","N/A"
"Wallingford School District","=""1480011""","Grade","04",348,69.5,348,67.5,"N/A","N/A"
"Wallingford School District","=""1480011""","Grade","05",350,73.0,350,71.3,350,73.2
"Wallingford School District","=""1480011""","Grade","06",387,67.3,386,59.4,"N/A","N/A"
"Wallingford School District","=""1480011""","Grade","07",353,65.8,352,62.7,"N/A","N/A"
"Wallingford School District","=""1480011""","Grade","08",380,62.7,379,59.8,379,63.1
"Wallingford School District","=""1480011""","Grade","11",399,57.0,399,51.0,399,62.3
"Wallingford School District","=""1480011""","High Needs (F/R, EL or SWD)","High Needs",1191,57.2,1189,53.5,483,56.4
"Wallingford School District","=""1480011""","High Needs (F/R, EL or SWD)","Not High Needs",1409,73.3,1408,69.8,645,73.1
"Wallingford School District","=""1480011""","Free/Reduced Price Meal Eligibility (2-level)","Eligible For Free Or Reduced Price Meals",891,58.8,890,54.9,358,59.3
"Wallingford School District","=""1480011""","Free/Reduced Price Meal Eligibility (2-level)","Not Eligible For Free Or Reduced Price Meals",1709,69.6,1707,66.2,770,69.0
"Wallingford School District","=""1480011""","Race/Ethnicity","American Indian or Alaska Native","*","*","*","*","N/A","N/A"
"Wallingford School District","=""1480011""","Race/Ethnicity","Asian",112,72.0,112,70.1,48,71.2
"Wallingford School District","=""1480011""","Race/Ethnicity","Black or African American",41,54.8,41,50.5,25,58.2
"Wallingford School District","=""1480011""","Race/Ethnicity","Hispanic or Latino",581,59.3,579,55.4,250,57.4
"Wallingford School District","=""1480011""","Race/Ethnicity","Native Hawaiian or Other Pacific Islander","*","*","*","*","N/A","N/A"
"Wallingford School District","=""1480011""","Race/Ethnicity","Two or More Races",103,66.5,103,64.2,33,68.5
"Wallingford School District","=""1480011""","Race/Ethnicity","White",1759,67.9,1758,64.3,772,68.5
"Wallingford School District","=""1480011""","Special Education Status (SWD)","Students with Disabilities",501,46.9,500,42.8,211,44.6
"Wallingford School District","=""1480011""","Special Education Status (SWD)","Students without Disabilities",2099,70.4,2097,67.0,917,70.9
"Waterbury School District","=""1510011""","All Students","District",8853,53.2,8819,46.3,3579,48.0
"Waterbury School District","=""1510011""","English Language Learners (EL)","English Learners",2001,46.0,1992,42.6,726,42.3
"Waterbury School District","=""1510011""","English Language Learners (EL)","Not English Learners",6852,55.3,6827,47.3,2853,49.4
"Waterbury School District","=""1510011""","Gender","Female",4331,55.2,4316,46.0,1722,48.6
"Waterbury School District","=""1510011""","Gender","Male",4522,51.3,4503,46.5,1857,47.4
"Waterbury School District","=""1510011""","Grade","03",1389,55.0,1387,50.4,"N/A","N/A"
"Waterbury School District","=""1510011""","Grade","04",1223,59.2,1223,54.7,"N/A","N/A"
"Waterbury School District","=""1510011""","Grade","05",1307,53.9,1305,52.2,1305,54.8
"Waterbury School District","=""1510011""","Grade","06",1292,57.1,1283,46.4,"N/A","N/A"
"Waterbury School District","=""1510011""","Grade","07",1353,53.0,1347,43.3,"N/A","N/A"
"Waterbury School District","=""1510011""","Grade","08",1178,51.2,1163,39.7,1163,48.2
"Waterbury School District","=""1510011""","Grade","11",1111,41.1,1111,35.1,1111,39.7
"Waterbury School District","=""1510011""","High Needs (F/R, EL or SWD)","High Needs",7848,51.5,7814,44.5,3216,46.7
"Waterbury School District","=""1510011""","High Needs (F/R, EL or SWD)","Not High Needs",1005,66.5,1005,59.6,363,59.3
"Waterbury School District","=""1510011""","Free/Reduced Price Meal Eligibility (2-level)","Eligible For Free Or Reduced Price Meals",7372,51.9,7340,44.6,3057,46.9
"Waterbury School District","=""1510011""","Free/Reduced Price Meal Eligibility (2-level)","Not Eligible For Free Or Reduced Price Meals",1481,59.8,1479,54.4,522,54.2
"Waterbury School District","=""1510011""","Race/Ethnicity","American Indian or Alaska Native",39,59.5,39,53.7,14,"*"
"Waterbury School District","=""1510011""","Race/Ethnicity","Asian",140,65.0,139,58.0,45,58.8
"Waterbury School District","=""1510011""","Race/Ethnicity","Black or African American",1869,52.8,1865,44.0,819,46.8
"Waterbury School District","=""1510011""","Race/Ethnicity","Hispanic or Latino",5568,51.5,5545,45.3,2213,46.7
"Waterbury School District","=""1510011""","Race/Ethnicity","Two or More Races",355,56.6,352,48.2,132,47.9
"Waterbury School District","=""1510011""","Race/Ethnicity","White",882,61.3,879,54.3,356,56.7
"Waterbury School District","=""1510011""","Special Education Status (SWD)","Students with Disabilities",1904,37.7,1896,31.2,718,35.0
"Waterbury School District","=""1510011""","Special Education Status (SWD)","Students without Disabilities",6949,57.4,6923,50.4,2861,51.2
"Waterford School District","=""1520011""","All Students","District",1183,68.9,1181,68.6,492,66.4
"Waterford School District","=""1520011""","English Language Learners (EL)","English Learners",109,62.5,108,64.8,28,67.5
"Waterford School District","=""1520011""","English Language Learners (EL)","Not English Learners",1074,69.5,1073,69.0,464,66.3
"Waterford School District","=""1520011""","Gender","Female","*","*","*","*","*","*"
"Waterford School District","=""1520011""","Gender","Male",601,68.1,600,70.6,249,66.3
"Waterford School District","=""1520011""","Gender","Non-Binary","*","*","*","*","*","*"
"Waterford School District","=""1520011""","Grade","03",176,70.5,176,71.1,"N/A","N/A"
"Waterford School District","=""1520011""","Grade","04",165,74.5,164,75.6,"N/A","N/A"
"Waterford School District","=""1520011""","Grade","05",144,72.6,145,73.3,146,70.0
"Waterford School District","=""1520011""","Grade","06",174,69.4,174,65.3,"N/A","N/A"
"Waterford School District","=""1520011""","Grade","07",173,68.9,172,71.4,"N/A","N/A"
"Waterford School District","=""1520011""","Grade","08",170,64.5,169,63.0,167,64.9
"Waterford School District","=""1520011""","Grade","11",181,62.7,181,61.7,179,64.8
"Waterford School District","=""1520011""","High Needs (F/R, EL or SWD)","High Needs",524,60.9,522,60.3,205,58.5
"Waterford School District","=""1520011""","High Needs (F/R, EL or SWD)","Not High Needs",659,75.2,659,75.1,287,72.0
"Waterford School District","=""1520011""","Free/Reduced Price Meal Eligibility (2-level)","Eligible For Free Or Reduced Price Meals",368,64.3,366,63.0,136,61.6
"Waterford School District","=""1520011""","Free/Reduced Price Meal Eligibility (2-level)","Not Eligible For Free Or Reduced Price Meals",815,70.9,815,71.1,356,68.2
"Waterford School District","=""1520011""","Race/Ethnicity","American Indian or Alaska Native","*","*","*","*","*","*"
"Waterford School District","=""1520011""","Race/Ethnicity","Asian",57,75.0,57,79.0,18,"*"
"Waterford School District","=""1520011""","Race/Ethnicity","Black or African American",31,67.2,31,60.9,16,"*"
"Waterford School District","=""1520011""","Race/Ethnicity","Hispanic or Latino",171,62.2,169,62.8,57,59.4
"Waterford School District","=""1520011""","Race/Ethnicity","Native Hawaiian or Other Pacific Islander","*","*","*","*","*","*"
"Waterford School District","=""1520011""","Race/Ethnicity","Two or More Races",79,66.2,79,65.0,30,64.3
"Waterford School District","=""1520011""","Race/Ethnicity","White",839,70.2,839,69.7,367,67.0
"Waterford School District","=""1520011""","Special Education Status (SWD)","Students with Disabilities",216,49.0,215,48.5,92,48.1
"Waterford School District","=""1520011""","Special Education Status (SWD)","Students without Disabilities",967,73.3,966,73.0,400,70.6
"Watertown School District","=""1530011""","All Students","District",1332,63.5,1328,60.7,573,62.3
"Watertown School District","=""1530011""","English Language Learners (EL)","English Learners",110,58.8,110,56.8,36,55.4
"Watertown School District","=""1530011""","English Language Learners (EL)","Not English Learners",1222,63.9,1218,61.1,537,62.8
"Watertown School District","=""1530011""","Gender","Female",624,66.2,622,60.4,265,63.0
"Watertown School District","=""1530011""","Gender","Male",708,61.1,706,61.0,308,61.7
"Watertown School District","=""1530011""","Grade","03",193,68.4,193,64.9,"N/A","N/A"
"Watertown School District","=""1530011""","Grade","04",182,68.0,182,66.4,"N/A","N/A"
"Watertown School District","=""1530011""","Grade","05",213,64.8,212,63.6,215,65.5
"Watertown School District","=""1530011""","Grade","06",184,65.5,183,60.1,"N/A","N/A"
"Watertown School District","=""1530011""","Grade","07",201,62.6,199,61.0,"N/A","N/A"
"Watertown School District","=""1530011""","Grade","08",195,60.5,195,58.7,194,65.4
"Watertown School District","=""1530011""","Grade","11",164,53.6,164,48.4,164,54.6
"Watertown School District","=""1530011""","High Needs (F/R, EL or SWD)","High Needs",678,57.3,676,54.3,287,55.4
"Watertown School District","=""1530011""","High Needs (F/R, EL or SWD)","Not High Needs",654,70.0,652,67.4,286,69.3
"Watertown School District","=""1530011""","Free/Reduced Price Meal Eligibility (2-level)","Eligible For Free Or Reduced Price Meals",549,58.7,547,55.9,236,57.4
"Watertown School District","=""1530011""","Free/Reduced Price Meal Eligibility (2-level)","Not Eligible For Free Or Reduced Price Meals",783,66.9,781,64.1,337,65.8
"Watertown School District","=""1530011""","Race/Ethnicity","American Indian or Alaska Native","*","*","*","*","*","*"
"Watertown School District","=""1530011""","Race/Ethnicity","Asian",16,"*",16,"*","*","*"
"Watertown School District","=""1530011""","Race/Ethnicity","Black or African American",56,56.2,56,50.9,26,51.7
"Watertown School District","=""1530011""","Race/Ethnicity","Hispanic or Latino",168,58.6,168,53.5,70,53.5
"Watertown School District","=""1530011""","Race/Ethnicity","Native Hawaiian or Other Pacific Islander","*","*","*","*","*","*"
"Watertown School District","=""1530011""","Race/Ethnicity","Two or More Races",62,65.1,62,62.0,22,60.7
"Watertown School District","=""1530011""","Race/Ethnicity","White",1022,64.5,1018,62.1,447,64.4
"Watertown School District","=""1530011""","Special Education Status (SWD)","Students with Disabilities",215,43.7,213,38.9,95,41.2
"Watertown School District","=""1530011""","Special Education Status (SWD)","Students without Disabilities",1117,67.3,1115,64.9,478,66.5
"Westbrook School District","=""1540011""","All Students","District",279,72.1,279,72.3,121,68.5
"Westbrook School District","=""1540011""","English Language Learners (EL)","English Learners",55,58.8,55,62.5,22,55.6
"Westbrook School District","=""1540011""","English Language Learners (EL)","Not English Learners",224,75.3,224,74.8,99,71.3
"Westbrook School District","=""1540011""","Gender","Female",143,72.2,143,71.0,56,65.7
"Westbrook School District","=""1540011""","Gender","Male",136,72.0,136,73.8,65,70.9
"Westbrook School District","=""1540011""","Grade","03",41,68.1,41,69.0,"N/A","N/A"
"Westbrook School District","=""1540011""","Grade","04",45,77.0,45,76.1,"N/A","N/A"
"Westbrook School District","=""1540011""","Grade","05",36,78.9,36,73.8,35,75.0
"Westbrook School District","=""1540011""","Grade","06",43,71.3,43,75.5,"N/A","N/A"
"Westbrook School District","=""1540011""","Grade","07",28,70.8,28,71.2,"N/A","N/A"
"Westbrook School District","=""1540011""","Grade","08",47,78.1,47,81.5,47,75.7
"Westbrook School District","=""1540011""","Grade","11",39,58.8,39,56.4,39,54.0
"Westbrook School District","=""1540011""","High Needs (F/R, EL or SWD)","High Needs",138,61.0,138,62.0,55,56.9
"Westbrook School District","=""1540011""","High Needs (F/R, EL or SWD)","Not High Needs",141,83.0,141,82.5,66,78.1
"Westbrook School District","=""1540011""","Free/Reduced Price Meal Eligibility (2-level)","Eligible For Free Or Reduced Price Meals",90,62.9,90,64.9,38,61.8
"Westbrook School District","=""1540011""","Free/Reduced Price Meal Eligibility (2-level)","Not Eligible For Free Or Reduced Price Meals",189,76.5,189,75.9,83,71.5
"Westbrook School District","=""1540011""","Race/Ethnicity","Asian","*","*","*","*","*","*"
"Westbrook School District","=""1540011""","Race/Ethnicity","Black or African American","*","*","*","*","*","*"
"Westbrook School District","=""1540011""","Race/Ethnicity","Hispanic or Latino",68,63.4,68,65.6,32,60.6
"Westbrook School District","=""1540011""","Race/Ethnicity","Two or More Races",8,"*",8,"*","*","*"
"Westbrook School District","=""1540011""","Race/Ethnicity","White",198,74.8,198,74.5,85,70.7
"Westbrook School District","=""1540011""","Special Education Status (SWD)","Students with Disabilities",51,52.9,51,50.6,18,"*"
"Westbrook School District","=""1540011""","Special Education Status (SWD)","Students without Disabilities",228,76.4,228,77.2,103,72.8
"West Hartford School District","=""1550011""","All Students","District",4673,74.0,4663,70.7,2021,72.1
"West Hartford School District","=""1550011""","English Language Learners (EL)","English Learners",610,57.7,610,58.0,231,54.7
"West Hartford School District","=""1550011""","English Language Learners (EL)","Not English Learners",4063,76.5,4053,72.6,1790,74.4
"West Hartford School District","=""1550011""","Gender","Female","*","*","*","*","*","*"
"West Hartford School District","=""1550011""","Gender","Male",2351,72.8,2344,72.2,1023,73.7
"West Hartford School District","=""1550011""","Gender","Non-Binary","*","*","*","*","*","*"
"West Hartford School District","=""1550011""","Grade","03",674,75.7,673,73.1,"N/A","N/A"
"West Hartford School District","=""1550011""","Grade","04",668,79.9,668,77.8,"N/A","N/A"
"West Hartford School District","=""1550011""","Grade","05",665,76.6,664,76.5,666,74.7
"West Hartford School District","=""1550011""","Grade","06",682,75.2,681,71.1,"N/A","N/A"
"West Hartford School District","=""1550011""","Grade","07",634,73.3,631,68.6,"N/A","N/A"
"West Hartford School District","=""1550011""","Grade","08",665,70.6,661,65.5,668,67.7
"West Hartford School District","=""1550011""","Grade","11",685,66.7,685,62.3,687,73.9
"West Hartford School District","=""1550011""","High Needs (F/R, EL or SWD)","High Needs",1927,59.7,1921,56.6,803,56.3
"West Hartford School District","=""1550011""","High Needs (F/R, EL or SWD)","Not High Needs",2746,84.1,2742,80.6,1218,82.5
"West Hartford School District","=""1550011""","Free/Reduced Price Meal Eligibility (2-level)","Eligible For Free Or Reduced Price Meals",1326,58.2,1324,54.8,599,55.1
"West Hartford School District","=""1550011""","Free/Reduced Price Meal Eligibility (2-level)","Not Eligible For Free Or Reduced Price Meals",3347,80.3,3339,77.0,1422,79.3
"West Hartford School District","=""1550011""","Race/Ethnicity","American Indian or Alaska Native",6,"*",6,"*","*","*"
"West Hartford School District","=""1550011""","Race/Ethnicity","Asian",493,76.5,492,77.0,229,75.5
"West Hartford School District","=""1550011""","Race/Ethnicity","Black or African American",367,61.8,368,55.9,153,59.2
"West Hartford School District","=""1550011""","Race/Ethnicity","Hispanic or Latino",971,59.1,968,55.6,442,55.6
"West Hartford School District","=""1550011""","Race/Ethnicity","Native Hawaiian or Other Pacific Islander",9,"*",9,"*","*","*"
"West Hartford School District","=""1550011""","Race/Ethnicity","Two or More Races",311,79.2,310,75.5,118,79.4
"West Hartford School District","=""1550011""","Race/Ethnicity","White",2516,80.5,2510,76.9,1071,79.4
"West Hartford School District","=""1550011""","Special Education Status (SWD)","Students with Disabilities",844,52.5,838,48.2,326,47.0
"West Hartford School District","=""1550011""","Special Education Status (SWD)","Students without Disabilities",3829,78.7,3825,75.6,1695,76.9
"West Haven School District","=""1560011""","All Students","District",2847,61.2,2841,57.7,1211,61.3
"West Haven School District","=""1560011""","English Language Learners (EL)","English Learners",750,56.9,747,55.5,281,54.4
"West Haven School District","=""1560011""","English Language Learners (EL)","Not English Learners",2097,62.7,2094,58.4,930,63.4
"West Haven School District","=""1560011""","Gender","Female",1365,62.1,1362,56.3,599,60.6
"West Haven School District","=""1560011""","Gender","Male",1482,60.3,1479,59.0,612,62.0
"West Haven School District","=""1560011""","Grade","03",424,63.1,424,60.2,"N/A","N/A"
"West Haven School District","=""1560011""","Grade","04",391,68.0,391,66.9,"N/A","N/A"
"West Haven School District","=""1560011""","Grade","05",361,62.4,360,61.1,360,64.3
"West Haven School District","=""1560011""","Grade","06",412,62.7,411,56.2,"N/A","N/A"
"West Haven School District","=""1560011""","Grade","07",400,64.3,398,60.1,"N/A","N/A"
"West Haven School District","=""1560011""","Grade","08",417,63.8,415,60.0,410,63.3
"West Haven School District","=""1560011""","Grade","11",442,45.6,442,41.2,441,57.0
"West Haven School District","=""1560011""","High Needs (F/R, EL or SWD)","High Needs",2082,58.3,2076,54.8,833,57.6
"West Haven School District","=""1560011""","High Needs (F/R, EL or SWD)","Not High Needs",765,69.0,765,65.4,378,69.4
"West Haven School District","=""1560011""","Free/Reduced Price Meal Eligibility (2-level)","Eligible For Free Or Reduced Price Meals",1716,59.6,1710,55.9,688,58.8
"West Haven School District","=""1560011""","Free/Reduced Price Meal Eligibility (2-level)","Not Eligible For Free Or Reduced Price Meals",1131,63.6,1131,60.4,523,64.5
"West Haven School District","=""1560011""","Race/Ethnicity","American Indian or Alaska Native","*","*","*","*","*","*"
"West Haven School District","=""1560011""","Race/Ethnicity","Asian",156,64.3,156,63.7,69,61.9
"West Haven School District","=""1560011""","Race/Ethnicity","Black or African American",687,59.1,687,54.8,291,56.7
"West Haven School District","=""1560011""","Race/Ethnicity","Hispanic or Latino",1147,59.0,1143,55.7,486,59.3
"West Haven School District","=""1560011""","Race/Ethnicity","Native Hawaiian or Other Pacific Islander","*","*","*","*","*","*"
"West Haven School District","=""1560011""","Race/Ethnicity","Two or More Races",145,63.4,145,58.0,60,64.0
"West Haven School District","=""1560011""","Race/Ethnicity","White",703,65.5,701,62.3,300,68.3
"West Haven School District","=""1560011""","Special Education Status (SWD)","Students with Disabilities",560,45.7,557,39.7,206,44.3
"West Haven School District","=""1560011""","Special Education Status (SWD)","Students without Disabilities",2287,64.9,2284,62.1,1005,64.8
"Weston School District","=""1570011""","All Students","District",1121,82.1,1120,80.0,522,83.3
"Weston School District","=""1570011""","English Language Learners (EL)","English Learners",25,68.0,25,72.1,10,"*"
"Weston School District","=""1570011""","English Language Learners (EL)","Not English Learners",1096,82.4,1095,80.2,512,83.5
"Weston School District","=""1570011""","Gender","Female",525,83.1,525,77.7,231,82.9
"Weston School District","=""1570011""","Gender","Male",596,81.2,595,82.0,291,83.7
"Weston School District","=""1570011""","Grade","03",146,81.6,146,80.1,"N/A","N/A"
"Weston School District","=""1570011""","Grade","04",165,86.2,165,83.6,"N/A","N/A"
"Weston School District","=""1570011""","Grade","05",168,83.7,167,84.8,168,85.8
"Weston School District","=""1570011""","Grade","06",141,85.3,141,80.6,"N/A","N/A"
"Weston School District","=""1570011""","Grade","07",149,81.4,149,80.3,"N/A","N/A"
"Weston School District","=""1570011""","Grade","08",182,83.1,182,81.2,182,85.4
"Weston School District","=""1570011""","Grade","11",170,73.7,170,69.6,172,78.8
"Weston School District","=""1570011""","High Needs (F/R, EL or SWD)","High Needs",187,63.9,187,62.2,77,59.9
"Weston School District","=""1570011""","High Needs (F/R, EL or SWD)","Not High Needs",934,85.7,933,83.6,445,87.4
"Weston School District","=""1570011""","Free/Reduced Price Meal Eligibility (2-level)","Eligible For Free Or Reduced Price Meals",25,65.1,25,63.7,6,"*"
"Weston School District","=""1570011""","Free/Reduced Price Meal Eligibility (2-level)","Not Eligible For Free Or Reduced Price Meals",1096,82.5,1095,80.4,516,83.5
"Weston School District","=""1570011""","Race/Ethnicity","American Indian or Alaska Native","*","*","*","*","*","*"
"Weston School District","=""1570011""","Race/Ethnicity","Asian",67,88.5,67,88.9,36,89.0
"Weston School District","=""1570011""","Race/Ethnicity","Black or African American","*","*","*","*","*","*"
"Weston School District","=""1570011""","Race/Ethnicity","Hispanic or Latino",107,78.6,107,77.8,54,79.9
"Weston School District","=""1570011""","Race/Ethnicity","Two or More Races",95,82.7,95,81.8,32,89.6
"Weston School District","=""1570011""","Race/Ethnicity","White",835,82.1,834,79.6,392,83.2
"Weston School District","=""1570011""","Special Education Status (SWD)","Students with Disabilities",158,61.9,158,59.8,68,57.5
"Weston School District","=""1570011""","Special Education Status (SWD)","Students without Disabilities",963,85.4,962,83.3,454,87.2
"Westport School District","=""1580011""","All Students","District",2785,81.2,2782,80.3,1142,78.4
"Westport School District","=""1580011""","English Language Learners (EL)","English Learners",67,72.0,67,71.5,25,73.6
"Westport School District","=""1580011""","English Language Learners (EL)","Not English Learners",2718,81.4,2715,80.5,1117,78.5
"Westport School District","=""1580011""","Gender","Female",1396,82.2,1396,78.6,"*","*"
"Westport School District","=""1580011""","Gender","Male","*","*","*","*",589,78.3
"Westport School District","=""1580011""","Gender","Non-Binary","*","*","*","*","*","*"
"Westport School District","=""1580011""","Grade","03",441,81.8,441,81.1,"N/A","N/A"
"Westport School District","=""1580011""","Grade","04",403,84.1,402,83.5,"N/A","N/A"
"Westport School District","=""1580011""","Grade","05",364,81.8,363,81.9,362,79.9
"Westport School District","=""1580011""","Grade","06",398,86.5,398,83.8,"N/A","N/A"
"Westport School District","=""1580011""","Grade","07",397,79.8,396,79.6,"N/A","N/A"
"Westport School District","=""1580011""","Grade","08",376,80.5,376,80.5,376,79.3
"Westport School District","=""1580011""","Grade","11",406,74.2,406,71.8,404,76.1
"Westport School District","=""1580011""","High Needs (F/R, EL or SWD)","High Needs",510,63.8,508,60.0,230,58.5
"Westport School District","=""1580011""","High Needs (F/R, EL or SWD)","Not High Needs",2275,85.1,2274,84.8,912,83.4
"Westport School District","=""1580011""","Free/Reduced Price Meal Eligibility (2-level)","Eligible For Free Or Reduced Price Meals",80,60.5,80,57.5,32,56.0
"Westport School District","=""1580011""","Free/Reduced Price Meal Eligibility (2-level)","Not Eligible For Free Or Reduced Price Meals",2705,81.8,2702,81.0,1110,79.0
"Westport School District","=""1580011""","Race/Ethnicity","American Indian or Alaska Native","*","*","*","*","N/A","N/A"
"Westport School District","=""1580011""","Race/Ethnicity","Asian",180,88.7,180,91.0,64,89.1
"Westport School District","=""1580011""","Race/Ethnicity","Black or African American",59,64.4,59,62.2,26,57.4
"Westport School District","=""1580011""","Race/Ethnicity","Hispanic or Latino",229,74.8,229,73.0,88,70.2
"Westport School District","=""1580011""","Race/Ethnicity","Native Hawaiian or Other Pacific Islander","*","*","*","*","N/A","N/A"
"Westport School District","=""1580011""","Race/Ethnicity","Two or More Races",211,83.7,211,83.8,91,84.6
"Westport School District","=""1580011""","Race/Ethnicity","White",2103,81.5,2100,80.3,873,78.4
"Westport School District","=""1580011""","Special Education Status (SWD)","Students with Disabilities",428,61.6,426,57.3,198,55.9
"Westport School District","=""1580011""","Special Education Status (SWD)","Students without Disabilities",2357,84.8,2356,84.4,944,83.1
"Wethersfield School District","=""1590011""","All Students","District",1803,69.0,1802,64.4,798,66.5
"Wethersfield School District","=""1590011""","English Language Learners (EL)","English Learners",294,59.1,294,56.5,97,55.7
"Wethersfield School District","=""1590011""","English Language Learners (EL)","Not English Learners",1509,70.9,1508,66.0,701,67.9
"Wethersfield School District","=""1590011""","Gender","Female",901,70.3,900,62.8,419,65.8
"Wethersfield School District","=""1590011""","Gender","Male",902,67.7,902,66.1,379,67.2
"Wethersfield School District","=""1590011""","Grade","03",247,70.4,247,66.7,"N/A","N/A"
"Wethersfield School District","=""1590011""","Grade","04",234,72.0,234,69.2,"N/A","N/A"
"Wethersfield School District","=""1590011""","Grade","05",244,72.2,244,70.4,244,71.2
"Wethersfield School District","=""1590011""","Grade","06",254,74.5,254,70.9,"N/A","N/A"
"Wethersfield School District","=""1590011""","Grade","07",267,68.1,267,62.7,"N/A","N/A"
"Wethersfield School District","=""1590011""","Grade","08",268,70.9,267,62.1,268,70.4
"Wethersfield School District","=""1590011""","Grade","11",289,56.8,289,51.6,286,58.7
"Wethersfield School District","=""1590011""","High Needs (F/R, EL or SWD)","High Needs",765,58.8,764,53.9,329,55.2
"Wethersfield School District","=""1590011""","High Needs (F/R, EL or SWD)","Not High Needs",1038,76.5,1038,72.2,469,74.3
"Wethersfield School District","=""1590011""","Free/Reduced Price Meal Eligibility (2-level)","Eligible For Free Or Reduced Price Meals",519,59.6,519,53.7,233,57.0
"Wethersfield School District","=""1590011""","Free/Reduced Price Meal Eligibility (2-level)","Not Eligible For Free Or Reduced Price Meals",1284,72.8,1283,68.8,565,70.4
"Wethersfield School District","=""1590011""","Race/Ethnicity","American Indian or Alaska Native","*","*","*","*","*","*"
"Wethersfield School District","=""1590011""","Race/Ethnicity","Asian",110,71.5,110,69.8,41,68.5
"Wethersfield School District","=""1590011""","Race/Ethnicity","Black or African American",85,60.4,84,52.7,44,59.5
"Wethersfield School District","=""1590011""","Race/Ethnicity","Hispanic or Latino",387,60.6,387,54.8,174,59.3
"Wethersfield School District","=""1590011""","Race/Ethnicity","Native Hawaiian or Other Pacific Islander","*","*","*","*","*","*"
"Wethersfield School District","=""1590011""","Race/Ethnicity","Two or More Races",92,70.9,92,64.7,33,63.8
"Wethersfield School District","=""1590011""","Race/Ethnicity","White",1122,72.2,1122,68.1,502,69.7
"Wethersfield School District","=""1590011""","Special Education Status (SWD)","Students with Disabilities",248,47.5,247,42.6,102,45.4
"Wethersfield School District","=""1590011""","Special Education Status (SWD)","Students without Disabilities",1555,72.4,1555,67.9,696,69.5
"Willington School District","=""1600011""","All Students","District",229,65.4,228,66.7,81,69.4
"Willington School District","=""1600011""","English Language Learners (EL)","English Learners",7,"*",7,"*","*","*"
"Willington School District","=""1600011""","English Language Learners (EL)","Not English Learners",222,65.6,221,67.1,"*","*"
"Willington School District","=""1600011""","Gender","Female",112,66.9,111,64.6,34,67.3
"Willington School District","=""1600011""","Gender","Male",117,64.0,117,68.7,47,70.9
"Willington School District","=""1600011""","Grade","03",37,59.3,37,61.2,"N/A","N/A"
"Willington School District","=""1600011""","Grade","04",29,61.1,29,61.5,"N/A","N/A"
"Willington School District","=""1600011""","Grade","05",42,65.6,42,69.4,42,68.5
"Willington School District","=""1600011""","Grade","06",48,72.2,48,68.1,"N/A","N/A"
"Willington School District","=""1600011""","Grade","07",35,65.1,35,65.7,"N/A","N/A"
"Willington School District","=""1600011""","Grade","08",38,66.1,37,72.4,39,70.3
"Willington School District","=""1600011""","High Needs (F/R, EL or SWD)","High Needs",115,57.9,114,58.2,38,58.1
"Willington School District","=""1600011""","High Needs (F/R, EL or SWD)","Not High Needs",114,73.0,114,75.2,43,79.4
"Willington School District","=""1600011""","Free/Reduced Price Meal Eligibility (2-level)","Eligible For Free Or Reduced Price Meals",87,60.4,86,60.8,32,59.9
"Willington School District","=""1600011""","Free/Reduced Price Meal Eligibility (2-level)","Not Eligible For Free Or Reduced Price Meals",142,68.5,142,70.3,49,75.6
"Willington School District","=""1600011""","Race/Ethnicity","American Indian or Alaska Native","*","*","*","*","N/A","N/A"
"Willington School District","=""1600011""","Race/Ethnicity","Asian","*","*","*","*","*","*"
"Willington School District","=""1600011""","Race/Ethnicity","Black or African American","*","*","*","*","*","*"
"Willington School District","=""1600011""","Race/Ethnicity","Hispanic or Latino",23,61.2,23,63.7,8,"*"
"Willington School District","=""1600011""","Race/Ethnicity","Two or More Races",14,"*",14,"*","*","*"
"Willington School District","=""1600011""","Race/Ethnicity","White",184,66.1,183,67.5,65,69.6
"Willington School District","=""1600011""","Special Education Status (SWD)","Students with Disabilities",51,46.6,50,47.4,15,"*"
"Willington School District","=""1600011""","Special Education Status (SWD)","Students without Disabilities",178,70.8,178,72.1,66,74.6
"Wilton School District","=""1610011""","All Students","District",1937,80.9,1931,81.3,802,81.1
"Wilton School District","=""1610011""","English Language Learners (EL)","English Learners",69,73.5,68,76.9,19,"*"
"Wilton School District","=""1610011""","English Language Learners (EL)","Not English Learners",1868,81.2,1863,81.5,783,81.2
"Wilton School District","=""1610011""","Gender","Female",976,82.6,973,79.9,417,80.6
"Wilton School District","=""1610011""","Gender","Male",961,79.2,958,82.8,385,81.7
"Wilton School District","=""1610011""","Grade","03",287,77.8,287,76.7,"N/A","N/A"
"Wilton School District","=""1610011""","Grade","04",286,83.3,285,82.3,"N/A","N/A"
"Wilton School District","=""1610011""","Grade","05",245,84.9,244,84.2,242,80.6
"Wilton School District","=""1610011""","Grade","06",285,82.4,283,82.3,"N/A","N/A"
"Wilton School District","=""1610011""","Grade","07",266,83.9,266,86.9,"N/A","N/A"
"Wilton School District","=""1610011""","Grade","08",286,80.7,284,83.9,280,80.3
"Wilton School District","=""1610011""","Grade","11",282,74.2,282,73.6,280,82.4
"Wilton School District","=""1610011""","High Needs (F/R, EL or SWD)","High Needs",467,67.8,462,67.7,180,66.8
"Wilton School District","=""1610011""","High Needs (F/R, EL or SWD)","Not High Needs",1470,85.1,1469,85.6,622,85.3
"Wilton School District","=""1610011""","Free/Reduced Price Meal Eligibility (2-level)","Eligible For Free Or Reduced Price Meals",127,70.5,125,68.9,53,70.8
"Wilton School District","=""1610011""","Free/Reduced Price Meal Eligibility (2-level)","Not Eligible For Free Or Reduced Price Meals",1810,81.7,1806,82.2,749,81.9
"Wilton School District","=""1610011""","Race/Ethnicity","American Indian or Alaska Native","*","*","*","*","N/A","N/A"
"Wilton School District","=""1610011""","Race/Ethnicity","Asian",231,88.9,227,92.8,94,90.9
"Wilton School District","=""1610011""","Race/Ethnicity","Black or African American","*","*","*","*",8,"*"
"Wilton School District","=""1610011""","Race/Ethnicity","Hispanic or Latino",140,75.9,139,74.1,64,72.0
"Wilton School District","=""1610011""","Race/Ethnicity","Two or More Races",127,82.9,127,85.2,50,83.9
"Wilton School District","=""1610011""","Race/Ethnicity","White",1416,80.2,1415,80.1,586,80.6
"Wilton School District","=""1610011""","Special Education Status (SWD)","Students with Disabilities",338,63.9,334,63.5,129,61.6
"Wilton School District","=""1610011""","Special Education Status (SWD)","Students without Disabilities",1599,84.5,1597,85.1,673,84.9
"Winchester School District","=""1620011""","All Students","District",313,64.3,312,61.0,73,72.8
"Winchester School District","=""1620011""","English Language Learners (EL)","English Learners",23,51.4,23,48.7,"*","*"
"Winchester School District","=""1620011""","English Language Learners (EL)","Not English Learners",290,65.4,289,61.9,"*","*"
"Winchester School District","=""1620011""","Gender","Female",163,67.7,162,61.1,36,75.6
"Winchester School District","=""1620011""","Gender","Male",150,60.7,150,60.8,37,70.0
"Winchester School District","=""1620011""","Grade","03",100,62.1,100,53.7,"N/A","N/A"
"Winchester School District","=""1620011""","Grade","04",67,62.4,67,64.5,"N/A","N/A"
"Winchester School District","=""1620011""","Grade","05",70,65.3,69,69.6,69,75.7
"Winchester School District","=""1620011""","Grade","06",72,70.4,72,61.5,"N/A","N/A"
"Winchester School District","=""1620011""","Grade","07",0,"N/A",0,"N/A","N/A","N/A"
"Winchester School District","=""1620011""","Grade","08","*","*","*","*","*","*"
"Winchester School District","=""1620011""","Grade","11","*","*","*","*","*","*"
"Winchester School District","=""1620011""","High Needs (F/R, EL or SWD)","High Needs",210,60.2,209,56.4,52,69.6
"Winchester School District","=""1620011""","High Needs (F/R, EL or SWD)","Not High Needs",103,72.7,103,70.1,21,80.7
"Winchester School District","=""1620011""","Free/Reduced Price Meal Eligibility (2-level)","Eligible For Free Or Reduced Price Meals",178,63.0,177,59.2,41,75.9
"Winchester School District","=""1620011""","Free/Reduced Price Meal Eligibility (2-level)","Not Eligible For Free Or Reduced Price Meals",135,66.1,135,63.3,32,68.7
"Winchester School District","=""1620011""","Race/Ethnicity","American Indian or Alaska Native","*","*","*","*","N/A","N/A"
"Winchester School District","=""1620011""","Race/Ethnicity","Asian","*","*","*","*","N/A","N/A"
"Winchester School District","=""1620011""","Race/Ethnicity","Black or African American",8,"*",8,"*","*","*"
"Winchester School District","=""1620011""","Race/Ethnicity","Hispanic or Latino",45,54.8,45,55.2,14,"*"
"Winchester School District","=""1620011""","Race/Ethnicity","Native Hawaiian or Other Pacific Islander","*","*","*","*","N/A","N/A"
"Winchester School District","=""1620011""","Race/Ethnicity","Two or More Races",15,"*",15,"*","*","*"
"Winchester School District","=""1620011""","Race/Ethnicity","White",240,66.9,239,62.7,51,76.1
"Winchester School District","=""1620011""","Special Education Status (SWD)","Students with Disabilities",64,42.3,63,35.2,15,"*"
"Winchester School District","=""1620011""","Special Education Status (SWD)","Students without Disabilities",249,70.0,249,67.5,58,78.9
"Windham School District","=""1630011""","All Students","District",1592,55.1,1587,51.3,592,57.3
"Windham School District","=""1630011""","English Language Learners (EL)","English Learners",619,47.4,617,44.2,212,48.9
"Windham School District","=""1630011""","English Language Learners (EL)","Not English Learners",973,59.9,970,55.9,380,62.0
"Windham School District","=""1630011""","Gender","Female",783,55.9,781,49.4,277,56.5
"Windham School District","=""1630011""","Gender","Male",809,54.3,806,53.2,315,58.0
"Windham School District","=""1630011""","Grade","03",268,52.7,268,50.2,"N/A","N/A"
"Windham School District","=""1630011""","Grade","04",249,59.8,248,56.5,"N/A","N/A"
"Windham School District","=""1630011""","Grade","05",249,56.6,249,57.9,248,59.0
"Windham School District","=""1630011""","Grade","06",243,58.1,243,53.2,"N/A","N/A"
"Windham School District","=""1630011""","Grade","07",236,56.2,235,50.6,"N/A","N/A"
"Windham School District","=""1630011""","Grade","08",245,53.0,243,44.9,242,59.7
"Windham School District","=""1630011""","Grade","11",102,41.2,101,38.2,102,47.4
"Windham School District","=""1630011""","High Needs (F/R, EL or SWD)","High Needs",1309,51.5,1304,47.6,488,53.6
"Windham School District","=""1630011""","High Needs (F/R, EL or SWD)","Not High Needs",283,71.7,283,68.7,104,74.8
"Windham School District","=""1630011""","Free/Reduced Price Meal Eligibility (2-level)","Eligible For Free Or Reduced Price Meals",1174,51.8,1170,47.7,436,53.9
"Windham School District","=""1630011""","Free/Reduced Price Meal Eligibility (2-level)","Not Eligible For Free Or Reduced Price Meals",418,64.2,417,61.5,156,66.7
"Windham School District","=""1630011""","Race/Ethnicity","American Indian or Alaska Native",6,"*",6,"*","*","*"
"Windham School District","=""1630011""","Race/Ethnicity","Asian",19,"*",19,"*","*","*"
"Windham School District","=""1630011""","Race/Ethnicity","Black or African American",49,55.5,49,48.9,23,52.8
"Windham School District","=""1630011""","Race/Ethnicity","Hispanic or Latino",1096,51.4,1091,47.4,411,53.1
"Windham School District","=""1630011""","Race/Ethnicity","Two or More Races",38,61.9,38,57.5,14,"*"
"Windham School District","=""1630011""","Race/Ethnicity","White",384,64.5,384,61.8,133,69.8
"Windham School District","=""1630011""","Special Education Status (SWD)","Students with Disabilities",327,38.9,325,32.6,119,39.8
"Windham School District","=""1630011""","Special Education Status (SWD)","Students without Disabilities",1265,59.3,1262,56.2,473,61.7
"Windsor School District","=""1640011""","All Students","District",1594,61.3,1593,57.7,704,59.6
"Windsor School District","=""1640011""","English Language Learners (EL)","English Learners",86,52.4,86,49.8,35,54.3
"Windsor School District","=""1640011""","English Language Learners (EL)","Not English Learners",1508,61.8,1507,58.2,669,59.9
"Windsor School District","=""1640011""","Gender","Female",812,64.5,812,58.7,359,61.0
"Windsor School District","=""1640011""","Gender","Male",782,58.0,781,56.7,345,58.2
"Windsor School District","=""1640011""","Grade","03",226,63.1,225,58.6,"N/A","N/A"
"Windsor School District","=""1640011""","Grade","04",210,65.6,210,61.0,"N/A","N/A"
"Windsor School District","=""1640011""","Grade","05",221,61.7,221,56.5,219,57.5
"Windsor School District","=""1640011""","Grade","06",222,66.4,223,60.2,"N/A","N/A"
"Windsor School District","=""1640011""","Grade","07",232,63.7,232,63.5,"N/A","N/A"
"Windsor School District","=""1640011""","Grade","08",229,60.8,228,59.8,230,59.4
"Windsor School District","=""1640011""","Grade","11",254,49.6,254,45.9,255,61.6
"Windsor School District","=""1640011""","High Needs (F/R, EL or SWD)","High Needs",905,53.6,904,49.7,417,52.7
"Windsor School District","=""1640011""","High Needs (F/R, EL or SWD)","Not High Needs",689,71.4,689,68.3,287,69.6
"Windsor School District","=""1640011""","Free/Reduced Price Meal Eligibility (2-level)","Eligible For Free Or Reduced Price Meals",775,55.0,775,50.9,357,54.1
"Windsor School District","=""1640011""","Free/Reduced Price Meal Eligibility (2-level)","Not Eligible For Free Or Reduced Price Meals",819,67.3,818,64.1,347,65.3
"Windsor School District","=""1640011""","Race/Ethnicity","American Indian or Alaska Native","*","*","*","*","*","*"
"Windsor School District","=""1640011""","Race/Ethnicity","Asian",51,69.1,51,67.7,"*","*"
"Windsor School District","=""1640011""","Race/Ethnicity","Black or African American",639,56.3,639,52.5,293,53.8
"Windsor School District","=""1640011""","Race/Ethnicity","Hispanic or Latino",399,58.9,398,55.0,177,57.8
"Windsor School District","=""1640011""","Race/Ethnicity","Native Hawaiian or Other Pacific Islander","*","*","*","*","N/A","N/A"
"Windsor School District","=""1640011""","Race/Ethnicity","Two or More Races",158,64.6,158,60.3,67,59.8
"Windsor School District","=""1640011""","Race/Ethnicity","White",344,70.9,344,68.0,145,71.5
"Windsor School District","=""1640011""","Special Education Status (SWD)","Students with Disabilities",316,40.0,315,35.7,146,40.1
"Windsor School District","=""1640011""","Special Education Status (SWD)","Students without Disabilities",1278,66.6,1278,63.1,558,64.7
"Windsor Locks School District","=""1650011""","All Students","District",689,60.8,684,56.7,285,60.1
"Windsor Locks School District","=""1650011""","English Language Learners (EL)","English Learners",92,59.9,92,55.6,30,56.5
"Windsor Locks School District","=""1650011""","English Language Learners (EL)","Not English Learners",597,61.0,592,56.9,255,60.5
"Windsor Locks School District","=""1650011""","Gender","Female",362,62.2,359,56.5,142,60.9
"Windsor Locks School District","=""1650011""","Gender","Male","*","*","*","*",142,59.2
"Windsor Locks School District","=""1650011""","Gender","Non-Binary","*","*","*","*","*","*"
"Windsor Locks School District","=""1650011""","Grade","03",100,59.2,98,55.5,"N/A","N/A"
"Windsor Locks School District","=""1650011""","Grade","04",80,61.4,80,60.3,"N/A","N/A"
"Windsor Locks School District","=""1650011""","Grade","05",101,63.1,101,63.2,101,61.7
"Windsor Locks School District","=""1650011""","Grade","06",128,63.9,127,59.6,"N/A","N/A"
"Windsor Locks School District","=""1650011""","Grade","07",100,64.4,99,58.7,"N/A","N/A"
"Windsor Locks School District","=""1650011""","Grade","08",87,62.1,86,53.6,87,58.5
"Windsor Locks School District","=""1650011""","Grade","11",93,50.5,93,44.5,97,59.7
"Windsor Locks School District","=""1650011""","High Needs (F/R, EL or SWD)","High Needs",424,55.9,419,50.8,173,53.8
"Windsor Locks School District","=""1650011""","High Needs (F/R, EL or SWD)","Not High Needs",265,68.7,265,66.0,112,69.8
"Windsor Locks School District","=""1650011""","Free/Reduced Price Meal Eligibility (2-level)","Eligible For Free Or Reduced Price Meals",349,55.9,346,51.0,142,55.1
"Windsor Locks School District","=""1650011""","Free/Reduced Price Meal Eligibility (2-level)","Not Eligible For Free Or Reduced Price Meals",340,65.9,338,62.6,143,65.0
"Windsor Locks School District","=""1650011""","Race/Ethnicity","American Indian or Alaska Native","*","*","*","*","N/A","N/A"
"Windsor Locks School District","=""1650011""","Race/Ethnicity","Asian",41,71.4,41,65.8,16,"*"
"Windsor Locks School District","=""1650011""","Race/Ethnicity","Black or African American",79,52.0,78,47.8,34,50.4
"Windsor Locks School District","=""1650011""","Race/Ethnicity","Hispanic or Latino",135,56.8,135,51.9,61,55.6
"Windsor Locks School District","=""1650011""","Race/Ethnicity","Native Hawaiian or Other Pacific Islander","*","*","*","*","N/A","N/A"
"Windsor Locks School District","=""1650011""","Race/Ethnicity","Two or More Races",42,61.3,40,57.9,12,"*"
"Windsor Locks School District","=""1650011""","Race/Ethnicity","White",389,62.8,387,59.0,162,62.5
"Windsor Locks School District","=""1650011""","Special Education Status (SWD)","Students with Disabilities",144,41.9,140,34.8,61,40.0
"Windsor Locks School District","=""1650011""","Special Education Status (SWD)","Students without Disabilities",545,65.9,544,62.3,224,65.5
"Wolcott School District","=""1660011""","All Students","District",1073,70.6,1072,67.8,473,66.1
"Wolcott School District","=""1660011""","English Language Learners (EL)","English Learners",86,62.9,86,62.0,37,56.7
"Wolcott School District","=""1660011""","English Language Learners (EL)","Not English Learners",987,71.3,986,68.3,436,66.9
"Wolcott School District","=""1660011""","Gender","Female",518,73.1,517,66.9,229,66.1
"Wolcott School District","=""1660011""","Gender","Male",555,68.4,555,68.7,244,66.0
"Wolcott School District","=""1660011""","Grade","03",157,74.3,157,68.9,"N/A","N/A"
"Wolcott School District","=""1660011""","Grade","04",138,76.1,138,76.7,"N/A","N/A"
"Wolcott School District","=""1660011""","Grade","05",151,75.6,151,77.7,151,75.1
"Wolcott School District","=""1660011""","Grade","06",149,72.4,149,64.9,"N/A","N/A"
"Wolcott School District","=""1660011""","Grade","07",157,74.5,157,69.8,"N/A","N/A"
"Wolcott School District","=""1660011""","Grade","08",181,66.2,180,65.3,180,69.6
"Wolcott School District","=""1660011""","Grade","11",140,55.4,140,51.6,142,52.0
"Wolcott School District","=""1660011""","High Needs (F/R, EL or SWD)","High Needs",474,63.5,473,60.5,196,58.5
"Wolcott School District","=""1660011""","High Needs (F/R, EL or SWD)","Not High Needs",599,76.3,599,73.6,277,71.4
"Wolcott School District","=""1660011""","Free/Reduced Price Meal Eligibility (2-level)","Eligible For Free Or Reduced Price Meals",365,66.4,364,63.1,152,60.0
"Wolcott School District","=""1660011""","Free/Reduced Price Meal Eligibility (2-level)","Not Eligible For Free Or Reduced Price Meals",708,72.8,708,70.3,321,68.9
"Wolcott School District","=""1660011""","Race/Ethnicity","American Indian or Alaska Native","*","*","*","*","*","*"
"Wolcott School District","=""1660011""","Race/Ethnicity","Asian",32,74.0,32,73.3,13,"*"
"Wolcott School District","=""1660011""","Race/Ethnicity","Black or African American",45,60.1,45,56.8,23,52.5
"Wolcott School District","=""1660011""","Race/Ethnicity","Hispanic or Latino",189,68.9,189,63.4,83,63.8
"Wolcott School District","=""1660011""","Race/Ethnicity","Native Hawaiian or Other Pacific Islander","*","*","*","*","N/A","N/A"
"Wolcott School District","=""1660011""","Race/Ethnicity","Two or More Races",22,74.7,22,71.2,"*","*"
"Wolcott School District","=""1660011""","Race/Ethnicity","White",781,71.4,780,69.2,342,67.2
"Wolcott School District","=""1660011""","Special Education Status (SWD)","Students with Disabilities",169,48.3,168,45.2,72,47.9
"Wolcott School District","=""1660011""","Special Education Status (SWD)","Students without Disabilities",904,74.8,904,72.0,401,69.3
"Woodbridge School District","=""1670011""","All Students","District",494,83.0,492,82.9,122,81.3
"Woodbridge School District","=""1670011""","English Language Learners (EL)","English Learners",47,77.0,47,81.4,12,"*"
"Woodbridge School District","=""1670011""","English Language Learners (EL)","Not English Learners",447,83.7,445,83.0,110,82.6
"Woodbridge School District","=""1670011""","Gender","Female","*","*","*","*",48,78.7
"Woodbridge School District","=""1670011""","Gender","Male",276,82.4,276,84.6,74,83.0
"Woodbridge School District","=""1670011""","Gender","Non-Binary","*","*","*","*","N/A","N/A"
"Woodbridge School District","=""1670011""","Grade","03",131,83.0,131,84.6,"N/A","N/A"
"Woodbridge School District","=""1670011""","Grade","04",116,84.9,116,82.8,"N/A","N/A"
"Woodbridge School District","=""1670011""","Grade","05",122,79.8,122,78.7,122,81.3
"Woodbridge School District","=""1670011""","Grade","06",125,84.6,123,85.1,"N/A","N/A"
"Woodbridge School District","=""1670011""","High Needs (F/R, EL or SWD)","High Needs",147,71.5,146,73.3,45,70.8
"Woodbridge School District","=""1670011""","High Needs (F/R, EL or SWD)","Not High Needs",347,87.9,346,86.9,77,87.5
"Woodbridge School District","=""1670011""","Free/Reduced Price Meal Eligibility (2-level)","Eligible For Free Or Reduced Price Meals",68,75.3,67,77.2,12,"*"
"Woodbridge School District","=""1670011""","Free/Reduced Price Meal Eligibility (2-level)","Not Eligible For Free Or Reduced Price Meals",426,84.3,425,83.8,110,81.5
"Woodbridge School District","=""1670011""","Race/Ethnicity","American Indian or Alaska Native","*","*","*","*","N/A","N/A"
"Woodbridge School District","=""1670011""","Race/Ethnicity","Asian",78,91.9,78,94.5,19,"*"
"Woodbridge School District","=""1670011""","Race/Ethnicity","Black or African American","*","*","*","*","*","*"
"Woodbridge School District","=""1670011""","Race/Ethnicity","Hispanic or Latino",46,77.0,45,75.1,16,"*"
"Woodbridge School District","=""1670011""","Race/Ethnicity","Two or More Races",35,86.5,35,85.7,"*","*"
"Woodbridge School District","=""1670011""","Race/Ethnicity","White",325,81.6,324,81.1,75,79.8
"Woodbridge School District","=""1670011""","Special Education Status (SWD)","Students with Disabilities",73,61.6,73,63.1,28,67.5
"Woodbridge School District","=""1670011""","Special Education Status (SWD)","Students without Disabilities",421,86.8,419,86.3,94,85.4
"Woodstock School District","=""1690011""","All Students","District",506,68.6,505,61.8,177,66.7
"Woodstock School District","=""1690011""","English Language Learners (EL)","English Learners",7,"*",7,"*","*","*"
"Woodstock School District","=""1690011""","English Language Learners (EL)","Not English Learners",499,68.9,498,62.0,"*","*"
"Woodstock School District","=""1690011""","Gender","Female",275,68.1,275,58.9,98,64.0
"Woodstock School District","=""1690011""","Gender","Male","*","*","*","*","*","*"
"Woodstock School District","=""1690011""","Gender","Non-Binary","*","*","*","*","*","*"
"Woodstock School District","=""1690011""","Grade","03",80,67.1,80,58.8,"N/A","N/A"
"Woodstock School District","=""1690011""","Grade","04",82,69.8,81,63.9,"N/A","N/A"
"Woodstock School District","=""1690011""","Grade","05",98,72.2,98,63.4,100,68.7
"Woodstock School District","=""1690011""","Grade","06",79,71.7,79,60.9,"N/A","N/A"
"Woodstock School District","=""1690011""","Grade","07",91,68.9,91,59.9,"N/A","N/A"
"Woodstock School District","=""1690011""","Grade","08","*","*","*","*","*","*"
"Woodstock School District","=""1690011""","Grade","11","*","*","*","*","*","*"
"Woodstock School District","=""1690011""","High Needs (F/R, EL or SWD)","High Needs",182,60.1,181,52.7,61,59.3
"Woodstock School District","=""1690011""","High Needs (F/R, EL or SWD)","Not High Needs",324,73.4,324,66.8,116,70.6
"Woodstock School District","=""1690011""","Free/Reduced Price Meal Eligibility (2-level)","Eligible For Free Or Reduced Price Meals",126,64.3,125,58.7,48,62.3
"Woodstock School District","=""1690011""","Free/Reduced Price Meal Eligibility (2-level)","Not Eligible For Free Or Reduced Price Meals",380,70.0,380,62.8,129,68.3
"Woodstock School District","=""1690011""","Race/Ethnicity","Asian","*","*","*","*","*","*"
"Woodstock School District","=""1690011""","Race/Ethnicity","Black or African American","*","*","*","*","N/A","N/A"
"Woodstock School District","=""1690011""","Race/Ethnicity","Hispanic or Latino",30,61.7,30,49.2,"*","*"
"Woodstock School District","=""1690011""","Race/Ethnicity","Two or More Races",32,66.8,32,61.5,15,"*"
"Woodstock School District","=""1690011""","Race/Ethnicity","White",440,69.3,439,62.7,151,67.9
"Woodstock School District","=""1690011""","Special Education Status (SWD)","Students with Disabilities",78,48.7,78,38.8,24,46.3
"Woodstock School District","=""1690011""","Special Education Status (SWD)","Students without Disabilities",428,72.2,427,66.0,153,69.9
"Regional School District 01","=""2010012""","All Students","District",84,55.2,84,52.9,84,69.0
"Regional School District 01","=""2010012""","English Language Learners (EL)","English Learners","*","*","*","*","*","*"
"Regional School District 01","=""2010012""","English Language Learners (EL)","Not English Learners","*","*","*","*","*","*"
"Regional School District 01","=""2010012""","Gender","Female","*","*","*","*","*","*"
"Regional School District 01","=""2010012""","Gender","Male",46,49.4,46,49.2,46,66.3
"Regional School District 01","=""2010012""","Gender","Non-Binary","*","*","*","*","*","*"
"Regional School District 01","=""2010012""","Grade","08","*","*","*","*","*","*"
"Regional School District 01","=""2010012""","Grade","11","*","*","*","*","*","*"
"Regional School District 01","=""2010012""","High Needs (F/R, EL or SWD)","High Needs",27,42.8,27,42.6,28,55.2
"Regional School District 01","=""2010012""","High Needs (F/R, EL or SWD)","Not High Needs",57,61.1,57,57.7,56,75.9
"Regional School District 01","=""2010012""","Free/Reduced Price Meal Eligibility (2-level)","Eligible For Free Or Reduced Price Meals",25,44.5,25,44.2,26,57.9
"Regional School District 01","=""2010012""","Free/Reduced Price Meal Eligibility (2-level)","Not Eligible For Free Or Reduced Price Meals",59,59.7,59,56.6,58,74.0
"Regional School District 01","=""2010012""","Race/Ethnicity","Hispanic or Latino",9,"*",9,"*",10,"*"
"Regional School District 01","=""2010012""","Race/Ethnicity","Two or More Races",6,"*",6,"*",6,"*"
"Regional School District 01","=""2010012""","Race/Ethnicity","White",69,57.6,69,54.1,68,72.1
"Regional School District 01","=""2010012""","Special Education Status (SWD)","Students with Disabilities","*","*","*","*","*","*"
"Regional School District 01","=""2010012""","Special Education Status (SWD)","Students without Disabilities","*","*","*","*","*","*"
"Regional School District 04","=""2040012""","All Students","District",292,65.1,292,62.7,201,66.5
"Regional School District 04","=""2040012""","English Language Learners (EL)","English Learners",10,"*",10,"*","*","*"
"Regional School District 04","=""2040012""","English Language Learners (EL)","Not English Learners",282,65.7,282,63.3,"*","*"
"Regional School District 04","=""2040012""","Gender","Female","*","*","*","*",83,66.6
"Regional School District 04","=""2040012""","Gender","Male",160,63.3,160,63.3,118,66.4
"Regional School District 04","=""2040012""","Gender","Non-Binary","*","*","*","*",0,"N/A"
"Regional School District 04","=""2040012""","Grade","07",89,66.7,89,67.0,"N/A","N/A"
"Regional School District 04","=""2040012""","Grade","08",98,69.7,98,67.9,98,67.6
"Regional School District 04","=""2040012""","Grade","11",105,59.3,105,54.1,103,65.4
"Regional School District 04","=""2040012""","High Needs (F/R, EL or SWD)","High Needs",98,52.1,98,50.7,64,53.3
"Regional School District 04","=""2040012""","High Needs (F/R, EL or SWD)","Not High Needs",194,71.6,194,68.7,137,72.6
"Regional School District 04","=""2040012""","Free/Reduced Price Meal Eligibility (2-level)","Eligible For Free Or Reduced Price Meals",74,55.0,74,54.0,49,55.3
"Regional School District 04","=""2040012""","Free/Reduced Price Meal Eligibility (2-level)","Not Eligible For Free Or Reduced Price Meals",218,68.5,218,65.6,152,70.1
"Regional School District 04","=""2040012""","Race/Ethnicity","American Indian or Alaska Native","*","*","*","*","*","*"
"Regional School District 04","=""2040012""","Race/Ethnicity","Asian","*","*","*","*","*","*"
"Regional School District 04","=""2040012""","Race/Ethnicity","Black or African American","*","*","*","*","*","*"
"Regional School District 04","=""2040012""","Race/Ethnicity","Hispanic or Latino",27,60.2,27,55.9,19,"*"
"Regional School District 04","=""2040012""","Race/Ethnicity","Two or More Races",10,"*",10,"*",6,"*"
"Regional School District 04","=""2040012""","Race/Ethnicity","White",248,65.5,248,63.5,170,68.0
"Regional School District 04","=""2040012""","Special Education Status (SWD)","Students with Disabilities",41,40.8,41,37.7,26,44.8
"Regional School District 04","=""2040012""","Special Education Status (SWD)","Students without Disabilities",251,69.0,251,66.8,175,69.7
"Regional School District 05","=""2050012""","All Students","District",1065,74.5,1061,72.5,678,75.9
"Regional School District 05","=""2050012""","English Language Learners (EL)","English Learners",61,58.5,60,60.9,27,60.4
"Regional School District 05","=""2050012""","English Language Learners (EL)","Not English Learners",1004,75.5,1001,73.2,651,76.6
"Regional School District 05","=""2050012""","Gender","Female","*","*","*","*","*","*"
"Regional School District 05","=""2050012""","Gender","Male",574,73.0,571,73.6,362,77.1
"Regional School District 05","=""2050012""","Gender","Non-Binary","*","*","*","*","*","*"
"Regional School District 05","=""2050012""","Grade","07",387,79.5,383,77.4,"N/A","N/A"
"Regional School District 05","=""2050012""","Grade","08",359,75.9,359,74.8,361,80.5
"Regional School District 05","=""2050012""","Grade","11",319,67.0,319,64.0,317,70.7
"Regional School District 05","=""2050012""","High Needs (F/R, EL or SWD)","High Needs",299,58.9,296,55.8,177,59.6
"Regional School District 05","=""2050012""","High Needs (F/R, EL or SWD)","Not High Needs",766,80.6,765,78.9,501,81.7
"Regional School District 05","=""2050012""","Free/Reduced Price Meal Eligibility (2-level)","Eligible For Free Or Reduced Price Meals",158,63.2,155,61.9,101,63.1
"Regional School District 05","=""2050012""","Free/Reduced Price Meal Eligibility (2-level)","Not Eligible For Free Or Reduced Price Meals",907,76.5,906,74.3,577,78.2
"Regional School District 05","=""2050012""","Race/Ethnicity","American Indian or Alaska Native","*","*","*","*","*","*"
"Regional School District 05","=""2050012""","Race/Ethnicity","Asian",171,85.3,169,89.2,110,87.1
"Regional School District 05","=""2050012""","Race/Ethnicity","Black or African American","*","*","*","*","*","*"
"Regional School District 05","=""2050012""","Race/Ethnicity","Hispanic or Latino",126,66.0,126,61.3,70,68.9
"Regional School District 05","=""2050012""","Race/Ethnicity","Two or More Races",54,89.3,52,86.2,27,85.3
"Regional School District 05","=""2050012""","Race/Ethnicity","White",681,72.6,681,69.8,447,74.0
"Regional School District 05","=""2050012""","Special Education Status (SWD)","Students with Disabilities",139,48.7,139,42.1,83,50.3
"Regional School District 05","=""2050012""","Special Education Status (SWD)","Students without Disabilities",926,78.4,922,77.0,595,79.5
"Regional School District 07","=""2070012""","All Students","District",335,66.1,335,63.5,222,65.7
"Regional School District 07","=""2070012""","English Language Learners (EL)","English Learners",6,"*",6,"*","*","*"
"Regional School District 07","=""2070012""","English Language Learners (EL)","Not English Learners",329,66.0,329,63.4,"*","*"
"Regional School District 07","=""2070012""","Gender","Female",172,70.4,173,65.1,108,67.9
"Regional School District 07","=""2070012""","Gender","Male",163,61.5,162,61.8,114,63.5
"Regional School District 07","=""2070012""","Grade","07",122,73.1,122,69.2,"N/A","N/A"
"Regional School District 07","=""2070012""","Grade","08",97,65.0,97,64.9,96,64.2
"Regional School District 07","=""2070012""","Grade","11",116,59.6,116,56.3,126,66.8
"Regional School District 07","=""2070012""","High Needs (F/R, EL or SWD)","High Needs",133,55.5,133,53.6,92,57.0
"Regional School District 07","=""2070012""","High Needs (F/R, EL or SWD)","Not High Needs",202,73.0,202,70.0,130,71.8
"Regional School District 07","=""2070012""","Free/Reduced Price Meal Eligibility (2-level)","Eligible For Free Or Reduced Price Meals",81,58.3,81,55.0,59,61.2
"Regional School District 07","=""2070012""","Free/Reduced Price Meal Eligibility (2-level)","Not Eligible For Free Or Reduced Price Meals",254,68.6,254,66.2,163,67.3
"Regional School District 07","=""2070012""","Race/Ethnicity","American Indian or Alaska Native","*","*","*","*","N/A","N/A"
"Regional School District 07","=""2070012""","Race/Ethnicity","Asian","*","*","*","*","*","*"
"Regional School District 07","=""2070012""","Race/Ethnicity","Black or African American","*","*","*","*","N/A","N/A"
"Regional School District 07","=""2070012""","Race/Ethnicity","Hispanic or Latino",22,60.3,22,56.2,11,"*"
"Regional School District 07","=""2070012""","Race/Ethnicity","Two or More Races",6,"*",6,"*","*","*"
"Regional School District 07","=""2070012""","Race/Ethnicity","White",299,66.0,299,63.8,203,65.5
"Regional School District 07","=""2070012""","Special Education Status (SWD)","Students with Disabilities",78,47.0,78,46.1,56,49.0
"Regional School District 07","=""2070012""","Special Education Status (SWD)","Students without Disabilities",257,71.9,257,68.8,166,71.3
"Regional School District 08","=""2080012""","All Students","District",522,67.9,520,65.5,336,67.5
"Regional School District 08","=""2080012""","English Language Learners (EL)","English Learners",8,"*",8,"*","*","*"
"Regional School District 08","=""2080012""","English Language Learners (EL)","Not English Learners",514,68.0,512,65.7,"*","*"
"Regional School District 08","=""2080012""","Gender","Female",264,69.9,264,65.6,"*","*"
"Regional School District 08","=""2080012""","Gender","Male","*","*","*","*",170,66.2
"Regional School District 08","=""2080012""","Gender","Non-Binary","*","*","*","*","*","*"
"Regional School District 08","=""2080012""","Grade","07",178,71.0,177,69.7,"N/A","N/A"
"Regional School District 08","=""2080012""","Grade","08",167,68.3,166,66.5,167,68.1
"Regional School District 08","=""2080012""","Grade","11",177,64.3,177,60.4,169,66.9
"Regional School District 08","=""2080012""","High Needs (F/R, EL or SWD)","High Needs",142,55.0,142,52.9,89,56.9
"Regional School District 08","=""2080012""","High Needs (F/R, EL or SWD)","Not High Needs",380,72.7,378,70.3,247,71.3
"Regional School District 08","=""2080012""","Free/Reduced Price Meal Eligibility (2-level)","Eligible For Free Or Reduced Price Meals",102,57.8,102,54.9,66,58.6
"Regional School District 08","=""2080012""","Free/Reduced Price Meal Eligibility (2-level)","Not Eligible For Free Or Reduced Price Meals",420,70.3,418,68.1,270,69.7
"Regional School District 08","=""2080012""","Race/Ethnicity","Asian","*","*","*","*","*","*"
"Regional School District 08","=""2080012""","Race/Ethnicity","Black or African American","*","*","*","*",8,"*"
"Regional School District 08","=""2080012""","Race/Ethnicity","Hispanic or Latino",51,61.3,51,59.0,32,61.9
"Regional School District 08","=""2080012""","Race/Ethnicity","Two or More Races",14,"*",14,"*","*","*"
"Regional School District 08","=""2080012""","Race/Ethnicity","White",444,69.1,442,67.0,289,68.7
"Regional School District 08","=""2080012""","Special Education Status (SWD)","Students with Disabilities",66,42.8,66,40.3,40,48.5
"Regional School District 08","=""2080012""","Special Education Status (SWD)","Students without Disabilities",456,71.5,454,69.2,296,70.1
"Regional School District 09","=""2090012""","All Students","District",167,67.0,167,64.6,167,80.1
"Regional School District 09","=""2090012""","English Language Learners (EL)","English Learners","*","*","*","*","*","*"
"Regional School District 09","=""2090012""","English Language Learners (EL)","Not English Learners","*","*","*","*","*","*"
"Regional School District 09","=""2090012""","Gender","Female",74,65.8,74,61.8,73,77.2
"Regional School District 09","=""2090012""","Gender","Male",93,67.9,93,66.9,94,82.5
"Regional School District 09","=""2090012""","Grade","11",167,67.0,167,64.6,167,80.1
"Regional School District 09","=""2090012""","High Needs (F/R, EL or SWD)","High Needs",59,59.8,59,54.7,60,70.4
"Regional School District 09","=""2090012""","High Needs (F/R, EL or SWD)","Not High Needs",108,70.9,108,70.1,107,85.6
"Regional School District 09","=""2090012""","Free/Reduced Price Meal Eligibility (2-level)","Eligible For Free Or Reduced Price Meals",32,66.2,32,65.6,32,80.0
"Regional School District 09","=""2090012""","Free/Reduced Price Meal Eligibility (2-level)","Not Eligible For Free Or Reduced Price Meals",135,67.1,135,64.4,135,80.2
"Regional School District 09","=""2090012""","Race/Ethnicity","Asian",7,"*",7,"*",7,"*"
"Regional School District 09","=""2090012""","Race/Ethnicity","Black or African American","*","*","*","*","*","*"
"Regional School District 09","=""2090012""","Race/Ethnicity","Hispanic or Latino",16,"*",16,"*",16,"*"
"Regional School District 09","=""2090012""","Race/Ethnicity","Two or More Races","*","*","*","*","*","*"
"Regional School District 09","=""2090012""","Race/Ethnicity","White",135,67.1,135,64.8,136,80.7
"Regional School District 09","=""2090012""","Special Education Status (SWD)","Students with Disabilities",32,53.4,32,43.7,33,60.9
"Regional School District 09","=""2090012""","Special Education Status (SWD)","Students without Disabilities",135,70.2,135,69.6,134,84.9
"Regional School District 10","=""2100012""","All Students","District",1113,72.2,1112,69.1,490,71.9
"Regional School District 10","=""2100012""","English Language Learners (EL)","English Learners",33,68.3,33,67.4,15,"*"
"Regional School District 10","=""2100012""","English Language Learners (EL)","Not English Learners",1080,72.3,1079,69.1,475,72.1
"Regional School District 10","=""2100012""","Gender","Female","*","*","*","*",227,72.0
"Regional School District 10","=""2100012""","Gender","Male",595,70.9,595,69.9,263,71.8
"Regional School District 10","=""2100012""","Gender","Non-Binary","*","*","*","*",0,"N/A"
"Regional School District 10","=""2100012""","Grade","03",136,75.0,136,73.2,"N/A","N/A"
"Regional School District 10","=""2100012""","Grade","04",165,73.4,165,76.2,"N/A","N/A"
"Regional School District 10","=""2100012""","Grade","05",161,77.4,160,71.8,161,74.1
"Regional School District 10","=""2100012""","Grade","06",154,74.2,154,70.2,"N/A","N/A"
"Regional School District 10","=""2100012""","Grade","07",165,76.2,165,71.7,"N/A","N/A"
"Regional School District 10","=""2100012""","Grade","08",173,68.3,173,64.1,173,71.0
"Regional School District 10","=""2100012""","Grade","11",159,61.1,159,57.1,156,70.6
"Regional School District 10","=""2100012""","High Needs (F/R, EL or SWD)","High Needs",364,64.1,363,59.7,149,63.7
"Regional School District 10","=""2100012""","High Needs (F/R, EL or SWD)","Not High Needs",749,76.1,749,73.6,341,75.5
"Regional School District 10","=""2100012""","Free/Reduced Price Meal Eligibility (2-level)","Eligible For Free Or Reduced Price Meals",205,65.6,204,61.3,88,64.3
"Regional School District 10","=""2100012""","Free/Reduced Price Meal Eligibility (2-level)","Not Eligible For Free Or Reduced Price Meals",908,73.6,908,70.8,402,73.6
"Regional School District 10","=""2100012""","Race/Ethnicity","Asian","*","*","*","*","N/A","N/A"
"Regional School District 10","=""2100012""","Race/Ethnicity","Black or African American","*","*","*","*","*","*"
"Regional School District 10","=""2100012""","Race/Ethnicity","Hispanic or Latino",84,69.8,84,63.6,"*","*"
"Regional School District 10","=""2100012""","Race/Ethnicity","Two or More Races",274,72.1,274,69.5,120,72.1
"Regional School District 10","=""2100012""","Race/Ethnicity","White",750,72.4,749,69.4,330,72.6
"Regional School District 10","=""2100012""","Special Education Status (SWD)","Students with Disabilities",201,58.7,201,52.9,73,59.3
"Regional School District 10","=""2100012""","Special Education Status (SWD)","Students without Disabilities",912,75.1,911,72.6,417,74.1
"Regional School District 11","=""2110012""","All Students","District",85,59.8,84,51.8,49,57.7
"Regional School District 11","=""2110012""","English Language Learners (EL)","English Learners","*","*","*","*","N/A","N/A"
"Regional School District 11","=""2110012""","English Language Learners (EL)","Not English Learners","*","*","*","*",49,57.7
"Regional School District 11","=""2110012""","Gender","Female",42,63.8,42,52.1,26,65.1
"Regional School District 11","=""2110012""","Gender","Male",43,55.9,42,51.5,23,49.4
"Regional School District 11","=""2110012""","Grade","07",36,61.5,36,54.8,"N/A","N/A"
"Regional School District 11","=""2110012""","Grade","08",32,61.9,31,52.4,31,60.2
"Regional School District 11","=""2110012""","Grade","11",17,"*",17,"*",18,"*"
"Regional School District 11","=""2110012""","High Needs (F/R, EL or SWD)","High Needs",46,52.7,45,47.2,25,48.4
"Regional School District 11","=""2110012""","High Needs (F/R, EL or SWD)","Not High Needs",39,68.1,39,57.2,24,67.4
"Regional School District 11","=""2110012""","Free/Reduced Price Meal Eligibility (2-level)","Eligible For Free Or Reduced Price Meals",39,52.8,38,47.4,22,48.4
"Regional School District 11","=""2110012""","Free/Reduced Price Meal Eligibility (2-level)","Not Eligible For Free Or Reduced Price Meals",46,65.7,46,55.4,27,65.3
"Regional School District 11","=""2110012""","Race/Ethnicity","American Indian or Alaska Native","*","*","*","*","*","*"
"Regional School District 11","=""2110012""","Race/Ethnicity","Asian","*","*","*","*","*","*"
"Regional School District 11","=""2110012""","Race/Ethnicity","Black or African American","*","*","*","*","*","*"
"Regional School District 11","=""2110012""","Race/Ethnicity","Hispanic or Latino",11,"*",10,"*",7,"*"
"Regional School District 11","=""2110012""","Race/Ethnicity","Two or More Races","*","*","*","*",0,"N/A"
"Regional School District 11","=""2110012""","Race/Ethnicity","White",67,61.4,67,53.6,38,60.1
"Regional School District 11","=""2110012""","Special Education Status (SWD)","Students with Disabilities",19,"*",19,"*",11,"*"
"Regional School District 11","=""2110012""","Special Education Status (SWD)","Students without Disabilities",66,63.5,65,55.5,38,61.6
"Regional School District 12","=""2120012""","All Students","District",384,75.8,384,71.3,191,74.6
"Regional School District 12","=""2120012""","English Language Learners (EL)","English Learners",11,"*",11,"*","*","*"
"Regional School District 12","=""2120012""","English Language Learners (EL)","Not English Learners",373,76.5,373,71.8,"*","*"
"Regional School District 12","=""2120012""","Gender","Female",219,76.8,219,69.4,115,74.8
"Regional School District 12","=""2120012""","Gender","Male","*","*","*","*",76,74.3
"Regional School District 12","=""2120012""","Gender","Non-Binary","*","*","*","*","N/A","N/A"
"Regional School District 12","=""2120012""","Grade","03",56,71.0,56,65.6,"N/A","N/A"
"Regional School District 12","=""2120012""","Grade","04",49,86.9,49,83.5,"N/A","N/A"
"Regional School District 12","=""2120012""","Grade","05",47,79.6,47,75.0,47,75.9
"Regional School District 12","=""2120012""","Grade","06",44,81.2,44,75.0,"N/A","N/A"
"Regional School District 12","=""2120012""","Grade","07",42,79.1,42,76.6,"N/A","N/A"
"Regional School District 12","=""2120012""","Grade","08",44,77.6,44,72.0,44,74.1
"Regional School District 12","=""2120012""","Grade","11",102,66.9,102,62.7,100,74.1
"Regional School District 12","=""2120012""","High Needs (F/R, EL or SWD)","High Needs",123,66.8,123,60.0,67,67.7
"Regional School District 12","=""2120012""","High Needs (F/R, EL or SWD)","Not High Needs",261,80.0,261,76.6,124,78.3
"Regional School District 12","=""2120012""","Free/Reduced Price Meal Eligibility (2-level)","Eligible For Free Or Reduced Price Meals",83,71.8,83,64.6,49,73.1
"Regional School District 12","=""2120012""","Free/Reduced Price Meal Eligibility (2-level)","Not Eligible For Free Or Reduced Price Meals",301,76.9,301,73.1,142,75.1
"Regional School District 12","=""2120012""","Race/Ethnicity","Asian","*","*","*","*","*","*"
"Regional School District 12","=""2120012""","Race/Ethnicity","Hispanic or Latino",43,70.6,43,64.4,19,"*"
"Regional School District 12","=""2120012""","Race/Ethnicity","Two or More Races","*","*","*","*","*","*"
"Regional School District 12","=""2120012""","Race/Ethnicity","White",320,75.8,320,72.0,157,74.7
"Regional School District 12","=""2120012""","Special Education Status (SWD)","Students with Disabilities",55,58.1,55,50.0,25,54.3
"Regional School District 12","=""2120012""","Special Education Status (SWD)","Students without Disabilities",329,78.8,329,74.8,166,77.6
"Regional School District 13","=""2130012""","All Students","District",685,71.2,684,65.0,281,71.1
"Regional School District 13","=""2130012""","English Language Learners (EL)","English Learners",17,"*",17,"*",7,"*"
"Regional School District 13","=""2130012""","English Language Learners (EL)","Not English Learners",668,71.4,667,65.2,274,71.4
"Regional School District 13","=""2130012""","Gender","Female",345,72.6,344,63.5,144,70.7
"Regional School District 13","=""2130012""","Gender","Male",340,69.7,340,66.4,137,71.6
"Regional School District 13","=""2130012""","Grade","03",101,66.7,101,61.2,"N/A","N/A"
"Regional School District 13","=""2130012""","Grade","04",101,75.5,101,66.9,"N/A","N/A"
"Regional School District 13","=""2130012""","Grade","05",99,76.2,99,69.2,99,75.9
"Regional School District 13","=""2130012""","Grade","06",111,71.9,111,65.7,"N/A","N/A"
"Regional School District 13","=""2130012""","Grade","07",91,70.2,91,64.9,"N/A","N/A"
"Regional School District 13","=""2130012""","Grade","08",106,73.4,105,67.1,106,69.5
"Regional School District 13","=""2130012""","Grade","11",76,61.6,76,57.9,76,67.1
"Regional School District 13","=""2130012""","High Needs (F/R, EL or SWD)","High Needs",216,58.5,215,50.9,76,53.6
"Regional School District 13","=""2130012""","High Needs (F/R, EL or SWD)","Not High Needs",469,77.0,469,71.4,205,77.6
"Regional School District 13","=""2130012""","Free/Reduced Price Meal Eligibility (2-level)","Eligible For Free Or Reduced Price Meals",110,62.1,110,53.3,33,58.4
"Regional School District 13","=""2130012""","Free/Reduced Price Meal Eligibility (2-level)","Not Eligible For Free Or Reduced Price Meals",575,72.9,574,67.2,248,72.8
"Regional School District 13","=""2130012""","Race/Ethnicity","American Indian or Alaska Native","*","*","*","*","N/A","N/A"
"Regional School District 13","=""2130012""","Race/Ethnicity","Asian",6,"*",6,"*","*","*"
"Regional School District 13","=""2130012""","Race/Ethnicity","Black or African American","*","*","*","*","*","*"
"Regional School District 13","=""2130012""","Race/Ethnicity","Hispanic or Latino",56,63.4,56,52.9,26,59.8
"Regional School District 13","=""2130012""","Race/Ethnicity","Two or More Races",17,"*",17,"*",8,"*"
"Regional School District 13","=""2130012""","Race/Ethnicity","White",601,71.9,600,65.9,244,72.2
"Regional School District 13","=""2130012""","Special Education Status (SWD)","Students with Disabilities",137,53.5,136,45.7,52,48.2
"Regional School District 13","=""2130012""","Special Education Status (SWD)","Students without Disabilities",548,75.6,548,69.8,229,76.3
"Regional School District 14","=""2140012""","All Students","District",764,70.2,763,66.4,385,70.2
"Regional School District 14","=""2140012""","English Language Learners (EL)","English Learners",16,"*",16,"*","*","*"
"Regional School District 14","=""2140012""","English Language Learners (EL)","Not English Learners",748,70.5,747,66.6,"*","*"
"Regional School District 14","=""2140012""","Gender","Female",398,72.5,398,67.5,207,72.0
"Regional School District 14","=""2140012""","Gender","Male",366,67.7,365,65.1,178,68.0
"Regional School District 14","=""2140012""","Grade","03",90,70.7,89,66.9,"N/A","N/A"
"Regional School District 14","=""2140012""","Grade","04",92,79.1,92,78.3,"N/A","N/A"
"Regional School District 14","=""2140012""","Grade","05",103,73.9,103,71.9,102,80.5
"Regional School District 14","=""2140012""","Grade","06",85,77.8,85,68.3,"N/A","N/A"
"Regional School District 14","=""2140012""","Grade","07",107,71.3,107,63.1,"N/A","N/A"
"Regional School District 14","=""2140012""","Grade","08",101,73.6,101,71.1,101,72.6
"Regional School District 14","=""2140012""","Grade","11",186,57.7,186,55.6,182,63.0
"Regional School District 14","=""2140012""","High Needs (F/R, EL or SWD)","High Needs",272,61.1,271,56.5,125,58.9
"Regional School District 14","=""2140012""","High Needs (F/R, EL or SWD)","Not High Needs",492,75.2,492,71.8,260,75.6
"Regional School District 14","=""2140012""","Free/Reduced Price Meal Eligibility (2-level)","Eligible For Free Or Reduced Price Meals",173,64.8,172,62.1,73,64.9
"Regional School District 14","=""2140012""","Free/Reduced Price Meal Eligibility (2-level)","Not Eligible For Free Or Reduced Price Meals",591,71.8,591,67.6,312,71.4
"Regional School District 14","=""2140012""","Race/Ethnicity","American Indian or Alaska Native","*","*","*","*","*","*"
"Regional School District 14","=""2140012""","Race/Ethnicity","Asian",6,"*",6,"*","*","*"
"Regional School District 14","=""2140012""","Race/Ethnicity","Black or African American",16,"*",16,"*",8,"*"
"Regional School District 14","=""2140012""","Race/Ethnicity","Hispanic or Latino",93,70.1,93,65.7,46,67.9
"Regional School District 14","=""2140012""","Race/Ethnicity","Native Hawaiian or Other Pacific Islander","*","*","*","*","N/A","N/A"
"Regional School District 14","=""2140012""","Race/Ethnicity","Two or More Races",31,72.4,31,65.0,16,"*"
"Regional School District 14","=""2140012""","Race/Ethnicity","White",614,70.6,613,67.1,312,70.2
"Regional School District 14","=""2140012""","Special Education Status (SWD)","Students with Disabilities",146,52.5,145,46.5,68,49.8
"Regional School District 14","=""2140012""","Special Education Status (SWD)","Students without Disabilities",618,74.4,618,71.1,317,74.5
"Regional School District 15","=""2150012""","All Students","District",1849,69.0,1846,69.0,779,70.0
"Regional School District 15","=""2150012""","English Language Learners (EL)","English Learners",67,58.1,67,59.8,26,54.6
"Regional School District 15","=""2150012""","English Language Learners (EL)","Not English Learners",1782,69.5,1779,69.4,753,70.5
"Regional School District 15","=""2150012""","Gender","Female",886,70.9,884,67.7,379,68.4
"Regional School District 15","=""2150012""","Gender","Male",963,67.4,962,70.3,400,71.5
"Regional School District 15","=""2150012""","Grade","03",279,70.6,279,69.6,"N/A","N/A"
"Regional School District 15","=""2150012""","Grade","04",237,75.3,237,75.0,"N/A","N/A"
"Regional School District 15","=""2150012""","Grade","05",275,73.7,274,75.7,274,74.8
"Regional School District 15","=""2150012""","Grade","06",287,68.2,285,67.7,"N/A","N/A"
"Regional School District 15","=""2150012""","Grade","07",269,69.7,268,70.4,"N/A","N/A"
"Regional School District 15","=""2150012""","Grade","08",266,65.7,267,66.4,267,70.1
"Regional School District 15","=""2150012""","Grade","11",236,59.5,236,57.5,238,64.4
"Regional School District 15","=""2150012""","High Needs (F/R, EL or SWD)","High Needs",525,56.2,525,55.3,211,55.3
"Regional School District 15","=""2150012""","High Needs (F/R, EL or SWD)","Not High Needs",1324,74.1,1321,74.5,568,75.5
"Regional School District 15","=""2150012""","Free/Reduced Price Meal Eligibility (2-level)","Eligible For Free Or Reduced Price Meals",261,59.9,261,57.9,104,57.4
"Regional School District 15","=""2150012""","Free/Reduced Price Meal Eligibility (2-level)","Not Eligible For Free Or Reduced Price Meals",1588,70.6,1585,70.8,675,72.0
"Regional School District 15","=""2150012""","Race/Ethnicity","American Indian or Alaska Native","*","*","*","*","*","*"
"Regional School District 15","=""2150012""","Race/Ethnicity","Asian",94,75.5,94,79.2,46,78.8
"Regional School District 15","=""2150012""","Race/Ethnicity","Black or African American",50,66.2,50,63.8,18,"*"
"Regional School District 15","=""2150012""","Race/Ethnicity","Hispanic or Latino",178,61.7,177,59.8,75,60.7
"Regional School District 15","=""2150012""","Race/Ethnicity","Native Hawaiian or Other Pacific Islander","*","*","*","*","*","*"
"Regional School District 15","=""2150012""","Race/Ethnicity","Two or More Races",72,67.8,72,69.3,26,67.6
"Regional School District 15","=""2150012""","Race/Ethnicity","White",1453,69.7,1451,69.6,612,70.8
"Regional School District 15","=""2150012""","Special Education Status (SWD)","Students with Disabilities",324,49.5,324,47.7,129,49.1
"Regional School District 15","=""2150012""","Special Education Status (SWD)","Students without Disabilities",1525,73.2,1522,73.6,650,74.2
"Regional School District 16","=""2160012""","All Students","District",993,72.3,993,70.8,424,72.1
"Regional School District 16","=""2160012""","English Language Learners (EL)","English Learners",52,61.2,52,60.8,20,61.9
"Regional School District 16","=""2160012""","English Language Learners (EL)","Not English Learners",941,73.0,941,71.4,404,72.6
"Regional School District 16","=""2160012""","Gender","Female",485,73.2,485,69.5,210,70.2
"Regional School District 16","=""2160012""","Gender","Male",508,71.5,508,72.1,214,73.9
"Regional School District 16","=""2160012""","Grade","03",139,76.5,139,76.1,"N/A","N/A"
"Regional School District 16","=""2160012""","Grade","04",139,77.5,139,78.4,"N/A","N/A"
"Regional School District 16","=""2160012""","Grade","05",139,75.7,139,75.2,139,77.2
"Regional School District 16","=""2160012""","Grade","06",151,72.7,151,69.5,"N/A","N/A"
"Regional School District 16","=""2160012""","Grade","07",141,77.8,141,73.4,"N/A","N/A"
"Regional School District 16","=""2160012""","Grade","08",133,69.0,133,67.5,134,70.5
"Regional School District 16","=""2160012""","Grade","11",151,58.1,151,56.7,151,68.7
"Regional School District 16","=""2160012""","High Needs (F/R, EL or SWD)","High Needs",373,63.4,373,61.2,159,63.2
"Regional School District 16","=""2160012""","High Needs (F/R, EL or SWD)","Not High Needs",620,77.7,620,76.6,265,77.4
"Regional School District 16","=""2160012""","Free/Reduced Price Meal Eligibility (2-level)","Eligible For Free Or Reduced Price Meals",247,66.9,247,64.9,107,67.8
"Regional School District 16","=""2160012""","Free/Reduced Price Meal Eligibility (2-level)","Not Eligible For Free Or Reduced Price Meals",746,74.1,746,72.8,317,73.5
"Regional School District 16","=""2160012""","Race/Ethnicity","American Indian or Alaska Native","*","*","*","*","*","*"
"Regional School District 16","=""2160012""","Race/Ethnicity","Asian","*","*","*","*","*","*"
"Regional School District 16","=""2160012""","Race/Ethnicity","Black or African American",41,70.0,41,69.0,17,"*"
"Regional School District 16","=""2160012""","Race/Ethnicity","Hispanic or Latino",124,64.8,124,63.2,58,65.1
"Regional School District 16","=""2160012""","Race/Ethnicity","Two or More Races",24,76.7,24,69.6,12,"*"
"Regional School District 16","=""2160012""","Race/Ethnicity","White",782,73.7,782,72.2,328,74.1
"Regional School District 16","=""2160012""","Special Education Status (SWD)","Students with Disabilities",163,52.7,163,48.7,71,48.7
"Regional School District 16","=""2160012""","Special Education Status (SWD)","Students without Disabilities",830,76.2,830,75.2,353,76.8
"Regional School District 17","=""2170012""","All Students","District",960,74.6,959,71.5,422,73.7
"Regional School District 17","=""2170012""","English Language Learners (EL)","English Learners",8,"*",8,"*",6,"*"
"Regional School District 17","=""2170012""","English Language Learners (EL)","Not English Learners",952,74.8,951,71.7,416,73.9
"Regional School District 17","=""2170012""","Gender","Female",479,76.9,478,70.8,208,74.3
"Regional School District 17","=""2170012""","Gender","Male",481,72.4,481,72.2,214,73.1
"Regional School District 17","=""2170012""","Grade","03",144,77.3,144,77.0,"N/A","N/A"
"Regional School District 17","=""2170012""","Grade","04",132,77.7,132,72.2,"N/A","N/A"
"Regional School District 17","=""2170012""","Grade","05",141,74.4,140,74.5,143,74.6
"Regional School District 17","=""2170012""","Grade","06",136,77.9,136,74.4,"N/A","N/A"
"Regional School District 17","=""2170012""","Grade","07",128,75.2,128,71.3,"N/A","N/A"
"Regional School District 17","=""2170012""","Grade","08",155,74.0,155,69.5,155,72.4
"Regional School District 17","=""2170012""","Grade","11",124,65.1,124,60.9,124,74.4
"Regional School District 17","=""2170012""","High Needs (F/R, EL or SWD)","High Needs",264,61.3,264,57.6,120,58.4
"Regional School District 17","=""2170012""","High Needs (F/R, EL or SWD)","Not High Needs",696,79.7,695,76.9,302,79.8
"Regional School District 17","=""2170012""","Free/Reduced Price Meal Eligibility (2-level)","Eligible For Free Or Reduced Price Meals",136,65.7,136,63.0,59,64.1
"Regional School District 17","=""2170012""","Free/Reduced Price Meal Eligibility (2-level)","Not Eligible For Free Or Reduced Price Meals",824,76.1,823,73.0,363,75.3
"Regional School District 17","=""2170012""","Race/Ethnicity","American Indian or Alaska Native","*","*","*","*","N/A","N/A"
"Regional School District 17","=""2170012""","Race/Ethnicity","Asian",13,"*",13,"*",7,"*"
"Regional School District 17","=""2170012""","Race/Ethnicity","Black or African American","*","*","*","*",8,"*"
"Regional School District 17","=""2170012""","Race/Ethnicity","Hispanic or Latino",41,79.6,41,76.9,15,"*"
"Regional School District 17","=""2170012""","Race/Ethnicity","Two or More Races",34,69.2,34,67.6,12,"*"
"Regional School District 17","=""2170012""","Race/Ethnicity","White",859,74.6,858,71.5,380,73.5
"Regional School District 17","=""2170012""","Special Education Status (SWD)","Students with Disabilities",170,55.3,170,50.6,77,50.6
"Regional School District 17","=""2170012""","Special Education Status (SWD)","Students without Disabilities",790,78.8,789,76.1,345,78.9
"Regional School District 18","=""2180012""","All Students","District",631,78.9,632,76.6,275,80.4
"Regional School District 18","=""2180012""","English Language Learners (EL)","English Learners",28,58.6,29,58.4,13,"*"
"Regional School District 18","=""2180012""","English Language Learners (EL)","Not English Learners",603,79.8,603,77.5,262,80.9
"Regional School District 18","=""2180012""","Gender","Female","*","*","*","*","*","*"
"Regional School District 18","=""2180012""","Gender","Male",333,77.2,334,76.6,138,82.1
"Regional School District 18","=""2180012""","Gender","Non-Binary","*","*","*","*","*","*"
"Regional School District 18","=""2180012""","Grade","03",101,82.5,101,80.3,"N/A","N/A"
"Regional School District 18","=""2180012""","Grade","04",81,85.0,81,78.2,"N/A","N/A"
"Regional School District 18","=""2180012""","Grade","05",99,79.5,99,79.5,99,78.6
"Regional School District 18","=""2180012""","Grade","06",84,74.2,84,65.5,"N/A","N/A"
"Regional School District 18","=""2180012""","Grade","07",93,78.5,94,78.7,"N/A","N/A"
"Regional School District 18","=""2180012""","Grade","08",89,77.9,89,80.9,89,83.9
"Regional School District 18","=""2180012""","Grade","11",84,74.3,84,71.4,87,78.8
"Regional School District 18","=""2180012""","High Needs (F/R, EL or SWD)","High Needs",180,67.6,181,65.0,80,64.6
"Regional School District 18","=""2180012""","High Needs (F/R, EL or SWD)","Not High Needs",451,83.4,451,81.2,195,86.9
"Regional School District 18","=""2180012""","Free/Reduced Price Meal Eligibility (2-level)","Eligible For Free Or Reduced Price Meals",96,70.5,97,67.8,46,71.8
"Regional School District 18","=""2180012""","Free/Reduced Price Meal Eligibility (2-level)","Not Eligible For Free Or Reduced Price Meals",535,80.4,535,78.2,229,82.1
"Regional School District 18","=""2180012""","Race/Ethnicity","Asian","*","*","*","*","*","*"
"Regional School District 18","=""2180012""","Race/Ethnicity","Black or African American","*","*","*","*","*","*"
"Regional School District 18","=""2180012""","Race/Ethnicity","Hispanic or Latino",45,68.9,45,65.4,18,"*"
"Regional School District 18","=""2180012""","Race/Ethnicity","Two or More Races",29,81.4,29,76.0,12,"*"
"Regional School District 18","=""2180012""","Race/Ethnicity","White",537,79.7,537,77.6,232,80.9
"Regional School District 18","=""2180012""","Special Education Status (SWD)","Students with Disabilities",96,63.5,97,59.4,39,56.9
"Regional School District 18","=""2180012""","Special Education Status (SWD)","Students without Disabilities",535,81.7,535,79.7,236,84.3
"Regional School District 19","=""2190012""","All Students","District",235,64.4,235,57.8,229,63.6
"Regional School District 19","=""2190012""","English Language Learners (EL)","English Learners",6,"*",6,"*","*","*"
"Regional School District 19","=""2190012""","English Language Learners (EL)","Not English Learners",229,64.9,229,58.1,"*","*"
"Regional School District 19","=""2190012""","Gender","Female",129,64.1,129,56.4,127,62.1
"Regional School District 19","=""2190012""","Gender","Male","*","*","*","*","*","*"
"Regional School District 19","=""2190012""","Gender","Non-Binary","*","*","*","*","*","*"
"Regional School District 19","=""2190012""","Grade","11",235,64.4,235,57.8,229,63.6
"Regional School District 19","=""2190012""","High Needs (F/R, EL or SWD)","High Needs",98,56.2,98,49.7,89,53.7
"Regional School District 19","=""2190012""","High Needs (F/R, EL or SWD)","Not High Needs",137,70.2,137,63.6,140,69.9
"Regional School District 19","=""2190012""","Free/Reduced Price Meal Eligibility (2-level)","Eligible For Free Or Reduced Price Meals",71,56.5,71,51.2,61,56.1
"Regional School District 19","=""2190012""","Free/Reduced Price Meal Eligibility (2-level)","Not Eligible For Free Or Reduced Price Meals",164,67.8,164,60.7,168,66.3
"Regional School District 19","=""2190012""","Race/Ethnicity","American Indian or Alaska Native","*","*","*","*","*","*"
"Regional School District 19","=""2190012""","Race/Ethnicity","Asian",21,70.6,21,74.7,21,71.0
"Regional School District 19","=""2190012""","Race/Ethnicity","Black or African American",11,"*",11,"*",11,"*"
"Regional School District 19","=""2190012""","Race/Ethnicity","Hispanic or Latino",38,54.5,38,48.6,34,54.8
"Regional School District 19","=""2190012""","Race/Ethnicity","Two or More Races","*","*","*","*","*","*"
"Regional School District 19","=""2190012""","Race/Ethnicity","White",161,66.4,161,58.6,159,65.7
"Regional School District 19","=""2190012""","Special Education Status (SWD)","Students with Disabilities",39,48.6,39,39.1,38,41.4
"Regional School District 19","=""2190012""","Special Education Status (SWD)","Students without Disabilities",196,67.5,196,61.6,191,68.0
"Regional School District 20","=""2200012""","All Students","District",817,71.4,813,68.2,374,66.1
"Regional School District 20","=""2200012""","English Language Learners (EL)","English Learners",18,"*",18,"*",6,"*"
"Regional School District 20","=""2200012""","English Language Learners (EL)","Not English Learners",799,71.7,795,68.4,368,66.3
"Regional School District 20","=""2200012""","Gender","Female","*","*","*","*",188,67.3
"Regional School District 20","=""2200012""","Gender","Male",424,70.4,422,69.2,"*","*"
"Regional School District 20","=""2200012""","Gender","Non-Binary","*","*","*","*","*","*"
"Regional School District 20","=""2200012""","Grade","03",127,72.3,127,67.8,"N/A","N/A"
"Regional School District 20","=""2200012""","Grade","04",95,78.7,95,75.7,"N/A","N/A"
"Regional School District 20","=""2200012""","Grade","05",105,75.7,105,75.2,106,73.7
"Regional School District 20","=""2200012""","Grade","06",117,73.2,114,70.8,"N/A","N/A"
"Regional School District 20","=""2200012""","Grade","07",105,73.5,105,73.3,"N/A","N/A"
"Regional School District 20","=""2200012""","Grade","08",119,71.8,118,67.0,120,71.2
"Regional School District 20","=""2200012""","Grade","11",149,59.8,149,53.9,148,56.5
"Regional School District 20","=""2200012""","High Needs (F/R, EL or SWD)","High Needs",325,62.1,323,58.5,141,55.6
"Regional School District 20","=""2200012""","High Needs (F/R, EL or SWD)","Not High Needs",492,77.6,490,74.5,233,72.5
"Regional School District 20","=""2200012""","Free/Reduced Price Meal Eligibility (2-level)","Eligible For Free Or Reduced Price Meals",219,65.4,217,61.9,101,59.8
"Regional School District 20","=""2200012""","Free/Reduced Price Meal Eligibility (2-level)","Not Eligible For Free Or Reduced Price Meals",598,73.6,596,70.4,273,68.4
"Regional School District 20","=""2200012""","Race/Ethnicity","American Indian or Alaska Native","*","*","*","*","N/A","N/A"
"Regional School District 20","=""2200012""","Race/Ethnicity","Asian","*","*","*","*","*","*"
"Regional School District 20","=""2200012""","Race/Ethnicity","Black or African American",13,"*",13,"*",11,"*"
"Regional School District 20","=""2200012""","Race/Ethnicity","Hispanic or Latino",63,63.8,62,60.7,30,60.3
"Regional School District 20","=""2200012""","Race/Ethnicity","Two or More Races",21,77.5,21,72.5,"*","*"
"Regional School District 20","=""2200012""","Race/Ethnicity","White",712,72.1,709,68.9,319,67.0
"Regional School District 20","=""2200012""","Special Education Status (SWD)","Students with Disabilities",165,51.7,163,47.4,68,42.5
"Regional School District 20","=""2200012""","Special Education Status (SWD)","Students without Disabilities",652,76.4,650,73.4,306,71.4
"Goodwin University Educational Services (GUES)","=""2310018""","All Students","District",530,50.7,530,44.6,253,46.8
"Goodwin University Educational Services (GUES)","=""2310018""","English Language Learners (EL)","English Learners",107,42.8,107,39.4,42,40.2
"Goodwin University Educational Services (GUES)","=""2310018""","English Language Learners (EL)","Not English Learners",423,52.7,423,45.9,211,48.1
"Goodwin University Educational Services (GUES)","=""2310018""","Gender","Female",272,50.5,272,42.3,130,45.5
"Goodwin University Educational Services (GUES)","=""2310018""","Gender","Male","*","*","*","*","*","*"
"Goodwin University Educational Services (GUES)","=""2310018""","Gender","Non-Binary","*","*","*","*","*","*"
"Goodwin University Educational Services (GUES)","=""2310018""","Grade","03",69,60.8,69,54.2,"N/A","N/A"
"Goodwin University Educational Services (GUES)","=""2310018""","Grade","04",63,55.7,63,50.1,"N/A","N/A"
"Goodwin University Educational Services (GUES)","=""2310018""","Grade","05",63,44.5,63,45.2,63,48.1
"Goodwin University Educational Services (GUES)","=""2310018""","Grade","06",76,47.9,76,42.5,"N/A","N/A"
"Goodwin University Educational Services (GUES)","=""2310018""","Grade","07",77,46.6,77,40.5,"N/A","N/A"
"Goodwin University Educational Services (GUES)","=""2310018""","Grade","08",75,51.2,75,39.4,76,50.2
"Goodwin University Educational Services (GUES)","=""2310018""","Grade","11",107,49.5,107,42.7,114,43.8
"Goodwin University Educational Services (GUES)","=""2310018""","High Needs (F/R, EL or SWD)","High Needs",385,46.6,385,41.2,182,43.1
"Goodwin University Educational Services (GUES)","=""2310018""","High Needs (F/R, EL or SWD)","Not High Needs",145,61.5,145,53.5,71,56.2
"Goodwin University Educational Services (GUES)","=""2310018""","Free/Reduced Price Meal Eligibility (2-level)","Eligible For Free Or Reduced Price Meals",340,46.6,340,40.5,165,43.7
"Goodwin University Educational Services (GUES)","=""2310018""","Free/Reduced Price Meal Eligibility (2-level)","Not Eligible For Free Or Reduced Price Meals",190,58.0,190,51.9,88,52.5
"Goodwin University Educational Services (GUES)","=""2310018""","Race/Ethnicity","Asian","*","*","*","*",6,"*"
"Goodwin University Educational Services (GUES)","=""2310018""","Race/Ethnicity","Black or African American",171,49.0,171,41.7,85,41.6
"Goodwin University Educational Services (GUES)","=""2310018""","Race/Ethnicity","Hispanic or Latino",269,47.3,269,41.7,122,44.0
"Goodwin University Educational Services (GUES)","=""2310018""","Race/Ethnicity","Native Hawaiian or Other Pacific Islander","*","*","*","*","N/A","N/A"
"Goodwin University Educational Services (GUES)","=""2310018""","Race/Ethnicity","Two or More Races",23,60.2,23,53.2,13,"*"
"Goodwin University Educational Services (GUES)","=""2310018""","Race/Ethnicity","White",55,66.8,55,60.5,27,67.1
"Goodwin University Educational Services (GUES)","=""2310018""","Special Education Status (SWD)","Students with Disabilities",103,34.5,103,29.7,48,29.0
"Goodwin University Educational Services (GUES)","=""2310018""","Special Education Status (SWD)","Students without Disabilities",427,54.6,427,48.1,205,50.9
"Capitol Region Education Council","=""2410014""","All Students","District",4235,53.6,4209,46.8,1754,49.9
"Capitol Region Education Council","=""2410014""","English Language Learners (EL)","English Learners",652,46.8,651,41.9,232,43.2
"Capitol Region Education Council","=""2410014""","English Language Learners (EL)","Not English Learners",3583,54.9,3558,47.7,1522,50.9
"Capitol Region Education Council","=""2410014""","Gender","Female",2098,55.1,2085,45.8,"*","*"
"Capitol Region Education Council","=""2410014""","Gender","Male",2131,52.2,2118,47.7,898,50.0
"Capitol Region Education Council","=""2410014""","Gender","Non-Binary",6,"*",6,"*","*","*"
"Capitol Region Education Council","=""2410014""","Grade","03",566,57.9,563,53.0,"N/A","N/A"
"Capitol Region Education Council","=""2410014""","Grade","04",568,59.7,564,54.6,"N/A","N/A"
"Capitol Region Education Council","=""2410014""","Grade","05",560,56.3,559,56.2,560,56.4
"Capitol Region Education Council","=""2410014""","Grade","06",675,55.1,675,44.1,"N/A","N/A"
"Capitol Region Education Council","=""2410014""","Grade","07",674,49.6,668,42.7,"N/A","N/A"
"Capitol Region Education Council","=""2410014""","Grade","08",637,51.9,626,42.7,631,48.7
"Capitol Region Education Council","=""2410014""","Grade","11",555,45.4,554,36.0,563,44.8
"Capitol Region Education Council","=""2410014""","High Needs (F/R, EL or SWD)","High Needs",3084,48.9,3065,42.1,1215,45.1
"Capitol Region Education Council","=""2410014""","High Needs (F/R, EL or SWD)","Not High Needs",1151,66.3,1144,59.4,539,60.7
"Capitol Region Education Council","=""2410014""","Free/Reduced Price Meal Eligibility (2-level)","Eligible For Free Or Reduced Price Meals",2676,49.3,2659,42.1,1074,45.1
"Capitol Region Education Council","=""2410014""","Free/Reduced Price Meal Eligibility (2-level)","Not Eligible For Free Or Reduced Price Meals",1559,61.2,1550,54.9,680,57.5
"Capitol Region Education Council","=""2410014""","Race/Ethnicity","American Indian or Alaska Native","*","*","*","*","*","*"
"Capitol Region Education Council","=""2410014""","Race/Ethnicity","Asian",168,71.6,167,71.7,64,68.6
"Capitol Region Education Council","=""2410014""","Race/Ethnicity","Black or African American",1394,51.4,1387,43.7,574,45.8
"Capitol Region Education Council","=""2410014""","Race/Ethnicity","Hispanic or Latino",1919,50.1,1907,43.1,776,46.7
"Capitol Region Education Council","=""2410014""","Race/Ethnicity","Native Hawaiian or Other Pacific Islander","*","*","*","*","*","*"
"Capitol Region Education Council","=""2410014""","Race/Ethnicity","Two or More Races",254,56.9,252,49.2,112,53.1
"Capitol Region Education Council","=""2410014""","Race/Ethnicity","White",486,66.5,482,60.6,220,65.2
"Capitol Region Education Council","=""2410014""","Special Education Status (SWD)","Students with Disabilities",1083,38.4,1077,31.6,405,35.9
"Capitol Region Education Council","=""2410014""","Special Education Status (SWD)","Students without Disabilities",3152,58.9,3132,52.0,1349,54.1
"EdAdvance","=""2420014""","All Students","District",20,47.5,18,"*",13,"*"
"EdAdvance","=""2420014""","English Language Learners (EL)","English Learners",0,"N/A",0,"N/A","N/A","N/A"
"EdAdvance","=""2420014""","English Language Learners (EL)","Not English Learners",20,47.5,18,"*",13,"*"
"EdAdvance","=""2420014""","Gender","Female","*","*","*","*",0,"N/A"
"EdAdvance","=""2420014""","Gender","Male","*","*","*","*",13,"*"
"EdAdvance","=""2420014""","Grade","03","*","*","*","*","N/A","N/A"
"EdAdvance","=""2420014""","Grade","04","*","*","*","*","N/A","N/A"
"EdAdvance","=""2420014""","Grade","05","*","*","*","*","*","*"
"EdAdvance","=""2420014""","Grade","06","*","*","*","*","N/A","N/A"
"EdAdvance","=""2420014""","Grade","07",0,"N/A",0,"N/A","N/A","N/A"
"EdAdvance","=""2420014""","Grade","08","*","*","*","*","*","*"
"EdAdvance","=""2420014""","Grade","11",8,"*",8,"*",9,"*"
"EdAdvance","=""2420014""","High Needs (F/R, EL or SWD)","High Needs","*","*","*","*","*","*"
"EdAdvance","=""2420014""","High Needs (F/R, EL or SWD)","Not High Needs","*","*","*","*","*","*"
"EdAdvance","=""2420014""","Free/Reduced Price Meal Eligibility (2-level)","Eligible For Free Or Reduced Price Meals",10,"*",8,"*","*","*"
"EdAdvance","=""2420014""","Free/Reduced Price Meal Eligibility (2-level)","Not Eligible For Free Or Reduced Price Meals",10,"*",10,"*","*","*"
"EdAdvance","=""2420014""","Race/Ethnicity","Asian","*","*","*","*","*","*"
"EdAdvance","=""2420014""","Race/Ethnicity","Black or African American","*","*","*","*","*","*"
"EdAdvance","=""2420014""","Race/Ethnicity","Hispanic or Latino","*","*","*","*","*","*"
"EdAdvance","=""2420014""","Race/Ethnicity","Two or More Races","*","*","*","*",0,"N/A"
"EdAdvance","=""2420014""","Race/Ethnicity","White",10,"*",8,"*",7,"*"
"EdAdvance","=""2420014""","Special Education Status (SWD)","Students with Disabilities","*","*","*","*","*","*"
"EdAdvance","=""2420014""","Special Education Status (SWD)","Students without Disabilities","*","*","*","*","*","*"
"Cooperative Educational Services","=""2430014""","All Students","District",306,55.9,306,53.7,105,51.9
"Cooperative Educational Services","=""2430014""","English Language Learners (EL)","English Learners",25,59.3,25,54.6,9,"*"
"Cooperative Educational Services","=""2430014""","English Language Learners (EL)","Not English Learners",281,55.6,281,53.6,96,51.6
"Cooperative Educational Services","=""2430014""","Gender","Female",126,60.8,126,57.2,42,58.6
"Cooperative Educational Services","=""2430014""","Gender","Male",180,52.5,180,51.2,63,47.5
"Cooperative Educational Services","=""2430014""","Grade","03",65,54.7,65,55.9,"N/A","N/A"
"Cooperative Educational Services","=""2430014""","Grade","04",51,60.4,51,54.2,"N/A","N/A"
"Cooperative Educational Services","=""2430014""","Grade","05",46,59.6,46,63.0,46,58.7
"Cooperative Educational Services","=""2430014""","Grade","06",42,58.3,42,55.6,"N/A","N/A"
"Cooperative Educational Services","=""2430014""","Grade","07",43,55.8,43,55.8,"N/A","N/A"
"Cooperative Educational Services","=""2430014""","Grade","08",41,53.2,41,43.9,41,53.3
"Cooperative Educational Services","=""2430014""","Grade","11",18,"*",18,"*",18,"*"
"Cooperative Educational Services","=""2430014""","High Needs (F/R, EL or SWD)","High Needs",221,50.0,221,47.1,81,44.8
"Cooperative Educational Services","=""2430014""","High Needs (F/R, EL or SWD)","Not High Needs",85,71.2,85,70.6,24,76.1
"Cooperative Educational Services","=""2430014""","Free/Reduced Price Meal Eligibility (2-level)","Eligible For Free Or Reduced Price Meals",160,51.7,160,50.1,56,46.3
"Cooperative Educational Services","=""2430014""","Free/Reduced Price Meal Eligibility (2-level)","Not Eligible For Free Or Reduced Price Meals",146,60.4,146,57.5,49,58.4
"Cooperative Educational Services","=""2430014""","Race/Ethnicity","American Indian or Alaska Native","*","*","*","*","N/A","N/A"
"Cooperative Educational Services","=""2430014""","Race/Ethnicity","Asian",22,62.9,22,62.8,8,"*"
"Cooperative Educational Services","=""2430014""","Race/Ethnicity","Black or African American",70,51.8,70,49.1,22,46.9
"Cooperative Educational Services","=""2430014""","Race/Ethnicity","Hispanic or Latino",120,55.0,120,53.1,40,51.1
"Cooperative Educational Services","=""2430014""","Race/Ethnicity","Two or More Races","*","*","*","*",7,"*"
"Cooperative Educational Services","=""2430014""","Race/Ethnicity","White",77,58.3,77,55.4,28,55.3
"Cooperative Educational Services","=""2430014""","Special Education Status (SWD)","Students with Disabilities",122,42.6,122,37.3,52,37.1
"Cooperative Educational Services","=""2430014""","Special Education Status (SWD)","Students without Disabilities",184,64.7,184,64.5,53,66.6
"Area Cooperative Educational Services","=""2440014""","All Students","District",1028,52.5,1021,46.1,390,49.7
"Area Cooperative Educational Services","=""2440014""","English Language Learners (EL)","English Learners",72,50.2,71,45.5,30,47.9
"Area Cooperative Educational Services","=""2440014""","English Language Learners (EL)","Not English Learners",956,52.7,950,46.2,360,49.9
"Area Cooperative Educational Services","=""2440014""","Gender","Female",446,56.6,444,48.6,185,51.0
"Area Cooperative Educational Services","=""2440014""","Gender","Male",582,49.4,577,44.2,205,48.5
"Area Cooperative Educational Services","=""2440014""","Grade","03",86,48.7,86,36.8,"N/A","N/A"
"Area Cooperative Educational Services","=""2440014""","Grade","04",88,51.9,88,39.8,"N/A","N/A"
"Area Cooperative Educational Services","=""2440014""","Grade","05",88,42.0,88,40.2,87,42.2
"Area Cooperative Educational Services","=""2440014""","Grade","06",236,55.2,233,45.4,"N/A","N/A"
"Area Cooperative Educational Services","=""2440014""","Grade","07",222,56.1,221,53.3,"N/A","N/A"
"Area Cooperative Educational Services","=""2440014""","Grade","08",273,54.3,270,49.7,273,54.2
"Area Cooperative Educational Services","=""2440014""","Grade","11",35,36.2,35,31.5,30,30.6
"Area Cooperative Educational Services","=""2440014""","High Needs (F/R, EL or SWD)","High Needs",692,46.3,685,39.3,266,43.0
"Area Cooperative Educational Services","=""2440014""","High Needs (F/R, EL or SWD)","Not High Needs",336,65.5,336,60.1,124,64.2
"Area Cooperative Educational Services","=""2440014""","Free/Reduced Price Meal Eligibility (2-level)","Eligible For Free Or Reduced Price Meals",488,48.6,482,41.0,187,47.4
"Area Cooperative Educational Services","=""2440014""","Free/Reduced Price Meal Eligibility (2-level)","Not Eligible For Free Or Reduced Price Meals",540,56.1,539,50.7,203,51.8
"Area Cooperative Educational Services","=""2440014""","Race/Ethnicity","American Indian or Alaska Native","*","*","*","*","*","*"
"Area Cooperative Educational Services","=""2440014""","Race/Ethnicity","Asian",29,52.7,"*","*","*","*"
"Area Cooperative Educational Services","=""2440014""","Race/Ethnicity","Black or African American",327,47.6,327,38.7,126,42.9
"Area Cooperative Educational Services","=""2440014""","Race/Ethnicity","Hispanic or Latino",353,51.4,349,44.9,139,49.2
"Area Cooperative Educational Services","=""2440014""","Race/Ethnicity","Native Hawaiian or Other Pacific Islander","*","*",0,"N/A","N/A","N/A"
"Area Cooperative Educational Services","=""2440014""","Race/Ethnicity","Two or More Races",60,57.6,60,52.0,21,57.0
"Area Cooperative Educational Services","=""2440014""","Race/Ethnicity","White",256,59.5,254,55.5,94,58.9
"Area Cooperative Educational Services","=""2440014""","Special Education Status (SWD)","Students with Disabilities",404,37.5,399,30.7,157,32.7
"Area Cooperative Educational Services","=""2440014""","Special Education Status (SWD)","Students without Disabilities",624,62.3,622,56.1,233,61.2
"Learn","=""2450014""","All Students","District",360,59.1,360,53.0,200,61.3
"Learn","=""2450014""","English Language Learners (EL)","English Learners",58,49.5,58,44.7,21,43.3
"Learn","=""2450014""","English Language Learners (EL)","Not English Learners",302,61.0,302,54.6,179,63.4
"Learn","=""2450014""","Gender","Female","*","*","*","*",104,59.5
"Learn","=""2450014""","Gender","Male",182,58.0,182,54.6,"*","*"
"Learn","=""2450014""","Gender","Non-Binary","*","*","*","*","*","*"
"Learn","=""2450014""","Grade","03",79,57.1,79,50.5,"N/A","N/A"
"Learn","=""2450014""","Grade","04",72,60.6,72,53.6,"N/A","N/A"
"Learn","=""2450014""","Grade","05",78,63.7,78,58.1,"*","*"
"Learn","=""2450014""","Grade","06","*","*","*","*","N/A","N/A"
"Learn","=""2450014""","Grade","07",6,"*",6,"*","N/A","N/A"
"Learn","=""2450014""","Grade","08","*","*","*","*","*","*"
"Learn","=""2450014""","Grade","11",114,60.4,114,53.1,117,64.3
"Learn","=""2450014""","High Needs (F/R, EL or SWD)","High Needs",243,53.8,243,48.2,115,52.3
"Learn","=""2450014""","High Needs (F/R, EL or SWD)","Not High Needs",117,70.2,117,62.9,85,73.5
"Learn","=""2450014""","Free/Reduced Price Meal Eligibility (2-level)","Eligible For Free Or Reduced Price Meals",209,55.7,209,49.2,92,53.2
"Learn","=""2450014""","Free/Reduced Price Meal Eligibility (2-level)","Not Eligible For Free Or Reduced Price Meals",151,63.9,151,58.2,108,68.2
"Learn","=""2450014""","Race/Ethnicity","Asian",8,"*",8,"*","*","*"
"Learn","=""2450014""","Race/Ethnicity","Black or African American",29,53.3,29,50.8,"*","*"
"Learn","=""2450014""","Race/Ethnicity","Hispanic or Latino",136,56.0,136,48.6,57,52.2
"Learn","=""2450014""","Race/Ethnicity","Two or More Races",51,60.1,51,53.0,32,58.1
"Learn","=""2450014""","Race/Ethnicity","White",136,62.6,136,57.1,95,68.9
"Learn","=""2450014""","Special Education Status (SWD)","Students with Disabilities",98,42.4,98,39.8,48,42.6
"Learn","=""2450014""","Special Education Status (SWD)","Students without Disabilities",262,65.4,262,57.9,152,67.2
"Eastern Connecticut Regional Educational Service Center (EASTCONN)","=""2530014""","All Students","District",95,51.3,92,40.1,85,53.8
"Eastern Connecticut Regional Educational Service Center (EASTCONN)","=""2530014""","English Language Learners (EL)","English Learners","*","*","*","*","*","*"
"Eastern Connecticut Regional Educational Service Center (EASTCONN)","=""2530014""","English Language Learners (EL)","Not English Learners","*","*","*","*","*","*"
"Eastern Connecticut Regional Educational Service Center (EASTCONN)","=""2530014""","Gender","Female",49,52.7,48,39.6,49,53.0
"Eastern Connecticut Regional Educational Service Center (EASTCONN)","=""2530014""","Gender","Male",46,49.7,44,40.5,36,54.8
"Eastern Connecticut Regional Educational Service Center (EASTCONN)","=""2530014""","Grade","03","*","*","*","*","N/A","N/A"
"Eastern Connecticut Regional Educational Service Center (EASTCONN)","=""2530014""","Grade","04","*","*","*","*","N/A","N/A"
"Eastern Connecticut Regional Educational Service Center (EASTCONN)","=""2530014""","Grade","05","*","*","*","*","*","*"
"Eastern Connecticut Regional Educational Service Center (EASTCONN)","=""2530014""","Grade","06","*","*","*","*","N/A","N/A"
"Eastern Connecticut Regional Educational Service Center (EASTCONN)","=""2530014""","Grade","07",6,"*","*","*","N/A","N/A"
"Eastern Connecticut Regional Educational Service Center (EASTCONN)","=""2530014""","Grade","08","*","*","*","*","*","*"
"Eastern Connecticut Regional Educational Service Center (EASTCONN)","=""2530014""","Grade","11",75,55.5,75,41.8,80,54.2
"Eastern Connecticut Regional Educational Service Center (EASTCONN)","=""2530014""","High Needs (F/R, EL or SWD)","High Needs",61,46.1,58,36.8,49,51.4
"Eastern Connecticut Regional Educational Service Center (EASTCONN)","=""2530014""","High Needs (F/R, EL or SWD)","Not High Needs",34,60.6,34,45.5,36,57.0
"Eastern Connecticut Regional Educational Service Center (EASTCONN)","=""2530014""","Free/Reduced Price Meal Eligibility (2-level)","Eligible For Free Or Reduced Price Meals",41,49.2,41,39.1,35,51.9
"Eastern Connecticut Regional Educational Service Center (EASTCONN)","=""2530014""","Free/Reduced Price Meal Eligibility (2-level)","Not Eligible For Free Or Reduced Price Meals",54,52.8,51,40.8,50,55.1
"Eastern Connecticut Regional Educational Service Center (EASTCONN)","=""2530014""","Race/Ethnicity","Black or African American","*","*","*","*","*","*"
"Eastern Connecticut Regional Educational Service Center (EASTCONN)","=""2530014""","Race/Ethnicity","Hispanic or Latino",12,"*",12,"*",11,"*"
"Eastern Connecticut Regional Educational Service Center (EASTCONN)","=""2530014""","Race/Ethnicity","Two or More Races","*","*","*","*","*","*"
"Eastern Connecticut Regional Educational Service Center (EASTCONN)","=""2530014""","Race/Ethnicity","White",69,51.3,66,41.8,61,55.8
"Eastern Connecticut Regional Educational Service Center (EASTCONN)","=""2530014""","Special Education Status (SWD)","Students with Disabilities",36,40.1,33,34.2,24,49.3
"Eastern Connecticut Regional Educational Service Center (EASTCONN)","=""2530014""","Special Education Status (SWD)","Students without Disabilities",59,58.1,59,43.3,61,55.5
"Jumoke Academy District","=""2610013""","All Students","District",308,50.7,306,43.6,105,45.8
"Jumoke Academy District","=""2610013""","English Language Learners (EL)","English Learners",9,"*",9,"*","*","*"
"Jumoke Academy District","=""2610013""","English Language Learners (EL)","Not English Learners",299,50.9,297,43.7,"*","*"
"Jumoke Academy District","=""2610013""","Gender","Female",171,52.4,171,41.2,59,46.0
"Jumoke Academy District","=""2610013""","Gender","Male",137,48.5,135,46.7,46,45.5
"Jumoke Academy District","=""2610013""","Grade","03",48,51.3,48,44.5,"N/A","N/A"
"Jumoke Academy District","=""2610013""","Grade","04",61,61.0,60,55.3,"N/A","N/A"
"Jumoke Academy District","=""2610013""","Grade","05",61,51.2,61,49.1,61,50.2
"Jumoke Academy District","=""2610013""","Grade","06",51,46.5,50,36.5,"N/A","N/A"
"Jumoke Academy District","=""2610013""","Grade","07",43,51.2,43,39.8,"N/A","N/A"
"Jumoke Academy District","=""2610013""","Grade","08","*","*","*","*","*","*"
"Jumoke Academy District","=""2610013""","Grade","11","*","*","*","*","*","*"
"Jumoke Academy District","=""2610013""","High Needs (F/R, EL or SWD)","High Needs","*","*","*","*","*","*"
"Jumoke Academy District","=""2610013""","High Needs (F/R, EL or SWD)","Not High Needs","*","*","*","*","*","*"
"Jumoke Academy District","=""2610013""","Free/Reduced Price Meal Eligibility (2-level)","Eligible For Free Or Reduced Price Meals","*","*","*","*","*","*"
"Jumoke Academy District","=""2610013""","Free/Reduced Price Meal Eligibility (2-level)","Not Eligible For Free Or Reduced Price Meals","*","*","*","*","*","*"
"Jumoke Academy District","=""2610013""","Race/Ethnicity","American Indian or Alaska Native","*","*","*","*","*","*"
"Jumoke Academy District","=""2610013""","Race/Ethnicity","Black or African American",288,50.9,286,44.1,100,45.7
"Jumoke Academy District","=""2610013""","Race/Ethnicity","Hispanic or Latino",18,"*",18,"*","*","*"
"Jumoke Academy District","=""2610013""","Race/Ethnicity","Two or More Races","*","*","*","*","N/A","N/A"
"Jumoke Academy District","=""2610013""","Special Education Status (SWD)","Students with Disabilities",29,31.3,28,25.9,14,"*"
"Jumoke Academy District","=""2610013""","Special Education Status (SWD)","Students without Disabilities",279,52.7,278,45.4,91,48.0
"Odyssey Community School District","=""2630013""","All Students","District",216,70.4,216,66.7,72,65.2
"Odyssey Community School District","=""2630013""","English Language Learners (EL)","English Learners",37,70.9,37,70.6,6,"*"
"Odyssey Community School District","=""2630013""","English Language Learners (EL)","Not English Learners",179,70.3,179,66.0,66,64.1
"Odyssey Community School District","=""2630013""","Gender","Female",108,71.5,108,65.2,36,63.0
"Odyssey Community School District","=""2630013""","Gender","Male",108,69.3,108,68.3,36,67.4
"Odyssey Community School District","=""2630013""","Grade","03",35,73.8,35,70.6,"N/A","N/A"
"Odyssey Community School District","=""2630013""","Grade","04",37,72.1,37,71.3,"N/A","N/A"
"Odyssey Community School District","=""2630013""","Grade","05",38,69.3,38,61.6,38,65.2
"Odyssey Community School District","=""2630013""","Grade","06",36,73.8,36,69.6,"N/A","N/A"
"Odyssey Community School District","=""2630013""","Grade","07",36,76.7,36,67.4,"N/A","N/A"
"Odyssey Community School District","=""2630013""","Grade","08",34,56.2,34,59.8,34,65.2
"Odyssey Community School District","=""2630013""","High Needs (F/R, EL or SWD)","High Needs",140,67.4,140,63.7,42,62.1
"Odyssey Community School District","=""2630013""","High Needs (F/R, EL or SWD)","Not High Needs",76,76.0,76,72.4,30,69.5
"Odyssey Community School District","=""2630013""","Free/Reduced Price Meal Eligibility (2-level)","Eligible For Free Or Reduced Price Meals",111,67.1,111,62.3,36,61.8
"Odyssey Community School District","=""2630013""","Free/Reduced Price Meal Eligibility (2-level)","Not Eligible For Free Or Reduced Price Meals",105,74.0,105,71.4,36,68.5
"Odyssey Community School District","=""2630013""","Race/Ethnicity","American Indian or Alaska Native","*","*","*","*","N/A","N/A"
"Odyssey Community School District","=""2630013""","Race/Ethnicity","Asian",42,78.5,42,76.0,13,"*"
"Odyssey Community School District","=""2630013""","Race/Ethnicity","Black or African American",52,72.2,52,64.5,14,"*"
"Odyssey Community School District","=""2630013""","Race/Ethnicity","Hispanic or Latino",44,56.1,44,56.6,18,"*"
"Odyssey Community School District","=""2630013""","Race/Ethnicity","Two or More Races","*","*","*","*",6,"*"
"Odyssey Community School District","=""2630013""","Race/Ethnicity","White",62,73.5,62,70.4,21,69.8
"Odyssey Community School District","=""2630013""","Special Education Status (SWD)","Students with Disabilities",32,48.3,32,43.3,13,"*"
"Odyssey Community School District","=""2630013""","Special Education Status (SWD)","Students without Disabilities",184,74.3,184,70.8,59,67.6
"Integrated Day Charter School District","=""2640013""","All Students","District",230,66.8,230,59.7,79,67.2
"Integrated Day Charter School District","=""2640013""","English Language Learners (EL)","English Learners",26,64.5,26,58.7,7,"*"
"Integrated Day Charter School District","=""2640013""","English Language Learners (EL)","Not English Learners",204,67.0,204,59.9,72,67.7
"Integrated Day Charter School District","=""2640013""","Gender","Female",117,66.9,117,56.9,41,68.0
"Integrated Day Charter School District","=""2640013""","Gender","Male",113,66.6,113,62.6,38,66.4
"Integrated Day Charter School District","=""2640013""","Grade","03",34,60.5,34,55.2,"N/A","N/A"
"Integrated Day Charter School District","=""2640013""","Grade","04",30,65.3,30,61.9,"N/A","N/A"
"Integrated Day Charter School District","=""2640013""","Grade","05",37,65.6,37,65.2,37,65.4
"Integrated Day Charter School District","=""2640013""","Grade","06",43,69.1,43,59.1,"N/A","N/A"
"Integrated Day Charter School District","=""2640013""","Grade","07",44,67.3,44,59.8,"N/A","N/A"
"Integrated Day Charter School District","=""2640013""","Grade","08",42,71.0,42,57.5,42,68.8
"Integrated Day Charter School District","=""2640013""","High Needs (F/R, EL or SWD)","High Needs",137,61.5,137,54.0,43,61.3
"Integrated Day Charter School District","=""2640013""","High Needs (F/R, EL or SWD)","Not High Needs",93,74.5,93,68.2,36,74.2
"Integrated Day Charter School District","=""2640013""","Free/Reduced Price Meal Eligibility (2-level)","Eligible For Free Or Reduced Price Meals",123,62.3,123,54.5,41,61.9
"Integrated Day Charter School District","=""2640013""","Free/Reduced Price Meal Eligibility (2-level)","Not Eligible For Free Or Reduced Price Meals",107,71.9,107,65.8,38,73.0
"Integrated Day Charter School District","=""2640013""","Race/Ethnicity","American Indian or Alaska Native","*","*","*","*","*","*"
"Integrated Day Charter School District","=""2640013""","Race/Ethnicity","Asian",30,78.8,30,75.3,"*","*"
"Integrated Day Charter School District","=""2640013""","Race/Ethnicity","Black or African American",30,65.2,30,52.2,10,"*"
"Integrated Day Charter School District","=""2640013""","Race/Ethnicity","Hispanic or Latino",54,56.7,54,46.7,18,"*"
"Integrated Day Charter School District","=""2640013""","Race/Ethnicity","Two or More Races","*","*","*","*",12,"*"
"Integrated Day Charter School District","=""2640013""","Race/Ethnicity","White",88,68.6,88,64.1,29,72.3
"Integrated Day Charter School District","=""2640013""","Special Education Status (SWD)","Students with Disabilities",37,48.9,37,38.8,10,"*"
"Integrated Day Charter School District","=""2640013""","Special Education Status (SWD)","Students without Disabilities",193,70.2,193,63.8,69,70.2
"Interdistrict School for Arts and Comm District","=""2650013""","All Students","District",315,64.1,315,58.5,93,58.1
"Interdistrict School for Arts and Comm District","=""2650013""","English Language Learners (EL)","English Learners",90,55.3,90,54.8,36,51.9
"Interdistrict School for Arts and Comm District","=""2650013""","English Language Learners (EL)","Not English Learners",225,67.5,225,59.9,57,62.0
"Interdistrict School for Arts and Comm District","=""2650013""","Gender","Female",173,66.5,173,59.5,57,59.1
"Interdistrict School for Arts and Comm District","=""2650013""","Gender","Male","*","*","*","*","*","*"
"Interdistrict School for Arts and Comm District","=""2650013""","Gender","Non-Binary","*","*","*","*","*","*"
"Interdistrict School for Arts and Comm District","=""2650013""","Grade","04",27,66.8,27,65.6,"N/A","N/A"
"Interdistrict School for Arts and Comm District","=""2650013""","Grade","06",97,66.0,97,59.6,"N/A","N/A"
"Interdistrict School for Arts and Comm District","=""2650013""","Grade","07",97,66.1,97,55.2,"N/A","N/A"
"Interdistrict School for Arts and Comm District","=""2650013""","Grade","08",94,59.2,94,58.7,93,58.1
"Interdistrict School for Arts and Comm District","=""2650013""","High Needs (F/R, EL or SWD)","High Needs",249,60.3,249,54.9,79,53.8
"Interdistrict School for Arts and Comm District","=""2650013""","High Needs (F/R, EL or SWD)","Not High Needs",66,78.2,66,71.9,14,"*"
"Interdistrict School for Arts and Comm District","=""2650013""","Free/Reduced Price Meal Eligibility (2-level)","Eligible For Free Or Reduced Price Meals",210,61.0,210,55.0,64,56.0
"Interdistrict School for Arts and Comm District","=""2650013""","Free/Reduced Price Meal Eligibility (2-level)","Not Eligible For Free Or Reduced Price Meals",105,70.2,105,65.5,29,62.6
"Interdistrict School for Arts and Comm District","=""2650013""","Race/Ethnicity","American Indian or Alaska Native","*","*","*","*","N/A","N/A"
"Interdistrict School for Arts and Comm District","=""2650013""","Race/Ethnicity","Asian","*","*","*","*","*","*"
"Interdistrict School for Arts and Comm District","=""2650013""","Race/Ethnicity","Black or African American",49,58.4,49,50.9,15,"*"
"Interdistrict School for Arts and Comm District","=""2650013""","Race/Ethnicity","Hispanic or Latino",186,61.5,186,57.1,54,58.5
"Interdistrict School for Arts and Comm District","=""2650013""","Race/Ethnicity","Two or More Races",34,68.9,34,61.6,11,"*"
"Interdistrict School for Arts and Comm District","=""2650013""","Race/Ethnicity","White",41,77.1,41,70.2,"*","*"
"Interdistrict School for Arts and Comm District","=""2650013""","Special Education Status (SWD)","Students with Disabilities",67,50.7,67,41.5,17,"*"
"Interdistrict School for Arts and Comm District","=""2650013""","Special Education Status (SWD)","Students without Disabilities",248,67.7,248,63.1,76,62.1
"Common Ground High School District","=""2680013""","All Students","District",45,47.6,45,43.2,43,49.9
"Common Ground High School District","=""2680013""","English Language Learners (EL)","English Learners",8,"*",8,"*",7,"*"
"Common Ground High School District","=""2680013""","English Language Learners (EL)","Not English Learners",37,50.9,37,45.2,36,51.2
"Common Ground High School District","=""2680013""","Gender","Female",25,50.6,25,45.5,23,50.3
"Common Ground High School District","=""2680013""","Gender","Male",20,43.9,20,40.2,20,49.4
"Common Ground High School District","=""2680013""","Grade","11",45,47.6,45,43.2,43,49.9
"Common Ground High School District","=""2680013""","High Needs (F/R, EL or SWD)","High Needs",32,38.2,32,36.9,30,42.2
"Common Ground High School District","=""2680013""","High Needs (F/R, EL or SWD)","Not High Needs",13,"*",13,"*",13,"*"
"Common Ground High School District","=""2680013""","Free/Reduced Price Meal Eligibility (2-level)","Eligible For Free Or Reduced Price Meals",25,37.6,25,36.1,23,41.2
"Common Ground High School District","=""2680013""","Free/Reduced Price Meal Eligibility (2-level)","Not Eligible For Free Or Reduced Price Meals",20,60.1,20,52.1,20,59.9
"Common Ground High School District","=""2680013""","Race/Ethnicity","Asian","*","*","*","*","*","*"
"Common Ground High School District","=""2680013""","Race/Ethnicity","Black or African American",14,"*",14,"*",14,"*"
"Common Ground High School District","=""2680013""","Race/Ethnicity","Hispanic or Latino",23,43.0,23,39.8,21,44.6
"Common Ground High School District","=""2680013""","Race/Ethnicity","Two or More Races","*","*","*","*","*","*"
"Common Ground High School District","=""2680013""","Race/Ethnicity","White",6,"*",6,"*",6,"*"
"Common Ground High School District","=""2680013""","Special Education Status (SWD)","Students with Disabilities",13,"*",13,"*",12,"*"
"Common Ground High School District","=""2680013""","Special Education Status (SWD)","Students without Disabilities",32,55.7,32,51.1,31,54.4
"The Bridge Academy District","=""2690013""","All Students","District",139,49.9,139,46.0,91,48.1
"The Bridge Academy District","=""2690013""","English Language Learners (EL)","English Learners",10,"*",10,"*","*","*"
"The Bridge Academy District","=""2690013""","English Language Learners (EL)","Not English Learners",129,50.3,129,46.2,"*","*"
"The Bridge Academy District","=""2690013""","Gender","Female",78,54.3,78,47.6,48,49.6
"The Bridge Academy District","=""2690013""","Gender","Male",61,44.2,61,43.9,43,46.4
"The Bridge Academy District","=""2690013""","Grade","07",48,49.4,48,43.0,"N/A","N/A"
"The Bridge Academy District","=""2690013""","Grade","08",46,53.7,46,51.5,46,48.3
"The Bridge Academy District","=""2690013""","Grade","11",45,46.4,45,43.6,45,47.8
"The Bridge Academy District","=""2690013""","High Needs (F/R, EL or SWD)","High Needs",119,49.0,119,44.8,76,46.6
"The Bridge Academy District","=""2690013""","High Needs (F/R, EL or SWD)","Not High Needs",20,55.0,20,52.8,15,"*"
"The Bridge Academy District","=""2690013""","Free/Reduced Price Meal Eligibility (2-level)","Eligible For Free Or Reduced Price Meals",116,49.7,116,45.1,75,46.8
"The Bridge Academy District","=""2690013""","Free/Reduced Price Meal Eligibility (2-level)","Not Eligible For Free Or Reduced Price Meals",23,50.9,23,50.3,16,"*"
"The Bridge Academy District","=""2690013""","Race/Ethnicity","Asian","*","*","*","*","*","*"
"The Bridge Academy District","=""2690013""","Race/Ethnicity","Black or African American",68,51.8,68,46.3,44,50.5
"The Bridge Academy District","=""2690013""","Race/Ethnicity","Hispanic or Latino",64,48.4,64,45.9,42,47.0
"The Bridge Academy District","=""2690013""","Race/Ethnicity","Two or More Races","*","*","*","*","*","*"
"The Bridge Academy District","=""2690013""","Race/Ethnicity","White","*","*","*","*","*","*"
"The Bridge Academy District","=""2690013""","Special Education Status (SWD)","Students with Disabilities",27,35.5,27,30.9,17,"*"
"The Bridge Academy District","=""2690013""","Special Education Status (SWD)","Students without Disabilities",112,53.4,112,49.6,74,50.4
"Side By Side Charter School District","=""2700013""","All Students","District",131,67.9,131,66.4,42,66.4
"Side By Side Charter School District","=""2700013""","English Language Learners (EL)","English Learners",33,55.1,33,53.6,11,"*"
"Side By Side Charter School District","=""2700013""","English Language Learners (EL)","Not English Learners",98,72.2,98,70.7,31,72.1
"Side By Side Charter School District","=""2700013""","Gender","Female",69,70.5,69,65.5,24,68.2
"Side By Side Charter School District","=""2700013""","Gender","Male",62,65.0,62,67.4,18,"*"
"Side By Side Charter School District","=""2700013""","Grade","03",21,64.2,21,59.7,"N/A","N/A"
"Side By Side Charter School District","=""2700013""","Grade","04",22,64.1,22,61.6,"N/A","N/A"
"Side By Side Charter School District","=""2700013""","Grade","05",24,63.2,24,68.5,24,61.5
"Side By Side Charter School District","=""2700013""","Grade","06",23,71.1,23,65.8,"N/A","N/A"
"Side By Side Charter School District","=""2700013""","Grade","07",23,68.1,23,65.2,"N/A","N/A"
"Side By Side Charter School District","=""2700013""","Grade","08",18,"*",18,"*",18,"*"
"Side By Side Charter School District","=""2700013""","High Needs (F/R, EL or SWD)","High Needs",82,62.5,82,60.8,20,57.6
"Side By Side Charter School District","=""2700013""","High Needs (F/R, EL or SWD)","Not High Needs",49,76.8,49,75.8,22,74.3
"Side By Side Charter School District","=""2700013""","Free/Reduced Price Meal Eligibility (2-level)","Eligible For Free Or Reduced Price Meals",76,62.5,76,61.3,18,"*"
"Side By Side Charter School District","=""2700013""","Free/Reduced Price Meal Eligibility (2-level)","Not Eligible For Free Or Reduced Price Meals",55,75.3,55,73.4,24,74.2
"Side By Side Charter School District","=""2700013""","Race/Ethnicity","Asian","*","*","*","*","N/A","N/A"
"Side By Side Charter School District","=""2700013""","Race/Ethnicity","Black or African American",26,59.3,26,59.3,"*","*"
"Side By Side Charter School District","=""2700013""","Race/Ethnicity","Hispanic or Latino",84,67.6,84,66.3,28,61.8
"Side By Side Charter School District","=""2700013""","Race/Ethnicity","Two or More Races","*","*","*","*","*","*"
"Side By Side Charter School District","=""2700013""","Race/Ethnicity","White",13,"*",13,"*",9,"*"
"Side By Side Charter School District","=""2700013""","Special Education Status (SWD)","Students with Disabilities",11,"*",11,"*","*","*"
"Side By Side Charter School District","=""2700013""","Special Education Status (SWD)","Students without Disabilities",120,69.8,120,68.4,"*","*"
"Explorations District","=""2720013""","All Students","District",17,"*",17,"*",15,"*"
"Explorations District","=""2720013""","English Language Learners (EL)","English Learners","*","*","*","*","N/A","N/A"
"Explorations District","=""2720013""","English Language Learners (EL)","Not English Learners","*","*","*","*",15,"*"
"Explorations District","=""2720013""","Gender","Female",10,"*",10,"*",8,"*"
"Explorations District","=""2720013""","Gender","Male","*","*","*","*","*","*"
"Explorations District","=""2720013""","Gender","Non-Binary","*","*","*","*","*","*"
"Explorations District","=""2720013""","Grade","11",17,"*",17,"*",15,"*"
"Explorations District","=""2720013""","High Needs (F/R, EL or SWD)","High Needs","*","*","*","*","*","*"
"Explorations District","=""2720013""","High Needs (F/R, EL or SWD)","Not High Needs","*","*","*","*","*","*"
"Explorations District","=""2720013""","Free/Reduced Price Meal Eligibility (2-level)","Eligible For Free Or Reduced Price Meals","*","*","*","*","*","*"
"Explorations District","=""2720013""","Free/Reduced Price Meal Eligibility (2-level)","Not Eligible For Free Or Reduced Price Meals","*","*","*","*","*","*"
"Explorations District","=""2720013""","Race/Ethnicity","Hispanic or Latino","*","*","*","*","*","*"
"Explorations District","=""2720013""","Race/Ethnicity","White","*","*","*","*","*","*"
"Explorations District","=""2720013""","Special Education Status (SWD)","Students with Disabilities","*","*","*","*","*","*"
"Explorations District","=""2720013""","Special Education Status (SWD)","Students without Disabilities","*","*","*","*","*","*"
"Amistad Academy District","=""2790013""","All Students","District",584,58.1,581,53.1,219,56.0
"Amistad Academy District","=""2790013""","English Language Learners (EL)","English Learners",102,59.6,102,56.4,39,55.6
"Amistad Academy District","=""2790013""","English Language Learners (EL)","Not English Learners",482,57.8,479,52.4,180,56.1
"Amistad Academy District","=""2790013""","Gender","Female",318,59.8,316,52.6,118,57.0
"Amistad Academy District","=""2790013""","Gender","Male",266,56.1,265,53.7,101,54.9
"Amistad Academy District","=""2790013""","Grade","03",94,52.9,93,51.8,"N/A","N/A"
"Amistad Academy District","=""2790013""","Grade","04",93,58.1,92,53.2,"N/A","N/A"
"Amistad Academy District","=""2790013""","Grade","05",89,59.2,89,61.8,89,58.5
"Amistad Academy District","=""2790013""","Grade","06",92,64.2,92,59.6,"N/A","N/A"
"Amistad Academy District","=""2790013""","Grade","07",84,58.2,83,45.0,"N/A","N/A"
"Amistad Academy District","=""2790013""","Grade","08",86,61.3,86,51.3,86,58.0
"Amistad Academy District","=""2790013""","Grade","11",46,48.5,46,44.1,44,47.2
"Amistad Academy District","=""2790013""","High Needs (F/R, EL or SWD)","High Needs",492,56.3,489,51.4,188,55.0
"Amistad Academy District","=""2790013""","High Needs (F/R, EL or SWD)","Not High Needs",92,67.9,92,62.3,31,62.1
"Amistad Academy District","=""2790013""","Free/Reduced Price Meal Eligibility (2-level)","Eligible For Free Or Reduced Price Meals",471,56.3,469,51.3,180,54.8
"Amistad Academy District","=""2790013""","Free/Reduced Price Meal Eligibility (2-level)","Not Eligible For Free Or Reduced Price Meals",113,65.6,112,60.9,39,61.7
"Amistad Academy District","=""2790013""","Race/Ethnicity","American Indian or Alaska Native","*","*","*","*","*","*"
"Amistad Academy District","=""2790013""","Race/Ethnicity","Asian",11,"*",11,"*",6,"*"
"Amistad Academy District","=""2790013""","Race/Ethnicity","Black or African American",356,57.2,354,51.2,131,54.8
"Amistad Academy District","=""2790013""","Race/Ethnicity","Hispanic or Latino",195,59.2,194,56.3,75,57.0
"Amistad Academy District","=""2790013""","Race/Ethnicity","Two or More Races",13,"*",13,"*","*","*"
"Amistad Academy District","=""2790013""","Race/Ethnicity","White","*","*","*","*","*","*"
"Amistad Academy District","=""2790013""","Special Education Status (SWD)","Students with Disabilities",56,38.2,54,34.3,19,"*"
"Amistad Academy District","=""2790013""","Special Education Status (SWD)","Students without Disabilities",528,60.2,527,55.1,200,58.0
"New Beginnings Inc Family Academy District","=""2800013""","All Students","District",116,58.8,116,51.7,25,40.3
"New Beginnings Inc Family Academy District","=""2800013""","English Language Learners (EL)","English Learners",21,53.6,21,49.6,"*","*"
"New Beginnings Inc Family Academy District","=""2800013""","English Language Learners (EL)","Not English Learners",95,60.0,95,52.1,"*","*"
"New Beginnings Inc Family Academy District","=""2800013""","Gender","Female",53,63.3,53,51.3,11,"*"
"New Beginnings Inc Family Academy District","=""2800013""","Gender","Male",63,55.1,63,52.0,14,"*"
"New Beginnings Inc Family Academy District","=""2800013""","Grade","03",34,65.4,34,58.9,"N/A","N/A"
"New Beginnings Inc Family Academy District","=""2800013""","Grade","04",35,59.1,35,50.7,"N/A","N/A"
"New Beginnings Inc Family Academy District","=""2800013""","Grade","05",25,46.8,25,38.9,25,40.3
"New Beginnings Inc Family Academy District","=""2800013""","Grade","06",22,61.8,22,56.6,"N/A","N/A"
"New Beginnings Inc Family Academy District","=""2800013""","High Needs (F/R, EL or SWD)","High Needs",110,58.0,110,51.0,"*","*"
"New Beginnings Inc Family Academy District","=""2800013""","High Needs (F/R, EL or SWD)","Not High Needs",6,"*",6,"*","*","*"
"New Beginnings Inc Family Academy District","=""2800013""","Free/Reduced Price Meal Eligibility (2-level)","Eligible For Free Or Reduced Price Meals",108,58.7,108,51.2,"*","*"
"New Beginnings Inc Family Academy District","=""2800013""","Free/Reduced Price Meal Eligibility (2-level)","Not Eligible For Free Or Reduced Price Meals",8,"*",8,"*","*","*"
"New Beginnings Inc Family Academy District","=""2800013""","Race/Ethnicity","Black or African American",63,57.1,63,48.9,16,"*"
"New Beginnings Inc Family Academy District","=""2800013""","Race/Ethnicity","Hispanic or Latino",48,60.7,48,54.4,"*","*"
"New Beginnings Inc Family Academy District","=""2800013""","Race/Ethnicity","Two or More Races","*","*","*","*","*","*"
"New Beginnings Inc Family Academy District","=""2800013""","Race/Ethnicity","White","*","*","*","*","N/A","N/A"
"New Beginnings Inc Family Academy District","=""2800013""","Special Education Status (SWD)","Students with Disabilities",18,"*",18,"*","*","*"
"New Beginnings Inc Family Academy District","=""2800013""","Special Education Status (SWD)","Students without Disabilities",98,60.9,98,53.9,"*","*"
"Park City Prep Charter School District","=""2830013""","All Students","District",412,63.7,398,55.6,174,55.9
"Park City Prep Charter School District","=""2830013""","English Language Learners (EL)","English Learners",88,62.1,84,55.5,34,59.3
"Park City Prep Charter School District","=""2830013""","English Language Learners (EL)","Not English Learners",324,64.2,314,55.7,140,55.1
"Park City Prep Charter School District","=""2830013""","Gender","Female",206,63.8,198,53.7,85,56.0
"Park City Prep Charter School District","=""2830013""","Gender","Male",206,63.7,200,57.6,89,55.8
"Park City Prep Charter School District","=""2830013""","Grade","04",67,66.8,66,55.2,"N/A","N/A"
"Park City Prep Charter School District","=""2830013""","Grade","05",97,57.1,97,53.1,97,55.4
"Park City Prep Charter School District","=""2830013""","Grade","06",85,68.4,80,57.9,"N/A","N/A"
"Park City Prep Charter School District","=""2830013""","Grade","07",85,65.6,79,55.7,"N/A","N/A"
"Park City Prep Charter School District","=""2830013""","Grade","08",78,62.3,76,56.9,77,56.6
"Park City Prep Charter School District","=""2830013""","High Needs (F/R, EL or SWD)","High Needs",328,62.1,316,54.7,140,55.3
"Park City Prep Charter School District","=""2830013""","High Needs (F/R, EL or SWD)","Not High Needs",84,70.0,82,59.3,34,58.4
"Park City Prep Charter School District","=""2830013""","Free/Reduced Price Meal Eligibility (2-level)","Eligible For Free Or Reduced Price Meals",286,63.0,275,55.4,120,56.2
"Park City Prep Charter School District","=""2830013""","Free/Reduced Price Meal Eligibility (2-level)","Not Eligible For Free Or Reduced Price Meals",126,65.5,123,56.2,54,55.3
"Park City Prep Charter School District","=""2830013""","Race/Ethnicity","American Indian or Alaska Native","*","*","*","*","*","*"
"Park City Prep Charter School District","=""2830013""","Race/Ethnicity","Asian","*","*","*","*","*","*"
"Park City Prep Charter School District","=""2830013""","Race/Ethnicity","Black or African American",181,62.2,175,52.5,77,55.3
"Park City Prep Charter School District","=""2830013""","Race/Ethnicity","Hispanic or Latino",196,65.5,189,58.4,82,56.7
"Park City Prep Charter School District","=""2830013""","Race/Ethnicity","Two or More Races",7,"*",7,"*","*","*"
"Park City Prep Charter School District","=""2830013""","Race/Ethnicity","White",22,61.9,21,55.7,9,"*"
"Park City Prep Charter School District","=""2830013""","Special Education Status (SWD)","Students with Disabilities",41,43.5,38,36.6,16,"*"
"Park City Prep Charter School District","=""2830013""","Special Education Status (SWD)","Students without Disabilities",371,66.0,360,57.6,158,57.2
"Achievement First Bridgeport Academy District","=""2850013""","All Students","District",576,59.2,570,49.1,226,50.2
"Achievement First Bridgeport Academy District","=""2850013""","English Language Learners (EL)","English Learners",131,59.8,131,50.0,56,50.5
"Achievement First Bridgeport Academy District","=""2850013""","English Language Learners (EL)","Not English Learners",445,59.0,439,48.8,170,50.1
"Achievement First Bridgeport Academy District","=""2850013""","Gender","Female",297,59.4,294,47.0,123,49.7
"Achievement First Bridgeport Academy District","=""2850013""","Gender","Male","*","*","*","*",103,50.8
"Achievement First Bridgeport Academy District","=""2850013""","Gender","Non-Binary","*","*","*","*",0,"N/A"
"Achievement First Bridgeport Academy District","=""2850013""","Grade","03",91,56.2,91,58.0,"N/A","N/A"
"Achievement First Bridgeport Academy District","=""2850013""","Grade","04",88,65.5,87,58.7,"N/A","N/A"
"Achievement First Bridgeport Academy District","=""2850013""","Grade","05",86,49.4,86,41.2,87,47.1
"Achievement First Bridgeport Academy District","=""2850013""","Grade","06",87,62.3,86,50.5,"N/A","N/A"
"Achievement First Bridgeport Academy District","=""2850013""","Grade","07",86,63.6,85,43.1,"N/A","N/A"
"Achievement First Bridgeport Academy District","=""2850013""","Grade","08",89,63.2,86,44.0,89,53.5
"Achievement First Bridgeport Academy District","=""2850013""","Grade","11",49,49.9,49,46.1,50,49.8
"Achievement First Bridgeport Academy District","=""2850013""","High Needs (F/R, EL or SWD)","High Needs",489,58.9,484,48.5,187,49.2
"Achievement First Bridgeport Academy District","=""2850013""","High Needs (F/R, EL or SWD)","Not High Needs",87,60.7,86,52.7,39,54.9
"Achievement First Bridgeport Academy District","=""2850013""","Free/Reduced Price Meal Eligibility (2-level)","Eligible For Free Or Reduced Price Meals",449,59.3,444,48.4,168,49.2
"Achievement First Bridgeport Academy District","=""2850013""","Free/Reduced Price Meal Eligibility (2-level)","Not Eligible For Free Or Reduced Price Meals",127,58.8,126,51.7,58,53.1
"Achievement First Bridgeport Academy District","=""2850013""","Race/Ethnicity","American Indian or Alaska Native","*","*","*","*","N/A","N/A"
"Achievement First Bridgeport Academy District","=""2850013""","Race/Ethnicity","Asian","*","*","*","*","*","*"
"Achievement First Bridgeport Academy District","=""2850013""","Race/Ethnicity","Black or African American",304,58.8,299,49.1,115,49.9
"Achievement First Bridgeport Academy District","=""2850013""","Race/Ethnicity","Hispanic or Latino",251,59.6,250,49.1,104,50.7
"Achievement First Bridgeport Academy District","=""2850013""","Race/Ethnicity","Two or More Races","*","*","*","*","*","*"
"Achievement First Bridgeport Academy District","=""2850013""","Race/Ethnicity","White",10,"*",10,"*","*","*"
"Achievement First Bridgeport Academy District","=""2850013""","Special Education Status (SWD)","Students with Disabilities",70,44.3,70,35.2,30,41.4
"Achievement First Bridgeport Academy District","=""2850013""","Special Education Status (SWD)","Students without Disabilities",506,61.2,500,51.0,196,51.5
"Highville Charter School District","=""2860013""","All Students","District",243,55.2,243,48.9,86,47.1
"Highville Charter School District","=""2860013""","English Language Learners (EL)","English Learners","*","*","*","*","*","*"
"Highville Charter School District","=""2860013""","English Language Learners (EL)","Not English Learners","*","*","*","*","*","*"
"Highville Charter School District","=""2860013""","Gender","Female",142,56.4,142,49.3,47,45.6
"Highville Charter School District","=""2860013""","Gender","Male",101,53.6,101,48.4,39,48.9
"Highville Charter School District","=""2860013""","Grade","03",53,50.3,53,47.2,"N/A","N/A"
"Highville Charter School District","=""2860013""","Grade","04",41,61.1,41,60.7,"N/A","N/A"
"Highville Charter School District","=""2860013""","Grade","05",36,50.5,36,44.8,36,46.8
"Highville Charter School District","=""2860013""","Grade","06",28,56.8,28,45.6,"N/A","N/A"
"Highville Charter School District","=""2860013""","Grade","07",35,61.7,35,51.6,"N/A","N/A"
"Highville Charter School District","=""2860013""","Grade","08",39,59.9,39,49.1,39,49.7
"Highville Charter School District","=""2860013""","Grade","11",11,"*",11,"*",11,"*"
"Highville Charter School District","=""2860013""","High Needs (F/R, EL or SWD)","High Needs",195,54.2,195,47.2,72,46.4
"Highville Charter School District","=""2860013""","High Needs (F/R, EL or SWD)","Not High Needs",48,59.4,48,55.8,14,"*"
"Highville Charter School District","=""2860013""","Free/Reduced Price Meal Eligibility (2-level)","Eligible For Free Or Reduced Price Meals",186,54.8,186,48.0,68,47.3
"Highville Charter School District","=""2860013""","Free/Reduced Price Meal Eligibility (2-level)","Not Eligible For Free Or Reduced Price Meals",57,56.7,57,51.7,18,"*"
"Highville Charter School District","=""2860013""","Race/Ethnicity","American Indian or Alaska Native","*","*","*","*","*","*"
"Highville Charter School District","=""2860013""","Race/Ethnicity","Black or African American",202,54.4,202,48.7,68,46.0
"Highville Charter School District","=""2860013""","Race/Ethnicity","Hispanic or Latino",33,58.1,33,48.7,16,"*"
"Highville Charter School District","=""2860013""","Race/Ethnicity","Native Hawaiian or Other Pacific Islander","*","*","*","*","N/A","N/A"
"Highville Charter School District","=""2860013""","Race/Ethnicity","Two or More Races","*","*","*","*","*","*"
"Highville Charter School District","=""2860013""","Special Education Status (SWD)","Students with Disabilities",42,41.5,42,34.2,16,"*"
"Highville Charter School District","=""2860013""","Special Education Status (SWD)","Students without Disabilities",201,58.1,201,52.0,70,49.2
"Achievement First Hartford Academy District","=""2880013""","All Students","District",488,60.0,486,51.7,194,51.4
"Achievement First Hartford Academy District","=""2880013""","English Language Learners (EL)","English Learners",29,42.3,29,35.0,14,"*"
"Achievement First Hartford Academy District","=""2880013""","English Language Learners (EL)","Not English Learners",459,61.1,457,52.8,180,52.2
"Achievement First Hartford Academy District","=""2880013""","Gender","Female",246,62.5,244,52.1,93,51.2
"Achievement First Hartford Academy District","=""2880013""","Gender","Male",242,57.4,242,51.3,101,51.7
"Achievement First Hartford Academy District","=""2880013""","Grade","03",69,65.9,68,57.8,"N/A","N/A"
"Achievement First Hartford Academy District","=""2880013""","Grade","04",63,72.8,63,63.4,"N/A","N/A"
"Achievement First Hartford Academy District","=""2880013""","Grade","05",72,58.7,72,52.3,71,49.3
"Achievement First Hartford Academy District","=""2880013""","Grade","06",90,60.0,89,48.0,"N/A","N/A"
"Achievement First Hartford Academy District","=""2880013""","Grade","07",70,55.8,70,47.7,"N/A","N/A"
"Achievement First Hartford Academy District","=""2880013""","Grade","08",77,59.6,77,50.5,77,56.7
"Achievement First Hartford Academy District","=""2880013""","Grade","11",47,43.3,47,41.3,46,45.9
"Achievement First Hartford Academy District","=""2880013""","High Needs (F/R, EL or SWD)","High Needs",412,59.3,410,51.5,161,51.6
"Achievement First Hartford Academy District","=""2880013""","High Needs (F/R, EL or SWD)","Not High Needs",76,64.0,76,53.1,33,50.8
"Achievement First Hartford Academy District","=""2880013""","Free/Reduced Price Meal Eligibility (2-level)","Eligible For Free Or Reduced Price Meals",401,59.6,399,51.7,156,51.5
"Achievement First Hartford Academy District","=""2880013""","Free/Reduced Price Meal Eligibility (2-level)","Not Eligible For Free Or Reduced Price Meals",87,62.0,87,51.7,38,51.4
"Achievement First Hartford Academy District","=""2880013""","Race/Ethnicity","American Indian or Alaska Native","*","*","*","*","*","*"
"Achievement First Hartford Academy District","=""2880013""","Race/Ethnicity","Black or African American",369,61.1,368,52.4,151,52.0
"Achievement First Hartford Academy District","=""2880013""","Race/Ethnicity","Hispanic or Latino",105,56.6,104,48.6,35,49.4
"Achievement First Hartford Academy District","=""2880013""","Race/Ethnicity","Two or More Races",6,"*",6,"*","*","*"
"Achievement First Hartford Academy District","=""2880013""","Race/Ethnicity","White","*","*","*","*","*","*"
"Achievement First Hartford Academy District","=""2880013""","Special Education Status (SWD)","Students with Disabilities",53,36.1,53,32.8,24,39.2
"Achievement First Hartford Academy District","=""2880013""","Special Education Status (SWD)","Students without Disabilities",435,62.9,433,54.0,170,53.2
"Elm City College Preparatory School District","=""2890013""","All Students","District",402,58.3,399,52.1,158,43.0
"Elm City College Preparatory School District","=""2890013""","English Language Learners (EL)","English Learners",69,62.0,69,61.9,23,49.9
"Elm City College Preparatory School District","=""2890013""","English Language Learners (EL)","Not English Learners",333,57.5,330,50.1,135,41.8
"Elm City College Preparatory School District","=""2890013""","Gender","Female",218,60.3,216,52.4,84,43.9
"Elm City College Preparatory School District","=""2890013""","Gender","Male",184,55.9,183,51.8,74,42.0
"Elm City College Preparatory School District","=""2890013""","Grade","03",61,56.5,61,60.3,"N/A","N/A"
"Elm City College Preparatory School District","=""2890013""","Grade","04",62,67.8,62,60.3,"N/A","N/A"
"Elm City College Preparatory School District","=""2890013""","Grade","05",63,52.8,63,54.9,63,43.7
"Elm City College Preparatory School District","=""2890013""","Grade","06",65,58.6,65,49.9,"N/A","N/A"
"Elm City College Preparatory School District","=""2890013""","Grade","07",61,60.0,58,52.0,"N/A","N/A"
"Elm City College Preparatory School District","=""2890013""","Grade","08",58,59.0,58,41.0,57,45.1
"Elm City College Preparatory School District","=""2890013""","Grade","11",32,48.9,32,40.5,38,38.7
"Elm City College Preparatory School District","=""2890013""","High Needs (F/R, EL or SWD)","High Needs",341,57.5,339,51.3,126,42.5
"Elm City College Preparatory School District","=""2890013""","High Needs (F/R, EL or SWD)","Not High Needs",61,62.7,60,56.9,32,44.9
"Elm City College Preparatory School District","=""2890013""","Free/Reduced Price Meal Eligibility (2-level)","Eligible For Free Or Reduced Price Meals",316,57.7,314,51.6,115,42.7
"Elm City College Preparatory School District","=""2890013""","Free/Reduced Price Meal Eligibility (2-level)","Not Eligible For Free Or Reduced Price Meals",86,60.5,85,54.2,43,43.9
"Elm City College Preparatory School District","=""2890013""","Race/Ethnicity","Black or African American",246,57.0,243,48.9,104,40.5
"Elm City College Preparatory School District","=""2890013""","Race/Ethnicity","Hispanic or Latino",142,61.2,142,58.5,48,49.2
"Elm City College Preparatory School District","=""2890013""","Race/Ethnicity","Two or More Races",6,"*",6,"*","*","*"
"Elm City College Preparatory School District","=""2890013""","Race/Ethnicity","White",8,"*",8,"*","*","*"
"Elm City College Preparatory School District","=""2890013""","Special Education Status (SWD)","Students with Disabilities",49,41.2,49,33.7,19,"*"
"Elm City College Preparatory School District","=""2890013""","Special Education Status (SWD)","Students without Disabilities",353,60.7,350,54.7,139,44.0
"Brass City Charter School District","=""2900013""","All Students","District",235,64.4,235,57.2,76,53.4
"Brass City Charter School District","=""2900013""","English Language Learners (EL)","English Learners",21,52.2,21,46.7,6,"*"
"Brass City Charter School District","=""2900013""","English Language Learners (EL)","Not English Learners",214,65.5,214,58.2,70,54.0
"Brass City Charter School District","=""2900013""","Gender","Female",116,65.0,116,53.9,36,53.3
"Brass City Charter School District","=""2900013""","Gender","Male",119,63.7,119,60.4,40,53.4
"Brass City Charter School District","=""2900013""","Grade","03",41,72.2,41,70.0,"N/A","N/A"
"Brass City Charter School District","=""2900013""","Grade","04",39,72.5,39,69.2,"N/A","N/A"
"Brass City Charter School District","=""2900013""","Grade","05",43,56.3,43,53.7,42,55.1
"Brass City Charter School District","=""2900013""","Grade","06",39,59.5,39,51.2,"N/A","N/A"
"Brass City Charter School District","=""2900013""","Grade","07",39,62.1,39,48.5,"N/A","N/A"
"Brass City Charter School District","=""2900013""","Grade","08",34,64.0,34,49.0,34,51.3
"Brass City Charter School District","=""2900013""","High Needs (F/R, EL or SWD)","High Needs",184,62.9,184,55.0,59,52.0
"Brass City Charter School District","=""2900013""","High Needs (F/R, EL or SWD)","Not High Needs",51,69.5,51,64.8,17,"*"
"Brass City Charter School District","=""2900013""","Free/Reduced Price Meal Eligibility (2-level)","Eligible For Free Or Reduced Price Meals",164,63.8,164,55.9,54,53.6
"Brass City Charter School District","=""2900013""","Free/Reduced Price Meal Eligibility (2-level)","Not Eligible For Free Or Reduced Price Meals",71,65.6,71,60.0,22,52.8
"Brass City Charter School District","=""2900013""","Race/Ethnicity","Asian","*","*","*","*","*","*"
"Brass City Charter School District","=""2900013""","Race/Ethnicity","Black or African American",76,66.1,76,54.5,27,50.2
"Brass City Charter School District","=""2900013""","Race/Ethnicity","Hispanic or Latino",130,62.9,130,57.3,43,54.9
"Brass City Charter School District","=""2900013""","Race/Ethnicity","Two or More Races",15,"*",15,"*","*","*"
"Brass City Charter School District","=""2900013""","Race/Ethnicity","White","*","*","*","*","*","*"
"Brass City Charter School District","=""2900013""","Special Education Status (SWD)","Students with Disabilities",49,51.1,49,41.3,17,"*"
"Brass City Charter School District","=""2900013""","Special Education Status (SWD)","Students without Disabilities",186,67.9,186,61.3,59,57.6
"Elm City Montessori School District","=""2910013""","All Students","District",128,63.5,128,52.0,37,60.2
"Elm City Montessori School District","=""2910013""","English Language Learners (EL)","English Learners",7,"*",7,"*","*","*"
"Elm City Montessori School District","=""2910013""","English Language Learners (EL)","Not English Learners",121,64.8,121,53.6,"*","*"
"Elm City Montessori School District","=""2910013""","Gender","Female",70,62.5,70,49.0,19,"*"
"Elm City Montessori School District","=""2910013""","Gender","Male",58,64.6,58,55.6,18,"*"
"Elm City Montessori School District","=""2910013""","Grade","03",35,61.7,35,49.1,"N/A","N/A"
"Elm City Montessori School District","=""2910013""","Grade","04",27,63.4,27,45.6,"N/A","N/A"
"Elm City Montessori School District","=""2910013""","Grade","05",21,58.5,21,53.9,21,54.1
"Elm City Montessori School District","=""2910013""","Grade","06",13,"*",13,"*","N/A","N/A"
"Elm City Montessori School District","=""2910013""","Grade","07",16,"*",16,"*","N/A","N/A"
"Elm City Montessori School District","=""2910013""","Grade","08",16,"*",16,"*",16,"*"
"Elm City Montessori School District","=""2910013""","High Needs (F/R, EL or SWD)","High Needs",79,54.1,79,44.6,24,52.5
"Elm City Montessori School District","=""2910013""","High Needs (F/R, EL or SWD)","Not High Needs",49,78.5,49,63.8,13,"*"
"Elm City Montessori School District","=""2910013""","Free/Reduced Price Meal Eligibility (2-level)","Eligible For Free Or Reduced Price Meals",65,51.7,65,42.9,21,51.9
"Elm City Montessori School District","=""2910013""","Free/Reduced Price Meal Eligibility (2-level)","Not Eligible For Free Or Reduced Price Meals",63,75.6,63,61.4,16,"*"
"Elm City Montessori School District","=""2910013""","Race/Ethnicity","Black or African American",32,52.7,32,38.4,11,"*"
"Elm City Montessori School District","=""2910013""","Race/Ethnicity","Hispanic or Latino",38,54.5,38,48.3,9,"*"
"Elm City Montessori School District","=""2910013""","Race/Ethnicity","Two or More Races",18,"*",18,"*",6,"*"
"Elm City Montessori School District","=""2910013""","Race/Ethnicity","White",40,77.1,40,64.1,11,"*"
"Elm City Montessori School District","=""2910013""","Special Education Status (SWD)","Students with Disabilities",37,50.5,37,40.0,9,"*"
"Elm City Montessori School District","=""2910013""","Special Education Status (SWD)","Students without Disabilities",91,68.7,91,56.9,28,63.1
"Great Oaks Charter School District","=""2940013""","All Students","District",326,48.4,323,39.1,179,45.3
"Great Oaks Charter School District","=""2940013""","English Language Learners (EL)","English Learners",66,37.4,65,34.5,33,35.3
"Great Oaks Charter School District","=""2940013""","English Language Learners (EL)","Not English Learners",260,51.1,258,40.2,146,47.6
"Great Oaks Charter School District","=""2940013""","Gender","Female",157,49.2,156,36.8,87,43.2
"Great Oaks Charter School District","=""2940013""","Gender","Male",169,47.6,167,41.2,92,47.3
"Great Oaks Charter School District","=""2940013""","Grade","06",50,47.3,49,35.8,"N/A","N/A"
"Great Oaks Charter School District","=""2940013""","Grade","07",102,53.4,99,39.8,"N/A","N/A"
"Great Oaks Charter School District","=""2940013""","Grade","08",99,50.9,100,45.0,99,49.5
"Great Oaks Charter School District","=""2940013""","Grade","11",75,39.0,75,32.3,80,40.1
"Great Oaks Charter School District","=""2940013""","High Needs (F/R, EL or SWD)","High Needs",290,47.2,287,38.0,160,44.4
"Great Oaks Charter School District","=""2940013""","High Needs (F/R, EL or SWD)","Not High Needs",36,57.4,36,47.5,19,"*"
"Great Oaks Charter School District","=""2940013""","Free/Reduced Price Meal Eligibility (2-level)","Eligible For Free Or Reduced Price Meals",269,47.6,266,38.5,148,44.9
"Great Oaks Charter School District","=""2940013""","Free/Reduced Price Meal Eligibility (2-level)","Not Eligible For Free Or Reduced Price Meals",57,52.1,57,41.5,31,47.4
"Great Oaks Charter School District","=""2940013""","Race/Ethnicity","American Indian or Alaska Native","*","*","*","*","*","*"
"Great Oaks Charter School District","=""2940013""","Race/Ethnicity","Asian",8,"*",8,"*","*","*"
"Great Oaks Charter School District","=""2940013""","Race/Ethnicity","Black or African American",138,47.5,137,37.4,76,43.3
"Great Oaks Charter School District","=""2940013""","Race/Ethnicity","Hispanic or Latino",161,50.0,159,40.1,91,46.4
"Great Oaks Charter School District","=""2940013""","Race/Ethnicity","Two or More Races","*","*","*","*","*","*"
"Great Oaks Charter School District","=""2940013""","Race/Ethnicity","White",12,"*",11,"*",7,"*"
"Great Oaks Charter School District","=""2940013""","Special Education Status (SWD)","Students with Disabilities",64,37.6,63,27.7,35,36.6
"Great Oaks Charter School District","=""2940013""","Special Education Status (SWD)","Students without Disabilities",262,51.0,260,41.8,144,47.4
"Booker T. Washington Academy District","=""2950013""","All Students","District",257,57.7,255,53.5,86,45.6
"Booker T. Washington Academy District","=""2950013""","English Language Learners (EL)","English Learners",14,"*",14,"*","*","*"
"Booker T. Washington Academy District","=""2950013""","English Language Learners (EL)","Not English Learners",243,57.6,241,53.7,"*","*"
"Booker T. Washington Academy District","=""2950013""","Gender","Female",124,59.7,124,53.0,41,46.0
"Booker T. Washington Academy District","=""2950013""","Gender","Male",133,55.9,131,54.0,45,45.1
"Booker T. Washington Academy District","=""2950013""","Grade","03",44,56.0,44,51.0,"N/A","N/A"
"Booker T. Washington Academy District","=""2950013""","Grade","04",43,64.0,42,58.6,"N/A","N/A"
"Booker T. Washington Academy District","=""2950013""","Grade","05",38,54.1,38,53.2,38,45.3
"Booker T. Washington Academy District","=""2950013""","Grade","06",45,64.9,44,65.6,"N/A","N/A"
"Booker T. Washington Academy District","=""2950013""","Grade","07",39,54.0,39,44.5,"N/A","N/A"
"Booker T. Washington Academy District","=""2950013""","Grade","08",48,52.7,48,47.9,48,45.7
"Booker T. Washington Academy District","=""2950013""","High Needs (F/R, EL or SWD)","High Needs",240,57.2,238,52.9,80,44.7
"Booker T. Washington Academy District","=""2950013""","High Needs (F/R, EL or SWD)","Not High Needs",17,"*",17,"*",6,"*"
"Booker T. Washington Academy District","=""2950013""","Free/Reduced Price Meal Eligibility (2-level)","Eligible For Free Or Reduced Price Meals",237,57.4,235,52.9,77,44.8
"Booker T. Washington Academy District","=""2950013""","Free/Reduced Price Meal Eligibility (2-level)","Not Eligible For Free Or Reduced Price Meals",20,61.8,20,60.7,9,"*"
"Booker T. Washington Academy District","=""2950013""","Race/Ethnicity","Asian","*","*","*","*","N/A","N/A"
"Booker T. Washington Academy District","=""2950013""","Race/Ethnicity","Black or African American",198,56.4,197,52.2,67,44.0
"Booker T. Washington Academy District","=""2950013""","Race/Ethnicity","Hispanic or Latino",41,62.0,40,58.6,13,"*"
"Booker T. Washington Academy District","=""2950013""","Race/Ethnicity","Native Hawaiian or Other Pacific Islander","*","*","*","*","*","*"
"Booker T. Washington Academy District","=""2950013""","Race/Ethnicity","Two or More Races",12,"*",12,"*","*","*"
"Booker T. Washington Academy District","=""2950013""","Race/Ethnicity","White","*","*","*","*","*","*"
"Booker T. Washington Academy District","=""2950013""","Special Education Status (SWD)","Students with Disabilities",33,42.8,33,37.9,9,"*"
"Booker T. Washington Academy District","=""2950013""","Special Education Status (SWD)","Students without Disabilities",224,59.9,222,55.9,77,46.3
"Stamford Charter School for Excellence District","=""2960013""","All Students","District",337,81.4,336,81.1,112,69.2
"Stamford Charter School for Excellence District","=""2960013""","English Language Learners (EL)","English Learners",62,74.6,62,78.5,23,62.0
"Stamford Charter School for Excellence District","=""2960013""","English Language Learners (EL)","Not English Learners",275,82.9,274,81.7,89,71.0
"Stamford Charter School for Excellence District","=""2960013""","Gender","Female",191,81.8,190,79.5,63,69.8
"Stamford Charter School for Excellence District","=""2960013""","Gender","Male",146,80.8,146,83.1,49,68.4
"Stamford Charter School for Excellence District","=""2960013""","Grade","03",61,83.5,61,87.6,"N/A","N/A"
"Stamford Charter School for Excellence District","=""2960013""","Grade","04",59,89.3,59,80.9,"N/A","N/A"
"Stamford Charter School for Excellence District","=""2960013""","Grade","05",58,80.9,58,79.3,58,71.9
"Stamford Charter School for Excellence District","=""2960013""","Grade","06",55,79.4,55,78.6,"N/A","N/A"
"Stamford Charter School for Excellence District","=""2960013""","Grade","07",49,81.1,49,84.3,"N/A","N/A"
"Stamford Charter School for Excellence District","=""2960013""","Grade","08",55,73.2,54,75.5,54,66.2
"Stamford Charter School for Excellence District","=""2960013""","High Needs (F/R, EL or SWD)","High Needs",214,76.0,214,75.6,79,61.6
"Stamford Charter School for Excellence District","=""2960013""","High Needs (F/R, EL or SWD)","Not High Needs",123,90.7,122,90.7,33,87.3
"Stamford Charter School for Excellence District","=""2960013""","Free/Reduced Price Meal Eligibility (2-level)","Eligible For Free Or Reduced Price Meals",188,76.5,188,75.2,68,61.6
"Stamford Charter School for Excellence District","=""2960013""","Free/Reduced Price Meal Eligibility (2-level)","Not Eligible For Free Or Reduced Price Meals",149,87.5,148,88.6,44,80.9
"Stamford Charter School for Excellence District","=""2960013""","Race/Ethnicity","Asian",74,94.1,73,99.1,24,95.2
"Stamford Charter School for Excellence District","=""2960013""","Race/Ethnicity","Black or African American",141,79.6,141,76.7,49,64.0
"Stamford Charter School for Excellence District","=""2960013""","Race/Ethnicity","Hispanic or Latino",103,75.2,103,73.4,32,57.6
"Stamford Charter School for Excellence District","=""2960013""","Race/Ethnicity","Native Hawaiian or Other Pacific Islander","*","*","*","*","N/A","N/A"
"Stamford Charter School for Excellence District","=""2960013""","Race/Ethnicity","Two or More Races",13,"*",13,"*",7,"*"
"Stamford Charter School for Excellence District","=""2960013""","Race/Ethnicity","White","*","*","*","*","N/A","N/A"
"Stamford Charter School for Excellence District","=""2960013""","Special Education Status (SWD)","Students with Disabilities",22,51.8,22,57.7,10,"*"
"Stamford Charter School for Excellence District","=""2960013""","Special Education Status (SWD)","Students without Disabilities",315,83.4,314,82.7,102,72.1
"Capital Preparatory Harbor School District","=""2970013""","All Students","District",413,58.7,412,48.5,183,52.7
"Capital Preparatory Harbor School District","=""2970013""","English Language Learners (EL)","English Learners",48,52.7,47,45.0,24,46.8
"Capital Preparatory Harbor School District","=""2970013""","English Language Learners (EL)","Not English Learners",365,59.5,365,49.0,159,53.6
"Capital Preparatory Harbor School District","=""2970013""","Gender","Female",220,60.3,220,47.5,91,51.8
"Capital Preparatory Harbor School District","=""2970013""","Gender","Male",193,57.0,192,49.7,92,53.7
"Capital Preparatory Harbor School District","=""2970013""","Grade","03",57,54.6,57,52.5,"N/A","N/A"
"Capital Preparatory Harbor School District","=""2970013""","Grade","04",59,65.0,59,53.0,"N/A","N/A"
"Capital Preparatory Harbor School District","=""2970013""","Grade","05",62,55.2,62,46.4,62,49.0
"Capital Preparatory Harbor School District","=""2970013""","Grade","06",60,64.1,59,50.7,"N/A","N/A"
"Capital Preparatory Harbor School District","=""2970013""","Grade","07",54,59.7,54,47.8,"N/A","N/A"
"Capital Preparatory Harbor School District","=""2970013""","Grade","08",67,63.1,67,48.5,67,56.4
"Capital Preparatory Harbor School District","=""2970013""","Grade","11",54,48.0,54,40.5,54,52.4
"Capital Preparatory Harbor School District","=""2970013""","High Needs (F/R, EL or SWD)","High Needs",300,56.8,299,46.2,136,48.9
"Capital Preparatory Harbor School District","=""2970013""","High Needs (F/R, EL or SWD)","Not High Needs",113,64.0,113,54.6,47,63.9
"Capital Preparatory Harbor School District","=""2970013""","Free/Reduced Price Meal Eligibility (2-level)","Eligible For Free Or Reduced Price Meals",277,57.3,277,46.8,124,49.4
"Capital Preparatory Harbor School District","=""2970013""","Free/Reduced Price Meal Eligibility (2-level)","Not Eligible For Free Or Reduced Price Meals",136,61.8,135,52.1,59,59.7
"Capital Preparatory Harbor School District","=""2970013""","Race/Ethnicity","American Indian or Alaska Native","*","*","*","*","*","*"
"Capital Preparatory Harbor School District","=""2970013""","Race/Ethnicity","Asian","*","*","*","*","*","*"
"Capital Preparatory Harbor School District","=""2970013""","Race/Ethnicity","Black or African American",273,59.8,273,48.8,126,52.7
"Capital Preparatory Harbor School District","=""2970013""","Race/Ethnicity","Hispanic or Latino",135,56.5,134,48.2,53,53.2
"Capital Preparatory Harbor School District","=""2970013""","Race/Ethnicity","Two or More Races","*","*","*","*","*","*"
"Capital Preparatory Harbor School District","=""2970013""","Race/Ethnicity","White","*","*","*","*","N/A","N/A"
"Capital Preparatory Harbor School District","=""2970013""","Special Education Status (SWD)","Students with Disabilities",36,44.3,36,30.8,17,"*"
"Capital Preparatory Harbor School District","=""2970013""","Special Education Status (SWD)","Students without Disabilities",377,60.1,376,50.2,166,54.4
"Unified School District #2","=""3470015""","All Students","District",17,"*",17,"*",12,"*"
"Unified School District #2","=""3470015""","English Language Learners (EL)","English Learners","*","*","*","*","*","*"
"Unified School District #2","=""3470015""","English Language Learners (EL)","Not English Learners","*","*","*","*","*","*"
"Unified School District #2","=""3470015""","Gender","Female",6,"*",6,"*","*","*"
"Unified School District #2","=""3470015""","Gender","Male",11,"*",11,"*","*","*"
"Unified School District #2","=""3470015""","Grade","05","*","*","*","*","*","*"
"Unified School District #2","=""3470015""","Grade","06","*","*","*","*","N/A","N/A"
"Unified School District #2","=""3470015""","Grade","07","*","*","*","*","N/A","N/A"
"Unified School District #2","=""3470015""","Grade","08","*","*","*","*","*","*"
"Unified School District #2","=""3470015""","Grade","11",8,"*",8,"*",6,"*"
"Unified School District #2","=""3470015""","High Needs (F/R, EL or SWD)","High Needs",17,"*",17,"*",12,"*"
"Unified School District #2","=""3470015""","Free/Reduced Price Meal Eligibility (2-level)","Eligible For Free Or Reduced Price Meals",7,"*",7,"*","*","*"
"Unified School District #2","=""3470015""","Free/Reduced Price Meal Eligibility (2-level)","Not Eligible For Free Or Reduced Price Meals",10,"*",10,"*","*","*"
"Unified School District #2","=""3470015""","Race/Ethnicity","Black or African American","*","*","*","*","*","*"
"Unified School District #2","=""3470015""","Race/Ethnicity","Hispanic or Latino",10,"*",10,"*",6,"*"
"Unified School District #2","=""3470015""","Race/Ethnicity","White","*","*","*","*","*","*"
"Unified School District #2","=""3470015""","Special Education Status (SWD)","Students with Disabilities","*","*","*","*",12,"*"
"Unified School District #2","=""3470015""","Special Education Status (SWD)","Students without Disabilities","*","*","*","*",0,"N/A"
"Connecticut Technical Education and Career System","=""9000016""","All Students","District",2559,43.7,2559,39.0,2574,51.1
"Connecticut Technical Education and Career System","=""9000016""","English Language Learners (EL)","English Learners",210,33.0,210,31.8,212,40.4
"Connecticut Technical Education and Career System","=""9000016""","English Language Learners (EL)","Not English Learners",2349,44.6,2349,39.6,2362,52.1
"Connecticut Technical Education and Career System","=""9000016""","Gender","Female",965,44.8,965,39.1,968,50.2
"Connecticut Technical Education and Career System","=""9000016""","Gender","Male",1570,42.8,1570,38.8,1581,51.4
"Connecticut Technical Education and Career System","=""9000016""","Gender","Non-Binary",24,57.8,24,45.6,25,66.8
"Connecticut Technical Education and Career System","=""9000016""","Grade","11",2559,43.7,2559,39.0,2574,51.1
"Connecticut Technical Education and Career System","=""9000016""","High Needs (F/R, EL or SWD)","High Needs",1541,40.2,1541,36.0,1554,46.8
"Connecticut Technical Education and Career System","=""9000016""","High Needs (F/R, EL or SWD)","Not High Needs",1018,48.9,1018,43.6,1020,57.6
"Connecticut Technical Education and Career System","=""9000016""","Free/Reduced Price Meal Eligibility (2-level)","Eligible For Free Or Reduced Price Meals",1290,41.5,1290,36.9,1304,47.7
"Connecticut Technical Education and Career System","=""9000016""","Free/Reduced Price Meal Eligibility (2-level)","Not Eligible For Free Or Reduced Price Meals",1269,45.8,1269,41.1,1270,54.6
"Connecticut Technical Education and Career System","=""9000016""","Race/Ethnicity","American Indian or Alaska Native","*","*","*","*","*","*"
"Connecticut Technical Education and Career System","=""9000016""","Race/Ethnicity","Asian",13,"*",13,"*",14,"*"
"Connecticut Technical Education and Career System","=""9000016""","Race/Ethnicity","Black or African American",324,40.5,324,36.9,329,45.7
"Connecticut Technical Education and Career System","=""9000016""","Race/Ethnicity","Hispanic or Latino",1094,43.2,1094,38.2,1096,49.8
"Connecticut Technical Education and Career System","=""9000016""","Race/Ethnicity","Native Hawaiian or Other Pacific Islander","*","*","*","*","*","*"
"Connecticut Technical Education and Career System","=""9000016""","Race/Ethnicity","Two or More Races",128,43.4,128,37.1,126,50.3
"Connecticut Technical Education and Career System","=""9000016""","Race/Ethnicity","White",989,45.1,989,40.7,998,54.3
"Connecticut Technical Education and Career System","=""9000016""","Special Education Status (SWD)","Students with Disabilities",429,30.6,429,28.0,439,36.8
"Connecticut Technical Education and Career System","=""9000016""","Special Education Status (SWD)","Students without Disabilities",2130,46.3,2130,41.2,2135,54.0
"Norwich Free Academy District","=""9010022""","All Students","District",462,52.0,462,44.6,452,54.8
"Norwich Free Academy District","=""9010022""","English Language Learners (EL)","English Learners",59,31.1,59,27.0,58,34.3
"Norwich Free Academy District","=""9010022""","English Language Learners (EL)","Not English Learners",403,55.0,403,47.1,394,57.8
"Norwich Free Academy District","=""9010022""","Gender","Female",239,53.7,239,43.7,234,55.2
"Norwich Free Academy District","=""9010022""","Gender","Male","*","*","*","*","*","*"
"Norwich Free Academy District","=""9010022""","Gender","Non-Binary","*","*","*","*","*","*"
"Norwich Free Academy District","=""9010022""","Grade","11",462,52.0,462,44.6,452,54.8
"Norwich Free Academy District","=""9010022""","High Needs (F/R, EL or SWD)","High Needs",280,45.4,280,38.0,274,47.1
"Norwich Free Academy District","=""9010022""","High Needs (F/R, EL or SWD)","Not High Needs",182,62.0,182,54.6,178,66.6
"Norwich Free Academy District","=""9010022""","Free/Reduced Price Meal Eligibility (2-level)","Eligible For Free Or Reduced Price Meals",256,46.8,256,39.2,250,48.9
"Norwich Free Academy District","=""9010022""","Free/Reduced Price Meal Eligibility (2-level)","Not Eligible For Free Or Reduced Price Meals",206,58.4,206,51.3,202,62.0
"Norwich Free Academy District","=""9010022""","Race/Ethnicity","American Indian or Alaska Native",6,"*",6,"*","*","*"
"Norwich Free Academy District","=""9010022""","Race/Ethnicity","Asian",24,55.9,24,55.1,"*","*"
"Norwich Free Academy District","=""9010022""","Race/Ethnicity","Black or African American",76,50.0,76,42.9,74,52.5
"Norwich Free Academy District","=""9010022""","Race/Ethnicity","Hispanic or Latino",124,44.2,124,36.7,124,46.0
"Norwich Free Academy District","=""9010022""","Race/Ethnicity","Two or More Races",30,51.0,30,41.1,30,50.3
"Norwich Free Academy District","=""9010022""","Race/Ethnicity","White",202,57.1,202,49.3,195,60.9
"Norwich Free Academy District","=""9010022""","Special Education Status (SWD)","Students with Disabilities",43,33.0,43,25.0,42,33.2
"Norwich Free Academy District","=""9010022""","Special Education Status (SWD)","Students without Disabilities",419,53.9,419,46.6,410,57.0
"The Gilbert School District","=""9020022""","All Students","District",232,55.8,232,53.0,143,54.4
"The Gilbert School District","=""9020022""","English Language Learners (EL)","English Learners",16,"*",16,"*",7,"*"
"The Gilbert School District","=""9020022""","English Language Learners (EL)","Not English Learners",216,56.5,216,53.4,136,55.0
"The Gilbert School District","=""9020022""","Gender","Female",126,56.9,126,50.6,78,53.3
"The Gilbert School District","=""9020022""","Gender","Male",106,54.3,106,55.8,65,55.7
"The Gilbert School District","=""9020022""","Grade","07",86,58.3,86,57.4,"N/A","N/A"
"The Gilbert School District","=""9020022""","Grade","08",89,54.9,89,54.4,89,59.0
"The Gilbert School District","=""9020022""","Grade","11",57,53.2,57,44.1,54,46.8
"The Gilbert School District","=""9020022""","High Needs (F/R, EL or SWD)","High Needs",143,51.6,143,47.3,88,50.2
"The Gilbert School District","=""9020022""","High Needs (F/R, EL or SWD)","Not High Needs",89,62.4,89,62.1,55,61.0
"The Gilbert School District","=""9020022""","Free/Reduced Price Meal Eligibility (2-level)","Eligible For Free Or Reduced Price Meals",130,52.6,130,48.1,81,51.1
"The Gilbert School District","=""9020022""","Free/Reduced Price Meal Eligibility (2-level)","Not Eligible For Free Or Reduced Price Meals",102,59.8,102,59.1,62,58.7
"The Gilbert School District","=""9020022""","Race/Ethnicity","Asian",9,"*",9,"*","*","*"
"The Gilbert School District","=""9020022""","Race/Ethnicity","Black or African American",8,"*",8,"*","*","*"
"The Gilbert School District","=""9020022""","Race/Ethnicity","Hispanic or Latino",41,49.0,41,44.2,26,46.4
"The Gilbert School District","=""9020022""","Race/Ethnicity","Two or More Races",12,"*",12,"*",11,"*"
"The Gilbert School District","=""9020022""","Race/Ethnicity","White",162,58.1,162,55.6,95,56.9
"The Gilbert School District","=""9020022""","Special Education Status (SWD)","Students with Disabilities",35,37.5,35,33.4,23,35.2
"The Gilbert School District","=""9020022""","Special Education Status (SWD)","Students without Disabilities",197,59.0,197,56.5,120,58.1
"The Woodstock Academy District","=""9030022""","All Students","District",261,58.7,261,52.9,255,62.2
"The Woodstock Academy District","=""9030022""","English Language Learners (EL)","English Learners","*","*","*","*","*","*"
"The Woodstock Academy District","=""9030022""","English Language Learners (EL)","Not English Learners","*","*","*","*","*","*"
"The Woodstock Academy District","=""9030022""","Gender","Female","*","*","*","*","*","*"
"The Woodstock Academy District","=""9030022""","Gender","Male",134,57.5,134,56.1,130,63.3
"The Woodstock Academy District","=""9030022""","Gender","Non-Binary","*","*","*","*","*","*"
"The Woodstock Academy District","=""9030022""","Grade","11",261,58.7,261,52.9,255,62.2
"The Woodstock Academy District","=""9030022""","High Needs (F/R, EL or SWD)","High Needs",25,43.8,25,37.2,24,51.9
"The Woodstock Academy District","=""9030022""","High Needs (F/R, EL or SWD)","Not High Needs",236,60.2,236,54.6,231,63.2
"The Woodstock Academy District","=""9030022""","Free/Reduced Price Meal Eligibility (2-level)","Eligible For Free Or Reduced Price Meals",12,"*",12,"*",11,"*"
"The Woodstock Academy District","=""9030022""","Free/Reduced Price Meal Eligibility (2-level)","Not Eligible For Free Or Reduced Price Meals",249,59.1,249,53.4,244,62.4
"The Woodstock Academy District","=""9030022""","Race/Ethnicity","Asian",24,44.9,24,67.1,22,53.0
"The Woodstock Academy District","=""9030022""","Race/Ethnicity","Black or African American","*","*","*","*","*","*"
"The Woodstock Academy District","=""9030022""","Race/Ethnicity","Hispanic or Latino",23,54.0,23,48.1,23,55.8
"The Woodstock Academy District","=""9030022""","Race/Ethnicity","Two or More Races","*","*","*","*","*","*"
"The Woodstock Academy District","=""9030022""","Race/Ethnicity","White",202,60.5,202,51.6,198,64.1
"The Woodstock Academy District","=""9030022""","Special Education Status (SWD)","Students with Disabilities",13,"*",13,"*",13,"*"
"The Woodstock Academy District","=""9030022""","Special Education Status (SWD)","Students without Disabilities",248,59.7,248,54.1,242,63.0

