"Performance Index, 2015-16"
"All Districts"
"Notes:"
"The Performance Index is the average performance of students in a subject area (i.e., ELA, Mathematics or Science) on the state summative assessments."
"The Performance Index ranges from 0-100 and is reported for all students and for students in each individual student group."
"Connecticut's ultimate target for a Performance Index is 75."
"Starting with 2018-19, Connecticut began implementation of new science assessments aligned to the Next Generation Science Standards."
"Therefore, 2018-19 science performance index scores cannot be compared to those from prior years; they can serve as a baseline for future years."

"District Name","District Code","Category","Student Group","ELACount","ELAPerformanceIndex","MathCount","MathPerformanceIndex","ScienceCount","SciencePerformanceIndex"
"Andover School District","=""0010011""","All Students","District",158,79.8,158,75.7,43,71.8
"Andover School District","=""0010011""","English Language Learners (EL)","English Learners","*","*","*","*","N/A","N/A"
"Andover School District","=""0010011""","English Language Learners (EL)","Not English Learners","*","*","*","*",43,71.8
"Andover School District","=""0010011""","Gender","Female",75,82.9,75,75.4,15,"*"
"Andover School District","=""0010011""","Gender","Male",83,77.0,83,76.0,28,72.5
"Andover School District","=""0010011""","High Needs (F/R, EL or SWD)","High Needs",38,67.9,38,66.4,"*","*"
"Andover School District","=""0010011""","High Needs (F/R, EL or SWD)","Not High Needs",120,83.5,120,78.7,"*","*"
"Andover School District","=""0010011""","Free/Reduced Price Meal Eligibility (2-level)","Eligible For Free Or Reduced Price Meals",24,72.3,24,71.0,"*","*"
"Andover School District","=""0010011""","Free/Reduced Price Meal Eligibility (2-level)","Not Eligible For Free Or Reduced Price Meals",134,81.1,134,76.6,"*","*"
"Andover School District","=""0010011""","Race/Ethnicity","Asian","*","*","*","*","*","*"
"Andover School District","=""0010011""","Race/Ethnicity","Black or African American","*","*","*","*","N/A","N/A"
"Andover School District","=""0010011""","Race/Ethnicity","Hispanic or Latino","*","*","*","*","*","*"
"Andover School District","=""0010011""","Race/Ethnicity","Two or More Races","*","*","*","*","*","*"
"Andover School District","=""0010011""","Race/Ethnicity","White",147,80.2,147,75.8,40,71.8
"Andover School District","=""0010011""","Special Education Status (SWD)","Students with Disabilities",14,"*",14,"*","N/A","N/A"
"Andover School District","=""0010011""","Special Education Status (SWD)","Students without Disabilities",144,82.1,144,77.6,43,71.8
"Ansonia School District","=""0020011""","All Students","District",1134,57.9,1133,53.0,515,45.0
"Ansonia School District","=""0020011""","English Language Learners (EL)","English Learners",46,56.0,46,51.5,15,"*"
"Ansonia School District","=""0020011""","English Language Learners (EL)","Not English Learners",1088,58.0,1087,53.1,500,45.2
"Ansonia School District","=""0020011""","Gender","Female",545,60.5,545,53.0,264,45.0
"Ansonia School District","=""0020011""","Gender","Male",589,55.5,588,53.0,251,45.1
"Ansonia School District","=""0020011""","High Needs (F/R, EL or SWD)","High Needs",840,55.0,839,50.4,400,42.0
"Ansonia School District","=""0020011""","High Needs (F/R, EL or SWD)","Not High Needs",294,66.4,294,60.4,115,55.6
"Ansonia School District","=""0020011""","Free/Reduced Price Meal Eligibility (2-level)","Eligible For Free Or Reduced Price Meals",784,55.4,783,50.7,371,42.6
"Ansonia School District","=""0020011""","Free/Reduced Price Meal Eligibility (2-level)","Not Eligible For Free Or Reduced Price Meals",350,63.7,350,58.2,144,51.1
"Ansonia School District","=""0020011""","Race/Ethnicity","American Indian or Alaska Native","*","*","*","*","*","*"
"Ansonia School District","=""0020011""","Race/Ethnicity","Asian",15,"*",15,"*",9,"*"
"Ansonia School District","=""0020011""","Race/Ethnicity","Black or African American",205,51.9,206,46.5,99,38.4
"Ansonia School District","=""0020011""","Race/Ethnicity","Hispanic or Latino",348,56.1,347,50.8,156,43.1
"Ansonia School District","=""0020011""","Race/Ethnicity","Native Hawaiian or Other Pacific Islander","*","*","*","*","*","*"
"Ansonia School District","=""0020011""","Race/Ethnicity","Two or More Races",34,66.5,34,60.4,9,"*"
"Ansonia School District","=""0020011""","Race/Ethnicity","White",519,60.2,518,55.8,235,48.5
"Ansonia School District","=""0020011""","Special Education Status (SWD)","Students with Disabilities",209,43.6,209,40.3,93,33.0
"Ansonia School District","=""0020011""","Special Education Status (SWD)","Students without Disabilities",925,61.2,924,55.9,422,47.6
"Ashford School District","=""0030011""","All Students","District",232,72.0,232,64.9,75,63.8
"Ashford School District","=""0030011""","English Language Learners (EL)","English Learners","*","*","*","*","*","*"
"Ashford School District","=""0030011""","English Language Learners (EL)","Not English Learners","*","*","*","*","*","*"
"Ashford School District","=""0030011""","Gender","Female",116,76.9,116,66.2,40,66.2
"Ashford School District","=""0030011""","Gender","Male",116,67.0,116,63.6,35,61.0
"Ashford School District","=""0030011""","High Needs (F/R, EL or SWD)","High Needs",95,62.1,95,57.5,32,59.7
"Ashford School District","=""0030011""","High Needs (F/R, EL or SWD)","Not High Needs",137,78.8,137,70.0,43,66.8
"Ashford School District","=""0030011""","Free/Reduced Price Meal Eligibility (2-level)","Eligible For Free Or Reduced Price Meals",79,63.4,79,58.5,29,59.0
"Ashford School District","=""0030011""","Free/Reduced Price Meal Eligibility (2-level)","Not Eligible For Free Or Reduced Price Meals",153,76.4,153,68.1,46,66.8
"Ashford School District","=""0030011""","Race/Ethnicity","Asian","*","*","*","*","N/A","N/A"
"Ashford School District","=""0030011""","Race/Ethnicity","Black or African American",9,"*",9,"*","*","*"
"Ashford School District","=""0030011""","Race/Ethnicity","Hispanic or Latino",13,"*",13,"*","*","*"
"Ashford School District","=""0030011""","Race/Ethnicity","Two or More Races","*","*","*","*","N/A","N/A"
"Ashford School District","=""0030011""","Race/Ethnicity","White",204,72.3,204,65.1,69,63.9
"Ashford School District","=""0030011""","Special Education Status (SWD)","Students with Disabilities",31,49.6,31,48.0,7,"*"
"Ashford School District","=""0030011""","Special Education Status (SWD)","Students without Disabilities",201,75.4,201,67.5,68,65.4
"Avon School District","=""0040011""","All Students","District",1743,81.5,1740,77.5,821,67.1
"Avon School District","=""0040011""","English Language Learners (EL)","English Learners",50,67.0,50,66.7,18,"*"
"Avon School District","=""0040011""","English Language Learners (EL)","Not English Learners",1693,82.0,1690,77.8,803,67.5
"Avon School District","=""0040011""","Gender","Female",855,82.8,855,76.2,413,67.1
"Avon School District","=""0040011""","Gender","Male",888,80.3,885,78.8,408,67.0
"Avon School District","=""0040011""","High Needs (F/R, EL or SWD)","High Needs",292,63.5,291,58.6,147,50.8
"Avon School District","=""0040011""","High Needs (F/R, EL or SWD)","Not High Needs",1451,85.2,1449,81.3,674,70.6
"Avon School District","=""0040011""","Free/Reduced Price Meal Eligibility (2-level)","Eligible For Free Or Reduced Price Meals",84,63.4,84,56.8,46,55.2
"Avon School District","=""0040011""","Free/Reduced Price Meal Eligibility (2-level)","Not Eligible For Free Or Reduced Price Meals",1659,82.4,1656,78.6,775,67.8
"Avon School District","=""0040011""","Race/Ethnicity","American Indian or Alaska Native","*","*","*","*","*","*"
"Avon School District","=""0040011""","Race/Ethnicity","Asian",252,87.1,252,89.0,104,72.0
"Avon School District","=""0040011""","Race/Ethnicity","Black or African American",72,62.1,72,55.3,"*","*"
"Avon School District","=""0040011""","Race/Ethnicity","Hispanic or Latino",107,73.6,107,67.9,54,57.2
"Avon School District","=""0040011""","Race/Ethnicity","Two or More Races","*","*","*","*",36,70.6
"Avon School District","=""0040011""","Race/Ethnicity","White",1251,81.9,1248,77.0,593,67.9
"Avon School District","=""0040011""","Special Education Status (SWD)","Students with Disabilities",195,60.1,194,54.6,99,47.2
"Avon School District","=""0040011""","Special Education Status (SWD)","Students without Disabilities",1548,84.2,1546,80.4,722,69.8
"Barkhamsted School District","=""0050011""","All Students","District",168,75.6,168,62.2,46,63.2
"Barkhamsted School District","=""0050011""","English Language Learners (EL)","English Learners","*","*","*","*","N/A","N/A"
"Barkhamsted School District","=""0050011""","English Language Learners (EL)","Not English Learners","*","*","*","*",46,63.2
"Barkhamsted School District","=""0050011""","Gender","Female",85,77.2,85,62.9,23,65.3
"Barkhamsted School District","=""0050011""","Gender","Male",83,73.9,83,61.5,23,61.0
"Barkhamsted School District","=""0050011""","High Needs (F/R, EL or SWD)","High Needs",46,64.3,46,49.6,13,"*"
"Barkhamsted School District","=""0050011""","High Needs (F/R, EL or SWD)","Not High Needs",122,79.8,122,67.0,33,67.2
"Barkhamsted School District","=""0050011""","Free/Reduced Price Meal Eligibility (2-level)","Eligible For Free Or Reduced Price Meals",17,"*",17,"*","*","*"
"Barkhamsted School District","=""0050011""","Free/Reduced Price Meal Eligibility (2-level)","Not Eligible For Free Or Reduced Price Meals",151,76.6,151,63.9,"*","*"
"Barkhamsted School District","=""0050011""","Race/Ethnicity","Asian","*","*","*","*","N/A","N/A"
"Barkhamsted School District","=""0050011""","Race/Ethnicity","Black or African American","*","*","*","*","N/A","N/A"
"Barkhamsted School District","=""0050011""","Race/Ethnicity","Hispanic or Latino","*","*","*","*","N/A","N/A"
"Barkhamsted School District","=""0050011""","Race/Ethnicity","Two or More Races","*","*","*","*","N/A","N/A"
"Barkhamsted School District","=""0050011""","Race/Ethnicity","White",163,75.6,163,62.1,46,63.2
"Barkhamsted School District","=""0050011""","Special Education Status (SWD)","Students with Disabilities",36,61.8,36,48.3,12,"*"
"Barkhamsted School District","=""0050011""","Special Education Status (SWD)","Students without Disabilities",132,79.3,132,66.0,34,66.4
"Berlin School District","=""0070011""","All Students","District",1528,72.8,1524,66.5,673,62.4
"Berlin School District","=""0070011""","English Language Learners (EL)","English Learners",46,59.8,46,57.0,11,"*"
"Berlin School District","=""0070011""","English Language Learners (EL)","Not English Learners",1482,73.2,1478,66.8,662,62.7
"Berlin School District","=""0070011""","Gender","Female",714,74.9,713,66.2,299,62.0
"Berlin School District","=""0070011""","Gender","Male",814,70.9,811,66.7,374,62.7
"Berlin School District","=""0070011""","High Needs (F/R, EL or SWD)","High Needs",353,59.3,351,51.8,164,49.9
"Berlin School District","=""0070011""","High Needs (F/R, EL or SWD)","Not High Needs",1175,76.8,1173,70.9,509,66.4
"Berlin School District","=""0070011""","Free/Reduced Price Meal Eligibility (2-level)","Eligible For Free Or Reduced Price Meals",183,61.6,183,53.7,96,52.8
"Berlin School District","=""0070011""","Free/Reduced Price Meal Eligibility (2-level)","Not Eligible For Free Or Reduced Price Meals",1345,74.3,1341,68.2,577,64.0
"Berlin School District","=""0070011""","Race/Ethnicity","American Indian or Alaska Native","*","*","*","*","*","*"
"Berlin School District","=""0070011""","Race/Ethnicity","Asian",46,75.9,46,73.4,17,"*"
"Berlin School District","=""0070011""","Race/Ethnicity","Black or African American","*","*","*","*","*","*"
"Berlin School District","=""0070011""","Race/Ethnicity","Hispanic or Latino",132,63.7,131,54.9,61,52.1
"Berlin School District","=""0070011""","Race/Ethnicity","Two or More Races",49,77.0,49,72.9,13,"*"
"Berlin School District","=""0070011""","Race/Ethnicity","White",1272,73.8,1269,67.6,568,63.6
"Berlin School District","=""0070011""","Special Education Status (SWD)","Students with Disabilities",197,53.7,195,44.8,93,44.5
"Berlin School District","=""0070011""","Special Education Status (SWD)","Students without Disabilities",1331,75.6,1329,69.6,580,65.3
"Bethany School District","=""0080011""","All Students","District",224,75.6,224,73.2,58,67.8
"Bethany School District","=""0080011""","English Language Learners (EL)","English Learners","*","*","*","*","*","*"
"Bethany School District","=""0080011""","English Language Learners (EL)","Not English Learners","*","*","*","*","*","*"
"Bethany School District","=""0080011""","Gender","Female",103,80.8,103,77.0,23,69.1
"Bethany School District","=""0080011""","Gender","Male",121,71.1,121,70.1,35,66.9
"Bethany School District","=""0080011""","High Needs (F/R, EL or SWD)","High Needs",51,61.1,51,58.2,11,"*"
"Bethany School District","=""0080011""","High Needs (F/R, EL or SWD)","Not High Needs",173,79.8,173,77.7,47,70.5
"Bethany School District","=""0080011""","Free/Reduced Price Meal Eligibility (2-level)","Eligible For Free Or Reduced Price Meals",17,"*",17,"*",7,"*"
"Bethany School District","=""0080011""","Free/Reduced Price Meal Eligibility (2-level)","Not Eligible For Free Or Reduced Price Meals",207,76.3,207,74.4,51,69.4
"Bethany School District","=""0080011""","Race/Ethnicity","American Indian or Alaska Native","*","*","*","*","N/A","N/A"
"Bethany School District","=""0080011""","Race/Ethnicity","Asian",25,88.3,25,87.3,10,"*"
"Bethany School District","=""0080011""","Race/Ethnicity","Black or African American","*","*","*","*","*","*"
"Bethany School District","=""0080011""","Race/Ethnicity","Hispanic or Latino",8,"*",8,"*","*","*"
"Bethany School District","=""0080011""","Race/Ethnicity","Two or More Races","*","*","*","*","N/A","N/A"
"Bethany School District","=""0080011""","Race/Ethnicity","White",186,74.1,186,71.6,44,66.5
"Bethany School District","=""0080011""","Special Education Status (SWD)","Students with Disabilities",41,57.9,41,55.9,7,"*"
"Bethany School District","=""0080011""","Special Education Status (SWD)","Students without Disabilities",183,79.5,183,77.1,51,69.8
"Bethel School District","=""0090011""","All Students","District",1507,74.3,1505,67.4,615,64.5
"Bethel School District","=""0090011""","English Language Learners (EL)","English Learners",81,59.3,81,56.1,20,49.6
"Bethel School District","=""0090011""","English Language Learners (EL)","Not English Learners",1426,75.2,1424,68.1,595,65.0
"Bethel School District","=""0090011""","Gender","Female",738,77.3,738,67.2,290,64.5
"Bethel School District","=""0090011""","Gender","Male",769,71.5,767,67.7,325,64.5
"Bethel School District","=""0090011""","High Needs (F/R, EL or SWD)","High Needs",495,64.4,494,57.8,192,56.3
"Bethel School District","=""0090011""","High Needs (F/R, EL or SWD)","Not High Needs",1012,79.2,1011,72.1,423,68.2
"Bethel School District","=""0090011""","Free/Reduced Price Meal Eligibility (2-level)","Eligible For Free Or Reduced Price Meals",320,67.4,319,59.9,141,58.8
"Bethel School District","=""0090011""","Free/Reduced Price Meal Eligibility (2-level)","Not Eligible For Free Or Reduced Price Meals",1187,76.2,1186,69.5,474,66.2
"Bethel School District","=""0090011""","Race/Ethnicity","American Indian or Alaska Native","N/A","N/A","N/A","N/A","N/A","N/A"
"Bethel School District","=""0090011""","Race/Ethnicity","Asian",109,79.8,109,75.8,41,66.4
"Bethel School District","=""0090011""","Race/Ethnicity","Black or African American","*","*","*","*",14,"*"
"Bethel School District","=""0090011""","Race/Ethnicity","Hispanic or Latino",245,68.5,245,61.9,97,58.8
"Bethel School District","=""0090011""","Race/Ethnicity","Native Hawaiian or Other Pacific Islander","*","*","*","*","*","*"
"Bethel School District","=""0090011""","Race/Ethnicity","Two or More Races",31,75.2,31,63.7,"*","*"
"Bethel School District","=""0090011""","Race/Ethnicity","White",1093,75.4,1091,68.2,448,66.2
"Bethel School District","=""0090011""","Special Education Status (SWD)","Students with Disabilities",201,57.4,201,51.4,73,48.1
"Bethel School District","=""0090011""","Special Education Status (SWD)","Students without Disabilities",1306,76.9,1304,69.9,542,66.7
"Bloomfield School District","=""0110011""","All Students","District",897,62.5,896,54.1,381,50.7
"Bloomfield School District","=""0110011""","English Language Learners (EL)","English Learners",15,"*",15,"*","*","*"
"Bloomfield School District","=""0110011""","English Language Learners (EL)","Not English Learners",882,62.7,881,54.3,"*","*"
"Bloomfield School District","=""0110011""","Gender","Female",450,65.0,450,54.9,187,51.8
"Bloomfield School District","=""0110011""","Gender","Male",447,60.1,446,53.3,194,49.7
"Bloomfield School District","=""0110011""","High Needs (F/R, EL or SWD)","High Needs",530,59.8,529,50.9,210,46.4
"Bloomfield School District","=""0110011""","High Needs (F/R, EL or SWD)","Not High Needs",367,66.5,367,58.7,171,56.0
"Bloomfield School District","=""0110011""","Free/Reduced Price Meal Eligibility (2-level)","Eligible For Free Or Reduced Price Meals",470,61.2,470,52.1,189,46.6
"Bloomfield School District","=""0110011""","Free/Reduced Price Meal Eligibility (2-level)","Not Eligible For Free Or Reduced Price Meals",427,64.0,426,56.3,192,54.7
"Bloomfield School District","=""0110011""","Race/Ethnicity","American Indian or Alaska Native","*","*","*","*","N/A","N/A"
"Bloomfield School District","=""0110011""","Race/Ethnicity","Asian",6,"*",6,"*","*","*"
"Bloomfield School District","=""0110011""","Race/Ethnicity","Black or African American",717,61.8,716,53.7,287,49.7
"Bloomfield School District","=""0110011""","Race/Ethnicity","Hispanic or Latino",85,62.3,85,52.3,47,50.9
"Bloomfield School District","=""0110011""","Race/Ethnicity","Native Hawaiian or Other Pacific Islander","*","*","*","*","*","*"
"Bloomfield School District","=""0110011""","Race/Ethnicity","Two or More Races",36,65.0,36,56.9,17,"*"
"Bloomfield School District","=""0110011""","Race/Ethnicity","White",50,71.7,50,59.7,24,59.8
"Bloomfield School District","=""0110011""","Special Education Status (SWD)","Students with Disabilities",151,48.1,150,40.4,60,40.4
"Bloomfield School District","=""0110011""","Special Education Status (SWD)","Students without Disabilities",746,65.4,746,56.9,321,52.6
"Bolton School District","=""0120011""","All Students","District",412,76.4,412,69.9,194,62.5
"Bolton School District","=""0120011""","English Language Learners (EL)","English Learners","*","*","*","*","*","*"
"Bolton School District","=""0120011""","English Language Learners (EL)","Not English Learners","*","*","*","*","*","*"
"Bolton School District","=""0120011""","Gender","Female",208,78.6,208,69.8,103,62.4
"Bolton School District","=""0120011""","Gender","Male",204,74.1,204,70.0,91,62.6
"Bolton School District","=""0120011""","High Needs (F/R, EL or SWD)","High Needs",108,63.3,108,55.9,50,49.3
"Bolton School District","=""0120011""","High Needs (F/R, EL or SWD)","Not High Needs",304,81.0,304,74.9,144,67.1
"Bolton School District","=""0120011""","Free/Reduced Price Meal Eligibility (2-level)","Eligible For Free Or Reduced Price Meals",69,65.6,69,56.7,36,51.2
"Bolton School District","=""0120011""","Free/Reduced Price Meal Eligibility (2-level)","Not Eligible For Free Or Reduced Price Meals",343,78.6,343,72.6,158,65.1
"Bolton School District","=""0120011""","Race/Ethnicity","Asian",11,"*",11,"*","*","*"
"Bolton School District","=""0120011""","Race/Ethnicity","Black or African American",34,63.7,34,56.6,14,"*"
"Bolton School District","=""0120011""","Race/Ethnicity","Hispanic or Latino",23,61.5,23,53.7,9,"*"
"Bolton School District","=""0120011""","Race/Ethnicity","Two or More Races",7,"*",7,"*","*","*"
"Bolton School District","=""0120011""","Race/Ethnicity","White",337,79.1,337,72.9,164,64.6
"Bolton School District","=""0120011""","Special Education Status (SWD)","Students with Disabilities",52,54.7,52,47.6,26,39.7
"Bolton School District","=""0120011""","Special Education Status (SWD)","Students without Disabilities",360,79.5,360,73.1,168,66.1
"Bozrah School District","=""0130011""","All Students","District",129,64.2,129,59.3,49,64.6
"Bozrah School District","=""0130011""","English Language Learners (EL)","English Learners","*","*","*","*","N/A","N/A"
"Bozrah School District","=""0130011""","English Language Learners (EL)","Not English Learners","*","*","*","*",49,64.6
"Bozrah School District","=""0130011""","Gender","Female",66,69.0,66,61.9,24,65.1
"Bozrah School District","=""0130011""","Gender","Male",63,59.1,63,56.5,25,64.0
"Bozrah School District","=""0130011""","High Needs (F/R, EL or SWD)","High Needs",48,53.5,48,50.6,18,"*"
"Bozrah School District","=""0130011""","High Needs (F/R, EL or SWD)","Not High Needs",81,70.5,81,64.4,31,66.9
"Bozrah School District","=""0130011""","Free/Reduced Price Meal Eligibility (2-level)","Eligible For Free Or Reduced Price Meals",28,63.0,28,60.3,9,"*"
"Bozrah School District","=""0130011""","Free/Reduced Price Meal Eligibility (2-level)","Not Eligible For Free Or Reduced Price Meals",101,64.5,101,59.0,40,64.2
"Bozrah School District","=""0130011""","Race/Ethnicity","Asian","*","*","*","*","*","*"
"Bozrah School District","=""0130011""","Race/Ethnicity","Black or African American",8,"*",8,"*","*","*"
"Bozrah School District","=""0130011""","Race/Ethnicity","Hispanic or Latino","*","*","*","*","*","*"
"Bozrah School District","=""0130011""","Race/Ethnicity","Two or More Races","N/A","N/A","N/A","N/A","N/A","N/A"
"Bozrah School District","=""0130011""","Race/Ethnicity","White",114,64.4,114,59.6,42,65.6
"Bozrah School District","=""0130011""","Special Education Status (SWD)","Students with Disabilities",23,39.8,23,36.6,9,"*"
"Bozrah School District","=""0130011""","Special Education Status (SWD)","Students without Disabilities",106,69.5,106,64.2,40,66.7
"Branford School District","=""0140011""","All Students","District",1562,70.7,1558,65.1,669,60.5
"Branford School District","=""0140011""","English Language Learners (EL)","English Learners",72,61.8,72,61.6,18,"*"
"Branford School District","=""0140011""","English Language Learners (EL)","Not English Learners",1490,71.2,1486,65.3,651,60.9
"Branford School District","=""0140011""","Gender","Female",757,73.4,754,65.5,351,61.6
"Branford School District","=""0140011""","Gender","Male",805,68.2,804,64.7,318,59.2
"Branford School District","=""0140011""","High Needs (F/R, EL or SWD)","High Needs",559,61.1,558,55.4,248,52.3
"Branford School District","=""0140011""","High Needs (F/R, EL or SWD)","Not High Needs",1003,76.1,1000,70.5,421,65.3
"Branford School District","=""0140011""","Free/Reduced Price Meal Eligibility (2-level)","Eligible For Free Or Reduced Price Meals",396,63.4,395,57.3,161,55.2
"Branford School District","=""0140011""","Free/Reduced Price Meal Eligibility (2-level)","Not Eligible For Free Or Reduced Price Meals",1166,73.2,1163,67.7,508,62.2
"Branford School District","=""0140011""","Race/Ethnicity","American Indian or Alaska Native","*","*","*","*","*","*"
"Branford School District","=""0140011""","Race/Ethnicity","Asian",124,74.7,124,74.9,39,66.7
"Branford School District","=""0140011""","Race/Ethnicity","Black or African American",54,59.2,53,52.9,18,"*"
"Branford School District","=""0140011""","Race/Ethnicity","Hispanic or Latino",148,64.5,148,60.4,61,55.6
"Branford School District","=""0140011""","Race/Ethnicity","Two or More Races","*","*","*","*","*","*"
"Branford School District","=""0140011""","Race/Ethnicity","White",1200,71.8,1197,65.4,535,61.2
"Branford School District","=""0140011""","Special Education Status (SWD)","Students with Disabilities",230,52.3,230,45.8,108,46.2
"Branford School District","=""0140011""","Special Education Status (SWD)","Students without Disabilities",1332,73.9,1328,68.4,561,63.2
"Bridgeport School District","=""0150011""","All Students","District",10013,51.6,9991,42.7,4111,41.3
"Bridgeport School District","=""0150011""","English Language Learners (EL)","English Learners",1606,42.4,1604,35.9,626,31.5
"Bridgeport School District","=""0150011""","English Language Learners (EL)","Not English Learners",8407,53.3,8387,44.0,3485,43.1
"Bridgeport School District","=""0150011""","Gender","Female",4760,54.5,4753,43.8,2006,41.5
"Bridgeport School District","=""0150011""","Gender","Male",5253,48.9,5238,41.7,2105,41.1
"Bridgeport School District","=""0150011""","High Needs (F/R, EL or SWD)","High Needs",10013,51.6,9991,42.7,4111,41.3
"Bridgeport School District","=""0150011""","Free/Reduced Price Meal Eligibility (2-level)","Eligible For Free Or Reduced Price Meals",10013,51.6,9991,42.7,4111,41.3
"Bridgeport School District","=""0150011""","Free/Reduced Price Meal Eligibility (2-level)","Not Eligible For Free Or Reduced Price Meals","N/A","N/A","N/A","N/A","N/A","N/A"
"Bridgeport School District","=""0150011""","Race/Ethnicity","American Indian or Alaska Native",38,61.9,38,46.7,19,"*"
"Bridgeport School District","=""0150011""","Race/Ethnicity","Asian",258,62.5,258,55.1,125,51.7
"Bridgeport School District","=""0150011""","Race/Ethnicity","Black or African American",3544,50.4,3537,41.1,1518,38.8
"Bridgeport School District","=""0150011""","Race/Ethnicity","Hispanic or Latino",5062,50.7,5053,42.0,1935,40.1
"Bridgeport School District","=""0150011""","Race/Ethnicity","Native Hawaiian or Other Pacific Islander",7,"*",7,"*","*","*"
"Bridgeport School District","=""0150011""","Race/Ethnicity","Two or More Races",46,56.3,46,47.1,"*","*"
"Bridgeport School District","=""0150011""","Race/Ethnicity","White",1058,56.7,1052,48.2,497,50.5
"Bridgeport School District","=""0150011""","Special Education Status (SWD)","Students with Disabilities",1733,37.2,1722,29.7,751,30.2
"Bridgeport School District","=""0150011""","Special Education Status (SWD)","Students without Disabilities",8280,54.6,8269,45.4,3360,43.8
"Bristol School District","=""0170011""","All Students","District",4033,66.4,4030,59.5,1719,57.1
"Bristol School District","=""0170011""","English Language Learners (EL)","English Learners",192,54.6,192,49.5,71,41.9
"Bristol School District","=""0170011""","English Language Learners (EL)","Not English Learners",3841,67.0,3838,60.0,1648,57.7
"Bristol School District","=""0170011""","Gender","Female",1954,69.3,1953,60.2,848,57.6
"Bristol School District","=""0170011""","Gender","Male",2079,63.7,2077,58.8,871,56.5
"Bristol School District","=""0170011""","High Needs (F/R, EL or SWD)","High Needs",2153,59.5,2150,52.6,875,50.3
"Bristol School District","=""0170011""","High Needs (F/R, EL or SWD)","Not High Needs",1880,74.4,1880,67.3,844,64.1
"Bristol School District","=""0170011""","Free/Reduced Price Meal Eligibility (2-level)","Eligible For Free Or Reduced Price Meals",1828,60.7,1827,53.6,737,51.9
"Bristol School District","=""0170011""","Free/Reduced Price Meal Eligibility (2-level)","Not Eligible For Free Or Reduced Price Meals",2205,71.2,2203,64.3,982,61.0
"Bristol School District","=""0170011""","Race/Ethnicity","American Indian or Alaska Native",6,"*",6,"*","*","*"
"Bristol School District","=""0170011""","Race/Ethnicity","Asian",134,72.3,134,67.8,62,63.5
"Bristol School District","=""0170011""","Race/Ethnicity","Black or African American",261,59.3,261,51.2,99,52.3
"Bristol School District","=""0170011""","Race/Ethnicity","Hispanic or Latino",914,59.6,913,51.8,384,49.5
"Bristol School District","=""0170011""","Race/Ethnicity","Native Hawaiian or Other Pacific Islander","N/A","N/A","N/A","N/A","N/A","N/A"
"Bristol School District","=""0170011""","Race/Ethnicity","Two or More Races",120,65.1,120,57.4,"*","*"
"Bristol School District","=""0170011""","Race/Ethnicity","White",2598,69.3,2596,62.6,1119,59.8
"Bristol School District","=""0170011""","Special Education Status (SWD)","Students with Disabilities",794,48.4,791,41.6,317,40.1
"Bristol School District","=""0170011""","Special Education Status (SWD)","Students without Disabilities",3239,70.8,3239,63.8,1402,60.9
"Brookfield School District","=""0180011""","All Students","District",1407,74.2,1401,69.4,599,66.7
"Brookfield School District","=""0180011""","English Language Learners (EL)","English Learners",39,60.0,39,59.9,14,"*"
"Brookfield School District","=""0180011""","English Language Learners (EL)","Not English Learners",1368,74.6,1362,69.7,585,67.1
"Brookfield School District","=""0180011""","Gender","Female",671,76.3,668,68.8,304,66.8
"Brookfield School District","=""0180011""","Gender","Male",736,72.3,733,70.0,295,66.5
"Brookfield School District","=""0180011""","High Needs (F/R, EL or SWD)","High Needs",301,59.6,299,55.6,133,54.1
"Brookfield School District","=""0180011""","High Needs (F/R, EL or SWD)","Not High Needs",1106,78.2,1102,73.1,466,70.3
"Brookfield School District","=""0180011""","Free/Reduced Price Meal Eligibility (2-level)","Eligible For Free Or Reduced Price Meals",105,65.2,105,61.6,59,59.4
"Brookfield School District","=""0180011""","Free/Reduced Price Meal Eligibility (2-level)","Not Eligible For Free Or Reduced Price Meals",1302,74.9,1296,70.0,540,67.5
"Brookfield School District","=""0180011""","Race/Ethnicity","American Indian or Alaska Native","*","*","*","*","*","*"
"Brookfield School District","=""0180011""","Race/Ethnicity","Asian",123,84.6,123,82.8,51,71.6
"Brookfield School District","=""0180011""","Race/Ethnicity","Black or African American",28,70.5,28,66.1,14,"*"
"Brookfield School District","=""0180011""","Race/Ethnicity","Hispanic or Latino",101,67.8,100,62.7,49,61.5
"Brookfield School District","=""0180011""","Race/Ethnicity","Native Hawaiian or Other Pacific Islander","*","*","*","*","*","*"
"Brookfield School District","=""0180011""","Race/Ethnicity","Two or More Races","N/A","N/A","N/A","N/A","N/A","N/A"
"Brookfield School District","=""0180011""","Race/Ethnicity","White",1149,73.7,1144,68.6,480,66.7
"Brookfield School District","=""0180011""","Special Education Status (SWD)","Students with Disabilities",198,55.2,196,50.6,78,48.8
"Brookfield School District","=""0180011""","Special Education Status (SWD)","Students without Disabilities",1209,77.3,1205,72.5,521,69.3
"Brooklyn School District","=""0190011""","All Students","District",504,75.1,503,62.8,206,64.1
"Brooklyn School District","=""0190011""","English Language Learners (EL)","English Learners","*","*","*","*","*","*"
"Brooklyn School District","=""0190011""","English Language Learners (EL)","Not English Learners","*","*","*","*","*","*"
"Brooklyn School District","=""0190011""","Gender","Female",260,77.9,259,63.1,108,65.9
"Brooklyn School District","=""0190011""","Gender","Male",244,72.2,244,62.5,98,62.1
"Brooklyn School District","=""0190011""","High Needs (F/R, EL or SWD)","High Needs",185,65.0,184,54.2,71,57.2
"Brooklyn School District","=""0190011""","High Needs (F/R, EL or SWD)","Not High Needs",319,81.0,319,67.8,135,67.7
"Brooklyn School District","=""0190011""","Free/Reduced Price Meal Eligibility (2-level)","Eligible For Free Or Reduced Price Meals",158,66.0,157,54.3,58,59.1
"Brooklyn School District","=""0190011""","Free/Reduced Price Meal Eligibility (2-level)","Not Eligible For Free Or Reduced Price Meals",346,79.3,346,66.7,148,66.0
"Brooklyn School District","=""0190011""","Race/Ethnicity","American Indian or Alaska Native","*","*","*","*","*","*"
"Brooklyn School District","=""0190011""","Race/Ethnicity","Asian","*","*","*","*","*","*"
"Brooklyn School District","=""0190011""","Race/Ethnicity","Black or African American",8,"*",8,"*","*","*"
"Brooklyn School District","=""0190011""","Race/Ethnicity","Hispanic or Latino",39,64.6,38,52.7,11,"*"
"Brooklyn School District","=""0190011""","Race/Ethnicity","Two or More Races",11,"*",11,"*","*","*"
"Brooklyn School District","=""0190011""","Race/Ethnicity","White",437,76.4,437,63.9,188,64.9
"Brooklyn School District","=""0190011""","Special Education Status (SWD)","Students with Disabilities",58,53.7,57,45.9,25,45.5
"Brooklyn School District","=""0190011""","Special Education Status (SWD)","Students without Disabilities",446,77.9,446,65.0,181,66.6
"Canaan School District","=""0210011""","All Students","District",47,73.6,46,62.5,19,"*"
"Canaan School District","=""0210011""","English Language Learners (EL)","English Learners","*","*","*","*","*","*"
"Canaan School District","=""0210011""","English Language Learners (EL)","Not English Learners","*","*","*","*","*","*"
"Canaan School District","=""0210011""","Gender","Female",27,76.7,26,65.4,11,"*"
"Canaan School District","=""0210011""","Gender","Male",20,69.4,20,58.7,8,"*"
"Canaan School District","=""0210011""","High Needs (F/R, EL or SWD)","High Needs",11,"*",11,"*",6,"*"
"Canaan School District","=""0210011""","High Needs (F/R, EL or SWD)","Not High Needs",36,79.6,35,66.9,13,"*"
"Canaan School District","=""0210011""","Free/Reduced Price Meal Eligibility (2-level)","Eligible For Free Or Reduced Price Meals","*","*","*","*","*","*"
"Canaan School District","=""0210011""","Free/Reduced Price Meal Eligibility (2-level)","Not Eligible For Free Or Reduced Price Meals","*","*","*","*","*","*"
"Canaan School District","=""0210011""","Race/Ethnicity","Hispanic or Latino","*","*","*","*","*","*"
"Canaan School District","=""0210011""","Race/Ethnicity","White","*","*","*","*","*","*"
"Canaan School District","=""0210011""","Special Education Status (SWD)","Students with Disabilities",6,"*",6,"*","*","*"
"Canaan School District","=""0210011""","Special Education Status (SWD)","Students without Disabilities",41,77.0,40,65.3,"*","*"
"Canterbury School District","=""0220011""","All Students","District",298,69.0,298,60.9,112,57.4
"Canterbury School District","=""0220011""","English Language Learners (EL)","English Learners","*","*","*","*","*","*"
"Canterbury School District","=""0220011""","English Language Learners (EL)","Not English Learners","*","*","*","*","*","*"
"Canterbury School District","=""0220011""","Gender","Female",130,74.2,130,63.7,49,58.8
"Canterbury School District","=""0220011""","Gender","Male",168,65.0,168,58.8,63,56.3
"Canterbury School District","=""0220011""","High Needs (F/R, EL or SWD)","High Needs",109,63.9,109,54.9,46,53.7
"Canterbury School District","=""0220011""","High Needs (F/R, EL or SWD)","Not High Needs",189,71.9,189,64.4,66,60.0
"Canterbury School District","=""0220011""","Free/Reduced Price Meal Eligibility (2-level)","Eligible For Free Or Reduced Price Meals",84,65.6,84,56.5,36,57.1
"Canterbury School District","=""0220011""","Free/Reduced Price Meal Eligibility (2-level)","Not Eligible For Free Or Reduced Price Meals",214,70.3,214,62.7,76,57.6
"Canterbury School District","=""0220011""","Race/Ethnicity","Black or African American","*","*","*","*","*","*"
"Canterbury School District","=""0220011""","Race/Ethnicity","Hispanic or Latino","*","*","*","*","*","*"
"Canterbury School District","=""0220011""","Race/Ethnicity","Two or More Races",13,"*",13,"*",6,"*"
"Canterbury School District","=""0220011""","Race/Ethnicity","White",268,69.4,268,61.2,99,58.5
"Canterbury School District","=""0220011""","Special Education Status (SWD)","Students with Disabilities",39,55.2,39,47.2,14,"*"
"Canterbury School District","=""0220011""","Special Education Status (SWD)","Students without Disabilities",259,71.1,259,63.0,98,59.7
"Canton School District","=""0230011""","All Students","District",902,76.6,902,70.7,399,67.7
"Canton School District","=""0230011""","English Language Learners (EL)","English Learners","*","*","*","*","*","*"
"Canton School District","=""0230011""","English Language Learners (EL)","Not English Learners","*","*","*","*","*","*"
"Canton School District","=""0230011""","Gender","Female",453,78.4,453,70.2,200,67.4
"Canton School District","=""0230011""","Gender","Male",449,74.8,449,71.3,199,68.0
"Canton School District","=""0230011""","High Needs (F/R, EL or SWD)","High Needs",201,60.4,201,52.8,92,54.3
"Canton School District","=""0230011""","High Needs (F/R, EL or SWD)","Not High Needs",701,81.3,701,75.9,307,71.7
"Canton School District","=""0230011""","Free/Reduced Price Meal Eligibility (2-level)","Eligible For Free Or Reduced Price Meals",116,65.6,116,58.7,46,57.1
"Canton School District","=""0230011""","Free/Reduced Price Meal Eligibility (2-level)","Not Eligible For Free Or Reduced Price Meals",786,78.3,786,72.5,353,69.1
"Canton School District","=""0230011""","Race/Ethnicity","American Indian or Alaska Native","*","*","*","*","N/A","N/A"
"Canton School District","=""0230011""","Race/Ethnicity","Asian",28,81.7,28,77.4,13,"*"
"Canton School District","=""0230011""","Race/Ethnicity","Black or African American",44,60.1,44,50.1,16,"*"
"Canton School District","=""0230011""","Race/Ethnicity","Hispanic or Latino",62,70.5,62,65.6,29,64.2
"Canton School District","=""0230011""","Race/Ethnicity","Two or More Races","*","*","*","*",10,"*"
"Canton School District","=""0230011""","Race/Ethnicity","White",756,78.0,756,72.2,331,68.4
"Canton School District","=""0230011""","Special Education Status (SWD)","Students with Disabilities",111,51.3,111,42.2,54,51.8
"Canton School District","=""0230011""","Special Education Status (SWD)","Students without Disabilities",791,80.2,791,74.7,345,70.2
"Chaplin School District","=""0240011""","All Students","District",77,71.0,76,56.5,22,56.3
"Chaplin School District","=""0240011""","English Language Learners (EL)","Not English Learners",77,71.0,76,56.5,22,56.3
"Chaplin School District","=""0240011""","Gender","Female",37,77.4,37,60.2,13,"*"
"Chaplin School District","=""0240011""","Gender","Male",40,65.1,39,53.0,9,"*"
"Chaplin School District","=""0240011""","High Needs (F/R, EL or SWD)","High Needs",46,65.6,45,52.9,16,"*"
"Chaplin School District","=""0240011""","High Needs (F/R, EL or SWD)","Not High Needs",31,79.0,31,61.7,6,"*"
"Chaplin School District","=""0240011""","Free/Reduced Price Meal Eligibility (2-level)","Eligible For Free Or Reduced Price Meals",40,66.3,39,54.3,15,"*"
"Chaplin School District","=""0240011""","Free/Reduced Price Meal Eligibility (2-level)","Not Eligible For Free Or Reduced Price Meals",37,76.0,37,58.8,7,"*"
"Chaplin School District","=""0240011""","Race/Ethnicity","Black or African American","*","*","*","*","N/A","N/A"
"Chaplin School District","=""0240011""","Race/Ethnicity","Hispanic or Latino","*","*","*","*","*","*"
"Chaplin School District","=""0240011""","Race/Ethnicity","Two or More Races","*","*","*","*","*","*"
"Chaplin School District","=""0240011""","Race/Ethnicity","White",69,72.3,68,58.0,18,"*"
"Chaplin School District","=""0240011""","Special Education Status (SWD)","Students with Disabilities",16,"*",15,"*","*","*"
"Chaplin School District","=""0240011""","Special Education Status (SWD)","Students without Disabilities",61,75.7,61,60.1,"*","*"
"Cheshire School District","=""0250011""","All Students","District",2412,78.0,2410,71.4,1039,66.6
"Cheshire School District","=""0250011""","English Language Learners (EL)","English Learners",25,58.9,25,54.8,7,"*"
"Cheshire School District","=""0250011""","English Language Learners (EL)","Not English Learners",2387,78.2,2385,71.6,1032,66.7
"Cheshire School District","=""0250011""","Gender","Female",1223,80.3,1221,71.4,527,65.8
"Cheshire School District","=""0250011""","Gender","Male",1189,75.7,1189,71.4,512,67.4
"Cheshire School District","=""0250011""","High Needs (F/R, EL or SWD)","High Needs",469,61.6,468,55.9,185,55.7
"Cheshire School District","=""0250011""","High Needs (F/R, EL or SWD)","Not High Needs",1943,82.0,1942,75.1,854,69.0
"Cheshire School District","=""0250011""","Free/Reduced Price Meal Eligibility (2-level)","Eligible For Free Or Reduced Price Meals",218,65.3,217,59.3,91,57.4
"Cheshire School District","=""0250011""","Free/Reduced Price Meal Eligibility (2-level)","Not Eligible For Free Or Reduced Price Meals",2194,79.3,2193,72.6,948,67.5
"Cheshire School District","=""0250011""","Race/Ethnicity","American Indian or Alaska Native",8,"*",8,"*","N/A","N/A"
"Cheshire School District","=""0250011""","Race/Ethnicity","Asian",248,85.0,248,83.0,110,74.9
"Cheshire School District","=""0250011""","Race/Ethnicity","Black or African American",75,70.2,75,61.1,32,55.7
"Cheshire School District","=""0250011""","Race/Ethnicity","Hispanic or Latino",106,73.7,106,64.7,52,58.9
"Cheshire School District","=""0250011""","Race/Ethnicity","Two or More Races",22,82.8,22,75.8,6,"*"
"Cheshire School District","=""0250011""","Race/Ethnicity","White",1953,77.7,1951,70.7,839,66.3
"Cheshire School District","=""0250011""","Special Education Status (SWD)","Students with Disabilities",297,56.7,297,51.0,119,52.5
"Cheshire School District","=""0250011""","Special Education Status (SWD)","Students without Disabilities",2115,81.0,2113,74.3,920,68.5
"Chester School District","=""0260011""","All Students","District",130,81.9,130,75.5,35,67.0
"Chester School District","=""0260011""","English Language Learners (EL)","Not English Learners",130,81.9,130,75.5,35,67.0
"Chester School District","=""0260011""","Gender","Female",77,81.7,77,73.6,17,"*"
"Chester School District","=""0260011""","Gender","Male",53,82.1,53,78.2,18,"*"
"Chester School District","=""0260011""","High Needs (F/R, EL or SWD)","High Needs",33,72.7,33,67.7,8,"*"
"Chester School District","=""0260011""","High Needs (F/R, EL or SWD)","Not High Needs",97,85.0,97,78.2,27,69.4
"Chester School District","=""0260011""","Free/Reduced Price Meal Eligibility (2-level)","Eligible For Free Or Reduced Price Meals",11,"*",11,"*","*","*"
"Chester School District","=""0260011""","Free/Reduced Price Meal Eligibility (2-level)","Not Eligible For Free Or Reduced Price Meals",119,83.3,119,76.7,"*","*"
"Chester School District","=""0260011""","Race/Ethnicity","Asian","*","*","*","*","*","*"
"Chester School District","=""0260011""","Race/Ethnicity","Hispanic or Latino","*","*","*","*","*","*"
"Chester School District","=""0260011""","Race/Ethnicity","Two or More Races",7,"*",7,"*","*","*"
"Chester School District","=""0260011""","Race/Ethnicity","White",117,81.8,117,75.6,31,66.3
"Chester School District","=""0260011""","Special Education Status (SWD)","Students with Disabilities",24,74.2,24,68.6,7,"*"
"Chester School District","=""0260011""","Special Education Status (SWD)","Students without Disabilities",106,83.6,106,77.1,28,68.7
"Clinton School District","=""0270011""","All Students","District",995,73.8,995,66.0,454,62.9
"Clinton School District","=""0270011""","English Language Learners (EL)","English Learners",33,57.7,33,53.0,11,"*"
"Clinton School District","=""0270011""","English Language Learners (EL)","Not English Learners",962,74.4,962,66.5,443,63.6
"Clinton School District","=""0270011""","Gender","Female",496,75.8,496,65.6,236,62.5
"Clinton School District","=""0270011""","Gender","Male",499,71.8,499,66.5,218,63.4
"Clinton School District","=""0270011""","High Needs (F/R, EL or SWD)","High Needs",307,61.8,307,55.2,116,51.2
"Clinton School District","=""0270011""","High Needs (F/R, EL or SWD)","Not High Needs",688,79.2,688,70.9,338,66.9
"Clinton School District","=""0270011""","Free/Reduced Price Meal Eligibility (2-level)","Eligible For Free Or Reduced Price Meals",211,63.8,211,57.4,75,52.3
"Clinton School District","=""0270011""","Free/Reduced Price Meal Eligibility (2-level)","Not Eligible For Free Or Reduced Price Meals",784,76.5,784,68.4,379,65.0
"Clinton School District","=""0270011""","Race/Ethnicity","American Indian or Alaska Native","*","*","*","*","N/A","N/A"
"Clinton School District","=""0270011""","Race/Ethnicity","Asian",27,74.9,27,68.6,14,"*"
"Clinton School District","=""0270011""","Race/Ethnicity","Black or African American",8,"*",8,"*","*","*"
"Clinton School District","=""0270011""","Race/Ethnicity","Hispanic or Latino",105,66.3,105,57.7,48,51.9
"Clinton School District","=""0270011""","Race/Ethnicity","Native Hawaiian or Other Pacific Islander","*","*","*","*","*","*"
"Clinton School District","=""0270011""","Race/Ethnicity","Two or More Races",16,"*",16,"*",11,"*"
"Clinton School District","=""0270011""","Race/Ethnicity","White",835,74.8,835,67.2,379,64.3
"Clinton School District","=""0270011""","Special Education Status (SWD)","Students with Disabilities",140,54.1,140,46.3,54,48.6
"Clinton School District","=""0270011""","Special Education Status (SWD)","Students without Disabilities",855,77.0,855,69.3,400,64.9
"Colchester School District","=""0280011""","All Students","District",1310,75.2,1308,67.2,606,65.1
"Colchester School District","=""0280011""","English Language Learners (EL)","English Learners",14,"*",14,"*","*","*"
"Colchester School District","=""0280011""","English Language Learners (EL)","Not English Learners",1296,75.3,1294,67.2,"*","*"
"Colchester School District","=""0280011""","Gender","Female",654,77.1,654,66.5,307,65.1
"Colchester School District","=""0280011""","Gender","Male",656,73.3,654,67.8,299,65.0
"Colchester School District","=""0280011""","High Needs (F/R, EL or SWD)","High Needs",393,63.4,391,55.8,179,55.2
"Colchester School District","=""0280011""","High Needs (F/R, EL or SWD)","Not High Needs",917,80.2,917,72.0,427,69.2
"Colchester School District","=""0280011""","Free/Reduced Price Meal Eligibility (2-level)","Eligible For Free Or Reduced Price Meals",253,65.6,252,58.3,114,56.9
"Colchester School District","=""0280011""","Free/Reduced Price Meal Eligibility (2-level)","Not Eligible For Free Or Reduced Price Meals",1057,77.5,1056,69.3,492,67.0
"Colchester School District","=""0280011""","Race/Ethnicity","American Indian or Alaska Native","*","*","*","*","*","*"
"Colchester School District","=""0280011""","Race/Ethnicity","Asian",32,74.8,32,68.6,16,"*"
"Colchester School District","=""0280011""","Race/Ethnicity","Black or African American",29,66.3,29,61.5,17,"*"
"Colchester School District","=""0280011""","Race/Ethnicity","Hispanic or Latino",60,67.3,60,59.3,26,56.1
"Colchester School District","=""0280011""","Race/Ethnicity","Native Hawaiian or Other Pacific Islander","*","*","*","*","N/A","N/A"
"Colchester School District","=""0280011""","Race/Ethnicity","Two or More Races",28,82.5,28,73.6,"*","*"
"Colchester School District","=""0280011""","Race/Ethnicity","White",1152,75.8,1150,67.7,536,66.0
"Colchester School District","=""0280011""","Special Education Status (SWD)","Students with Disabilities",199,56.9,198,49.6,93,50.3
"Colchester School District","=""0280011""","Special Education Status (SWD)","Students without Disabilities",1111,78.4,1110,70.3,513,67.7
"Colebrook School District","=""0290011""","All Students","District",46,79.7,46,68.2,10,"*"
"Colebrook School District","=""0290011""","English Language Learners (EL)","Not English Learners",46,79.7,46,68.2,10,"*"
"Colebrook School District","=""0290011""","Gender","Female",26,84.0,26,73.4,"*","*"
"Colebrook School District","=""0290011""","Gender","Male",20,74.2,20,61.5,"*","*"
"Colebrook School District","=""0290011""","High Needs (F/R, EL or SWD)","High Needs",17,"*",17,"*","*","*"
"Colebrook School District","=""0290011""","High Needs (F/R, EL or SWD)","Not High Needs",29,84.8,29,75.5,"*","*"
"Colebrook School District","=""0290011""","Free/Reduced Price Meal Eligibility (2-level)","Eligible For Free Or Reduced Price Meals",6,"*",6,"*","*","*"
"Colebrook School District","=""0290011""","Free/Reduced Price Meal Eligibility (2-level)","Not Eligible For Free Or Reduced Price Meals",40,79.8,40,69.2,"*","*"
"Colebrook School District","=""0290011""","Race/Ethnicity","Hispanic or Latino","*","*","*","*","N/A","N/A"
"Colebrook School District","=""0290011""","Race/Ethnicity","Two or More Races","*","*","*","*","*","*"
"Colebrook School District","=""0290011""","Race/Ethnicity","White",39,80.5,39,71.2,"*","*"
"Colebrook School District","=""0290011""","Special Education Status (SWD)","Students with Disabilities",13,"*",13,"*","*","*"
"Colebrook School District","=""0290011""","Special Education Status (SWD)","Students without Disabilities",33,85.5,33,74.3,"*","*"
"Columbia School District","=""0300011""","All Students","District",275,74.1,275,65.1,118,60.4
"Columbia School District","=""0300011""","English Language Learners (EL)","Not English Learners",275,74.1,275,65.1,118,60.4
"Columbia School District","=""0300011""","Gender","Female",142,78.2,142,65.4,60,59.0
"Columbia School District","=""0300011""","Gender","Male",133,69.8,133,64.8,58,61.7
"Columbia School District","=""0300011""","High Needs (F/R, EL or SWD)","High Needs",81,63.2,81,52.5,32,50.5
"Columbia School District","=""0300011""","High Needs (F/R, EL or SWD)","Not High Needs",194,78.7,194,70.4,86,64.0
"Columbia School District","=""0300011""","Free/Reduced Price Meal Eligibility (2-level)","Eligible For Free Or Reduced Price Meals",48,68.2,48,57.2,16,"*"
"Columbia School District","=""0300011""","Free/Reduced Price Meal Eligibility (2-level)","Not Eligible For Free Or Reduced Price Meals",227,75.4,227,66.8,102,61.8
"Columbia School District","=""0300011""","Race/Ethnicity","Asian","*","*","*","*","N/A","N/A"
"Columbia School District","=""0300011""","Race/Ethnicity","Black or African American","*","*","*","*","*","*"
"Columbia School District","=""0300011""","Race/Ethnicity","Hispanic or Latino",15,"*",15,"*",6,"*"
"Columbia School District","=""0300011""","Race/Ethnicity","Two or More Races","*","*","*","*","*","*"
"Columbia School District","=""0300011""","Race/Ethnicity","White",250,74.9,250,65.9,107,61.3
"Columbia School District","=""0300011""","Special Education Status (SWD)","Students with Disabilities",43,53.8,43,43.7,20,47.9
"Columbia School District","=""0300011""","Special Education Status (SWD)","Students without Disabilities",232,77.9,232,69.1,98,62.9
"Cornwall School District","=""0310011""","All Students","District",61,75.7,61,68.8,30,69.2
"Cornwall School District","=""0310011""","English Language Learners (EL)","English Learners","*","*","*","*","N/A","N/A"
"Cornwall School District","=""0310011""","English Language Learners (EL)","Not English Learners","*","*","*","*",30,69.2
"Cornwall School District","=""0310011""","Gender","Female",21,78.1,21,66.8,10,"*"
"Cornwall School District","=""0310011""","Gender","Male",40,74.4,40,69.8,20,66.2
"Cornwall School District","=""0310011""","High Needs (F/R, EL or SWD)","High Needs",19,"*",19,"*","*","*"
"Cornwall School District","=""0310011""","High Needs (F/R, EL or SWD)","Not High Needs",42,78.2,42,72.1,"*","*"
"Cornwall School District","=""0310011""","Free/Reduced Price Meal Eligibility (2-level)","Eligible For Free Or Reduced Price Meals",13,"*",13,"*","*","*"
"Cornwall School District","=""0310011""","Free/Reduced Price Meal Eligibility (2-level)","Not Eligible For Free Or Reduced Price Meals",48,78.6,48,72.8,"*","*"
"Cornwall School District","=""0310011""","Race/Ethnicity","Asian","*","*","*","*","N/A","N/A"
"Cornwall School District","=""0310011""","Race/Ethnicity","Black or African American","*","*","*","*","*","*"
"Cornwall School District","=""0310011""","Race/Ethnicity","Hispanic or Latino",6,"*",6,"*","*","*"
"Cornwall School District","=""0310011""","Race/Ethnicity","Two or More Races","*","*","*","*","*","*"
"Cornwall School District","=""0310011""","Race/Ethnicity","White",48,76.1,48,70.1,25,70.8
"Cornwall School District","=""0310011""","Special Education Status (SWD)","Students with Disabilities",12,"*",12,"*","*","*"
"Cornwall School District","=""0310011""","Special Education Status (SWD)","Students without Disabilities",49,76.4,49,70.4,"*","*"
"Coventry School District","=""0320011""","All Students","District",868,74.5,868,66.9,363,65.7
"Coventry School District","=""0320011""","English Language Learners (EL)","English Learners","*","*","*","*","N/A","N/A"
"Coventry School District","=""0320011""","English Language Learners (EL)","Not English Learners","*","*","*","*",363,65.7
"Coventry School District","=""0320011""","Gender","Female",457,76.8,457,67.2,180,66.6
"Coventry School District","=""0320011""","Gender","Male",411,71.9,411,66.6,183,64.9
"Coventry School District","=""0320011""","High Needs (F/R, EL or SWD)","High Needs",237,64.9,237,57.0,96,55.3
"Coventry School District","=""0320011""","High Needs (F/R, EL or SWD)","Not High Needs",631,78.0,631,70.6,267,69.5
"Coventry School District","=""0320011""","Free/Reduced Price Meal Eligibility (2-level)","Eligible For Free Or Reduced Price Meals",167,68.1,167,60.6,54,61.3
"Coventry School District","=""0320011""","Free/Reduced Price Meal Eligibility (2-level)","Not Eligible For Free Or Reduced Price Meals",701,76.0,701,68.4,309,66.5
"Coventry School District","=""0320011""","Race/Ethnicity","American Indian or Alaska Native","*","*","*","*","*","*"
"Coventry School District","=""0320011""","Race/Ethnicity","Asian","*","*","*","*","*","*"
"Coventry School District","=""0320011""","Race/Ethnicity","Black or African American",12,"*",12,"*","*","*"
"Coventry School District","=""0320011""","Race/Ethnicity","Hispanic or Latino",47,70.0,47,62.0,19,"*"
"Coventry School District","=""0320011""","Race/Ethnicity","Two or More Races",29,73.8,29,65.1,15,"*"
"Coventry School District","=""0320011""","Race/Ethnicity","White",771,74.7,771,67.3,324,66.1
"Coventry School District","=""0320011""","Special Education Status (SWD)","Students with Disabilities",116,56.7,116,47.7,57,49.0
"Coventry School District","=""0320011""","Special Education Status (SWD)","Students without Disabilities",752,77.2,752,69.9,306,68.8
"Cromwell School District","=""0330011""","All Students","District",1061,71.3,1061,63.2,467,60.1
"Cromwell School District","=""0330011""","English Language Learners (EL)","English Learners",35,62.7,35,55.1,10,"*"
"Cromwell School District","=""0330011""","English Language Learners (EL)","Not English Learners",1026,71.6,1026,63.5,457,60.4
"Cromwell School District","=""0330011""","Gender","Female",507,74.5,507,63.3,235,60.8
"Cromwell School District","=""0330011""","Gender","Male",554,68.5,554,63.1,232,59.4
"Cromwell School District","=""0330011""","High Needs (F/R, EL or SWD)","High Needs",326,59.2,326,51.4,131,50.1
"Cromwell School District","=""0330011""","High Needs (F/R, EL or SWD)","Not High Needs",735,76.7,735,68.4,336,64.0
"Cromwell School District","=""0330011""","Free/Reduced Price Meal Eligibility (2-level)","Eligible For Free Or Reduced Price Meals",220,62.0,220,53.1,83,51.8
"Cromwell School District","=""0330011""","Free/Reduced Price Meal Eligibility (2-level)","Not Eligible For Free Or Reduced Price Meals",841,73.8,841,65.9,384,61.9
"Cromwell School District","=""0330011""","Race/Ethnicity","American Indian or Alaska Native","*","*","*","*","N/A","N/A"
"Cromwell School District","=""0330011""","Race/Ethnicity","Asian",81,75.5,81,69.9,37,58.7
"Cromwell School District","=""0330011""","Race/Ethnicity","Black or African American",88,63.3,88,54.6,44,52.0
"Cromwell School District","=""0330011""","Race/Ethnicity","Hispanic or Latino",84,61.9,84,54.9,29,53.1
"Cromwell School District","=""0330011""","Race/Ethnicity","Native Hawaiian or Other Pacific Islander","*","*","*","*","N/A","N/A"
"Cromwell School District","=""0330011""","Race/Ethnicity","Two or More Races",15,"*",15,"*",7,"*"
"Cromwell School District","=""0330011""","Race/Ethnicity","White",791,73.0,791,64.6,350,62.1
"Cromwell School District","=""0330011""","Special Education Status (SWD)","Students with Disabilities",130,49.7,130,43.5,60,44.7
"Cromwell School District","=""0330011""","Special Education Status (SWD)","Students without Disabilities",931,74.4,931,66.0,407,62.4
"Danbury School District","=""0340011""","All Students","District",5420,64.6,5404,57.9,2275,50.7
"Danbury School District","=""0340011""","English Language Learners (EL)","English Learners",1327,56.6,1325,50.6,424,38.0
"Danbury School District","=""0340011""","English Language Learners (EL)","Not English Learners",4093,67.2,4079,60.3,1851,53.6
"Danbury School District","=""0340011""","Gender","Female",2683,66.7,2676,57.6,1134,51.1
"Danbury School District","=""0340011""","Gender","Male",2737,62.6,2728,58.2,1141,50.3
"Danbury School District","=""0340011""","High Needs (F/R, EL or SWD)","High Needs",3515,60.0,3502,53.6,1402,45.7
"Danbury School District","=""0340011""","High Needs (F/R, EL or SWD)","Not High Needs",1905,73.2,1902,65.9,873,58.8
"Danbury School District","=""0340011""","Free/Reduced Price Meal Eligibility (2-level)","Eligible For Free Or Reduced Price Meals",3042,61.0,3030,54.4,1208,46.4
"Danbury School District","=""0340011""","Free/Reduced Price Meal Eligibility (2-level)","Not Eligible For Free Or Reduced Price Meals",2378,69.3,2374,62.5,1067,55.6
"Danbury School District","=""0340011""","Race/Ethnicity","American Indian or Alaska Native","*","*","*","*","*","*"
"Danbury School District","=""0340011""","Race/Ethnicity","Asian",381,72.0,380,68.7,150,54.6
"Danbury School District","=""0340011""","Race/Ethnicity","Black or African American",396,58.7,392,50.6,175,46.3
"Danbury School District","=""0340011""","Race/Ethnicity","Hispanic or Latino",2458,60.5,2453,53.8,1007,45.9
"Danbury School District","=""0340011""","Race/Ethnicity","Native Hawaiian or Other Pacific Islander","*","*","*","*","*","*"
"Danbury School District","=""0340011""","Race/Ethnicity","Two or More Races",147,67.7,145,63.5,48,55.2
"Danbury School District","=""0340011""","Race/Ethnicity","White",2029,69.1,2025,61.9,890,56.1
"Danbury School District","=""0340011""","Special Education Status (SWD)","Students with Disabilities",762,46.6,757,41.3,329,36.5
"Danbury School District","=""0340011""","Special Education Status (SWD)","Students without Disabilities",4658,67.6,4647,60.6,1946,53.1
"Darien School District","=""0350011""","All Students","District",2565,84.3,2563,81.0,1064,70.1
"Darien School District","=""0350011""","English Language Learners (EL)","English Learners",12,"*",12,"*","*","*"
"Darien School District","=""0350011""","English Language Learners (EL)","Not English Learners",2553,84.4,2551,81.1,"*","*"
"Darien School District","=""0350011""","Gender","Female",1260,86.3,1259,80.1,517,70.5
"Darien School District","=""0350011""","Gender","Male",1305,82.3,1304,81.9,547,69.7
"Darien School District","=""0350011""","High Needs (F/R, EL or SWD)","High Needs",421,69.2,419,64.6,179,56.3
"Darien School District","=""0350011""","High Needs (F/R, EL or SWD)","Not High Needs",2144,87.2,2144,84.2,885,72.9
"Darien School District","=""0350011""","Free/Reduced Price Meal Eligibility (2-level)","Eligible For Free Or Reduced Price Meals",63,68.5,63,64.4,23,60.9
"Darien School District","=""0350011""","Free/Reduced Price Meal Eligibility (2-level)","Not Eligible For Free Or Reduced Price Meals",2502,84.7,2500,81.4,1041,70.3
"Darien School District","=""0350011""","Race/Ethnicity","American Indian or Alaska Native","*","*","*","*","*","*"
"Darien School District","=""0350011""","Race/Ethnicity","Asian",111,93.0,111,94.0,46,74.8
"Darien School District","=""0350011""","Race/Ethnicity","Black or African American","*","*","*","*","*","*"
"Darien School District","=""0350011""","Race/Ethnicity","Hispanic or Latino",111,77.5,111,72.4,45,65.9
"Darien School District","=""0350011""","Race/Ethnicity","Two or More Races",33,88.5,33,82.4,12,"*"
"Darien School District","=""0350011""","Race/Ethnicity","White",2289,84.3,2287,80.9,955,70.1
"Darien School District","=""0350011""","Special Education Status (SWD)","Students with Disabilities",373,68.7,371,63.4,159,55.6
"Darien School District","=""0350011""","Special Education Status (SWD)","Students without Disabilities",2192,86.9,2192,84.0,905,72.6
"Deep River School District","=""0360011""","All Students","District",197,75.0,197,69.8,45,66.2
"Deep River School District","=""0360011""","English Language Learners (EL)","English Learners",9,"*",9,"*","*","*"
"Deep River School District","=""0360011""","English Language Learners (EL)","Not English Learners",188,75.5,188,70.4,"*","*"
"Deep River School District","=""0360011""","Gender","Female",98,80.1,98,72.3,23,71.2
"Deep River School District","=""0360011""","Gender","Male",99,70.0,99,67.2,22,61.0
"Deep River School District","=""0360011""","High Needs (F/R, EL or SWD)","High Needs",69,65.1,69,59.3,14,"*"
"Deep River School District","=""0360011""","High Needs (F/R, EL or SWD)","Not High Needs",128,80.4,128,75.4,31,69.3
"Deep River School District","=""0360011""","Free/Reduced Price Meal Eligibility (2-level)","Eligible For Free Or Reduced Price Meals",38,70.6,38,64.8,6,"*"
"Deep River School District","=""0360011""","Free/Reduced Price Meal Eligibility (2-level)","Not Eligible For Free Or Reduced Price Meals",159,76.1,159,71.0,39,66.2
"Deep River School District","=""0360011""","Race/Ethnicity","Black or African American","*","*","*","*","*","*"
"Deep River School District","=""0360011""","Race/Ethnicity","Hispanic or Latino",14,"*",14,"*","*","*"
"Deep River School District","=""0360011""","Race/Ethnicity","Two or More Races","*","*","*","*","*","*"
"Deep River School District","=""0360011""","Race/Ethnicity","White",175,76.0,175,70.8,40,66.8
"Deep River School District","=""0360011""","Special Education Status (SWD)","Students with Disabilities",36,58.3,36,52.2,9,"*"
"Deep River School District","=""0360011""","Special Education Status (SWD)","Students without Disabilities",161,78.8,161,73.7,36,69.1
"Derby School District","=""0370011""","All Students","District",740,59.0,736,51.1,279,50.2
"Derby School District","=""0370011""","English Language Learners (EL)","English Learners",42,46.0,42,40.3,13,"*"
"Derby School District","=""0370011""","English Language Learners (EL)","Not English Learners",698,59.8,694,51.8,266,50.4
"Derby School District","=""0370011""","Gender","Female",363,63.0,361,53.0,128,49.4
"Derby School District","=""0370011""","Gender","Male",377,55.2,375,49.3,151,51.0
"Derby School District","=""0370011""","High Needs (F/R, EL or SWD)","High Needs",485,54.5,482,46.8,175,47.0
"Derby School District","=""0370011""","High Needs (F/R, EL or SWD)","Not High Needs",255,67.5,254,59.4,104,55.7
"Derby School District","=""0370011""","Free/Reduced Price Meal Eligibility (2-level)","Eligible For Free Or Reduced Price Meals",424,55.9,421,47.9,158,49.0
"Derby School District","=""0370011""","Free/Reduced Price Meal Eligibility (2-level)","Not Eligible For Free Or Reduced Price Meals",316,63.2,315,55.4,121,51.9
"Derby School District","=""0370011""","Race/Ethnicity","Asian","*","*","*","*","*","*"
"Derby School District","=""0370011""","Race/Ethnicity","Black or African American",106,51.2,105,43.8,39,40.4
"Derby School District","=""0370011""","Race/Ethnicity","Hispanic or Latino",209,54.8,209,47.4,73,48.7
"Derby School District","=""0370011""","Race/Ethnicity","Native Hawaiian or Other Pacific Islander","*","*","*","*","*","*"
"Derby School District","=""0370011""","Race/Ethnicity","Two or More Races",27,62.5,27,50.7,10,"*"
"Derby School District","=""0370011""","Race/Ethnicity","White",374,62.7,371,54.6,147,52.9
"Derby School District","=""0370011""","Special Education Status (SWD)","Students with Disabilities",126,44.0,125,37.4,43,32.5
"Derby School District","=""0370011""","Special Education Status (SWD)","Students without Disabilities",614,62.1,611,53.9,236,53.5
"Eastford School District","=""0390011""","All Students","District",84,74.7,84,66.9,34,59.4
"Eastford School District","=""0390011""","English Language Learners (EL)","Not English Learners",84,74.7,84,66.9,34,59.4
"Eastford School District","=""0390011""","Gender","Female",43,73.1,43,64.4,19,"*"
"Eastford School District","=""0390011""","Gender","Male",41,76.4,41,69.5,15,"*"
"Eastford School District","=""0390011""","High Needs (F/R, EL or SWD)","High Needs",33,66.5,33,58.0,14,"*"
"Eastford School District","=""0390011""","High Needs (F/R, EL or SWD)","Not High Needs",51,80.0,51,72.7,20,64.8
"Eastford School District","=""0390011""","Free/Reduced Price Meal Eligibility (2-level)","Eligible For Free Or Reduced Price Meals",14,"*",14,"*","*","*"
"Eastford School District","=""0390011""","Free/Reduced Price Meal Eligibility (2-level)","Not Eligible For Free Or Reduced Price Meals",70,74.7,70,66.6,"*","*"
"Eastford School District","=""0390011""","Race/Ethnicity","American Indian or Alaska Native","*","*","*","*","N/A","N/A"
"Eastford School District","=""0390011""","Race/Ethnicity","Asian","*","*","*","*","*","*"
"Eastford School District","=""0390011""","Race/Ethnicity","Black or African American","*","*","*","*","N/A","N/A"
"Eastford School District","=""0390011""","Race/Ethnicity","Hispanic or Latino","N/A","N/A","N/A","N/A","N/A","N/A"
"Eastford School District","=""0390011""","Race/Ethnicity","Two or More Races","*","*","*","*","*","*"
"Eastford School District","=""0390011""","Race/Ethnicity","White",78,74.7,78,67.6,32,59.0
"Eastford School District","=""0390011""","Special Education Status (SWD)","Students with Disabilities",23,60.5,23,49.6,11,"*"
"Eastford School District","=""0390011""","Special Education Status (SWD)","Students without Disabilities",61,80.1,61,73.4,23,65.7
"East Granby School District","=""0400011""","All Students","District",454,73.8,454,70.5,189,66.7
"East Granby School District","=""0400011""","English Language Learners (EL)","English Learners","*","*","*","*","N/A","N/A"
"East Granby School District","=""0400011""","English Language Learners (EL)","Not English Learners","*","*","*","*",189,66.7
"East Granby School District","=""0400011""","Gender","Female",224,76.8,224,71.3,104,68.6
"East Granby School District","=""0400011""","Gender","Male",230,70.8,230,69.7,85,64.3
"East Granby School District","=""0400011""","High Needs (F/R, EL or SWD)","High Needs",123,58.3,123,54.2,36,53.6
"East Granby School District","=""0400011""","High Needs (F/R, EL or SWD)","Not High Needs",331,79.5,331,76.5,153,69.7
"East Granby School District","=""0400011""","Free/Reduced Price Meal Eligibility (2-level)","Eligible For Free Or Reduced Price Meals",68,59.3,68,53.4,25,53.4
"East Granby School District","=""0400011""","Free/Reduced Price Meal Eligibility (2-level)","Not Eligible For Free Or Reduced Price Meals",386,76.3,386,73.5,164,68.7
"East Granby School District","=""0400011""","Race/Ethnicity","American Indian or Alaska Native","*","*","*","*","*","*"
"East Granby School District","=""0400011""","Race/Ethnicity","Asian",29,77.7,29,80.6,7,"*"
"East Granby School District","=""0400011""","Race/Ethnicity","Black or African American",37,59.6,37,51.8,16,"*"
"East Granby School District","=""0400011""","Race/Ethnicity","Hispanic or Latino",28,64.3,28,56.2,12,"*"
"East Granby School District","=""0400011""","Race/Ethnicity","Two or More Races","*","*","*","*","*","*"
"East Granby School District","=""0400011""","Race/Ethnicity","White",348,75.9,348,72.9,148,69.2
"East Granby School District","=""0400011""","Special Education Status (SWD)","Students with Disabilities",73,54.2,73,51.0,18,"*"
"East Granby School District","=""0400011""","Special Education Status (SWD)","Students without Disabilities",381,77.5,381,74.2,171,68.2
"East Haddam School District","=""0410011""","All Students","District",549,72.6,547,62.6,249,61.9
"East Haddam School District","=""0410011""","English Language Learners (EL)","English Learners","*","*","*","*","*","*"
"East Haddam School District","=""0410011""","English Language Learners (EL)","Not English Learners","*","*","*","*","*","*"
"East Haddam School District","=""0410011""","Gender","Female",269,74.7,268,61.4,122,60.8
"East Haddam School District","=""0410011""","Gender","Male",280,70.5,279,63.9,127,62.9
"East Haddam School District","=""0410011""","High Needs (F/R, EL or SWD)","High Needs",145,60.7,143,50.1,59,53.7
"East Haddam School District","=""0410011""","High Needs (F/R, EL or SWD)","Not High Needs",404,76.8,404,67.1,190,64.4
"East Haddam School District","=""0410011""","Free/Reduced Price Meal Eligibility (2-level)","Eligible For Free Or Reduced Price Meals",73,66.8,73,55.4,30,55.2
"East Haddam School District","=""0410011""","Free/Reduced Price Meal Eligibility (2-level)","Not Eligible For Free Or Reduced Price Meals",476,73.4,474,63.8,219,62.8
"East Haddam School District","=""0410011""","Race/Ethnicity","Asian","*","*","*","*","N/A","N/A"
"East Haddam School District","=""0410011""","Race/Ethnicity","Black or African American","*","*","*","*","N/A","N/A"
"East Haddam School District","=""0410011""","Race/Ethnicity","Hispanic or Latino",9,"*",9,"*","*","*"
"East Haddam School District","=""0410011""","Race/Ethnicity","Two or More Races",9,"*",9,"*","*","*"
"East Haddam School District","=""0410011""","Race/Ethnicity","White",527,72.5,525,62.5,240,62.1
"East Haddam School District","=""0410011""","Special Education Status (SWD)","Students with Disabilities",91,53.3,89,43.3,31,50.6
"East Haddam School District","=""0410011""","Special Education Status (SWD)","Students without Disabilities",458,76.4,458,66.4,218,63.5
"East Hampton School District","=""0420011""","All Students","District",945,69.6,944,62.4,377,63.3
"East Hampton School District","=""0420011""","English Language Learners (EL)","English Learners",7,"*",7,"*","*","*"
"East Hampton School District","=""0420011""","English Language Learners (EL)","Not English Learners",938,69.7,937,62.5,"*","*"
"East Hampton School District","=""0420011""","Gender","Female",460,72.7,460,62.6,171,65.2
"East Hampton School District","=""0420011""","Gender","Male",485,66.7,484,62.1,206,61.8
"East Hampton School District","=""0420011""","High Needs (F/R, EL or SWD)","High Needs",219,57.8,219,51.2,90,51.9
"East Hampton School District","=""0420011""","High Needs (F/R, EL or SWD)","Not High Needs",726,73.2,725,65.7,287,67.0
"East Hampton School District","=""0420011""","Free/Reduced Price Meal Eligibility (2-level)","Eligible For Free Or Reduced Price Meals",130,60.3,130,54.4,54,56.3
"East Hampton School District","=""0420011""","Free/Reduced Price Meal Eligibility (2-level)","Not Eligible For Free Or Reduced Price Meals",815,71.1,814,63.6,323,64.5
"East Hampton School District","=""0420011""","Race/Ethnicity","Asian",18,"*",18,"*",6,"*"
"East Hampton School District","=""0420011""","Race/Ethnicity","Black or African American",9,"*",9,"*","*","*"
"East Hampton School District","=""0420011""","Race/Ethnicity","Hispanic or Latino",46,65.8,46,54.3,16,"*"
"East Hampton School District","=""0420011""","Race/Ethnicity","Native Hawaiian or Other Pacific Islander","N/A","N/A","N/A","N/A","N/A","N/A"
"East Hampton School District","=""0420011""","Race/Ethnicity","Two or More Races",14,"*",14,"*","*","*"
"East Hampton School District","=""0420011""","Race/Ethnicity","White",858,69.8,857,62.8,348,64.3
"East Hampton School District","=""0420011""","Special Education Status (SWD)","Students with Disabilities",109,51.8,109,44.9,45,46.4
"East Hampton School District","=""0420011""","Special Education Status (SWD)","Students without Disabilities",836,71.9,835,64.7,332,65.6
"East Hartford School District","=""0430011""","All Students","District",3214,56.4,3194,48.3,1358,47.7
"East Hartford School District","=""0430011""","English Language Learners (EL)","English Learners",360,47.2,358,40.7,152,38.4
"East Hartford School District","=""0430011""","English Language Learners (EL)","Not English Learners",2854,57.5,2836,49.3,1206,48.9
"East Hartford School District","=""0430011""","Gender","Female",1551,59.7,1538,50.2,685,48.8
"East Hartford School District","=""0430011""","Gender","Male",1663,53.3,1656,46.5,673,46.7
"East Hartford School District","=""0430011""","High Needs (F/R, EL or SWD)","High Needs",2360,53.1,2344,45.2,970,44.3
"East Hartford School District","=""0430011""","High Needs (F/R, EL or SWD)","Not High Needs",854,65.5,850,56.9,388,56.2
"East Hartford School District","=""0430011""","Free/Reduced Price Meal Eligibility (2-level)","Eligible For Free Or Reduced Price Meals",2146,53.9,2130,46.0,876,45.0
"East Hartford School District","=""0430011""","Free/Reduced Price Meal Eligibility (2-level)","Not Eligible For Free Or Reduced Price Meals",1068,61.3,1064,52.9,482,52.7
"East Hartford School District","=""0430011""","Race/Ethnicity","American Indian or Alaska Native",13,"*",13,"*","*","*"
"East Hartford School District","=""0430011""","Race/Ethnicity","Asian",164,69.1,164,62.3,79,59.3
"East Hartford School District","=""0430011""","Race/Ethnicity","Black or African American",1099,54.1,1091,45.9,468,45.3
"East Hartford School District","=""0430011""","Race/Ethnicity","Hispanic or Latino",1410,54.1,1402,46.0,568,45.5
"East Hartford School District","=""0430011""","Race/Ethnicity","Native Hawaiian or Other Pacific Islander","*","*","*","*","N/A","N/A"
"East Hartford School District","=""0430011""","Race/Ethnicity","Two or More Races","*","*","*","*","*","*"
"East Hartford School District","=""0430011""","Race/Ethnicity","White",518,63.6,514,55.3,231,54.2
"East Hartford School District","=""0430011""","Special Education Status (SWD)","Students with Disabilities",640,40.2,632,32.9,270,33.0
"East Hartford School District","=""0430011""","Special Education Status (SWD)","Students without Disabilities",2574,60.4,2562,52.1,1088,51.4
"East Haven School District","=""0440011""","All Students","District",1499,63.4,1494,55.1,652,52.5
"East Haven School District","=""0440011""","English Language Learners (EL)","English Learners",148,52.9,148,48.7,43,41.3
"East Haven School District","=""0440011""","English Language Learners (EL)","Not English Learners",1351,64.6,1346,55.8,609,53.3
"East Haven School District","=""0440011""","Gender","Female",733,66.7,731,56.2,316,53.0
"East Haven School District","=""0440011""","Gender","Male",766,60.3,763,54.0,336,52.0
"East Haven School District","=""0440011""","High Needs (F/R, EL or SWD)","High Needs",868,58.8,866,50.3,372,49.1
"East Haven School District","=""0440011""","High Needs (F/R, EL or SWD)","Not High Needs",631,69.8,628,61.6,280,57.0
"East Haven School District","=""0440011""","Free/Reduced Price Meal Eligibility (2-level)","Eligible For Free Or Reduced Price Meals",740,60.3,738,51.5,318,50.5
"East Haven School District","=""0440011""","Free/Reduced Price Meal Eligibility (2-level)","Not Eligible For Free Or Reduced Price Meals",759,66.5,756,58.6,334,54.3
"East Haven School District","=""0440011""","Race/Ethnicity","American Indian or Alaska Native","*","*","*","*","N/A","N/A"
"East Haven School District","=""0440011""","Race/Ethnicity","Asian",70,65.7,70,63.3,25,51.9
"East Haven School District","=""0440011""","Race/Ethnicity","Black or African American",59,60.7,59,48.8,25,45.6
"East Haven School District","=""0440011""","Race/Ethnicity","Hispanic or Latino",328,61.2,327,52.7,144,49.3
"East Haven School District","=""0440011""","Race/Ethnicity","Native Hawaiian or Other Pacific Islander","N/A","N/A","N/A","N/A","*","*"
"East Haven School District","=""0440011""","Race/Ethnicity","Two or More Races","*","*","*","*","*","*"
"East Haven School District","=""0440011""","Race/Ethnicity","White",1014,64.0,1010,55.6,444,53.9
"East Haven School District","=""0440011""","Special Education Status (SWD)","Students with Disabilities",237,46.5,237,38.8,93,39.5
"East Haven School District","=""0440011""","Special Education Status (SWD)","Students without Disabilities",1262,66.6,1257,58.1,559,54.6
"East Lyme School District","=""0450011""","All Students","District",1404,76.1,1402,71.6,700,66.7
"East Lyme School District","=""0450011""","English Language Learners (EL)","English Learners",32,72.6,32,70.2,11,"*"
"East Lyme School District","=""0450011""","English Language Learners (EL)","Not English Learners",1372,76.2,1370,71.6,689,66.7
"East Lyme School District","=""0450011""","Gender","Female",668,77.7,667,70.6,344,66.8
"East Lyme School District","=""0450011""","Gender","Male",736,74.7,735,72.5,356,66.6
"East Lyme School District","=""0450011""","High Needs (F/R, EL or SWD)","High Needs",405,64.7,404,59.5,181,57.6
"East Lyme School District","=""0450011""","High Needs (F/R, EL or SWD)","Not High Needs",999,80.7,998,76.5,519,69.8
"East Lyme School District","=""0450011""","Free/Reduced Price Meal Eligibility (2-level)","Eligible For Free Or Reduced Price Meals",244,66.0,243,61.1,116,58.7
"East Lyme School District","=""0450011""","Free/Reduced Price Meal Eligibility (2-level)","Not Eligible For Free Or Reduced Price Meals",1160,78.2,1159,73.8,584,68.2
"East Lyme School District","=""0450011""","Race/Ethnicity","American Indian or Alaska Native","*","*","*","*","*","*"
"East Lyme School District","=""0450011""","Race/Ethnicity","Asian",135,85.2,135,88.0,56,74.3
"East Lyme School District","=""0450011""","Race/Ethnicity","Black or African American",28,67.4,28,64.5,12,"*"
"East Lyme School District","=""0450011""","Race/Ethnicity","Hispanic or Latino",80,73.2,80,64.0,30,61.9
"East Lyme School District","=""0450011""","Race/Ethnicity","Native Hawaiian or Other Pacific Islander","*","*","*","*","*","*"
"East Lyme School District","=""0450011""","Race/Ethnicity","Two or More Races",41,79.1,41,67.3,23,69.0
"East Lyme School District","=""0450011""","Race/Ethnicity","White",1117,75.3,1115,70.5,576,66.2
"East Lyme School District","=""0450011""","Special Education Status (SWD)","Students with Disabilities",206,58.7,205,51.8,88,52.6
"East Lyme School District","=""0450011""","Special Education Status (SWD)","Students without Disabilities",1198,79.1,1197,75.0,612,68.7
"Easton School District","=""0460011""","All Students","District",621,81.6,613,77.6,225,66.8
"Easton School District","=""0460011""","English Language Learners (EL)","English Learners",6,"*",6,"*","*","*"
"Easton School District","=""0460011""","English Language Learners (EL)","Not English Learners",615,81.6,607,77.7,"*","*"
"Easton School District","=""0460011""","Gender","Female",304,84.1,299,77.8,104,65.3
"Easton School District","=""0460011""","Gender","Male",317,79.1,314,77.4,121,68.0
"Easton School District","=""0460011""","High Needs (F/R, EL or SWD)","High Needs",105,65.8,102,59.8,30,52.4
"Easton School District","=""0460011""","High Needs (F/R, EL or SWD)","Not High Needs",516,84.8,511,81.2,195,69.0
"Easton School District","=""0460011""","Free/Reduced Price Meal Eligibility (2-level)","Eligible For Free Or Reduced Price Meals",30,69.8,30,63.6,8,"*"
"Easton School District","=""0460011""","Free/Reduced Price Meal Eligibility (2-level)","Not Eligible For Free Or Reduced Price Meals",591,82.2,583,78.3,217,66.9
"Easton School District","=""0460011""","Race/Ethnicity","American Indian or Alaska Native","*","*","*","*","*","*"
"Easton School District","=""0460011""","Race/Ethnicity","Asian",30,87.6,30,82.2,10,"*"
"Easton School District","=""0460011""","Race/Ethnicity","Black or African American",8,"*",8,"*","*","*"
"Easton School District","=""0460011""","Race/Ethnicity","Hispanic or Latino",35,79.9,35,72.5,13,"*"
"Easton School District","=""0460011""","Race/Ethnicity","Native Hawaiian or Other Pacific Islander","*","*","*","*","N/A","N/A"
"Easton School District","=""0460011""","Race/Ethnicity","Two or More Races",8,"*",8,"*","N/A","N/A"
"Easton School District","=""0460011""","Race/Ethnicity","White",537,81.1,529,77.5,199,66.7
"Easton School District","=""0460011""","Special Education Status (SWD)","Students with Disabilities",81,61.7,78,56.0,23,49.0
"Easton School District","=""0460011""","Special Education Status (SWD)","Students without Disabilities",540,84.6,535,80.8,202,68.8
"East Windsor School District","=""0470011""","All Students","District",520,64.1,520,56.6,240,60.7
"East Windsor School District","=""0470011""","English Language Learners (EL)","English Learners",16,"*",16,"*",7,"*"
"East Windsor School District","=""0470011""","English Language Learners (EL)","Not English Learners",504,64.3,504,56.7,233,61.1
"East Windsor School District","=""0470011""","Gender","Female",246,65.5,246,55.7,105,60.9
"East Windsor School District","=""0470011""","Gender","Male",274,62.8,274,57.4,135,60.6
"East Windsor School District","=""0470011""","High Needs (F/R, EL or SWD)","High Needs",287,58.2,287,50.2,125,55.6
"East Windsor School District","=""0470011""","High Needs (F/R, EL or SWD)","Not High Needs",233,71.3,233,64.5,115,66.2
"East Windsor School District","=""0470011""","Free/Reduced Price Meal Eligibility (2-level)","Eligible For Free Or Reduced Price Meals",239,58.9,239,50.7,104,56.0
"East Windsor School District","=""0470011""","Free/Reduced Price Meal Eligibility (2-level)","Not Eligible For Free Or Reduced Price Meals",281,68.4,281,61.6,136,64.3
"East Windsor School District","=""0470011""","Race/Ethnicity","Asian",19,"*",19,"*",9,"*"
"East Windsor School District","=""0470011""","Race/Ethnicity","Black or African American",58,55.6,58,44.7,31,52.4
"East Windsor School District","=""0470011""","Race/Ethnicity","Hispanic or Latino",89,59.0,89,51.5,39,56.8
"East Windsor School District","=""0470011""","Race/Ethnicity","Two or More Races",22,62.4,22,56.1,11,"*"
"East Windsor School District","=""0470011""","Race/Ethnicity","White",332,66.4,332,59.4,150,63.4
"East Windsor School District","=""0470011""","Special Education Status (SWD)","Students with Disabilities",109,49.1,109,41.0,48,45.6
"East Windsor School District","=""0470011""","Special Education Status (SWD)","Students without Disabilities",411,68.0,411,60.7,192,64.5
"Ellington School District","=""0480011""","All Students","District",1442,76.4,1442,70.3,608,64.7
"Ellington School District","=""0480011""","English Language Learners (EL)","English Learners",35,74.1,35,71.4,11,"*"
"Ellington School District","=""0480011""","English Language Learners (EL)","Not English Learners",1407,76.5,1407,70.3,597,64.8
"Ellington School District","=""0480011""","Gender","Female",711,79.2,711,70.5,291,65.3
"Ellington School District","=""0480011""","Gender","Male",731,73.7,731,70.1,317,64.1
"Ellington School District","=""0480011""","High Needs (F/R, EL or SWD)","High Needs",325,62.9,325,56.7,134,54.4
"Ellington School District","=""0480011""","High Needs (F/R, EL or SWD)","Not High Needs",1117,80.4,1117,74.2,474,67.6
"Ellington School District","=""0480011""","Free/Reduced Price Meal Eligibility (2-level)","Eligible For Free Or Reduced Price Meals",145,65.2,145,56.4,63,55.0
"Ellington School District","=""0480011""","Free/Reduced Price Meal Eligibility (2-level)","Not Eligible For Free Or Reduced Price Meals",1297,77.7,1297,71.8,545,65.8
"Ellington School District","=""0480011""","Race/Ethnicity","American Indian or Alaska Native","*","*","*","*","N/A","N/A"
"Ellington School District","=""0480011""","Race/Ethnicity","Asian",111,85.2,111,83.8,32,69.2
"Ellington School District","=""0480011""","Race/Ethnicity","Black or African American",52,61.3,52,51.8,28,51.2
"Ellington School District","=""0480011""","Race/Ethnicity","Hispanic or Latino",50,68.7,50,62.6,21,58.1
"Ellington School District","=""0480011""","Race/Ethnicity","Two or More Races","*","*","*","*",21,66.2
"Ellington School District","=""0480011""","Race/Ethnicity","White",1187,76.8,1187,70.3,506,65.3
"Ellington School District","=""0480011""","Special Education Status (SWD)","Students with Disabilities",204,57.3,204,51.5,84,51.1
"Ellington School District","=""0480011""","Special Education Status (SWD)","Students without Disabilities",1238,79.6,1238,73.4,524,66.9
"Enfield School District","=""0490011""","All Students","District",2512,67.7,2507,60.7,1091,59.0
"Enfield School District","=""0490011""","English Language Learners (EL)","English Learners",60,56.3,60,51.2,24,45.3
"Enfield School District","=""0490011""","English Language Learners (EL)","Not English Learners",2452,68.0,2447,60.9,1067,59.3
"Enfield School District","=""0490011""","Gender","Female",1257,70.1,1253,60.5,541,59.0
"Enfield School District","=""0490011""","Gender","Male",1255,65.4,1254,60.9,550,59.0
"Enfield School District","=""0490011""","High Needs (F/R, EL or SWD)","High Needs",1186,61.5,1181,55.4,475,53.6
"Enfield School District","=""0490011""","High Needs (F/R, EL or SWD)","Not High Needs",1326,73.3,1326,65.4,616,63.2
"Enfield School District","=""0490011""","Free/Reduced Price Meal Eligibility (2-level)","Eligible For Free Or Reduced Price Meals",998,62.7,994,56.4,393,54.9
"Enfield School District","=""0490011""","Free/Reduced Price Meal Eligibility (2-level)","Not Eligible For Free Or Reduced Price Meals",1514,71.1,1513,63.4,698,61.3
"Enfield School District","=""0490011""","Race/Ethnicity","American Indian or Alaska Native","*","*","*","*","*","*"
"Enfield School District","=""0490011""","Race/Ethnicity","Asian",69,72.9,69,66.3,36,61.7
"Enfield School District","=""0490011""","Race/Ethnicity","Black or African American",141,58.5,140,50.5,57,49.9
"Enfield School District","=""0490011""","Race/Ethnicity","Hispanic or Latino",318,62.3,315,54.9,125,53.4
"Enfield School District","=""0490011""","Race/Ethnicity","Native Hawaiian or Other Pacific Islander","*","*","*","*","*","*"
"Enfield School District","=""0490011""","Race/Ethnicity","Two or More Races",136,66.7,136,58.3,47,59.6
"Enfield School District","=""0490011""","Race/Ethnicity","White",1830,69.3,1829,62.4,812,60.2
"Enfield School District","=""0490011""","Special Education Status (SWD)","Students with Disabilities",416,52.6,411,47.1,174,47.9
"Enfield School District","=""0490011""","Special Education Status (SWD)","Students without Disabilities",2096,70.7,2096,63.3,917,61.1
"Essex School District","=""0500011""","All Students","District",223,80.8,223,74.0,57,69.2
"Essex School District","=""0500011""","English Language Learners (EL)","English Learners","*","*","*","*","*","*"
"Essex School District","=""0500011""","English Language Learners (EL)","Not English Learners","*","*","*","*","*","*"
"Essex School District","=""0500011""","Gender","Female",104,82.9,104,73.4,31,69.1
"Essex School District","=""0500011""","Gender","Male",119,78.9,119,74.6,26,69.5
"Essex School District","=""0500011""","High Needs (F/R, EL or SWD)","High Needs",47,67.1,47,61.3,11,"*"
"Essex School District","=""0500011""","High Needs (F/R, EL or SWD)","Not High Needs",176,84.4,176,77.4,46,73.8
"Essex School District","=""0500011""","Free/Reduced Price Meal Eligibility (2-level)","Eligible For Free Or Reduced Price Meals",20,75.0,20,67.1,"*","*"
"Essex School District","=""0500011""","Free/Reduced Price Meal Eligibility (2-level)","Not Eligible For Free Or Reduced Price Meals",203,81.3,203,74.7,"*","*"
"Essex School District","=""0500011""","Race/Ethnicity","Asian",6,"*",6,"*","*","*"
"Essex School District","=""0500011""","Race/Ethnicity","Black or African American","*","*","*","*","N/A","N/A"
"Essex School District","=""0500011""","Race/Ethnicity","Hispanic or Latino",12,"*",12,"*","*","*"
"Essex School District","=""0500011""","Race/Ethnicity","Two or More Races","*","*","*","*","*","*"
"Essex School District","=""0500011""","Race/Ethnicity","White",199,82.1,199,74.9,51,70.0
"Essex School District","=""0500011""","Special Education Status (SWD)","Students with Disabilities",33,60.9,33,57.0,10,"*"
"Essex School District","=""0500011""","Special Education Status (SWD)","Students without Disabilities",190,84.2,190,77.0,47,73.4
"Fairfield School District","=""0510011""","All Students","District",5373,76.6,5358,71.1,2294,66.5
"Fairfield School District","=""0510011""","English Language Learners (EL)","English Learners",145,56.6,144,53.9,53,43.3
"Fairfield School District","=""0510011""","English Language Learners (EL)","Not English Learners",5228,77.1,5214,71.5,2241,67.0
"Fairfield School District","=""0510011""","Gender","Female",2629,78.7,2624,70.6,1164,66.3
"Fairfield School District","=""0510011""","Gender","Male",2744,74.5,2734,71.5,1130,66.7
"Fairfield School District","=""0510011""","High Needs (F/R, EL or SWD)","High Needs",1141,61.2,1135,55.4,503,53.7
"Fairfield School District","=""0510011""","High Needs (F/R, EL or SWD)","Not High Needs",4232,80.7,4223,75.3,1791,70.0
"Fairfield School District","=""0510011""","Free/Reduced Price Meal Eligibility (2-level)","Eligible For Free Or Reduced Price Meals",516,62.8,516,55.5,242,56.5
"Fairfield School District","=""0510011""","Free/Reduced Price Meal Eligibility (2-level)","Not Eligible For Free Or Reduced Price Meals",4857,78.0,4842,72.7,2052,67.6
"Fairfield School District","=""0510011""","Race/Ethnicity","American Indian or Alaska Native","*","*","*","*","*","*"
"Fairfield School District","=""0510011""","Race/Ethnicity","Asian",315,81.4,315,80.0,134,69.4
"Fairfield School District","=""0510011""","Race/Ethnicity","Black or African American",106,62.2,106,56.7,48,54.8
"Fairfield School District","=""0510011""","Race/Ethnicity","Hispanic or Latino",484,68.9,484,62.0,184,56.8
"Fairfield School District","=""0510011""","Race/Ethnicity","Native Hawaiian or Other Pacific Islander","*","*","*","*","*","*"
"Fairfield School District","=""0510011""","Race/Ethnicity","Two or More Races",163,80.6,161,75.2,61,68.7
"Fairfield School District","=""0510011""","Race/Ethnicity","White",4298,77.2,4285,71.6,1863,67.4
"Fairfield School District","=""0510011""","Special Education Status (SWD)","Students with Disabilities",694,57.6,689,51.7,311,49.6
"Fairfield School District","=""0510011""","Special Education Status (SWD)","Students without Disabilities",4679,79.4,4669,73.9,1983,69.1
"Farmington School District","=""0520011""","All Students","District",2185,78.9,2184,75.3,888,69.4
"Farmington School District","=""0520011""","English Language Learners (EL)","English Learners",62,65.4,62,66.5,17,"*"
"Farmington School District","=""0520011""","English Language Learners (EL)","Not English Learners",2123,79.3,2122,75.6,871,69.8
"Farmington School District","=""0520011""","Gender","Female",1069,81.5,1069,74.9,435,68.9
"Farmington School District","=""0520011""","Gender","Male",1116,76.4,1115,75.7,453,69.8
"Farmington School District","=""0520011""","High Needs (F/R, EL or SWD)","High Needs",517,63.4,516,58.4,209,55.6
"Farmington School District","=""0520011""","High Needs (F/R, EL or SWD)","Not High Needs",1668,83.7,1668,80.6,679,73.6
"Farmington School District","=""0520011""","Free/Reduced Price Meal Eligibility (2-level)","Eligible For Free Or Reduced Price Meals",243,66.5,243,60.1,98,56.5
"Farmington School District","=""0520011""","Free/Reduced Price Meal Eligibility (2-level)","Not Eligible For Free Or Reduced Price Meals",1942,80.4,1941,77.2,790,71.0
"Farmington School District","=""0520011""","Race/Ethnicity","American Indian or Alaska Native","*","*","*","*","N/A","N/A"
"Farmington School District","=""0520011""","Race/Ethnicity","Asian",419,87.2,419,88.2,164,74.5
"Farmington School District","=""0520011""","Race/Ethnicity","Black or African American",105,61.9,105,57.1,48,54.2
"Farmington School District","=""0520011""","Race/Ethnicity","Hispanic or Latino",136,71.7,135,65.0,52,60.5
"Farmington School District","=""0520011""","Race/Ethnicity","Two or More Races","*","*","*","*",7,"*"
"Farmington School District","=""0520011""","Race/Ethnicity","White",1498,78.5,1498,74.0,617,69.8
"Farmington School District","=""0520011""","Special Education Status (SWD)","Students with Disabilities",309,56.7,308,51.6,140,51.0
"Farmington School District","=""0520011""","Special Education Status (SWD)","Students without Disabilities",1876,82.5,1876,79.2,748,72.8
"Franklin School District","=""0530011""","All Students","District",107,71.0,107,62.8,36,59.0
"Franklin School District","=""0530011""","English Language Learners (EL)","Not English Learners",107,71.0,107,62.8,36,59.0
"Franklin School District","=""0530011""","Gender","Female",51,73.3,51,61.2,14,"*"
"Franklin School District","=""0530011""","Gender","Male",56,68.9,56,64.3,22,58.5
"Franklin School District","=""0530011""","High Needs (F/R, EL or SWD)","High Needs",29,53.7,29,46.2,11,"*"
"Franklin School District","=""0530011""","High Needs (F/R, EL or SWD)","Not High Needs",78,77.5,78,69.1,25,63.9
"Franklin School District","=""0530011""","Free/Reduced Price Meal Eligibility (2-level)","Eligible For Free Or Reduced Price Meals",17,"*",17,"*",6,"*"
"Franklin School District","=""0530011""","Free/Reduced Price Meal Eligibility (2-level)","Not Eligible For Free Or Reduced Price Meals",90,74.2,90,65.9,30,61.1
"Franklin School District","=""0530011""","Race/Ethnicity","American Indian or Alaska Native","*","*","*","*","*","*"
"Franklin School District","=""0530011""","Race/Ethnicity","Asian","*","*","*","*","N/A","N/A"
"Franklin School District","=""0530011""","Race/Ethnicity","Hispanic or Latino",6,"*",6,"*","*","*"
"Franklin School District","=""0530011""","Race/Ethnicity","Native Hawaiian or Other Pacific Islander","*","*","*","*","N/A","N/A"
"Franklin School District","=""0530011""","Race/Ethnicity","Two or More Races","*","*","*","*","N/A","N/A"
"Franklin School District","=""0530011""","Race/Ethnicity","White",94,72.6,94,65.4,32,61.0
"Franklin School District","=""0530011""","Special Education Status (SWD)","Students with Disabilities",19,"*",19,"*",8,"*"
"Franklin School District","=""0530011""","Special Education Status (SWD)","Students without Disabilities",88,75.5,88,67.5,28,63.0
"Glastonbury School District","=""0540011""","All Students","District",3275,78.9,3274,76.1,1442,69.7
"Glastonbury School District","=""0540011""","English Language Learners (EL)","English Learners",46,64.5,46,64.9,15,"*"
"Glastonbury School District","=""0540011""","English Language Learners (EL)","Not English Learners",3229,79.1,3228,76.3,1427,69.9
"Glastonbury School District","=""0540011""","Gender","Female",1693,80.7,1693,75.6,743,69.5
"Glastonbury School District","=""0540011""","Gender","Male",1582,77.0,1581,76.6,699,70.0
"Glastonbury School District","=""0540011""","High Needs (F/R, EL or SWD)","High Needs",648,62.4,648,58.1,283,54.4
"Glastonbury School District","=""0540011""","High Needs (F/R, EL or SWD)","Not High Needs",2627,83.0,2626,80.5,1159,73.5
"Glastonbury School District","=""0540011""","Free/Reduced Price Meal Eligibility (2-level)","Eligible For Free Or Reduced Price Meals",316,63.5,316,59.6,140,57.1
"Glastonbury School District","=""0540011""","Free/Reduced Price Meal Eligibility (2-level)","Not Eligible For Free Or Reduced Price Meals",2959,80.6,2958,77.9,1302,71.1
"Glastonbury School District","=""0540011""","Race/Ethnicity","American Indian or Alaska Native","*","*","*","*","*","*"
"Glastonbury School District","=""0540011""","Race/Ethnicity","Asian",327,85.6,327,86.8,148,78.8
"Glastonbury School District","=""0540011""","Race/Ethnicity","Black or African American",93,62.9,93,59.2,"*","*"
"Glastonbury School District","=""0540011""","Race/Ethnicity","Hispanic or Latino",261,69.6,261,65.0,108,59.7
"Glastonbury School District","=""0540011""","Race/Ethnicity","Native Hawaiian or Other Pacific Islander","*","*","*","*","N/A","N/A"
"Glastonbury School District","=""0540011""","Race/Ethnicity","Two or More Races",145,78.9,145,75.4,56,69.5
"Glastonbury School District","=""0540011""","Race/Ethnicity","White",2440,79.6,2439,76.6,1081,70.1
"Glastonbury School District","=""0540011""","Special Education Status (SWD)","Students with Disabilities",404,57.1,404,52.4,175,49.8
"Glastonbury School District","=""0540011""","Special Education Status (SWD)","Students without Disabilities",2871,82.0,2870,79.4,1267,72.5
"Granby School District","=""0560011""","All Students","District",976,78.0,976,71.7,447,71.0
"Granby School District","=""0560011""","English Language Learners (EL)","English Learners","*","*","*","*","*","*"
"Granby School District","=""0560011""","English Language Learners (EL)","Not English Learners","*","*","*","*","*","*"
"Granby School District","=""0560011""","Gender","Female",480,81.3,480,73.2,214,73.0
"Granby School District","=""0560011""","Gender","Male",496,74.9,496,70.3,233,69.2
"Granby School District","=""0560011""","High Needs (F/R, EL or SWD)","High Needs",223,64.5,223,59.4,96,59.7
"Granby School District","=""0560011""","High Needs (F/R, EL or SWD)","Not High Needs",753,82.0,753,75.3,351,74.1
"Granby School District","=""0560011""","Free/Reduced Price Meal Eligibility (2-level)","Eligible For Free Or Reduced Price Meals",103,66.4,103,60.5,48,61.9
"Granby School District","=""0560011""","Free/Reduced Price Meal Eligibility (2-level)","Not Eligible For Free Or Reduced Price Meals",873,79.4,873,73.0,399,72.1
"Granby School District","=""0560011""","Race/Ethnicity","American Indian or Alaska Native","*","*","*","*","*","*"
"Granby School District","=""0560011""","Race/Ethnicity","Asian","*","*","*","*","*","*"
"Granby School District","=""0560011""","Race/Ethnicity","Black or African American",47,63.8,47,52.9,20,57.2
"Granby School District","=""0560011""","Race/Ethnicity","Hispanic or Latino",37,68.9,37,60.1,16,"*"
"Granby School District","=""0560011""","Race/Ethnicity","Two or More Races",37,78.0,37,71.8,26,64.1
"Granby School District","=""0560011""","Race/Ethnicity","White",843,79.1,843,73.1,376,72.5
"Granby School District","=""0560011""","Special Education Status (SWD)","Students with Disabilities",142,61.8,142,56.9,60,56.9
"Granby School District","=""0560011""","Special Education Status (SWD)","Students without Disabilities",834,80.8,834,74.2,387,73.2
"Greenwich School District","=""0570011""","All Students","District",4454,78.7,4452,73.7,1873,67.2
"Greenwich School District","=""0570011""","English Language Learners (EL)","English Learners",240,66.3,240,64.8,83,54.0
"Greenwich School District","=""0570011""","English Language Learners (EL)","Not English Learners",4214,79.5,4212,74.2,1790,67.8
"Greenwich School District","=""0570011""","Gender","Female",2172,80.8,2172,72.5,943,67.7
"Greenwich School District","=""0570011""","Gender","Male",2282,76.7,2280,74.9,930,66.7
"Greenwich School District","=""0570011""","High Needs (F/R, EL or SWD)","High Needs",1163,63.8,1161,57.4,498,54.8
"Greenwich School District","=""0570011""","High Needs (F/R, EL or SWD)","Not High Needs",3291,84.0,3291,79.4,1375,71.7
"Greenwich School District","=""0570011""","Free/Reduced Price Meal Eligibility (2-level)","Eligible For Free Or Reduced Price Meals",621,64.5,620,56.4,265,55.2
"Greenwich School District","=""0570011""","Free/Reduced Price Meal Eligibility (2-level)","Not Eligible For Free Or Reduced Price Meals",3833,81.1,3832,76.5,1608,69.2
"Greenwich School District","=""0570011""","Race/Ethnicity","American Indian or Alaska Native","*","*","*","*","*","*"
"Greenwich School District","=""0570011""","Race/Ethnicity","Asian",338,85.6,338,86.8,153,72.9
"Greenwich School District","=""0570011""","Race/Ethnicity","Black or African American",130,63.6,130,51.6,69,51.0
"Greenwich School District","=""0570011""","Race/Ethnicity","Hispanic or Latino",865,70.1,865,63.4,345,59.9
"Greenwich School District","=""0570011""","Race/Ethnicity","Native Hawaiian or Other Pacific Islander","*","*","*","*","N/A","N/A"
"Greenwich School District","=""0570011""","Race/Ethnicity","Two or More Races",161,84.9,161,79.9,"*","*"
"Greenwich School District","=""0570011""","Race/Ethnicity","White",2952,80.8,2950,75.9,1249,69.2
"Greenwich School District","=""0570011""","Special Education Status (SWD)","Students with Disabilities",571,56.1,570,49.2,254,50.3
"Greenwich School District","=""0570011""","Special Education Status (SWD)","Students without Disabilities",3883,82.1,3882,77.3,1619,69.9
"Griswold School District","=""0580011""","All Students","District",920,69.1,921,63.0,406,56.8
"Griswold School District","=""0580011""","English Language Learners (EL)","English Learners",7,"*",7,"*","*","*"
"Griswold School District","=""0580011""","English Language Learners (EL)","Not English Learners",913,69.1,914,63.1,"*","*"
"Griswold School District","=""0580011""","Gender","Female",471,71.0,471,62.8,214,57.5
"Griswold School District","=""0580011""","Gender","Male",449,67.0,450,63.3,192,55.9
"Griswold School District","=""0580011""","High Needs (F/R, EL or SWD)","High Needs",412,61.0,413,55.3,188,50.0
"Griswold School District","=""0580011""","High Needs (F/R, EL or SWD)","Not High Needs",508,75.6,508,69.3,218,62.6
"Griswold School District","=""0580011""","Free/Reduced Price Meal Eligibility (2-level)","Eligible For Free Or Reduced Price Meals",353,62.6,354,57.4,161,51.9
"Griswold School District","=""0580011""","Free/Reduced Price Meal Eligibility (2-level)","Not Eligible For Free Or Reduced Price Meals",567,73.1,567,66.6,245,59.9
"Griswold School District","=""0580011""","Race/Ethnicity","American Indian or Alaska Native","*","*","*","*","*","*"
"Griswold School District","=""0580011""","Race/Ethnicity","Asian",14,"*",14,"*",8,"*"
"Griswold School District","=""0580011""","Race/Ethnicity","Black or African American",26,56.5,26,50.9,18,"*"
"Griswold School District","=""0580011""","Race/Ethnicity","Hispanic or Latino",58,65.5,58,60.4,26,52.6
"Griswold School District","=""0580011""","Race/Ethnicity","Native Hawaiian or Other Pacific Islander","*","*","*","*","*","*"
"Griswold School District","=""0580011""","Race/Ethnicity","Two or More Races",62,70.3,62,61.1,15,"*"
"Griswold School District","=""0580011""","Race/Ethnicity","White",746,69.8,747,64.0,332,57.4
"Griswold School District","=""0580011""","Special Education Status (SWD)","Students with Disabilities",149,49.7,149,41.2,69,38.8
"Griswold School District","=""0580011""","Special Education Status (SWD)","Students without Disabilities",771,72.8,772,67.3,337,60.4
"Groton School District","=""0590011""","All Students","District",2111,67.2,2112,62.2,814,58.7
"Groton School District","=""0590011""","English Language Learners (EL)","English Learners",63,47.8,63,44.9,19,"*"
"Groton School District","=""0590011""","English Language Learners (EL)","Not English Learners",2048,67.8,2049,62.7,795,59.1
"Groton School District","=""0590011""","Gender","Female",1067,69.4,1070,61.7,405,58.6
"Groton School District","=""0590011""","Gender","Male",1044,65.0,1042,62.7,409,58.7
"Groton School District","=""0590011""","High Needs (F/R, EL or SWD)","High Needs",1116,59.4,1118,54.5,420,52.0
"Groton School District","=""0590011""","High Needs (F/R, EL or SWD)","Not High Needs",995,76.0,994,70.9,394,65.7
"Groton School District","=""0590011""","Free/Reduced Price Meal Eligibility (2-level)","Eligible For Free Or Reduced Price Meals",934,60.4,937,55.3,357,52.8
"Groton School District","=""0590011""","Free/Reduced Price Meal Eligibility (2-level)","Not Eligible For Free Or Reduced Price Meals",1177,72.6,1175,67.7,457,63.3
"Groton School District","=""0590011""","Race/Ethnicity","American Indian or Alaska Native",17,"*",17,"*","*","*"
"Groton School District","=""0590011""","Race/Ethnicity","Asian",136,72.3,135,69.5,49,60.4
"Groton School District","=""0590011""","Race/Ethnicity","Black or African American",160,55.6,161,50.5,68,52.3
"Groton School District","=""0590011""","Race/Ethnicity","Hispanic or Latino",389,58.6,389,52.8,132,51.2
"Groton School District","=""0590011""","Race/Ethnicity","Native Hawaiian or Other Pacific Islander",7,"*",7,"*","*","*"
"Groton School District","=""0590011""","Race/Ethnicity","Two or More Races",173,66.5,175,60.5,67,59.1
"Groton School District","=""0590011""","Race/Ethnicity","White",1229,71.0,1228,66.1,491,61.5
"Groton School District","=""0590011""","Special Education Status (SWD)","Students with Disabilities",386,49.2,385,44.7,149,44.4
"Groton School District","=""0590011""","Special Education Status (SWD)","Students without Disabilities",1725,71.2,1727,66.1,665,61.9
"Guilford School District","=""0600011""","All Students","District",1873,80.1,1873,74.0,870,65.1
"Guilford School District","=""0600011""","English Language Learners (EL)","English Learners",30,65.2,30,62.4,7,"*"
"Guilford School District","=""0600011""","English Language Learners (EL)","Not English Learners",1843,80.4,1843,74.1,863,65.3
"Guilford School District","=""0600011""","Gender","Female",911,82.2,911,73.0,439,64.7
"Guilford School District","=""0600011""","Gender","Male",962,78.2,962,74.9,431,65.6
"Guilford School District","=""0600011""","High Needs (F/R, EL or SWD)","High Needs",384,64.9,384,57.7,170,55.5
"Guilford School District","=""0600011""","High Needs (F/R, EL or SWD)","Not High Needs",1489,84.1,1489,78.2,700,67.5
"Guilford School District","=""0600011""","Free/Reduced Price Meal Eligibility (2-level)","Eligible For Free Or Reduced Price Meals",160,69.5,160,62.3,67,56.1
"Guilford School District","=""0600011""","Free/Reduced Price Meal Eligibility (2-level)","Not Eligible For Free Or Reduced Price Meals",1713,81.1,1713,75.0,803,65.9
"Guilford School District","=""0600011""","Race/Ethnicity","American Indian or Alaska Native","*","*","*","*","*","*"
"Guilford School District","=""0600011""","Race/Ethnicity","Asian",78,83.6,78,81.5,28,67.0
"Guilford School District","=""0600011""","Race/Ethnicity","Black or African American",24,60.1,24,54.8,12,"*"
"Guilford School District","=""0600011""","Race/Ethnicity","Hispanic or Latino",118,77.4,118,70.1,54,62.8
"Guilford School District","=""0600011""","Race/Ethnicity","Native Hawaiian or Other Pacific Islander","*","*","*","*","*","*"
"Guilford School District","=""0600011""","Race/Ethnicity","Two or More Races",72,82.5,72,76.8,30,64.6
"Guilford School District","=""0600011""","Race/Ethnicity","White",1577,80.4,1577,74.0,741,65.5
"Guilford School District","=""0600011""","Special Education Status (SWD)","Students with Disabilities",256,60.1,256,52.2,122,53.4
"Guilford School District","=""0600011""","Special Education Status (SWD)","Students without Disabilities",1617,83.3,1617,77.4,748,67.1
"Hamden School District","=""0620011""","All Students","District",2715,65.8,2704,59.2,1201,53.5
"Hamden School District","=""0620011""","English Language Learners (EL)","English Learners",149,51.6,148,49.0,49,40.6
"Hamden School District","=""0620011""","English Language Learners (EL)","Not English Learners",2566,66.6,2556,59.8,1152,54.0
"Hamden School District","=""0620011""","Gender","Female",1298,68.7,1290,59.6,546,54.9
"Hamden School District","=""0620011""","Gender","Male",1417,63.2,1414,58.9,655,52.3
"Hamden School District","=""0620011""","High Needs (F/R, EL or SWD)","High Needs",1406,56.7,1401,50.7,602,45.0
"Hamden School District","=""0620011""","High Needs (F/R, EL or SWD)","Not High Needs",1309,75.5,1303,68.4,599,62.0
"Hamden School District","=""0620011""","Free/Reduced Price Meal Eligibility (2-level)","Eligible For Free Or Reduced Price Meals",1155,57.4,1150,51.1,490,45.6
"Hamden School District","=""0620011""","Free/Reduced Price Meal Eligibility (2-level)","Not Eligible For Free Or Reduced Price Meals",1560,72.0,1554,65.3,711,58.9
"Hamden School District","=""0620011""","Race/Ethnicity","American Indian or Alaska Native","*","*","*","*","N/A","N/A"
"Hamden School District","=""0620011""","Race/Ethnicity","Asian",229,74.6,228,72.7,86,60.6
"Hamden School District","=""0620011""","Race/Ethnicity","Black or African American",713,55.4,711,47.9,366,44.6
"Hamden School District","=""0620011""","Race/Ethnicity","Hispanic or Latino",519,59.1,517,53.3,218,49.3
"Hamden School District","=""0620011""","Race/Ethnicity","Two or More Races","*","*","*","*",54,57.2
"Hamden School District","=""0620011""","Race/Ethnicity","White",1128,73.1,1123,66.0,477,60.5
"Hamden School District","=""0620011""","Special Education Status (SWD)","Students with Disabilities",525,48.3,521,42.9,243,40.0
"Hamden School District","=""0620011""","Special Education Status (SWD)","Students without Disabilities",2190,70.0,2183,63.1,958,56.9
"Hampton School District","=""0630011""","All Students","District",47,68.9,47,61.2,10,"*"
"Hampton School District","=""0630011""","English Language Learners (EL)","Not English Learners",47,68.9,47,61.2,10,"*"
"Hampton School District","=""0630011""","Gender","Female",20,66.6,20,57.3,"*","*"
"Hampton School District","=""0630011""","Gender","Male",27,70.6,27,64.1,"*","*"
"Hampton School District","=""0630011""","High Needs (F/R, EL or SWD)","High Needs",17,"*",17,"*","*","*"
"Hampton School District","=""0630011""","High Needs (F/R, EL or SWD)","Not High Needs",30,75.3,30,66.6,"*","*"
"Hampton School District","=""0630011""","Free/Reduced Price Meal Eligibility (2-level)","Eligible For Free Or Reduced Price Meals",11,"*",11,"*","*","*"
"Hampton School District","=""0630011""","Free/Reduced Price Meal Eligibility (2-level)","Not Eligible For Free Or Reduced Price Meals",36,70.7,36,62.1,"*","*"
"Hampton School District","=""0630011""","Race/Ethnicity","Black or African American","*","*","*","*","*","*"
"Hampton School District","=""0630011""","Race/Ethnicity","Hispanic or Latino","*","*","*","*","N/A","N/A"
"Hampton School District","=""0630011""","Race/Ethnicity","Two or More Races","*","*","*","*","N/A","N/A"
"Hampton School District","=""0630011""","Race/Ethnicity","White",43,68.6,43,60.8,"*","*"
"Hampton School District","=""0630011""","Special Education Status (SWD)","Students with Disabilities",9,"*",9,"*","*","*"
"Hampton School District","=""0630011""","Special Education Status (SWD)","Students without Disabilities",38,73.9,38,66.1,"*","*"
"Hartford School District","=""0640011""","All Students","District",9842,53.8,9772,46.7,3986,45.2
"Hartford School District","=""0640011""","English Language Learners (EL)","English Learners",1758,44.7,1742,39.3,655,34.4
"Hartford School District","=""0640011""","English Language Learners (EL)","Not English Learners",8084,55.8,8030,48.3,3331,47.3
"Hartford School District","=""0640011""","Gender","Female",4767,56.1,4736,47.3,1940,44.9
"Hartford School District","=""0640011""","Gender","Male",5075,51.6,5036,46.2,2046,45.5
"Hartford School District","=""0640011""","High Needs (F/R, EL or SWD)","High Needs",8560,51.4,8492,44.3,3358,42.4
"Hartford School District","=""0640011""","High Needs (F/R, EL or SWD)","Not High Needs",1282,69.6,1280,63.0,628,59.9
"Hartford School District","=""0640011""","Free/Reduced Price Meal Eligibility (2-level)","Eligible For Free Or Reduced Price Meals",8318,51.4,8253,44.2,3259,42.4
"Hartford School District","=""0640011""","Free/Reduced Price Meal Eligibility (2-level)","Not Eligible For Free Or Reduced Price Meals",1524,66.7,1519,60.5,727,57.8
"Hartford School District","=""0640011""","Race/Ethnicity","American Indian or Alaska Native",19,"*",19,"*","*","*"
"Hartford School District","=""0640011""","Race/Ethnicity","Asian",326,66.1,326,63.7,124,52.0
"Hartford School District","=""0640011""","Race/Ethnicity","Black or African American",3121,52.1,3097,44.2,1281,43.1
"Hartford School District","=""0640011""","Race/Ethnicity","Hispanic or Latino",5116,50.4,5073,43.4,1971,41.4
"Hartford School District","=""0640011""","Race/Ethnicity","Native Hawaiian or Other Pacific Islander",14,"*",14,"*","*","*"
"Hartford School District","=""0640011""","Race/Ethnicity","Two or More Races",171,61.8,171,53.1,74,51.7
"Hartford School District","=""0640011""","Race/Ethnicity","White",1075,69.9,1072,63.4,525,62.1
"Hartford School District","=""0640011""","Special Education Status (SWD)","Students with Disabilities",1929,39.4,1909,32.5,781,33.5
"Hartford School District","=""0640011""","Special Education Status (SWD)","Students without Disabilities",7913,57.3,7863,50.2,3205,48.0
"Hartland School District","=""0650011""","All Students","District",125,74.9,124,66.9,37,66.6
"Hartland School District","=""0650011""","English Language Learners (EL)","Not English Learners",125,74.9,124,66.9,37,66.6
"Hartland School District","=""0650011""","Gender","Female",55,76.1,55,63.9,17,"*"
"Hartland School District","=""0650011""","Gender","Male",70,74.0,69,69.3,20,69.6
"Hartland School District","=""0650011""","High Needs (F/R, EL or SWD)","High Needs",35,60.1,34,53.2,10,"*"
"Hartland School District","=""0650011""","High Needs (F/R, EL or SWD)","Not High Needs",90,80.7,90,72.1,27,70.2
"Hartland School District","=""0650011""","Free/Reduced Price Meal Eligibility (2-level)","Eligible For Free Or Reduced Price Meals",15,"*",15,"*","*","*"
"Hartland School District","=""0650011""","Free/Reduced Price Meal Eligibility (2-level)","Not Eligible For Free Or Reduced Price Meals",110,77.1,109,69.7,"*","*"
"Hartland School District","=""0650011""","Race/Ethnicity","American Indian or Alaska Native","*","*","*","*","N/A","N/A"
"Hartland School District","=""0650011""","Race/Ethnicity","Asian","*","*","*","*","N/A","N/A"
"Hartland School District","=""0650011""","Race/Ethnicity","Black or African American","*","*","*","*","N/A","N/A"
"Hartland School District","=""0650011""","Race/Ethnicity","Hispanic or Latino","*","*","*","*","*","*"
"Hartland School District","=""0650011""","Race/Ethnicity","Two or More Races","*","*","*","*","N/A","N/A"
"Hartland School District","=""0650011""","Race/Ethnicity","White",117,76.0,116,67.9,"*","*"
"Hartland School District","=""0650011""","Special Education Status (SWD)","Students with Disabilities",26,57.9,25,52.1,6,"*"
"Hartland School District","=""0650011""","Special Education Status (SWD)","Students without Disabilities",99,79.4,99,70.6,31,67.4
"Hebron School District","=""0670011""","All Students","District",435,73.2,435,68.4,107,62.2
"Hebron School District","=""0670011""","English Language Learners (EL)","English Learners","*","*","*","*","N/A","N/A"
"Hebron School District","=""0670011""","English Language Learners (EL)","Not English Learners","*","*","*","*",107,62.2
"Hebron School District","=""0670011""","Gender","Female",202,76.1,202,67.4,52,63.5
"Hebron School District","=""0670011""","Gender","Male",233,70.8,233,69.3,55,61.0
"Hebron School District","=""0670011""","High Needs (F/R, EL or SWD)","High Needs",101,60.3,101,56.0,24,50.8
"Hebron School District","=""0670011""","High Needs (F/R, EL or SWD)","Not High Needs",334,77.2,334,72.1,83,65.5
"Hebron School District","=""0670011""","Free/Reduced Price Meal Eligibility (2-level)","Eligible For Free Or Reduced Price Meals",45,63.3,45,60.1,12,"*"
"Hebron School District","=""0670011""","Free/Reduced Price Meal Eligibility (2-level)","Not Eligible For Free Or Reduced Price Meals",390,74.4,390,69.3,95,63.0
"Hebron School District","=""0670011""","Race/Ethnicity","American Indian or Alaska Native","*","*","*","*","N/A","N/A"
"Hebron School District","=""0670011""","Race/Ethnicity","Asian",7,"*",7,"*","*","*"
"Hebron School District","=""0670011""","Race/Ethnicity","Black or African American","*","*","*","*","*","*"
"Hebron School District","=""0670011""","Race/Ethnicity","Hispanic or Latino",26,69.4,26,61.9,"*","*"
"Hebron School District","=""0670011""","Race/Ethnicity","Two or More Races",9,"*",9,"*","N/A","N/A"
"Hebron School District","=""0670011""","Race/Ethnicity","White",390,73.3,390,68.7,101,61.9
"Hebron School District","=""0670011""","Special Education Status (SWD)","Students with Disabilities",75,56.5,75,52.0,17,"*"
"Hebron School District","=""0670011""","Special Education Status (SWD)","Students without Disabilities",360,76.7,360,71.8,90,65.7
"Kent School District","=""0680011""","All Students","District",152,80.1,152,72.5,48,68.3
"Kent School District","=""0680011""","English Language Learners (EL)","English Learners","*","*","*","*","N/A","N/A"
"Kent School District","=""0680011""","English Language Learners (EL)","Not English Learners","*","*","*","*",48,68.3
"Kent School District","=""0680011""","Gender","Female",70,83.0,70,71.3,23,69.9
"Kent School District","=""0680011""","Gender","Male",82,77.6,82,73.5,25,66.8
"Kent School District","=""0680011""","High Needs (F/R, EL or SWD)","High Needs",32,63.8,32,56.4,8,"*"
"Kent School District","=""0680011""","High Needs (F/R, EL or SWD)","Not High Needs",120,84.4,120,76.8,40,71.0
"Kent School District","=""0680011""","Free/Reduced Price Meal Eligibility (2-level)","Eligible For Free Or Reduced Price Meals",22,66.1,22,60.3,"*","*"
"Kent School District","=""0680011""","Free/Reduced Price Meal Eligibility (2-level)","Not Eligible For Free Or Reduced Price Meals",130,82.4,130,74.6,"*","*"
"Kent School District","=""0680011""","Race/Ethnicity","Asian",6,"*",6,"*","*","*"
"Kent School District","=""0680011""","Race/Ethnicity","Hispanic or Latino",17,"*",17,"*",7,"*"
"Kent School District","=""0680011""","Race/Ethnicity","Two or More Races",9,"*",9,"*","*","*"
"Kent School District","=""0680011""","Race/Ethnicity","White",120,81.1,120,73.1,37,69.8
"Kent School District","=""0680011""","Special Education Status (SWD)","Students with Disabilities",18,"*",18,"*",6,"*"
"Kent School District","=""0680011""","Special Education Status (SWD)","Students without Disabilities",134,83.3,134,76.0,42,70.7
"Killingly School District","=""0690011""","All Students","District",1136,68.1,1130,58.4,504,54.6
"Killingly School District","=""0690011""","English Language Learners (EL)","English Learners",45,62.5,44,57.7,15,"*"
"Killingly School District","=""0690011""","English Language Learners (EL)","Not English Learners",1091,68.3,1086,58.4,489,54.9
"Killingly School District","=""0690011""","Gender","Female",591,69.6,587,58.2,249,52.9
"Killingly School District","=""0690011""","Gender","Male",545,66.4,543,58.6,255,56.2
"Killingly School District","=""0690011""","High Needs (F/R, EL or SWD)","High Needs",602,63.4,597,54.4,257,49.8
"Killingly School District","=""0690011""","High Needs (F/R, EL or SWD)","Not High Needs",534,73.4,533,62.9,247,59.5
"Killingly School District","=""0690011""","Free/Reduced Price Meal Eligibility (2-level)","Eligible For Free Or Reduced Price Meals",504,65.1,502,55.7,210,50.8
"Killingly School District","=""0690011""","Free/Reduced Price Meal Eligibility (2-level)","Not Eligible For Free Or Reduced Price Meals",632,70.5,628,60.6,294,57.3
"Killingly School District","=""0690011""","Race/Ethnicity","American Indian or Alaska Native","*","*","*","*","*","*"
"Killingly School District","=""0690011""","Race/Ethnicity","Asian",53,72.1,53,63.4,14,"*"
"Killingly School District","=""0690011""","Race/Ethnicity","Black or African American",41,69.8,41,57.0,20,51.4
"Killingly School District","=""0690011""","Race/Ethnicity","Hispanic or Latino",82,63.8,81,54.6,39,49.8
"Killingly School District","=""0690011""","Race/Ethnicity","Two or More Races","*","*","*","*","*","*"
"Killingly School District","=""0690011""","Race/Ethnicity","White",936,68.3,931,58.7,417,55.4
"Killingly School District","=""0690011""","Special Education Status (SWD)","Students with Disabilities",186,50.4,181,44.1,92,41.9
"Killingly School District","=""0690011""","Special Education Status (SWD)","Students without Disabilities",950,71.6,949,61.1,412,57.4
"Lebanon School District","=""0710011""","All Students","District",511,72.7,511,66.4,238,60.2
"Lebanon School District","=""0710011""","English Language Learners (EL)","English Learners","N/A","N/A","N/A","N/A","*","*"
"Lebanon School District","=""0710011""","English Language Learners (EL)","Not English Learners",511,72.7,511,66.4,"*","*"
"Lebanon School District","=""0710011""","Gender","Female",251,74.5,251,67.1,127,61.6
"Lebanon School District","=""0710011""","Gender","Male",260,70.9,260,65.8,111,58.7
"Lebanon School District","=""0710011""","High Needs (F/R, EL or SWD)","High Needs",173,63.6,173,56.3,79,51.2
"Lebanon School District","=""0710011""","High Needs (F/R, EL or SWD)","Not High Needs",338,77.3,338,71.6,159,64.7
"Lebanon School District","=""0710011""","Free/Reduced Price Meal Eligibility (2-level)","Eligible For Free Or Reduced Price Meals",100,67.7,100,60.3,42,57.5
"Lebanon School District","=""0710011""","Free/Reduced Price Meal Eligibility (2-level)","Not Eligible For Free Or Reduced Price Meals",411,73.9,411,67.9,196,60.8
"Lebanon School District","=""0710011""","Race/Ethnicity","American Indian or Alaska Native","*","*","*","*","*","*"
"Lebanon School District","=""0710011""","Race/Ethnicity","Asian",11,"*",11,"*","*","*"
"Lebanon School District","=""0710011""","Race/Ethnicity","Black or African American",11,"*",11,"*","*","*"
"Lebanon School District","=""0710011""","Race/Ethnicity","Hispanic or Latino",28,65.4,28,57.7,14,"*"
"Lebanon School District","=""0710011""","Race/Ethnicity","Native Hawaiian or Other Pacific Islander","*","*","*","*","*","*"
"Lebanon School District","=""0710011""","Race/Ethnicity","Two or More Races","*","*","*","*","N/A","N/A"
"Lebanon School District","=""0710011""","Race/Ethnicity","White",454,73.0,454,66.9,211,61.0
"Lebanon School District","=""0710011""","Special Education Status (SWD)","Students with Disabilities",102,57.5,102,50.2,44,44.8
"Lebanon School District","=""0710011""","Special Education Status (SWD)","Students without Disabilities",409,76.5,409,70.5,194,63.7
"Ledyard School District","=""0720011""","All Students","District",1175,68.9,1175,64.4,504,64.6
"Ledyard School District","=""0720011""","English Language Learners (EL)","English Learners",13,"*",13,"*","*","*"
"Ledyard School District","=""0720011""","English Language Learners (EL)","Not English Learners",1162,69.0,1162,64.5,"*","*"
"Ledyard School District","=""0720011""","Gender","Female",564,71.5,564,64.3,234,65.1
"Ledyard School District","=""0720011""","Gender","Male",611,66.5,611,64.4,270,64.2
"Ledyard School District","=""0720011""","High Needs (F/R, EL or SWD)","High Needs",425,58.9,425,55.2,173,56.6
"Ledyard School District","=""0720011""","High Needs (F/R, EL or SWD)","Not High Needs",750,74.5,750,69.6,331,68.8
"Ledyard School District","=""0720011""","Free/Reduced Price Meal Eligibility (2-level)","Eligible For Free Or Reduced Price Meals",259,61.1,259,57.8,105,59.1
"Ledyard School District","=""0720011""","Free/Reduced Price Meal Eligibility (2-level)","Not Eligible For Free Or Reduced Price Meals",916,71.1,916,66.2,399,66.1
"Ledyard School District","=""0720011""","Race/Ethnicity","American Indian or Alaska Native",51,55.5,51,52.7,19,"*"
"Ledyard School District","=""0720011""","Race/Ethnicity","Asian","*","*","*","*",28,70.1
"Ledyard School District","=""0720011""","Race/Ethnicity","Black or African American",74,64.4,74,58.8,31,56.4
"Ledyard School District","=""0720011""","Race/Ethnicity","Hispanic or Latino",105,64.7,105,60.1,52,57.9
"Ledyard School District","=""0720011""","Race/Ethnicity","Native Hawaiian or Other Pacific Islander","*","*","*","*","N/A","N/A"
"Ledyard School District","=""0720011""","Race/Ethnicity","Two or More Races",48,62.0,48,59.7,10,"*"
"Ledyard School District","=""0720011""","Race/Ethnicity","White",852,70.6,852,66.1,364,66.6
"Ledyard School District","=""0720011""","Special Education Status (SWD)","Students with Disabilities",222,53.9,222,49.3,92,52.7
"Ledyard School District","=""0720011""","Special Education Status (SWD)","Students without Disabilities",953,72.4,953,67.9,412,67.3
"Lisbon School District","=""0730011""","All Students","District",244,73.3,244,61.5,84,58.2
"Lisbon School District","=""0730011""","English Language Learners (EL)","English Learners","*","*","*","*","*","*"
"Lisbon School District","=""0730011""","English Language Learners (EL)","Not English Learners","*","*","*","*","*","*"
"Lisbon School District","=""0730011""","Gender","Female",121,76.3,121,60.9,33,58.8
"Lisbon School District","=""0730011""","Gender","Male",123,70.3,123,62.0,51,57.9
"Lisbon School District","=""0730011""","High Needs (F/R, EL or SWD)","High Needs",85,67.6,85,54.9,30,52.0
"Lisbon School District","=""0730011""","High Needs (F/R, EL or SWD)","Not High Needs",159,76.3,159,65.0,54,61.7
"Lisbon School District","=""0730011""","Free/Reduced Price Meal Eligibility (2-level)","Eligible For Free Or Reduced Price Meals",61,69.9,61,55.4,20,54.4
"Lisbon School District","=""0730011""","Free/Reduced Price Meal Eligibility (2-level)","Not Eligible For Free Or Reduced Price Meals",183,74.4,183,63.5,64,59.4
"Lisbon School District","=""0730011""","Race/Ethnicity","American Indian or Alaska Native","*","*","*","*","N/A","N/A"
"Lisbon School District","=""0730011""","Race/Ethnicity","Asian","*","*","*","*","*","*"
"Lisbon School District","=""0730011""","Race/Ethnicity","Black or African American","*","*","*","*","N/A","N/A"
"Lisbon School District","=""0730011""","Race/Ethnicity","Hispanic or Latino",13,"*",13,"*","*","*"
"Lisbon School District","=""0730011""","Race/Ethnicity","Native Hawaiian or Other Pacific Islander","*","*","*","*","N/A","N/A"
"Lisbon School District","=""0730011""","Race/Ethnicity","Two or More Races",16,"*",16,"*","*","*"
"Lisbon School District","=""0730011""","Race/Ethnicity","White",207,72.5,207,60.7,77,58.5
"Lisbon School District","=""0730011""","Special Education Status (SWD)","Students with Disabilities",31,58.6,31,47.2,15,"*"
"Lisbon School District","=""0730011""","Special Education Status (SWD)","Students without Disabilities",213,75.4,213,63.5,69,60.4
"Litchfield School District","=""0740011""","All Students","District",507,77.2,507,72.2,221,68.4
"Litchfield School District","=""0740011""","English Language Learners (EL)","Not English Learners",507,77.2,507,72.2,221,68.4
"Litchfield School District","=""0740011""","Gender","Female",246,79.1,246,71.8,106,67.1
"Litchfield School District","=""0740011""","Gender","Male",261,75.4,261,72.6,115,69.5
"Litchfield School District","=""0740011""","High Needs (F/R, EL or SWD)","High Needs",138,65.5,138,60.5,55,62.0
"Litchfield School District","=""0740011""","High Needs (F/R, EL or SWD)","Not High Needs",369,81.6,369,76.6,166,70.5
"Litchfield School District","=""0740011""","Free/Reduced Price Meal Eligibility (2-level)","Eligible For Free Or Reduced Price Meals",74,69.0,74,62.6,27,65.2
"Litchfield School District","=""0740011""","Free/Reduced Price Meal Eligibility (2-level)","Not Eligible For Free Or Reduced Price Meals",433,78.6,433,73.9,194,68.8
"Litchfield School District","=""0740011""","Race/Ethnicity","Asian",8,"*",8,"*","*","*"
"Litchfield School District","=""0740011""","Race/Ethnicity","Black or African American","*","*","*","*","*","*"
"Litchfield School District","=""0740011""","Race/Ethnicity","Hispanic or Latino",27,76.6,27,69.4,14,"*"
"Litchfield School District","=""0740011""","Race/Ethnicity","Native Hawaiian or Other Pacific Islander",8,"*",8,"*","*","*"
"Litchfield School District","=""0740011""","Race/Ethnicity","Two or More Races","*","*","*","*","*","*"
"Litchfield School District","=""0740011""","Race/Ethnicity","White",456,76.9,456,72.0,195,68.6
"Litchfield School District","=""0740011""","Special Education Status (SWD)","Students with Disabilities",90,59.3,90,55.4,40,58.7
"Litchfield School District","=""0740011""","Special Education Status (SWD)","Students without Disabilities",417,81.0,417,75.9,181,70.5
"Madison School District","=""0760011""","All Students","District",1497,75.4,1490,71.5,745,65.5
"Madison School District","=""0760011""","English Language Learners (EL)","English Learners",11,"*",11,"*","*","*"
"Madison School District","=""0760011""","English Language Learners (EL)","Not English Learners",1486,75.5,1479,71.5,"*","*"
"Madison School District","=""0760011""","Gender","Female",680,77.7,679,71.0,373,65.3
"Madison School District","=""0760011""","Gender","Male",817,73.5,811,71.9,372,65.8
"Madison School District","=""0760011""","High Needs (F/R, EL or SWD)","High Needs",256,61.1,254,56.9,126,54.2
"Madison School District","=""0760011""","High Needs (F/R, EL or SWD)","Not High Needs",1241,78.3,1236,74.5,619,67.8
"Madison School District","=""0760011""","Free/Reduced Price Meal Eligibility (2-level)","Eligible For Free Or Reduced Price Meals",58,65.4,58,65.4,33,61.6
"Madison School District","=""0760011""","Free/Reduced Price Meal Eligibility (2-level)","Not Eligible For Free Or Reduced Price Meals",1439,75.8,1432,71.7,712,65.7
"Madison School District","=""0760011""","Race/Ethnicity","American Indian or Alaska Native","*","*","*","*","*","*"
"Madison School District","=""0760011""","Race/Ethnicity","Asian",62,82.5,62,83.7,31,73.6
"Madison School District","=""0760011""","Race/Ethnicity","Black or African American",12,"*",12,"*","*","*"
"Madison School District","=""0760011""","Race/Ethnicity","Hispanic or Latino",50,70.5,50,70.4,24,55.9
"Madison School District","=""0760011""","Race/Ethnicity","Native Hawaiian or Other Pacific Islander","*","*","*","*","N/A","N/A"
"Madison School District","=""0760011""","Race/Ethnicity","Two or More Races",50,83.3,50,77.6,23,68.4
"Madison School District","=""0760011""","Race/Ethnicity","White",1317,75.1,1310,70.8,661,65.4
"Madison School District","=""0760011""","Special Education Status (SWD)","Students with Disabilities",205,58.6,203,53.2,99,51.3
"Madison School District","=""0760011""","Special Education Status (SWD)","Students without Disabilities",1292,78.1,1287,74.4,646,67.7
"Manchester School District","=""0770011""","All Students","District",2907,59.9,2905,54.0,1194,49.4
"Manchester School District","=""0770011""","English Language Learners (EL)","English Learners",209,50.7,209,46.9,67,38.6
"Manchester School District","=""0770011""","English Language Learners (EL)","Not English Learners",2698,60.6,2696,54.5,1127,50.0
"Manchester School District","=""0770011""","Gender","Female",1441,62.7,1440,54.6,558,50.3
"Manchester School District","=""0770011""","Gender","Male",1466,57.2,1465,53.3,636,48.6
"Manchester School District","=""0770011""","High Needs (F/R, EL or SWD)","High Needs",1866,53.7,1865,47.7,768,44.2
"Manchester School District","=""0770011""","High Needs (F/R, EL or SWD)","Not High Needs",1041,71.0,1040,65.2,426,58.7
"Manchester School District","=""0770011""","Free/Reduced Price Meal Eligibility (2-level)","Eligible For Free Or Reduced Price Meals",1709,54.3,1708,48.0,707,44.9
"Manchester School District","=""0770011""","Free/Reduced Price Meal Eligibility (2-level)","Not Eligible For Free Or Reduced Price Meals",1198,67.9,1197,62.4,487,55.8
"Manchester School District","=""0770011""","Race/Ethnicity","American Indian or Alaska Native","*","*","*","*","*","*"
"Manchester School District","=""0770011""","Race/Ethnicity","Asian",205,64.9,204,63.2,89,53.9
"Manchester School District","=""0770011""","Race/Ethnicity","Black or African American",653,53.2,653,46.0,269,41.8
"Manchester School District","=""0770011""","Race/Ethnicity","Hispanic or Latino",786,54.6,785,48.2,311,44.0
"Manchester School District","=""0770011""","Race/Ethnicity","Native Hawaiian or Other Pacific Islander","*","*","*","*","*","*"
"Manchester School District","=""0770011""","Race/Ethnicity","Two or More Races",136,62.6,136,55.5,52,50.6
"Manchester School District","=""0770011""","Race/Ethnicity","White",1113,66.4,1113,60.8,464,56.2
"Manchester School District","=""0770011""","Special Education Status (SWD)","Students with Disabilities",463,39.9,463,33.3,203,34.1
"Manchester School District","=""0770011""","Special Education Status (SWD)","Students without Disabilities",2444,63.7,2442,57.9,991,52.5
"Mansfield School District","=""0780011""","All Students","District",726,81.4,728,76.2,265,68.4
"Mansfield School District","=""0780011""","English Language Learners (EL)","English Learners",23,69.7,23,72.8,8,"*"
"Mansfield School District","=""0780011""","English Language Learners (EL)","Not English Learners",703,81.8,705,76.3,257,69.2
"Mansfield School District","=""0780011""","Gender","Female",344,83.7,343,75.4,130,68.8
"Mansfield School District","=""0780011""","Gender","Male",382,79.4,385,76.9,135,68.1
"Mansfield School District","=""0780011""","High Needs (F/R, EL or SWD)","High Needs",252,71.0,253,65.7,80,61.0
"Mansfield School District","=""0780011""","High Needs (F/R, EL or SWD)","Not High Needs",474,86.9,475,81.8,185,71.7
"Mansfield School District","=""0780011""","Free/Reduced Price Meal Eligibility (2-level)","Eligible For Free Or Reduced Price Meals",180,73.6,179,67.8,55,63.1
"Mansfield School District","=""0780011""","Free/Reduced Price Meal Eligibility (2-level)","Not Eligible For Free Or Reduced Price Meals",546,84.0,549,79.0,210,69.8
"Mansfield School District","=""0780011""","Race/Ethnicity","American Indian or Alaska Native","N/A","N/A","N/A","N/A","N/A","N/A"
"Mansfield School District","=""0780011""","Race/Ethnicity","Asian",75,90.5,75,92.2,25,72.8
"Mansfield School District","=""0780011""","Race/Ethnicity","Black or African American",14,"*",14,"*","*","*"
"Mansfield School District","=""0780011""","Race/Ethnicity","Hispanic or Latino",82,74.0,81,65.8,29,60.8
"Mansfield School District","=""0780011""","Race/Ethnicity","Two or More Races",37,84.0,37,78.3,"*","*"
"Mansfield School District","=""0780011""","Race/Ethnicity","White",518,81.3,521,75.8,200,68.6
"Mansfield School District","=""0780011""","Special Education Status (SWD)","Students with Disabilities",98,58.5,99,52.4,28,55.6
"Mansfield School District","=""0780011""","Special Education Status (SWD)","Students without Disabilities",628,85.0,629,80.0,237,70.0
"Marlborough School District","=""0790011""","All Students","District",340,79.2,339,77.1,91,67.4
"Marlborough School District","=""0790011""","English Language Learners (EL)","Not English Learners",340,79.2,339,77.1,91,67.4
"Marlborough School District","=""0790011""","Gender","Female",154,82.9,153,76.9,46,67.1
"Marlborough School District","=""0790011""","Gender","Male",186,76.1,186,77.3,45,67.6
"Marlborough School District","=""0790011""","High Needs (F/R, EL or SWD)","High Needs",61,65.2,61,61.8,19,"*"
"Marlborough School District","=""0790011""","High Needs (F/R, EL or SWD)","Not High Needs",279,82.2,278,80.5,72,70.8
"Marlborough School District","=""0790011""","Free/Reduced Price Meal Eligibility (2-level)","Eligible For Free Or Reduced Price Meals",34,67.6,34,63.2,11,"*"
"Marlborough School District","=""0790011""","Free/Reduced Price Meal Eligibility (2-level)","Not Eligible For Free Or Reduced Price Meals",306,80.4,305,78.7,80,69.2
"Marlborough School District","=""0790011""","Race/Ethnicity","Asian","*","*","*","*","*","*"
"Marlborough School District","=""0790011""","Race/Ethnicity","Black or African American","*","*","*","*","N/A","N/A"
"Marlborough School District","=""0790011""","Race/Ethnicity","Hispanic or Latino",19,"*",19,"*",8,"*"
"Marlborough School District","=""0790011""","Race/Ethnicity","Two or More Races",11,"*",11,"*","*","*"
"Marlborough School District","=""0790011""","Race/Ethnicity","White",307,79.6,306,77.6,77,68.3
"Marlborough School District","=""0790011""","Special Education Status (SWD)","Students with Disabilities",39,60.7,39,56.0,12,"*"
"Marlborough School District","=""0790011""","Special Education Status (SWD)","Students without Disabilities",301,81.6,300,79.9,79,69.9
"Meriden School District","=""0800011""","All Students","District",3781,60.0,3743,51.9,1626,45.6
"Meriden School District","=""0800011""","English Language Learners (EL)","English Learners",540,48.7,531,42.9,195,34.9
"Meriden School District","=""0800011""","English Language Learners (EL)","Not English Learners",3241,61.9,3212,53.4,1431,47.0
"Meriden School District","=""0800011""","Gender","Female",1863,62.9,1848,52.7,802,46.4
"Meriden School District","=""0800011""","Gender","Male",1918,57.1,1895,51.1,824,44.8
"Meriden School District","=""0800011""","High Needs (F/R, EL or SWD)","High Needs",2739,55.6,2708,47.9,1167,41.7
"Meriden School District","=""0800011""","High Needs (F/R, EL or SWD)","Not High Needs",1042,71.6,1035,62.3,459,55.4
"Meriden School District","=""0800011""","Free/Reduced Price Meal Eligibility (2-level)","Eligible For Free Or Reduced Price Meals",2556,56.0,2527,48.3,1086,41.9
"Meriden School District","=""0800011""","Free/Reduced Price Meal Eligibility (2-level)","Not Eligible For Free Or Reduced Price Meals",1225,68.2,1216,59.2,540,53.0
"Meriden School District","=""0800011""","Race/Ethnicity","American Indian or Alaska Native",27,67.9,27,66.4,"*","*"
"Meriden School District","=""0800011""","Race/Ethnicity","Asian",167,65.3,165,58.8,53,51.2
"Meriden School District","=""0800011""","Race/Ethnicity","Black or African American",374,54.1,370,45.6,191,41.3
"Meriden School District","=""0800011""","Race/Ethnicity","Hispanic or Latino",1869,55.8,1849,47.8,810,41.3
"Meriden School District","=""0800011""","Race/Ethnicity","Native Hawaiian or Other Pacific Islander",16,"*",16,"*","*","*"
"Meriden School District","=""0800011""","Race/Ethnicity","Two or More Races",84,62.8,83,54.1,29,43.1
"Meriden School District","=""0800011""","Race/Ethnicity","White",1244,66.8,1233,58.3,531,53.0
"Meriden School District","=""0800011""","Special Education Status (SWD)","Students with Disabilities",753,43.0,740,35.7,323,34.3
"Meriden School District","=""0800011""","Special Education Status (SWD)","Students without Disabilities",3028,64.2,3003,55.9,1303,48.3
"Middletown School District","=""0830011""","All Students","District",2301,65.3,2299,58.3,959,52.7
"Middletown School District","=""0830011""","English Language Learners (EL)","English Learners",72,50.4,72,46.9,19,"*"
"Middletown School District","=""0830011""","English Language Learners (EL)","Not English Learners",2229,65.8,2227,58.7,940,52.9
"Middletown School District","=""0830011""","Gender","Female",1137,68.1,1136,59.1,483,53.4
"Middletown School District","=""0830011""","Gender","Male",1164,62.6,1163,57.5,476,52.0
"Middletown School District","=""0830011""","High Needs (F/R, EL or SWD)","High Needs",1144,56.2,1142,48.9,475,45.0
"Middletown School District","=""0830011""","High Needs (F/R, EL or SWD)","Not High Needs",1157,74.3,1157,67.6,484,60.2
"Middletown School District","=""0830011""","Free/Reduced Price Meal Eligibility (2-level)","Eligible For Free Or Reduced Price Meals",1025,57.1,1023,49.5,420,45.9
"Middletown School District","=""0830011""","Free/Reduced Price Meal Eligibility (2-level)","Not Eligible For Free Or Reduced Price Meals",1276,71.9,1276,65.4,539,57.9
"Middletown School District","=""0830011""","Race/Ethnicity","American Indian or Alaska Native","*","*","*","*","*","*"
"Middletown School District","=""0830011""","Race/Ethnicity","Asian",86,78.0,86,73.6,43,63.2
"Middletown School District","=""0830011""","Race/Ethnicity","Black or African American",454,56.1,453,46.7,205,44.0
"Middletown School District","=""0830011""","Race/Ethnicity","Hispanic or Latino",378,56.9,378,50.3,132,46.7
"Middletown School District","=""0830011""","Race/Ethnicity","Native Hawaiian or Other Pacific Islander","*","*","*","*","*","*"
"Middletown School District","=""0830011""","Race/Ethnicity","Two or More Races",136,65.6,136,58.3,56,54.4
"Middletown School District","=""0830011""","Race/Ethnicity","White",1241,70.4,1240,64.0,519,56.7
"Middletown School District","=""0830011""","Special Education Status (SWD)","Students with Disabilities",315,41.5,314,35.9,144,34.6
"Middletown School District","=""0830011""","Special Education Status (SWD)","Students without Disabilities",1986,69.1,1985,61.9,815,55.9
"Milford School District","=""0840011""","All Students","District",3126,71.2,3117,64.8,1365,59.6
"Milford School District","=""0840011""","English Language Learners (EL)","English Learners",82,61.8,82,57.0,26,49.8
"Milford School District","=""0840011""","English Language Learners (EL)","Not English Learners",3044,71.4,3035,65.0,1339,59.8
"Milford School District","=""0840011""","Gender","Female",1500,73.8,1495,64.9,618,61.0
"Milford School District","=""0840011""","Gender","Male",1626,68.8,1622,64.8,747,58.5
"Milford School District","=""0840011""","High Needs (F/R, EL or SWD)","High Needs",1025,60.8,1021,54.2,427,50.4
"Milford School District","=""0840011""","High Needs (F/R, EL or SWD)","Not High Needs",2101,76.3,2096,70.0,938,63.8
"Milford School District","=""0840011""","Free/Reduced Price Meal Eligibility (2-level)","Eligible For Free Or Reduced Price Meals",693,63.2,692,56.2,282,52.8
"Milford School District","=""0840011""","Free/Reduced Price Meal Eligibility (2-level)","Not Eligible For Free Or Reduced Price Meals",2433,73.5,2425,67.3,1083,61.4
"Milford School District","=""0840011""","Race/Ethnicity","American Indian or Alaska Native","*","*","*","*","*","*"
"Milford School District","=""0840011""","Race/Ethnicity","Asian",273,77.8,273,75.4,119,64.3
"Milford School District","=""0840011""","Race/Ethnicity","Black or African American",159,63.2,158,54.5,67,53.0
"Milford School District","=""0840011""","Race/Ethnicity","Hispanic or Latino",190,62.5,188,58.1,87,54.5
"Milford School District","=""0840011""","Race/Ethnicity","Native Hawaiian or Other Pacific Islander","*","*","*","*","*","*"
"Milford School District","=""0840011""","Race/Ethnicity","Two or More Races",14,"*",14,"*","*","*"
"Milford School District","=""0840011""","Race/Ethnicity","White",2480,71.6,2474,64.9,1087,60.0
"Milford School District","=""0840011""","Special Education Status (SWD)","Students with Disabilities",445,51.3,442,45.4,192,43.5
"Milford School District","=""0840011""","Special Education Status (SWD)","Students without Disabilities",2681,74.5,2675,68.0,1173,62.3
"Monroe School District","=""0850011""","All Students","District",1699,78.2,1698,71.1,774,69.0
"Monroe School District","=""0850011""","English Language Learners (EL)","English Learners",17,"*",17,"*","*","*"
"Monroe School District","=""0850011""","English Language Learners (EL)","Not English Learners",1682,78.4,1681,71.3,"*","*"
"Monroe School District","=""0850011""","Gender","Female",839,81.0,838,71.4,384,69.3
"Monroe School District","=""0850011""","Gender","Male",860,75.5,860,70.8,390,68.8
"Monroe School District","=""0850011""","High Needs (F/R, EL or SWD)","High Needs",348,63.5,348,56.4,148,56.6
"Monroe School District","=""0850011""","High Needs (F/R, EL or SWD)","Not High Needs",1351,82.0,1350,74.9,626,72.0
"Monroe School District","=""0850011""","Free/Reduced Price Meal Eligibility (2-level)","Eligible For Free Or Reduced Price Meals",136,70.3,136,63.9,61,62.8
"Monroe School District","=""0850011""","Free/Reduced Price Meal Eligibility (2-level)","Not Eligible For Free Or Reduced Price Meals",1563,78.9,1562,71.7,713,69.6
"Monroe School District","=""0850011""","Race/Ethnicity","American Indian or Alaska Native",6,"*",6,"*","*","*"
"Monroe School District","=""0850011""","Race/Ethnicity","Asian",69,85.8,69,81.8,27,76.8
"Monroe School District","=""0850011""","Race/Ethnicity","Black or African American",26,71.9,26,63.1,"*","*"
"Monroe School District","=""0850011""","Race/Ethnicity","Hispanic or Latino",127,72.7,127,65.8,61,61.2
"Monroe School District","=""0850011""","Race/Ethnicity","Two or More Races",38,78.1,38,73.3,15,"*"
"Monroe School District","=""0850011""","Race/Ethnicity","White",1433,78.5,1432,71.2,659,69.6
"Monroe School District","=""0850011""","Special Education Status (SWD)","Students with Disabilities",230,58.2,230,51.0,99,52.1
"Monroe School District","=""0850011""","Special Education Status (SWD)","Students without Disabilities",1469,81.4,1468,74.2,675,71.5
"Montville School District","=""0860011""","All Students","District",1168,69.6,1167,63.0,543,61.4
"Montville School District","=""0860011""","English Language Learners (EL)","English Learners",46,68.6,46,63.1,13,"*"
"Montville School District","=""0860011""","English Language Learners (EL)","Not English Learners",1122,69.6,1121,63.0,530,61.6
"Montville School District","=""0860011""","Gender","Female",570,72.5,570,63.6,270,61.9
"Montville School District","=""0860011""","Gender","Male",598,66.8,597,62.5,273,60.9
"Montville School District","=""0860011""","High Needs (F/R, EL or SWD)","High Needs",567,62.1,566,56.0,251,55.0
"Montville School District","=""0860011""","High Needs (F/R, EL or SWD)","Not High Needs",601,76.6,601,69.6,292,66.9
"Montville School District","=""0860011""","Free/Reduced Price Meal Eligibility (2-level)","Eligible For Free Or Reduced Price Meals",454,64.3,453,58.2,201,57.3
"Montville School District","=""0860011""","Free/Reduced Price Meal Eligibility (2-level)","Not Eligible For Free Or Reduced Price Meals",714,72.9,714,66.1,342,63.8
"Montville School District","=""0860011""","Race/Ethnicity","American Indian or Alaska Native","*","*","*","*",10,"*"
"Montville School District","=""0860011""","Race/Ethnicity","Asian",101,76.4,101,73.5,52,69.7
"Montville School District","=""0860011""","Race/Ethnicity","Black or African American",26,61.7,26,54.3,11,"*"
"Montville School District","=""0860011""","Race/Ethnicity","Hispanic or Latino",97,68.2,97,60.1,46,54.3
"Montville School District","=""0860011""","Race/Ethnicity","Native Hawaiian or Other Pacific Islander","*","*","*","*","N/A","N/A"
"Montville School District","=""0860011""","Race/Ethnicity","Two or More Races",140,67.5,139,61.0,52,60.9
"Montville School District","=""0860011""","Race/Ethnicity","White",783,69.7,783,62.9,372,61.4
"Montville School District","=""0860011""","Special Education Status (SWD)","Students with Disabilities",198,50.3,197,45.1,86,45.5
"Montville School District","=""0860011""","Special Education Status (SWD)","Students without Disabilities",970,73.5,970,66.7,457,64.4
"Naugatuck School District","=""0880011""","All Students","District",2165,63.8,2165,55.6,889,50.9
"Naugatuck School District","=""0880011""","English Language Learners (EL)","English Learners",100,53.3,100,49.1,32,35.3
"Naugatuck School District","=""0880011""","English Language Learners (EL)","Not English Learners",2065,64.3,2065,55.9,857,51.5
"Naugatuck School District","=""0880011""","Gender","Female",991,66.4,991,55.9,413,50.5
"Naugatuck School District","=""0880011""","Gender","Male",1174,61.6,1174,55.3,476,51.4
"Naugatuck School District","=""0880011""","High Needs (F/R, EL or SWD)","High Needs",1254,57.4,1254,49.6,499,45.9
"Naugatuck School District","=""0880011""","High Needs (F/R, EL or SWD)","Not High Needs",911,72.5,911,63.8,390,57.4
"Naugatuck School District","=""0880011""","Free/Reduced Price Meal Eligibility (2-level)","Eligible For Free Or Reduced Price Meals",1076,58.7,1076,50.8,429,46.6
"Naugatuck School District","=""0880011""","Free/Reduced Price Meal Eligibility (2-level)","Not Eligible For Free Or Reduced Price Meals",1089,68.8,1089,60.3,460,55.0
"Naugatuck School District","=""0880011""","Race/Ethnicity","American Indian or Alaska Native","*","*","*","*","N/A","N/A"
"Naugatuck School District","=""0880011""","Race/Ethnicity","Asian",70,71.5,70,66.2,"*","*"
"Naugatuck School District","=""0880011""","Race/Ethnicity","Black or African American",163,56.8,163,47.3,68,44.4
"Naugatuck School District","=""0880011""","Race/Ethnicity","Hispanic or Latino",462,59.9,462,51.2,186,46.3
"Naugatuck School District","=""0880011""","Race/Ethnicity","Native Hawaiian or Other Pacific Islander","*","*","*","*","*","*"
"Naugatuck School District","=""0880011""","Race/Ethnicity","Two or More Races",103,60.5,103,50.6,44,50.8
"Naugatuck School District","=""0880011""","Race/Ethnicity","White",1361,65.8,1361,57.9,554,53.0
"Naugatuck School District","=""0880011""","Special Education Status (SWD)","Students with Disabilities",402,43.0,402,35.6,157,37.9
"Naugatuck School District","=""0880011""","Special Education Status (SWD)","Students without Disabilities",1763,68.5,1763,60.1,732,53.7
"New Britain School District","=""0890011""","All Students","District",4559,51.7,4538,44.5,1777,41.8
"New Britain School District","=""0890011""","English Language Learners (EL)","English Learners",828,42.8,822,36.7,317,33.2
"New Britain School District","=""0890011""","English Language Learners (EL)","Not English Learners",3731,53.6,3716,46.2,1460,43.7
"New Britain School District","=""0890011""","Gender","Female",2131,54.1,2118,45.0,810,42.3
"New Britain School District","=""0890011""","Gender","Male",2428,49.5,2420,44.0,967,41.4
"New Britain School District","=""0890011""","High Needs (F/R, EL or SWD)","High Needs",3926,49.6,3907,42.5,1517,40.0
"New Britain School District","=""0890011""","High Needs (F/R, EL or SWD)","Not High Needs",633,64.3,631,56.7,260,52.5
"New Britain School District","=""0890011""","Free/Reduced Price Meal Eligibility (2-level)","Eligible For Free Or Reduced Price Meals",3761,49.8,3743,42.7,1455,40.2
"New Britain School District","=""0890011""","Free/Reduced Price Meal Eligibility (2-level)","Not Eligible For Free Or Reduced Price Meals",798,60.2,795,53.2,322,49.4
"New Britain School District","=""0890011""","Race/Ethnicity","American Indian or Alaska Native","*","*","*","*","*","*"
"New Britain School District","=""0890011""","Race/Ethnicity","Asian",112,62.9,111,56.5,42,46.4
"New Britain School District","=""0890011""","Race/Ethnicity","Black or African American",576,51.8,572,43.6,274,41.1
"New Britain School District","=""0890011""","Race/Ethnicity","Hispanic or Latino",2794,48.9,2786,41.9,1068,39.4
"New Britain School District","=""0890011""","Race/Ethnicity","Native Hawaiian or Other Pacific Islander","*","*","*","*","N/A","N/A"
"New Britain School District","=""0890011""","Race/Ethnicity","Two or More Races",102,53.6,101,47.3,"*","*"
"New Britain School District","=""0890011""","Race/Ethnicity","White",965,58.0,958,50.9,351,48.9
"New Britain School District","=""0890011""","Special Education Status (SWD)","Students with Disabilities",881,37.9,877,31.2,373,31.6
"New Britain School District","=""0890011""","Special Education Status (SWD)","Students without Disabilities",3678,54.9,3661,47.7,1404,44.5
"New Canaan School District","=""0900011""","All Students","District",2312,82.2,2311,79.6,953,71.3
"New Canaan School District","=""0900011""","English Language Learners (EL)","English Learners",26,71.4,26,73.4,"*","*"
"New Canaan School District","=""0900011""","English Language Learners (EL)","Not English Learners",2286,82.3,2285,79.7,"*","*"
"New Canaan School District","=""0900011""","Gender","Female",1112,84.6,1112,78.7,469,71.6
"New Canaan School District","=""0900011""","Gender","Male",1200,80.0,1199,80.5,484,71.1
"New Canaan School District","=""0900011""","High Needs (F/R, EL or SWD)","High Needs",280,63.0,279,60.7,125,55.7
"New Canaan School District","=""0900011""","High Needs (F/R, EL or SWD)","Not High Needs",2032,84.9,2032,82.2,828,73.7
"New Canaan School District","=""0900011""","Free/Reduced Price Meal Eligibility (2-level)","Not Eligible For Free Or Reduced Price Meals",2312,82.2,2311,79.6,953,71.3
"New Canaan School District","=""0900011""","Race/Ethnicity","American Indian or Alaska Native","*","*","*","*","*","*"
"New Canaan School District","=""0900011""","Race/Ethnicity","Asian",140,90.7,140,90.4,49,75.4
"New Canaan School District","=""0900011""","Race/Ethnicity","Black or African American","*","*","*","*","*","*"
"New Canaan School District","=""0900011""","Race/Ethnicity","Hispanic or Latino",85,74.9,85,71.9,34,65.9
"New Canaan School District","=""0900011""","Race/Ethnicity","Two or More Races",43,81.2,43,81.0,24,74.6
"New Canaan School District","=""0900011""","Race/Ethnicity","White",2012,82.0,2011,79.3,832,71.3
"New Canaan School District","=""0900011""","Special Education Status (SWD)","Students with Disabilities",259,61.9,258,59.2,120,55.6
"New Canaan School District","=""0900011""","Special Education Status (SWD)","Students without Disabilities",2053,84.8,2053,82.2,833,73.6
"New Fairfield School District","=""0910011""","All Students","District",1208,75.3,1195,68.6,552,63.2
"New Fairfield School District","=""0910011""","English Language Learners (EL)","English Learners",24,61.3,23,53.4,9,"*"
"New Fairfield School District","=""0910011""","English Language Learners (EL)","Not English Learners",1184,75.6,1172,68.9,543,63.5
"New Fairfield School District","=""0910011""","Gender","Female",566,77.5,560,67.6,274,62.6
"New Fairfield School District","=""0910011""","Gender","Male",642,73.4,635,69.6,278,63.8
"New Fairfield School District","=""0910011""","High Needs (F/R, EL or SWD)","High Needs",232,62.8,224,56.5,101,50.6
"New Fairfield School District","=""0910011""","High Needs (F/R, EL or SWD)","Not High Needs",976,78.3,971,71.4,451,66.1
"New Fairfield School District","=""0910011""","Free/Reduced Price Meal Eligibility (2-level)","Eligible For Free Or Reduced Price Meals",113,68.2,110,62.5,55,54.5
"New Fairfield School District","=""0910011""","Free/Reduced Price Meal Eligibility (2-level)","Not Eligible For Free Or Reduced Price Meals",1095,76.1,1085,69.3,497,64.2
"New Fairfield School District","=""0910011""","Race/Ethnicity","American Indian or Alaska Native","*","*","*","*","*","*"
"New Fairfield School District","=""0910011""","Race/Ethnicity","Asian",25,78.8,25,75.0,11,"*"
"New Fairfield School District","=""0910011""","Race/Ethnicity","Black or African American","*","*","*","*","*","*"
"New Fairfield School District","=""0910011""","Race/Ethnicity","Hispanic or Latino",104,69.9,102,63.2,41,58.3
"New Fairfield School District","=""0910011""","Race/Ethnicity","Two or More Races",21,74.9,21,67.3,8,"*"
"New Fairfield School District","=""0910011""","Race/Ethnicity","White",1038,75.8,1027,69.1,485,63.8
"New Fairfield School District","=""0910011""","Special Education Status (SWD)","Students with Disabilities",121,56.2,115,49.9,51,43.3
"New Fairfield School District","=""0910011""","Special Education Status (SWD)","Students without Disabilities",1087,77.5,1080,70.6,501,65.3
"New Hartford School District","=""0920011""","All Students","District",283,77.0,283,67.0,68,63.4
"New Hartford School District","=""0920011""","English Language Learners (EL)","Not English Learners",283,77.0,283,67.0,68,63.4
"New Hartford School District","=""0920011""","Gender","Female",149,80.3,149,67.4,42,61.7
"New Hartford School District","=""0920011""","Gender","Male",134,73.3,134,66.5,26,66.0
"New Hartford School District","=""0920011""","High Needs (F/R, EL or SWD)","High Needs",65,65.1,65,56.6,17,"*"
"New Hartford School District","=""0920011""","High Needs (F/R, EL or SWD)","Not High Needs",218,80.6,218,70.1,51,65.6
"New Hartford School District","=""0920011""","Free/Reduced Price Meal Eligibility (2-level)","Eligible For Free Or Reduced Price Meals",26,73.2,26,62.6,8,"*"
"New Hartford School District","=""0920011""","Free/Reduced Price Meal Eligibility (2-level)","Not Eligible For Free Or Reduced Price Meals",257,77.4,257,67.5,60,63.7
"New Hartford School District","=""0920011""","Race/Ethnicity","Asian","*","*","*","*","*","*"
"New Hartford School District","=""0920011""","Race/Ethnicity","Black or African American","*","*","*","*","*","*"
"New Hartford School District","=""0920011""","Race/Ethnicity","Hispanic or Latino",9,"*",9,"*","*","*"
"New Hartford School District","=""0920011""","Race/Ethnicity","Two or More Races",8,"*",8,"*","*","*"
"New Hartford School District","=""0920011""","Race/Ethnicity","White",261,77.5,261,67.4,61,64.1
"New Hartford School District","=""0920011""","Special Education Status (SWD)","Students with Disabilities",41,58.2,41,51.4,11,"*"
"New Hartford School District","=""0920011""","Special Education Status (SWD)","Students without Disabilities",242,80.2,242,69.7,57,65.3
"New Haven School District","=""0930011""","All Students","District",9784,57.3,9767,49.4,4038,44.9
"New Haven School District","=""0930011""","English Language Learners (EL)","English Learners",1660,49.8,1658,44.4,578,36.0
"New Haven School District","=""0930011""","English Language Learners (EL)","Not English Learners",8124,58.9,8109,50.4,3460,46.3
"New Haven School District","=""0930011""","Gender","Female",4857,60.0,4847,50.2,2035,45.6
"New Haven School District","=""0930011""","Gender","Male",4927,54.8,4920,48.5,2003,44.1
"New Haven School District","=""0930011""","High Needs (F/R, EL or SWD)","High Needs",6915,53.1,6903,45.5,2740,40.6
"New Haven School District","=""0930011""","High Needs (F/R, EL or SWD)","Not High Needs",2869,67.6,2864,58.6,1298,53.9
"New Haven School District","=""0930011""","Free/Reduced Price Meal Eligibility (2-level)","Eligible For Free Or Reduced Price Meals",6045,53.6,6035,45.9,2386,41.1
"New Haven School District","=""0930011""","Free/Reduced Price Meal Eligibility (2-level)","Not Eligible For Free Or Reduced Price Meals",3739,63.4,3732,55.0,1652,50.3
"New Haven School District","=""0930011""","Race/Ethnicity","American Indian or Alaska Native","*","*","*","*",10,"*"
"New Haven School District","=""0930011""","Race/Ethnicity","Asian",190,78.2,190,73.8,81,65.7
"New Haven School District","=""0930011""","Race/Ethnicity","Black or African American",3986,53.5,3980,45.1,1659,41.0
"New Haven School District","=""0930011""","Race/Ethnicity","Hispanic or Latino",4174,55.9,4166,48.5,1704,43.1
"New Haven School District","=""0930011""","Race/Ethnicity","Native Hawaiian or Other Pacific Islander","*","*","*","*","N/A","N/A"
"New Haven School District","=""0930011""","Race/Ethnicity","Two or More Races",45,63.5,45,51.1,14,"*"
"New Haven School District","=""0930011""","Race/Ethnicity","White",1366,69.9,1363,61.0,570,58.0
"New Haven School District","=""0930011""","Special Education Status (SWD)","Students with Disabilities",1563,41.5,1553,34.6,699,33.8
"New Haven School District","=""0930011""","Special Education Status (SWD)","Students without Disabilities",8221,60.4,8214,52.1,3339,47.2
"Newington School District","=""0940011""","All Students","District",2176,68.7,2174,64.9,919,59.6
"Newington School District","=""0940011""","English Language Learners (EL)","English Learners",117,63.1,116,60.8,31,49.1
"Newington School District","=""0940011""","English Language Learners (EL)","Not English Learners",2059,69.0,2058,65.1,888,60.0
"Newington School District","=""0940011""","Gender","Female",1081,71.2,1079,64.9,443,59.7
"Newington School District","=""0940011""","Gender","Male",1095,66.2,1095,64.9,476,59.6
"Newington School District","=""0940011""","High Needs (F/R, EL or SWD)","High Needs",738,59.9,737,56.4,325,51.9
"Newington School District","=""0940011""","High Needs (F/R, EL or SWD)","Not High Needs",1438,73.2,1437,69.2,594,63.8
"Newington School District","=""0940011""","Free/Reduced Price Meal Eligibility (2-level)","Eligible For Free Or Reduced Price Meals",481,61.9,480,58.4,214,54.3
"Newington School District","=""0940011""","Free/Reduced Price Meal Eligibility (2-level)","Not Eligible For Free Or Reduced Price Meals",1695,70.6,1694,66.7,705,61.2
"Newington School District","=""0940011""","Race/Ethnicity","American Indian or Alaska Native","*","*","*","*","*","*"
"Newington School District","=""0940011""","Race/Ethnicity","Asian",198,73.5,198,71.6,97,61.6
"Newington School District","=""0940011""","Race/Ethnicity","Black or African American",116,61.3,116,56.7,52,50.6
"Newington School District","=""0940011""","Race/Ethnicity","Hispanic or Latino",381,63.7,381,58.1,164,52.8
"Newington School District","=""0940011""","Race/Ethnicity","Native Hawaiian or Other Pacific Islander","*","*","*","*","*","*"
"Newington School District","=""0940011""","Race/Ethnicity","Two or More Races",108,66.7,108,62.5,37,61.4
"Newington School District","=""0940011""","Race/Ethnicity","White",1369,70.2,1367,66.7,566,62.0
"Newington School District","=""0940011""","Special Education Status (SWD)","Students with Disabilities",298,50.7,298,47.2,138,44.9
"Newington School District","=""0940011""","Special Education Status (SWD)","Students without Disabilities",1878,71.5,1876,67.7,781,62.2
"New London School District","=""0950011""","All Students","District",1541,55.4,1541,49.1,662,47.1
"New London School District","=""0950011""","English Language Learners (EL)","English Learners",418,46.3,417,41.3,165,34.3
"New London School District","=""0950011""","English Language Learners (EL)","Not English Learners",1123,58.7,1124,52.0,497,51.4
"New London School District","=""0950011""","Gender","Female",748,59.6,749,50.9,303,47.5
"New London School District","=""0950011""","Gender","Male",793,51.3,792,47.4,359,46.8
"New London School District","=""0950011""","High Needs (F/R, EL or SWD)","High Needs",1331,53.1,1330,46.9,569,44.3
"New London School District","=""0950011""","High Needs (F/R, EL or SWD)","Not High Needs",210,69.8,211,62.7,93,64.4
"New London School District","=""0950011""","Free/Reduced Price Meal Eligibility (2-level)","Eligible For Free Or Reduced Price Meals",1256,53.4,1255,47.2,528,44.9
"New London School District","=""0950011""","Free/Reduced Price Meal Eligibility (2-level)","Not Eligible For Free Or Reduced Price Meals",285,63.8,286,57.2,134,55.8
"New London School District","=""0950011""","Race/Ethnicity","American Indian or Alaska Native","*","*","*","*","*","*"
"New London School District","=""0950011""","Race/Ethnicity","Asian",17,"*",17,"*",10,"*"
"New London School District","=""0950011""","Race/Ethnicity","Black or African American",327,51.9,327,46.3,137,44.9
"New London School District","=""0950011""","Race/Ethnicity","Hispanic or Latino",821,52.5,820,46.7,357,43.1
"New London School District","=""0950011""","Race/Ethnicity","Native Hawaiian or Other Pacific Islander","*","*","*","*","*","*"
"New London School District","=""0950011""","Race/Ethnicity","Two or More Races",117,60.2,117,53.8,48,56.7
"New London School District","=""0950011""","Race/Ethnicity","White",242,66.4,243,57.6,100,58.1
"New London School District","=""0950011""","Special Education Status (SWD)","Students with Disabilities",305,42.2,304,35.8,141,34.6
"New London School District","=""0950011""","Special Education Status (SWD)","Students without Disabilities",1236,58.6,1237,52.3,521,50.5
"New Milford School District","=""0960011""","All Students","District",2156,67.3,2123,63.1,1020,61.2
"New Milford School District","=""0960011""","English Language Learners (EL)","English Learners",79,54.8,79,49.9,32,43.1
"New Milford School District","=""0960011""","English Language Learners (EL)","Not English Learners",2077,67.8,2044,63.6,988,61.8
"New Milford School District","=""0960011""","Gender","Female",992,70.3,978,63.2,478,60.8
"New Milford School District","=""0960011""","Gender","Male",1164,64.8,1145,63.0,542,61.7
"New Milford School District","=""0960011""","High Needs (F/R, EL or SWD)","High Needs",744,57.7,730,52.1,345,52.5
"New Milford School District","=""0960011""","High Needs (F/R, EL or SWD)","Not High Needs",1412,72.4,1393,68.9,675,65.7
"New Milford School District","=""0960011""","Free/Reduced Price Meal Eligibility (2-level)","Eligible For Free Or Reduced Price Meals",495,60.6,487,55.4,224,54.3
"New Milford School District","=""0960011""","Free/Reduced Price Meal Eligibility (2-level)","Not Eligible For Free Or Reduced Price Meals",1661,69.3,1636,65.4,796,63.2
"New Milford School District","=""0960011""","Race/Ethnicity","American Indian or Alaska Native","*","*","*","*","N/A","N/A"
"New Milford School District","=""0960011""","Race/Ethnicity","Asian",85,76.2,85,77.2,36,71.1
"New Milford School District","=""0960011""","Race/Ethnicity","Black or African American","*","*","*","*",18,"*"
"New Milford School District","=""0960011""","Race/Ethnicity","Hispanic or Latino",259,61.0,257,55.1,111,50.7
"New Milford School District","=""0960011""","Race/Ethnicity","Two or More Races",69,68.7,68,61.2,30,62.4
"New Milford School District","=""0960011""","Race/Ethnicity","White",1699,67.9,1669,63.8,825,62.3
"New Milford School District","=""0960011""","Special Education Status (SWD)","Students with Disabilities",341,49.4,332,42.6,165,47.4
"New Milford School District","=""0960011""","Special Education Status (SWD)","Students without Disabilities",1815,70.7,1791,66.9,855,63.9
"Newtown School District","=""0970011""","All Students","District",2463,76.6,2460,74.1,1164,67.0
"Newtown School District","=""0970011""","English Language Learners (EL)","English Learners",12,"*",12,"*","*","*"
"Newtown School District","=""0970011""","English Language Learners (EL)","Not English Learners",2451,76.7,2448,74.2,"*","*"
"Newtown School District","=""0970011""","Gender","Female",1189,78.1,1187,73.0,568,65.9
"Newtown School District","=""0970011""","Gender","Male",1274,75.1,1273,75.2,596,68.0
"Newtown School District","=""0970011""","High Needs (F/R, EL or SWD)","High Needs",443,63.5,441,59.9,186,54.5
"Newtown School District","=""0970011""","High Needs (F/R, EL or SWD)","Not High Needs",2020,79.4,2019,77.2,978,69.4
"Newtown School District","=""0970011""","Free/Reduced Price Meal Eligibility (2-level)","Eligible For Free Or Reduced Price Meals",192,66.6,191,63.5,84,56.4
"Newtown School District","=""0970011""","Free/Reduced Price Meal Eligibility (2-level)","Not Eligible For Free Or Reduced Price Meals",2271,77.4,2269,75.0,1080,67.8
"Newtown School District","=""0970011""","Race/Ethnicity","Asian",99,80.8,99,82.2,52,71.1
"Newtown School District","=""0970011""","Race/Ethnicity","Black or African American",36,73.4,36,68.0,20,66.1
"Newtown School District","=""0970011""","Race/Ethnicity","Hispanic or Latino",128,70.4,128,67.8,66,61.2
"Newtown School District","=""0970011""","Race/Ethnicity","Two or More Races",43,82.6,43,80.8,11,"*"
"Newtown School District","=""0970011""","Race/Ethnicity","White",2157,76.7,2154,74.1,1015,67.2
"Newtown School District","=""0970011""","Special Education Status (SWD)","Students with Disabilities",290,60.0,288,55.7,121,51.3
"Newtown School District","=""0970011""","Special Education Status (SWD)","Students without Disabilities",2173,78.8,2172,76.6,1043,68.8
"Norfolk School District","=""0980011""","All Students","District",57,72.5,57,66.3,11,"*"
"Norfolk School District","=""0980011""","English Language Learners (EL)","Not English Learners",57,72.5,57,66.3,11,"*"
"Norfolk School District","=""0980011""","Gender","Female",29,71.9,29,63.2,"*","*"
"Norfolk School District","=""0980011""","Gender","Male",28,73.2,28,69.5,"*","*"
"Norfolk School District","=""0980011""","High Needs (F/R, EL or SWD)","High Needs",19,"*",19,"*","*","*"
"Norfolk School District","=""0980011""","High Needs (F/R, EL or SWD)","Not High Needs",38,79.1,38,73.4,"*","*"
"Norfolk School District","=""0980011""","Free/Reduced Price Meal Eligibility (2-level)","Eligible For Free Or Reduced Price Meals",8,"*",8,"*","*","*"
"Norfolk School District","=""0980011""","Free/Reduced Price Meal Eligibility (2-level)","Not Eligible For Free Or Reduced Price Meals",49,74.6,49,68.7,"*","*"
"Norfolk School District","=""0980011""","Race/Ethnicity","Hispanic or Latino","*","*","*","*","N/A","N/A"
"Norfolk School District","=""0980011""","Race/Ethnicity","White","*","*","*","*",11,"*"
"Norfolk School District","=""0980011""","Special Education Status (SWD)","Students with Disabilities",14,"*",14,"*","*","*"
"Norfolk School District","=""0980011""","Special Education Status (SWD)","Students without Disabilities",43,77.8,43,72.4,"*","*"
"North Branford School District","=""0990011""","All Students","District",999,68.7,999,63.0,449,61.2
"North Branford School District","=""0990011""","English Language Learners (EL)","English Learners",13,"*",13,"*","*","*"
"North Branford School District","=""0990011""","English Language Learners (EL)","Not English Learners",986,68.8,986,63.2,"*","*"
"North Branford School District","=""0990011""","Gender","Female",495,72.8,495,64.3,223,64.0
"North Branford School District","=""0990011""","Gender","Male",504,64.7,504,61.8,226,58.5
"North Branford School District","=""0990011""","High Needs (F/R, EL or SWD)","High Needs",317,57.3,317,52.6,140,53.2
"North Branford School District","=""0990011""","High Needs (F/R, EL or SWD)","Not High Needs",682,74.0,682,67.9,309,64.8
"North Branford School District","=""0990011""","Free/Reduced Price Meal Eligibility (2-level)","Eligible For Free Or Reduced Price Meals",175,62.4,175,57.8,87,58.1
"North Branford School District","=""0990011""","Free/Reduced Price Meal Eligibility (2-level)","Not Eligible For Free Or Reduced Price Meals",824,70.0,824,64.1,362,62.0
"North Branford School District","=""0990011""","Race/Ethnicity","American Indian or Alaska Native","*","*","*","*","*","*"
"North Branford School District","=""0990011""","Race/Ethnicity","Asian",22,75.0,22,68.6,"*","*"
"North Branford School District","=""0990011""","Race/Ethnicity","Black or African American",29,65.2,29,56.8,10,"*"
"North Branford School District","=""0990011""","Race/Ethnicity","Hispanic or Latino",55,64.8,55,56.9,27,56.0
"North Branford School District","=""0990011""","Race/Ethnicity","Two or More Races","*","*","*","*","N/A","N/A"
"North Branford School District","=""0990011""","Race/Ethnicity","White",889,68.9,889,63.5,406,61.8
"North Branford School District","=""0990011""","Special Education Status (SWD)","Students with Disabilities",179,48.5,179,44.6,78,43.4
"North Branford School District","=""0990011""","Special Education Status (SWD)","Students without Disabilities",820,73.1,820,67.1,371,64.9
"North Canaan School District","=""1000011""","All Students","District",158,70.6,158,63.2,42,56.4
"North Canaan School District","=""1000011""","English Language Learners (EL)","English Learners","*","*","*","*","*","*"
"North Canaan School District","=""1000011""","English Language Learners (EL)","Not English Learners","*","*","*","*","*","*"
"North Canaan School District","=""1000011""","Gender","Female",76,74.4,76,64.8,20,62.4
"North Canaan School District","=""1000011""","Gender","Male",82,67.1,82,61.7,22,50.9
"North Canaan School District","=""1000011""","High Needs (F/R, EL or SWD)","High Needs",69,62.4,69,56.3,14,"*"
"North Canaan School District","=""1000011""","High Needs (F/R, EL or SWD)","Not High Needs",89,77.0,89,68.5,28,61.5
"North Canaan School District","=""1000011""","Free/Reduced Price Meal Eligibility (2-level)","Eligible For Free Or Reduced Price Meals",45,65.3,45,58.3,12,"*"
"North Canaan School District","=""1000011""","Free/Reduced Price Meal Eligibility (2-level)","Not Eligible For Free Or Reduced Price Meals",113,72.7,113,65.2,30,59.1
"North Canaan School District","=""1000011""","Race/Ethnicity","Asian","*","*","*","*","*","*"
"North Canaan School District","=""1000011""","Race/Ethnicity","Black or African American","*","*","*","*","N/A","N/A"
"North Canaan School District","=""1000011""","Race/Ethnicity","Hispanic or Latino",22,71.3,22,66.9,"*","*"
"North Canaan School District","=""1000011""","Race/Ethnicity","Two or More Races","*","*","*","*","N/A","N/A"
"North Canaan School District","=""1000011""","Race/Ethnicity","White",131,70.2,131,62.3,36,56.3
"North Canaan School District","=""1000011""","Special Education Status (SWD)","Students with Disabilities",35,52.1,35,48.0,7,"*"
"North Canaan School District","=""1000011""","Special Education Status (SWD)","Students without Disabilities",123,75.9,123,67.5,35,59.7
"North Haven School District","=""1010011""","All Students","District",1684,74.7,1680,68.7,739,60.4
"North Haven School District","=""1010011""","English Language Learners (EL)","English Learners",40,60.4,40,62.5,7,"*"
"North Haven School District","=""1010011""","English Language Learners (EL)","Not English Learners",1644,75.0,1640,68.9,732,60.7
"North Haven School District","=""1010011""","Gender","Female",834,77.2,832,68.6,341,60.2
"North Haven School District","=""1010011""","Gender","Male",850,72.1,848,68.8,398,60.6
"North Haven School District","=""1010011""","High Needs (F/R, EL or SWD)","High Needs",429,62.5,428,57.7,183,51.4
"North Haven School District","=""1010011""","High Needs (F/R, EL or SWD)","Not High Needs",1255,78.8,1252,72.5,556,63.4
"North Haven School District","=""1010011""","Free/Reduced Price Meal Eligibility (2-level)","Eligible For Free Or Reduced Price Meals",249,65.9,249,61.0,124,54.1
"North Haven School District","=""1010011""","Free/Reduced Price Meal Eligibility (2-level)","Not Eligible For Free Or Reduced Price Meals",1435,76.2,1431,70.0,615,61.7
"North Haven School District","=""1010011""","Race/Ethnicity","American Indian or Alaska Native","*","*","*","*","*","*"
"North Haven School District","=""1010011""","Race/Ethnicity","Asian",103,78.6,103,79.1,53,68.0
"North Haven School District","=""1010011""","Race/Ethnicity","Black or African American",47,70.0,47,65.4,25,60.6
"North Haven School District","=""1010011""","Race/Ethnicity","Hispanic or Latino",105,70.1,105,62.2,45,53.6
"North Haven School District","=""1010011""","Race/Ethnicity","Native Hawaiian or Other Pacific Islander","*","*","*","*","N/A","N/A"
"North Haven School District","=""1010011""","Race/Ethnicity","Two or More Races",37,83.1,37,77.9,"*","*"
"North Haven School District","=""1010011""","Race/Ethnicity","White",1388,74.7,1384,68.3,595,60.2
"North Haven School District","=""1010011""","Special Education Status (SWD)","Students with Disabilities",219,55.9,218,50.1,87,44.2
"North Haven School District","=""1010011""","Special Education Status (SWD)","Students without Disabilities",1465,77.5,1462,71.5,652,62.6
"North Stonington School District","=""1020011""","All Students","District",390,76.2,389,74.3,152,69.5
"North Stonington School District","=""1020011""","English Language Learners (EL)","English Learners","*","*","*","*","N/A","N/A"
"North Stonington School District","=""1020011""","English Language Learners (EL)","Not English Learners","*","*","*","*",152,69.5
"North Stonington School District","=""1020011""","Gender","Female",181,77.3,180,73.2,71,70.3
"North Stonington School District","=""1020011""","Gender","Male",209,75.3,209,75.2,81,68.8
"North Stonington School District","=""1020011""","High Needs (F/R, EL or SWD)","High Needs",87,65.4,86,64.1,35,60.9
"North Stonington School District","=""1020011""","High Needs (F/R, EL or SWD)","Not High Needs",303,79.3,303,77.2,117,72.1
"North Stonington School District","=""1020011""","Free/Reduced Price Meal Eligibility (2-level)","Eligible For Free Or Reduced Price Meals",61,66.1,60,63.8,27,63.3
"North Stonington School District","=""1020011""","Free/Reduced Price Meal Eligibility (2-level)","Not Eligible For Free Or Reduced Price Meals",329,78.1,329,76.2,125,70.8
"North Stonington School District","=""1020011""","Race/Ethnicity","American Indian or Alaska Native","*","*","*","*","*","*"
"North Stonington School District","=""1020011""","Race/Ethnicity","Asian",9,"*",9,"*","*","*"
"North Stonington School District","=""1020011""","Race/Ethnicity","Black or African American",9,"*",9,"*","*","*"
"North Stonington School District","=""1020011""","Race/Ethnicity","Hispanic or Latino",14,"*",14,"*",8,"*"
"North Stonington School District","=""1020011""","Race/Ethnicity","Native Hawaiian or Other Pacific Islander","*","*","*","*","*","*"
"North Stonington School District","=""1020011""","Race/Ethnicity","Two or More Races",10,"*",10,"*","*","*"
"North Stonington School District","=""1020011""","Race/Ethnicity","White",342,77.3,341,74.8,131,69.9
"North Stonington School District","=""1020011""","Special Education Status (SWD)","Students with Disabilities",33,61.8,33,63.0,18,"*"
"North Stonington School District","=""1020011""","Special Education Status (SWD)","Students without Disabilities",357,77.5,356,75.3,134,71.8
"Norwalk School District","=""1030011""","All Students","District",5611,64.7,5602,57.4,2334,55.1
"Norwalk School District","=""1030011""","English Language Learners (EL)","English Learners",834,51.8,834,46.5,285,41.1
"Norwalk School District","=""1030011""","English Language Learners (EL)","Not English Learners",4777,67.0,4768,59.4,2049,57.0
"Norwalk School District","=""1030011""","Gender","Female",2699,66.8,2697,57.2,1165,55.2
"Norwalk School District","=""1030011""","Gender","Male",2912,62.8,2905,57.6,1169,55.0
"Norwalk School District","=""1030011""","High Needs (F/R, EL or SWD)","High Needs",3385,57.9,3377,50.7,1360,48.7
"Norwalk School District","=""1030011""","High Needs (F/R, EL or SWD)","Not High Needs",2226,75.2,2225,67.6,974,64.0
"Norwalk School District","=""1030011""","Free/Reduced Price Meal Eligibility (2-level)","Eligible For Free Or Reduced Price Meals",3015,58.6,3014,51.3,1204,49.4
"Norwalk School District","=""1030011""","Free/Reduced Price Meal Eligibility (2-level)","Not Eligible For Free Or Reduced Price Meals",2596,71.9,2588,64.6,1130,61.1
"Norwalk School District","=""1030011""","Race/Ethnicity","American Indian or Alaska Native","*","*","*","*","N/A","N/A"
"Norwalk School District","=""1030011""","Race/Ethnicity","Asian",255,74.3,254,68.8,108,65.2
"Norwalk School District","=""1030011""","Race/Ethnicity","Black or African American",1011,55.9,1011,47.7,452,47.8
"Norwalk School District","=""1030011""","Race/Ethnicity","Hispanic or Latino",2437,60.5,2436,53.4,998,51.2
"Norwalk School District","=""1030011""","Race/Ethnicity","Native Hawaiian or Other Pacific Islander","*","*","*","*","N/A","N/A"
"Norwalk School District","=""1030011""","Race/Ethnicity","Two or More Races",95,69.6,94,63.2,24,61.0
"Norwalk School District","=""1030011""","Race/Ethnicity","White",1806,73.8,1800,66.5,752,63.0
"Norwalk School District","=""1030011""","Special Education Status (SWD)","Students with Disabilities",846,46.2,838,39.6,374,40.0
"Norwalk School District","=""1030011""","Special Education Status (SWD)","Students without Disabilities",4765,68.0,4764,60.6,1960,58.0
"Norwich School District","=""1040011""","All Students","District",2072,58.4,2069,51.6,712,48.2
"Norwich School District","=""1040011""","English Language Learners (EL)","English Learners",302,50.3,301,44.9,77,36.6
"Norwich School District","=""1040011""","English Language Learners (EL)","Not English Learners",1770,59.8,1768,52.7,635,49.6
"Norwich School District","=""1040011""","Gender","Female",1016,61.2,1016,52.2,349,49.4
"Norwich School District","=""1040011""","Gender","Male",1056,55.6,1053,50.9,363,47.0
"Norwich School District","=""1040011""","High Needs (F/R, EL or SWD)","High Needs",1688,55.8,1685,49.1,567,45.8
"Norwich School District","=""1040011""","High Needs (F/R, EL or SWD)","Not High Needs",384,69.5,384,62.2,145,57.3
"Norwich School District","=""1040011""","Free/Reduced Price Meal Eligibility (2-level)","Eligible For Free Or Reduced Price Meals",1599,56.0,1597,49.2,550,46.1
"Norwich School District","=""1040011""","Free/Reduced Price Meal Eligibility (2-level)","Not Eligible For Free Or Reduced Price Meals",473,66.3,472,59.4,162,55.3
"Norwich School District","=""1040011""","Race/Ethnicity","American Indian or Alaska Native","*","*","*","*","*","*"
"Norwich School District","=""1040011""","Race/Ethnicity","Asian",144,68.5,144,65.5,46,55.2
"Norwich School District","=""1040011""","Race/Ethnicity","Black or African American",397,51.6,397,43.8,150,41.6
"Norwich School District","=""1040011""","Race/Ethnicity","Hispanic or Latino",591,54.7,588,48.5,194,45.4
"Norwich School District","=""1040011""","Race/Ethnicity","Native Hawaiian or Other Pacific Islander","*","*","*","*","*","*"
"Norwich School District","=""1040011""","Race/Ethnicity","Two or More Races",210,60.1,210,52.8,60,48.6
"Norwich School District","=""1040011""","Race/Ethnicity","White",716,62.7,716,55.4,260,52.7
"Norwich School District","=""1040011""","Special Education Status (SWD)","Students with Disabilities",410,42.6,409,36.0,137,34.9
"Norwich School District","=""1040011""","Special Education Status (SWD)","Students without Disabilities",1662,62.3,1660,55.4,575,51.3
"Old Saybrook School District","=""1060011""","All Students","District",699,73.7,697,67.4,321,63.5
"Old Saybrook School District","=""1060011""","English Language Learners (EL)","English Learners",21,55.4,21,49.0,7,"*"
"Old Saybrook School District","=""1060011""","English Language Learners (EL)","Not English Learners",678,74.3,676,68.0,314,64.0
"Old Saybrook School District","=""1060011""","Gender","Female",343,74.8,342,65.6,156,63.6
"Old Saybrook School District","=""1060011""","Gender","Male",356,72.7,355,69.2,165,63.5
"Old Saybrook School District","=""1060011""","High Needs (F/R, EL or SWD)","High Needs",226,63.7,224,56.9,94,52.9
"Old Saybrook School District","=""1060011""","High Needs (F/R, EL or SWD)","Not High Needs",473,78.5,473,72.4,227,67.9
"Old Saybrook School District","=""1060011""","Free/Reduced Price Meal Eligibility (2-level)","Eligible For Free Or Reduced Price Meals",129,66.9,127,59.8,50,55.1
"Old Saybrook School District","=""1060011""","Free/Reduced Price Meal Eligibility (2-level)","Not Eligible For Free Or Reduced Price Meals",570,75.3,570,69.1,271,65.1
"Old Saybrook School District","=""1060011""","Race/Ethnicity","Asian",29,76.0,29,71.3,15,"*"
"Old Saybrook School District","=""1060011""","Race/Ethnicity","Black or African American",13,"*",13,"*","*","*"
"Old Saybrook School District","=""1060011""","Race/Ethnicity","Hispanic or Latino",58,66.4,58,60.1,15,"*"
"Old Saybrook School District","=""1060011""","Race/Ethnicity","Native Hawaiian or Other Pacific Islander","*","*","*","*","*","*"
"Old Saybrook School District","=""1060011""","Race/Ethnicity","Two or More Races","*","*","*","*",9,"*"
"Old Saybrook School District","=""1060011""","Race/Ethnicity","White",589,74.6,587,68.0,274,64.3
"Old Saybrook School District","=""1060011""","Special Education Status (SWD)","Students with Disabilities",121,58.2,119,51.1,55,48.4
"Old Saybrook School District","=""1060011""","Special Education Status (SWD)","Students without Disabilities",578,77.0,578,70.8,266,66.7
"Orange School District","=""1070011""","All Students","District",710,80.2,709,73.8,170,68.1
"Orange School District","=""1070011""","English Language Learners (EL)","English Learners",30,71.6,30,67.0,"*","*"
"Orange School District","=""1070011""","English Language Learners (EL)","Not English Learners",680,80.6,679,74.1,"*","*"
"Orange School District","=""1070011""","Gender","Female",342,82.0,342,72.5,85,67.2
"Orange School District","=""1070011""","Gender","Male",368,78.5,367,75.0,85,68.9
"Orange School District","=""1070011""","High Needs (F/R, EL or SWD)","High Needs",118,63.5,117,58.5,25,52.3
"Orange School District","=""1070011""","High Needs (F/R, EL or SWD)","Not High Needs",592,83.5,592,76.8,145,70.8
"Orange School District","=""1070011""","Free/Reduced Price Meal Eligibility (2-level)","Eligible For Free Or Reduced Price Meals",43,63.5,42,58.3,9,"*"
"Orange School District","=""1070011""","Free/Reduced Price Meal Eligibility (2-level)","Not Eligible For Free Or Reduced Price Meals",667,81.3,667,74.7,161,68.5
"Orange School District","=""1070011""","Race/Ethnicity","Asian",86,89.3,86,87.2,22,76.0
"Orange School District","=""1070011""","Race/Ethnicity","Black or African American",15,"*",15,"*",6,"*"
"Orange School District","=""1070011""","Race/Ethnicity","Hispanic or Latino",34,77.9,34,71.6,7,"*"
"Orange School District","=""1070011""","Race/Ethnicity","Two or More Races",17,"*",17,"*","N/A","N/A"
"Orange School District","=""1070011""","Race/Ethnicity","White",558,79.3,557,72.3,135,67.6
"Orange School District","=""1070011""","Special Education Status (SWD)","Students with Disabilities",60,56.5,60,52.3,16,"*"
"Orange School District","=""1070011""","Special Education Status (SWD)","Students without Disabilities",650,82.4,649,75.8,154,70.3
"Oxford School District","=""1080011""","All Students","District",1110,72.0,1108,65.4,474,64.8
"Oxford School District","=""1080011""","English Language Learners (EL)","English Learners",25,59.5,25,57.4,"*","*"
"Oxford School District","=""1080011""","English Language Learners (EL)","Not English Learners",1085,72.3,1083,65.6,"*","*"
"Oxford School District","=""1080011""","Gender","Female",550,74.6,549,66.0,237,64.0
"Oxford School District","=""1080011""","Gender","Male",560,69.4,559,64.9,237,65.6
"Oxford School District","=""1080011""","High Needs (F/R, EL or SWD)","High Needs",241,58.6,239,52.7,117,55.9
"Oxford School District","=""1080011""","High Needs (F/R, EL or SWD)","Not High Needs",869,75.7,869,68.9,357,67.8
"Oxford School District","=""1080011""","Free/Reduced Price Meal Eligibility (2-level)","Eligible For Free Or Reduced Price Meals",92,63.1,91,56.5,51,59.5
"Oxford School District","=""1080011""","Free/Reduced Price Meal Eligibility (2-level)","Not Eligible For Free Or Reduced Price Meals",1018,72.8,1017,66.2,423,65.5
"Oxford School District","=""1080011""","Race/Ethnicity","American Indian or Alaska Native","*","*","*","*","*","*"
"Oxford School District","=""1080011""","Race/Ethnicity","Asian",23,84.0,23,79.1,6,"*"
"Oxford School District","=""1080011""","Race/Ethnicity","Black or African American","*","*","*","*","*","*"
"Oxford School District","=""1080011""","Race/Ethnicity","Hispanic or Latino",66,64.7,65,57.4,33,59.3
"Oxford School District","=""1080011""","Race/Ethnicity","Two or More Races",23,68.4,23,65.5,10,"*"
"Oxford School District","=""1080011""","Race/Ethnicity","White",981,72.5,980,65.9,418,65.1
"Oxford School District","=""1080011""","Special Education Status (SWD)","Students with Disabilities",160,53.5,159,47.5,74,51.9
"Oxford School District","=""1080011""","Special Education Status (SWD)","Students without Disabilities",950,75.1,949,68.4,400,67.2
"Plainfield School District","=""1090011""","All Students","District",1139,67.7,1139,61.2,495,52.9
"Plainfield School District","=""1090011""","English Language Learners (EL)","English Learners",13,"*",13,"*",6,"*"
"Plainfield School District","=""1090011""","English Language Learners (EL)","Not English Learners",1126,67.8,1126,61.3,489,53.1
"Plainfield School District","=""1090011""","Gender","Female",562,69.8,562,61.5,248,52.7
"Plainfield School District","=""1090011""","Gender","Male",577,65.6,577,60.9,247,53.0
"Plainfield School District","=""1090011""","High Needs (F/R, EL or SWD)","High Needs",645,63.3,645,57.3,272,48.3
"Plainfield School District","=""1090011""","High Needs (F/R, EL or SWD)","Not High Needs",494,73.4,494,66.2,223,58.4
"Plainfield School District","=""1090011""","Free/Reduced Price Meal Eligibility (2-level)","Eligible For Free Or Reduced Price Meals",587,64.3,587,58.1,243,50.1
"Plainfield School District","=""1090011""","Free/Reduced Price Meal Eligibility (2-level)","Not Eligible For Free Or Reduced Price Meals",552,71.3,552,64.4,252,55.5
"Plainfield School District","=""1090011""","Race/Ethnicity","American Indian or Alaska Native",9,"*",9,"*",6,"*"
"Plainfield School District","=""1090011""","Race/Ethnicity","Asian",23,66.4,23,59.4,9,"*"
"Plainfield School District","=""1090011""","Race/Ethnicity","Black or African American",55,62.3,55,57.4,18,"*"
"Plainfield School District","=""1090011""","Race/Ethnicity","Hispanic or Latino",20,60.7,20,50.1,7,"*"
"Plainfield School District","=""1090011""","Race/Ethnicity","Native Hawaiian or Other Pacific Islander","*","*","*","*","*","*"
"Plainfield School District","=""1090011""","Race/Ethnicity","Two or More Races","*","*","*","*","*","*"
"Plainfield School District","=""1090011""","Race/Ethnicity","White",1021,68.1,1021,61.5,452,53.4
"Plainfield School District","=""1090011""","Special Education Status (SWD)","Students with Disabilities",174,50.4,174,46.8,76,35.3
"Plainfield School District","=""1090011""","Special Education Status (SWD)","Students without Disabilities",965,70.8,965,63.8,419,56.1
"Plainville School District","=""1100011""","All Students","District",1217,67.8,1216,61.6,494,59.0
"Plainville School District","=""1100011""","English Language Learners (EL)","English Learners",87,67.1,87,62.0,22,53.9
"Plainville School District","=""1100011""","English Language Learners (EL)","Not English Learners",1130,67.8,1129,61.6,472,59.3
"Plainville School District","=""1100011""","Gender","Female",585,69.9,584,61.0,224,59.3
"Plainville School District","=""1100011""","Gender","Male",632,65.8,632,62.1,270,58.8
"Plainville School District","=""1100011""","High Needs (F/R, EL or SWD)","High Needs",558,61.5,557,55.7,214,50.9
"Plainville School District","=""1100011""","High Needs (F/R, EL or SWD)","Not High Needs",659,73.1,659,66.5,280,65.2
"Plainville School District","=""1100011""","Free/Reduced Price Meal Eligibility (2-level)","Eligible For Free Or Reduced Price Meals",397,63.3,396,57.4,152,53.3
"Plainville School District","=""1100011""","Free/Reduced Price Meal Eligibility (2-level)","Not Eligible For Free Or Reduced Price Meals",820,70.0,820,63.6,342,61.6
"Plainville School District","=""1100011""","Race/Ethnicity","American Indian or Alaska Native","*","*","*","*","*","*"
"Plainville School District","=""1100011""","Race/Ethnicity","Asian","*","*","*","*","*","*"
"Plainville School District","=""1100011""","Race/Ethnicity","Black or African American",54,62.4,54,55.4,18,"*"
"Plainville School District","=""1100011""","Race/Ethnicity","Hispanic or Latino",193,63.5,193,54.8,77,53.0
"Plainville School District","=""1100011""","Race/Ethnicity","Two or More Races",45,66.1,45,61.2,20,59.8
"Plainville School District","=""1100011""","Race/Ethnicity","White",894,68.9,893,63.1,366,60.7
"Plainville School District","=""1100011""","Special Education Status (SWD)","Students with Disabilities",197,50.4,197,44.8,88,41.1
"Plainville School District","=""1100011""","Special Education Status (SWD)","Students without Disabilities",1020,71.1,1019,64.8,406,62.9
"Plymouth School District","=""1110011""","All Students","District",757,66.6,757,62.0,334,55.0
"Plymouth School District","=""1110011""","English Language Learners (EL)","English Learners",10,"*",10,"*","*","*"
"Plymouth School District","=""1110011""","English Language Learners (EL)","Not English Learners",747,66.8,747,62.2,"*","*"
"Plymouth School District","=""1110011""","Gender","Female",356,69.1,356,62.6,165,56.5
"Plymouth School District","=""1110011""","Gender","Male",401,64.4,401,61.5,169,53.6
"Plymouth School District","=""1110011""","High Needs (F/R, EL or SWD)","High Needs",305,58.7,305,53.6,132,48.0
"Plymouth School District","=""1110011""","High Needs (F/R, EL or SWD)","Not High Needs",452,72.0,452,67.7,202,59.6
"Plymouth School District","=""1110011""","Free/Reduced Price Meal Eligibility (2-level)","Eligible For Free Or Reduced Price Meals",248,60.8,248,55.4,97,50.1
"Plymouth School District","=""1110011""","Free/Reduced Price Meal Eligibility (2-level)","Not Eligible For Free Or Reduced Price Meals",509,69.5,509,65.2,237,57.1
"Plymouth School District","=""1110011""","Race/Ethnicity","American Indian or Alaska Native","*","*","*","*","N/A","N/A"
"Plymouth School District","=""1110011""","Race/Ethnicity","Asian",12,"*",12,"*",6,"*"
"Plymouth School District","=""1110011""","Race/Ethnicity","Black or African American","*","*","*","*",6,"*"
"Plymouth School District","=""1110011""","Race/Ethnicity","Hispanic or Latino",39,62.9,39,54.5,18,"*"
"Plymouth School District","=""1110011""","Race/Ethnicity","Two or More Races",10,"*",10,"*","*","*"
"Plymouth School District","=""1110011""","Race/Ethnicity","White",684,67.3,684,62.7,301,55.8
"Plymouth School District","=""1110011""","Special Education Status (SWD)","Students with Disabilities",124,48.7,124,44.8,65,42.3
"Plymouth School District","=""1110011""","Special Education Status (SWD)","Students without Disabilities",633,70.1,633,65.4,269,58.1
"Pomfret School District","=""1120011""","All Students","District",273,76.1,273,71.9,106,63.8
"Pomfret School District","=""1120011""","English Language Learners (EL)","English Learners","*","*","*","*","*","*"
"Pomfret School District","=""1120011""","English Language Learners (EL)","Not English Learners","*","*","*","*","*","*"
"Pomfret School District","=""1120011""","Gender","Female",132,78.9,132,71.5,45,64.7
"Pomfret School District","=""1120011""","Gender","Male",141,73.6,141,72.2,61,63.2
"Pomfret School District","=""1120011""","High Needs (F/R, EL or SWD)","High Needs",77,65.5,77,59.4,38,57.6
"Pomfret School District","=""1120011""","High Needs (F/R, EL or SWD)","Not High Needs",196,80.3,196,76.7,68,67.3
"Pomfret School District","=""1120011""","Free/Reduced Price Meal Eligibility (2-level)","Eligible For Free Or Reduced Price Meals",50,70.1,50,65.6,27,59.7
"Pomfret School District","=""1120011""","Free/Reduced Price Meal Eligibility (2-level)","Not Eligible For Free Or Reduced Price Meals",223,77.5,223,73.3,79,65.2
"Pomfret School District","=""1120011""","Race/Ethnicity","Asian",9,"*",9,"*","*","*"
"Pomfret School District","=""1120011""","Race/Ethnicity","Black or African American","*","*","*","*","*","*"
"Pomfret School District","=""1120011""","Race/Ethnicity","Hispanic or Latino",9,"*",9,"*",6,"*"
"Pomfret School District","=""1120011""","Race/Ethnicity","Two or More Races","*","*","*","*","N/A","N/A"
"Pomfret School District","=""1120011""","Race/Ethnicity","White",247,76.2,247,71.4,94,63.3
"Pomfret School District","=""1120011""","Special Education Status (SWD)","Students with Disabilities",41,58.7,41,50.0,17,"*"
"Pomfret School District","=""1120011""","Special Education Status (SWD)","Students without Disabilities",232,79.2,232,75.7,89,66.1
"Portland School District","=""1130011""","All Students","District",714,77.8,714,70.6,311,63.5
"Portland School District","=""1130011""","English Language Learners (EL)","English Learners",12,"*",12,"*","*","*"
"Portland School District","=""1130011""","English Language Learners (EL)","Not English Learners",702,78.1,702,70.8,"*","*"
"Portland School District","=""1130011""","Gender","Female",354,80.8,354,70.9,158,65.4
"Portland School District","=""1130011""","Gender","Male",360,74.8,360,70.3,153,61.6
"Portland School District","=""1130011""","High Needs (F/R, EL or SWD)","High Needs",195,65.7,195,59.0,84,54.5
"Portland School District","=""1130011""","High Needs (F/R, EL or SWD)","Not High Needs",519,82.3,519,75.0,227,66.9
"Portland School District","=""1130011""","Free/Reduced Price Meal Eligibility (2-level)","Eligible For Free Or Reduced Price Meals",149,68.0,149,61.5,61,57.2
"Portland School District","=""1130011""","Free/Reduced Price Meal Eligibility (2-level)","Not Eligible For Free Or Reduced Price Meals",565,80.3,565,73.0,250,65.1
"Portland School District","=""1130011""","Race/Ethnicity","American Indian or Alaska Native","*","*","*","*","*","*"
"Portland School District","=""1130011""","Race/Ethnicity","Asian","*","*","*","*","*","*"
"Portland School District","=""1130011""","Race/Ethnicity","Black or African American",17,"*",17,"*",8,"*"
"Portland School District","=""1130011""","Race/Ethnicity","Hispanic or Latino",67,69.1,67,58.8,31,53.4
"Portland School District","=""1130011""","Race/Ethnicity","Two or More Races",38,76.6,38,66.2,11,"*"
"Portland School District","=""1130011""","Race/Ethnicity","White",578,79.1,578,72.4,253,64.7
"Portland School District","=""1130011""","Special Education Status (SWD)","Students with Disabilities",76,55.5,76,50.9,40,48.0
"Portland School District","=""1130011""","Special Education Status (SWD)","Students without Disabilities",638,80.4,638,72.9,271,65.8
"Preston School District","=""1140011""","All Students","District",266,73.2,265,68.7,95,60.6
"Preston School District","=""1140011""","English Language Learners (EL)","English Learners",6,"*",6,"*","*","*"
"Preston School District","=""1140011""","English Language Learners (EL)","Not English Learners",260,73.3,259,68.6,"*","*"
"Preston School District","=""1140011""","Gender","Female",142,76.2,142,69.1,51,61.4
"Preston School District","=""1140011""","Gender","Male",124,69.8,123,68.2,44,59.7
"Preston School District","=""1140011""","High Needs (F/R, EL or SWD)","High Needs",98,64.0,97,59.2,36,51.4
"Preston School District","=""1140011""","High Needs (F/R, EL or SWD)","Not High Needs",168,78.6,168,74.2,59,66.2
"Preston School District","=""1140011""","Free/Reduced Price Meal Eligibility (2-level)","Eligible For Free Or Reduced Price Meals",63,67.1,63,61.9,26,53.7
"Preston School District","=""1140011""","Free/Reduced Price Meal Eligibility (2-level)","Not Eligible For Free Or Reduced Price Meals",203,75.1,202,70.8,69,63.2
"Preston School District","=""1140011""","Race/Ethnicity","American Indian or Alaska Native",8,"*",8,"*","*","*"
"Preston School District","=""1140011""","Race/Ethnicity","Asian",7,"*",7,"*","*","*"
"Preston School District","=""1140011""","Race/Ethnicity","Black or African American",7,"*",7,"*","*","*"
"Preston School District","=""1140011""","Race/Ethnicity","Hispanic or Latino",11,"*",11,"*","*","*"
"Preston School District","=""1140011""","Race/Ethnicity","Two or More Races",10,"*",10,"*","*","*"
"Preston School District","=""1140011""","Race/Ethnicity","White",223,74.4,222,69.9,76,61.5
"Preston School District","=""1140011""","Special Education Status (SWD)","Students with Disabilities",56,55.6,55,51.2,19,"*"
"Preston School District","=""1140011""","Special Education Status (SWD)","Students without Disabilities",210,77.9,210,73.2,76,64.1
"Putnam School District","=""1160011""","All Students","District",552,64.8,551,58.2,243,49.3
"Putnam School District","=""1160011""","English Language Learners (EL)","English Learners",10,"*",10,"*","*","*"
"Putnam School District","=""1160011""","English Language Learners (EL)","Not English Learners",542,65.1,541,58.5,"*","*"
"Putnam School District","=""1160011""","Gender","Female",272,66.6,271,58.2,128,48.1
"Putnam School District","=""1160011""","Gender","Male",280,63.0,280,58.2,115,50.7
"Putnam School District","=""1160011""","High Needs (F/R, EL or SWD)","High Needs",345,59.0,345,53.4,152,44.8
"Putnam School District","=""1160011""","High Needs (F/R, EL or SWD)","Not High Needs",207,74.3,206,66.2,91,56.8
"Putnam School District","=""1160011""","Free/Reduced Price Meal Eligibility (2-level)","Eligible For Free Or Reduced Price Meals",319,59.9,319,54.6,138,46.6
"Putnam School District","=""1160011""","Free/Reduced Price Meal Eligibility (2-level)","Not Eligible For Free Or Reduced Price Meals",233,71.5,232,63.2,105,52.8
"Putnam School District","=""1160011""","Race/Ethnicity","American Indian or Alaska Native","N/A","N/A","N/A","N/A","N/A","N/A"
"Putnam School District","=""1160011""","Race/Ethnicity","Asian","*","*","*","*","*","*"
"Putnam School District","=""1160011""","Race/Ethnicity","Black or African American",9,"*",9,"*","*","*"
"Putnam School District","=""1160011""","Race/Ethnicity","Hispanic or Latino",44,60.9,43,53.9,17,"*"
"Putnam School District","=""1160011""","Race/Ethnicity","Native Hawaiian or Other Pacific Islander","*","*","*","*","*","*"
"Putnam School District","=""1160011""","Race/Ethnicity","Two or More Races",21,55.5,21,47.7,10,"*"
"Putnam School District","=""1160011""","Race/Ethnicity","White",470,65.9,470,59.4,209,50.4
"Putnam School District","=""1160011""","Special Education Status (SWD)","Students with Disabilities",95,46.1,95,40.3,49,34.3
"Putnam School District","=""1160011""","Special Education Status (SWD)","Students without Disabilities",457,68.6,456,61.9,194,53.1
"Redding School District","=""1170011""","All Students","District",652,79.9,652,75.9,216,67.5
"Redding School District","=""1170011""","English Language Learners (EL)","English Learners",13,"*",13,"*","*","*"
"Redding School District","=""1170011""","English Language Learners (EL)","Not English Learners",639,80.3,639,76.3,"*","*"
"Redding School District","=""1170011""","Gender","Female",322,82.8,322,76.2,108,67.6
"Redding School District","=""1170011""","Gender","Male",330,77.1,330,75.5,108,67.4
"Redding School District","=""1170011""","High Needs (F/R, EL or SWD)","High Needs",122,63.2,122,61.1,36,52.2
"Redding School District","=""1170011""","High Needs (F/R, EL or SWD)","Not High Needs",530,83.7,530,79.2,180,70.6
"Redding School District","=""1170011""","Free/Reduced Price Meal Eligibility (2-level)","Eligible For Free Or Reduced Price Meals",18,"*",18,"*",9,"*"
"Redding School District","=""1170011""","Free/Reduced Price Meal Eligibility (2-level)","Not Eligible For Free Or Reduced Price Meals",634,80.2,634,76.2,207,68.0
"Redding School District","=""1170011""","Race/Ethnicity","Asian","*","*","*","*","*","*"
"Redding School District","=""1170011""","Race/Ethnicity","Black or African American","*","*","*","*","N/A","N/A"
"Redding School District","=""1170011""","Race/Ethnicity","Hispanic or Latino",37,68.9,37,67.4,"*","*"
"Redding School District","=""1170011""","Race/Ethnicity","Two or More Races",40,80.0,40,76.5,14,"*"
"Redding School District","=""1170011""","Race/Ethnicity","White",551,80.3,551,76.1,187,67.1
"Redding School District","=""1170011""","Special Education Status (SWD)","Students with Disabilities",103,61.8,103,60.5,28,49.8
"Redding School District","=""1170011""","Special Education Status (SWD)","Students without Disabilities",549,83.3,549,78.7,188,70.2
"Ridgefield School District","=""1180011""","All Students","District",2713,81.3,2707,74.8,1223,70.5
"Ridgefield School District","=""1180011""","English Language Learners (EL)","English Learners",38,69.2,38,64.9,13,"*"
"Ridgefield School District","=""1180011""","English Language Learners (EL)","Not English Learners",2675,81.5,2669,74.9,1210,70.6
"Ridgefield School District","=""1180011""","Gender","Female",1338,83.3,1334,74.2,596,70.6
"Ridgefield School District","=""1180011""","Gender","Male",1375,79.3,1373,75.3,627,70.4
"Ridgefield School District","=""1180011""","High Needs (F/R, EL or SWD)","High Needs",368,62.8,367,54.9,151,54.0
"Ridgefield School District","=""1180011""","High Needs (F/R, EL or SWD)","Not High Needs",2345,84.2,2340,77.9,1072,72.8
"Ridgefield School District","=""1180011""","Free/Reduced Price Meal Eligibility (2-level)","Eligible For Free Or Reduced Price Meals",66,73.4,66,63.7,27,61.5
"Ridgefield School District","=""1180011""","Free/Reduced Price Meal Eligibility (2-level)","Not Eligible For Free Or Reduced Price Meals",2647,81.5,2641,75.0,1196,70.7
"Ridgefield School District","=""1180011""","Race/Ethnicity","American Indian or Alaska Native","*","*","*","*","*","*"
"Ridgefield School District","=""1180011""","Race/Ethnicity","Asian",173,88.8,173,87.4,78,74.2
"Ridgefield School District","=""1180011""","Race/Ethnicity","Black or African American",14,"*",14,"*","*","*"
"Ridgefield School District","=""1180011""","Race/Ethnicity","Hispanic or Latino",163,78.0,163,69.3,80,63.6
"Ridgefield School District","=""1180011""","Race/Ethnicity","Native Hawaiian or Other Pacific Islander","*","*","*","*","N/A","N/A"
"Ridgefield School District","=""1180011""","Race/Ethnicity","Two or More Races",68,87.1,68,80.6,35,73.5
"Ridgefield School District","=""1180011""","Race/Ethnicity","White",2291,80.8,2285,74.1,1021,70.7
"Ridgefield School District","=""1180011""","Special Education Status (SWD)","Students with Disabilities",288,58.9,287,50.9,121,51.3
"Ridgefield School District","=""1180011""","Special Education Status (SWD)","Students without Disabilities",2425,84.0,2420,77.6,1102,72.6
"Rocky Hill School District","=""1190011""","All Students","District",1258,73.7,1257,68.9,551,66.0
"Rocky Hill School District","=""1190011""","English Language Learners (EL)","English Learners",57,65.0,57,59.6,22,50.1
"Rocky Hill School District","=""1190011""","English Language Learners (EL)","Not English Learners",1201,74.2,1200,69.4,529,66.7
"Rocky Hill School District","=""1190011""","Gender","Female",609,76.9,608,69.7,264,67.4
"Rocky Hill School District","=""1190011""","Gender","Male",649,70.8,649,68.2,287,64.7
"Rocky Hill School District","=""1190011""","High Needs (F/R, EL or SWD)","High Needs",312,60.6,312,55.2,152,54.6
"Rocky Hill School District","=""1190011""","High Needs (F/R, EL or SWD)","Not High Needs",946,78.1,945,73.5,399,70.4
"Rocky Hill School District","=""1190011""","Free/Reduced Price Meal Eligibility (2-level)","Eligible For Free Or Reduced Price Meals",182,62.0,182,54.9,98,54.6
"Rocky Hill School District","=""1190011""","Free/Reduced Price Meal Eligibility (2-level)","Not Eligible For Free Or Reduced Price Meals",1076,75.7,1075,71.3,453,68.5
"Rocky Hill School District","=""1190011""","Race/Ethnicity","American Indian or Alaska Native","*","*","*","*","N/A","N/A"
"Rocky Hill School District","=""1190011""","Race/Ethnicity","Asian",231,82.2,231,82.5,88,70.9
"Rocky Hill School District","=""1190011""","Race/Ethnicity","Black or African American",31,68.4,30,61.7,24,62.2
"Rocky Hill School District","=""1190011""","Race/Ethnicity","Hispanic or Latino",121,64.7,121,56.9,57,56.8
"Rocky Hill School District","=""1190011""","Race/Ethnicity","Two or More Races","*","*","*","*",9,"*"
"Rocky Hill School District","=""1190011""","Race/Ethnicity","White",854,72.8,854,67.2,373,66.5
"Rocky Hill School District","=""1190011""","Special Education Status (SWD)","Students with Disabilities",150,51.0,150,46.6,75,49.0
"Rocky Hill School District","=""1190011""","Special Education Status (SWD)","Students without Disabilities",1108,76.8,1107,72.0,476,68.7
"Salem School District","=""1210011""","All Students","District",244,81.4,244,75.2,90,66.8
"Salem School District","=""1210011""","English Language Learners (EL)","English Learners","*","*","*","*","N/A","N/A"
"Salem School District","=""1210011""","English Language Learners (EL)","Not English Learners","*","*","*","*",90,66.8
"Salem School District","=""1210011""","Gender","Female",121,84.6,121,74.7,43,65.2
"Salem School District","=""1210011""","Gender","Male",123,78.2,123,75.7,47,68.2
"Salem School District","=""1210011""","High Needs (F/R, EL or SWD)","High Needs",65,63.7,65,58.6,25,56.6
"Salem School District","=""1210011""","High Needs (F/R, EL or SWD)","Not High Needs",179,87.8,179,81.3,65,70.7
"Salem School District","=""1210011""","Free/Reduced Price Meal Eligibility (2-level)","Eligible For Free Or Reduced Price Meals",27,68.1,27,61.0,7,"*"
"Salem School District","=""1210011""","Free/Reduced Price Meal Eligibility (2-level)","Not Eligible For Free Or Reduced Price Meals",217,83.0,217,77.0,83,67.0
"Salem School District","=""1210011""","Race/Ethnicity","American Indian or Alaska Native","*","*","*","*","*","*"
"Salem School District","=""1210011""","Race/Ethnicity","Asian",8,"*",8,"*","*","*"
"Salem School District","=""1210011""","Race/Ethnicity","Black or African American",8,"*",8,"*","*","*"
"Salem School District","=""1210011""","Race/Ethnicity","Hispanic or Latino",14,"*",14,"*","*","*"
"Salem School District","=""1210011""","Race/Ethnicity","Native Hawaiian or Other Pacific Islander","*","*","*","*","N/A","N/A"
"Salem School District","=""1210011""","Race/Ethnicity","Two or More Races","*","*","*","*","N/A","N/A"
"Salem School District","=""1210011""","Race/Ethnicity","White",205,82.0,205,76.3,80,67.5
"Salem School District","=""1210011""","Special Education Status (SWD)","Students with Disabilities",47,58.7,47,54.4,19,"*"
"Salem School District","=""1210011""","Special Education Status (SWD)","Students without Disabilities",197,86.8,197,80.2,71,70.5
"Salisbury School District","=""1220011""","All Students","District",160,81.9,160,75.7,51,66.9
"Salisbury School District","=""1220011""","English Language Learners (EL)","English Learners","*","*","*","*","N/A","N/A"
"Salisbury School District","=""1220011""","English Language Learners (EL)","Not English Learners","*","*","*","*",51,66.9
"Salisbury School District","=""1220011""","Gender","Female",86,85.8,86,77.4,29,67.8
"Salisbury School District","=""1220011""","Gender","Male",74,77.5,74,73.7,22,65.7
"Salisbury School District","=""1220011""","High Needs (F/R, EL or SWD)","High Needs",39,67.3,39,60.0,7,"*"
"Salisbury School District","=""1220011""","High Needs (F/R, EL or SWD)","Not High Needs",121,86.7,121,80.7,44,69.6
"Salisbury School District","=""1220011""","Free/Reduced Price Meal Eligibility (2-level)","Eligible For Free Or Reduced Price Meals",21,74.6,21,66.8,"*","*"
"Salisbury School District","=""1220011""","Free/Reduced Price Meal Eligibility (2-level)","Not Eligible For Free Or Reduced Price Meals",139,83.1,139,77.0,"*","*"
"Salisbury School District","=""1220011""","Race/Ethnicity","Asian","*","*","*","*","*","*"
"Salisbury School District","=""1220011""","Race/Ethnicity","Black or African American","*","*","*","*","*","*"
"Salisbury School District","=""1220011""","Race/Ethnicity","Hispanic or Latino",10,"*",10,"*","*","*"
"Salisbury School District","=""1220011""","Race/Ethnicity","Two or More Races",12,"*",12,"*","*","*"
"Salisbury School District","=""1220011""","Race/Ethnicity","White",130,82.0,130,75.5,42,66.2
"Salisbury School District","=""1220011""","Special Education Status (SWD)","Students with Disabilities",22,60.6,22,52.9,6,"*"
"Salisbury School District","=""1220011""","Special Education Status (SWD)","Students without Disabilities",138,85.3,138,79.3,45,69.4
"Scotland School District","=""1230011""","All Students","District",57,74.4,57,65.3,14,"*"
"Scotland School District","=""1230011""","English Language Learners (EL)","Not English Learners",57,74.4,57,65.3,14,"*"
"Scotland School District","=""1230011""","Gender","Female",34,74.1,34,62.2,"*","*"
"Scotland School District","=""1230011""","Gender","Male",23,74.9,23,69.9,"*","*"
"Scotland School District","=""1230011""","High Needs (F/R, EL or SWD)","High Needs",24,67.8,24,58.9,7,"*"
"Scotland School District","=""1230011""","High Needs (F/R, EL or SWD)","Not High Needs",33,79.2,33,70.0,7,"*"
"Scotland School District","=""1230011""","Free/Reduced Price Meal Eligibility (2-level)","Eligible For Free Or Reduced Price Meals",19,"*",19,"*","*","*"
"Scotland School District","=""1230011""","Free/Reduced Price Meal Eligibility (2-level)","Not Eligible For Free Or Reduced Price Meals",38,78.3,38,68.5,"*","*"
"Scotland School District","=""1230011""","Race/Ethnicity","Hispanic or Latino","*","*","*","*","N/A","N/A"
"Scotland School District","=""1230011""","Race/Ethnicity","Two or More Races","*","*","*","*","N/A","N/A"
"Scotland School District","=""1230011""","Race/Ethnicity","White",52,75.3,52,67.0,14,"*"
"Scotland School District","=""1230011""","Special Education Status (SWD)","Students with Disabilities",11,"*",11,"*","*","*"
"Scotland School District","=""1230011""","Special Education Status (SWD)","Students without Disabilities",46,75.9,46,65.7,"*","*"
"Seymour School District","=""1240011""","All Students","District",1192,67.1,1191,63.7,510,57.0
"Seymour School District","=""1240011""","English Language Learners (EL)","English Learners",50,57.6,50,57.3,16,"*"
"Seymour School District","=""1240011""","English Language Learners (EL)","Not English Learners",1142,67.5,1141,64.0,494,57.5
"Seymour School District","=""1240011""","Gender","Female",594,69.4,593,63.2,245,57.9
"Seymour School District","=""1240011""","Gender","Male",598,64.8,598,64.1,265,56.2
"Seymour School District","=""1240011""","High Needs (F/R, EL or SWD)","High Needs",467,58.5,467,55.6,187,48.1
"Seymour School District","=""1240011""","High Needs (F/R, EL or SWD)","Not High Needs",725,72.6,724,68.9,323,62.2
"Seymour School District","=""1240011""","Free/Reduced Price Meal Eligibility (2-level)","Eligible For Free Or Reduced Price Meals",349,60.2,349,57.3,133,49.2
"Seymour School District","=""1240011""","Free/Reduced Price Meal Eligibility (2-level)","Not Eligible For Free Or Reduced Price Meals",843,69.9,842,66.3,377,59.8
"Seymour School District","=""1240011""","Race/Ethnicity","American Indian or Alaska Native","*","*","*","*","*","*"
"Seymour School District","=""1240011""","Race/Ethnicity","Asian",44,74.0,44,75.3,18,"*"
"Seymour School District","=""1240011""","Race/Ethnicity","Black or African American",49,58.1,49,51.2,21,50.0
"Seymour School District","=""1240011""","Race/Ethnicity","Hispanic or Latino",143,62.3,143,57.5,62,52.8
"Seymour School District","=""1240011""","Race/Ethnicity","Two or More Races","*","*","*","*","*","*"
"Seymour School District","=""1240011""","Race/Ethnicity","White",938,67.9,937,64.6,404,58.0
"Seymour School District","=""1240011""","Special Education Status (SWD)","Students with Disabilities",174,48.1,174,43.7,85,40.5
"Seymour School District","=""1240011""","Special Education Status (SWD)","Students without Disabilities",1018,70.3,1017,67.1,425,60.3
"Sharon School District","=""1250011""","All Students","District",98,67.5,98,60.5,32,56.7
"Sharon School District","=""1250011""","English Language Learners (EL)","Not English Learners",98,67.5,98,60.5,32,56.7
"Sharon School District","=""1250011""","Gender","Female",50,70.3,50,59.9,19,"*"
"Sharon School District","=""1250011""","Gender","Male",48,64.6,48,61.1,13,"*"
"Sharon School District","=""1250011""","High Needs (F/R, EL or SWD)","High Needs",38,59.5,38,54.9,13,"*"
"Sharon School District","=""1250011""","High Needs (F/R, EL or SWD)","Not High Needs",60,72.6,60,64.1,19,"*"
"Sharon School District","=""1250011""","Free/Reduced Price Meal Eligibility (2-level)","Eligible For Free Or Reduced Price Meals",25,65.7,25,60.3,10,"*"
"Sharon School District","=""1250011""","Free/Reduced Price Meal Eligibility (2-level)","Not Eligible For Free Or Reduced Price Meals",73,68.1,73,60.6,22,59.2
"Sharon School District","=""1250011""","Race/Ethnicity","Asian","*","*","*","*","*","*"
"Sharon School District","=""1250011""","Race/Ethnicity","Black or African American","*","*","*","*","*","*"
"Sharon School District","=""1250011""","Race/Ethnicity","Hispanic or Latino","*","*","*","*","N/A","N/A"
"Sharon School District","=""1250011""","Race/Ethnicity","Two or More Races","*","*","*","*","*","*"
"Sharon School District","=""1250011""","Race/Ethnicity","White",87,67.7,87,60.9,27,57.6
"Sharon School District","=""1250011""","Special Education Status (SWD)","Students with Disabilities",22,54.5,22,49.9,"*","*"
"Sharon School District","=""1250011""","Special Education Status (SWD)","Students without Disabilities",76,71.3,76,63.6,"*","*"
"Shelton School District","=""1260011""","All Students","District",2637,74.4,2633,67.4,1156,62.3
"Shelton School District","=""1260011""","English Language Learners (EL)","English Learners",131,65.3,130,58.9,43,47.7
"Shelton School District","=""1260011""","English Language Learners (EL)","Not English Learners",2506,74.8,2503,67.8,1113,62.8
"Shelton School District","=""1260011""","Gender","Female",1283,77.0,1281,67.6,575,61.4
"Shelton School District","=""1260011""","Gender","Male",1354,71.8,1352,67.2,581,63.1
"Shelton School District","=""1260011""","High Needs (F/R, EL or SWD)","High Needs",920,63.8,918,57.0,398,53.4
"Shelton School District","=""1260011""","High Needs (F/R, EL or SWD)","Not High Needs",1717,80.0,1715,73.0,758,66.9
"Shelton School District","=""1260011""","Free/Reduced Price Meal Eligibility (2-level)","Eligible For Free Or Reduced Price Meals",583,65.4,582,58.0,265,56.5
"Shelton School District","=""1260011""","Free/Reduced Price Meal Eligibility (2-level)","Not Eligible For Free Or Reduced Price Meals",2054,76.9,2051,70.1,891,64.0
"Shelton School District","=""1260011""","Race/Ethnicity","American Indian or Alaska Native","*","*","*","*","*","*"
"Shelton School District","=""1260011""","Race/Ethnicity","Asian",169,83.8,169,79.2,68,68.7
"Shelton School District","=""1260011""","Race/Ethnicity","Black or African American",124,67.7,124,57.9,41,50.4
"Shelton School District","=""1260011""","Race/Ethnicity","Hispanic or Latino",280,66.0,280,57.8,127,55.6
"Shelton School District","=""1260011""","Race/Ethnicity","Native Hawaiian or Other Pacific Islander","*","*","*","*","*","*"
"Shelton School District","=""1260011""","Race/Ethnicity","Two or More Races",86,76.2,86,67.0,34,61.2
"Shelton School District","=""1260011""","Race/Ethnicity","White",1971,75.1,1967,68.3,880,63.3
"Shelton School District","=""1260011""","Special Education Status (SWD)","Students with Disabilities",436,55.4,435,48.9,181,45.5
"Shelton School District","=""1260011""","Special Education Status (SWD)","Students without Disabilities",2201,78.1,2198,71.1,975,65.4
"Sherman School District","=""1270011""","All Students","District",170,75.2,170,72.2,73,60.0
"Sherman School District","=""1270011""","English Language Learners (EL)","English Learners","*","*","*","*","N/A","N/A"
"Sherman School District","=""1270011""","English Language Learners (EL)","Not English Learners","*","*","*","*",73,60.0
"Sherman School District","=""1270011""","Gender","Female",74,78.7,74,72.7,31,61.6
"Sherman School District","=""1270011""","Gender","Male",96,72.5,96,71.9,42,58.8
"Sherman School District","=""1270011""","High Needs (F/R, EL or SWD)","High Needs",31,57.6,31,54.5,19,"*"
"Sherman School District","=""1270011""","High Needs (F/R, EL or SWD)","Not High Needs",139,79.1,139,76.2,54,65.2
"Sherman School District","=""1270011""","Free/Reduced Price Meal Eligibility (2-level)","Eligible For Free Or Reduced Price Meals",8,"*",8,"*","*","*"
"Sherman School District","=""1270011""","Free/Reduced Price Meal Eligibility (2-level)","Not Eligible For Free Or Reduced Price Meals",162,75.4,162,72.8,"*","*"
"Sherman School District","=""1270011""","Race/Ethnicity","American Indian or Alaska Native","*","*","*","*","*","*"
"Sherman School District","=""1270011""","Race/Ethnicity","Asian","*","*","*","*","*","*"
"Sherman School District","=""1270011""","Race/Ethnicity","Black or African American","N/A","N/A","N/A","N/A","*","*"
"Sherman School District","=""1270011""","Race/Ethnicity","Hispanic or Latino","*","*","*","*","*","*"
"Sherman School District","=""1270011""","Race/Ethnicity","White",164,75.8,164,72.7,69,60.5
"Sherman School District","=""1270011""","Special Education Status (SWD)","Students with Disabilities",25,53.3,25,49.9,17,"*"
"Sherman School District","=""1270011""","Special Education Status (SWD)","Students without Disabilities",145,79.0,145,76.1,56,64.9
"Simsbury School District","=""1280011""","All Students","District",2274,80.3,2261,73.3,974,70.9
"Simsbury School District","=""1280011""","English Language Learners (EL)","English Learners",29,61.1,29,55.4,9,"*"
"Simsbury School District","=""1280011""","English Language Learners (EL)","Not English Learners",2245,80.5,2232,73.5,965,71.1
"Simsbury School District","=""1280011""","Gender","Female",1101,82.5,1096,73.2,483,71.1
"Simsbury School District","=""1280011""","Gender","Male",1173,78.2,1165,73.4,491,70.6
"Simsbury School District","=""1280011""","High Needs (F/R, EL or SWD)","High Needs",499,64.5,491,56.8,203,57.2
"Simsbury School District","=""1280011""","High Needs (F/R, EL or SWD)","Not High Needs",1775,84.7,1770,77.9,771,74.5
"Simsbury School District","=""1280011""","Free/Reduced Price Meal Eligibility (2-level)","Eligible For Free Or Reduced Price Meals",222,67.1,215,57.7,83,61.9
"Simsbury School District","=""1280011""","Free/Reduced Price Meal Eligibility (2-level)","Not Eligible For Free Or Reduced Price Meals",2052,81.7,2046,74.9,891,71.7
"Simsbury School District","=""1280011""","Race/Ethnicity","Asian",147,86.0,147,82.3,68,76.7
"Simsbury School District","=""1280011""","Race/Ethnicity","Black or African American",128,65.4,126,54.2,48,62.0
"Simsbury School District","=""1280011""","Race/Ethnicity","Hispanic or Latino",144,75.0,143,66.3,63,65.7
"Simsbury School District","=""1280011""","Race/Ethnicity","Native Hawaiian or Other Pacific Islander","*","*","*","*","N/A","N/A"
"Simsbury School District","=""1280011""","Race/Ethnicity","Two or More Races","*","*","*","*",14,"*"
"Simsbury School District","=""1280011""","Race/Ethnicity","White",1809,81.3,1800,74.5,781,71.3
"Simsbury School District","=""1280011""","Special Education Status (SWD)","Students with Disabilities",325,60.2,323,53.2,138,53.3
"Simsbury School District","=""1280011""","Special Education Status (SWD)","Students without Disabilities",1949,83.7,1938,76.6,836,73.8
"Somers School District","=""1290011""","All Students","District",757,73.9,755,67.0,335,66.3
"Somers School District","=""1290011""","English Language Learners (EL)","English Learners","*","*","*","*","N/A","N/A"
"Somers School District","=""1290011""","English Language Learners (EL)","Not English Learners","*","*","*","*",335,66.3
"Somers School District","=""1290011""","Gender","Female",367,76.0,365,66.7,168,65.2
"Somers School District","=""1290011""","Gender","Male",390,72.0,390,67.3,167,67.3
"Somers School District","=""1290011""","High Needs (F/R, EL or SWD)","High Needs",149,58.4,149,51.1,61,50.6
"Somers School District","=""1290011""","High Needs (F/R, EL or SWD)","Not High Needs",608,77.7,606,70.9,274,69.7
"Somers School District","=""1290011""","Free/Reduced Price Meal Eligibility (2-level)","Eligible For Free Or Reduced Price Meals",65,60.8,65,52.0,25,51.3
"Somers School District","=""1290011""","Free/Reduced Price Meal Eligibility (2-level)","Not Eligible For Free Or Reduced Price Meals",692,75.2,690,68.4,310,67.5
"Somers School District","=""1290011""","Race/Ethnicity","Asian",12,"*",12,"*","*","*"
"Somers School District","=""1290011""","Race/Ethnicity","Black or African American",16,"*",16,"*",6,"*"
"Somers School District","=""1290011""","Race/Ethnicity","Hispanic or Latino",37,63.0,37,55.6,15,"*"
"Somers School District","=""1290011""","Race/Ethnicity","Native Hawaiian or Other Pacific Islander","*","*","*","*","N/A","N/A"
"Somers School District","=""1290011""","Race/Ethnicity","Two or More Races","*","*","*","*",6,"*"
"Somers School District","=""1290011""","Race/Ethnicity","White",680,74.7,678,67.8,304,66.7
"Somers School District","=""1290011""","Special Education Status (SWD)","Students with Disabilities",102,55.6,102,47.9,43,49.8
"Somers School District","=""1290011""","Special Education Status (SWD)","Students without Disabilities",655,76.8,653,70.0,292,68.7
"Southington School District","=""1310011""","All Students","District",3530,72.4,3526,67.6,1628,63.2
"Southington School District","=""1310011""","English Language Learners (EL)","English Learners",61,66.6,61,60.3,19,"*"
"Southington School District","=""1310011""","English Language Learners (EL)","Not English Learners",3469,72.5,3465,67.7,1609,63.4
"Southington School District","=""1310011""","Gender","Female",1750,74.4,1747,67.3,820,63.5
"Southington School District","=""1310011""","Gender","Male",1780,70.4,1779,67.9,808,63.0
"Southington School District","=""1310011""","High Needs (F/R, EL or SWD)","High Needs",950,60.6,948,55.2,427,52.7
"Southington School District","=""1310011""","High Needs (F/R, EL or SWD)","Not High Needs",2580,76.8,2578,72.2,1201,67.0
"Southington School District","=""1310011""","Free/Reduced Price Meal Eligibility (2-level)","Eligible For Free Or Reduced Price Meals",573,64.2,571,58.4,242,56.3
"Southington School District","=""1310011""","Free/Reduced Price Meal Eligibility (2-level)","Not Eligible For Free Or Reduced Price Meals",2957,74.0,2955,69.4,1386,64.5
"Southington School District","=""1310011""","Race/Ethnicity","American Indian or Alaska Native","*","*","*","*","*","*"
"Southington School District","=""1310011""","Race/Ethnicity","Asian",111,77.6,111,74.5,63,64.6
"Southington School District","=""1310011""","Race/Ethnicity","Black or African American",74,63.7,74,58.8,"*","*"
"Southington School District","=""1310011""","Race/Ethnicity","Hispanic or Latino",235,64.8,233,58.2,85,57.5
"Southington School District","=""1310011""","Race/Ethnicity","Native Hawaiian or Other Pacific Islander","*","*","*","*","N/A","N/A"
"Southington School District","=""1310011""","Race/Ethnicity","Two or More Races",94,73.3,94,65.8,40,61.1
"Southington School District","=""1310011""","Race/Ethnicity","White",3004,73.0,3002,68.4,1403,63.9
"Southington School District","=""1310011""","Special Education Status (SWD)","Students with Disabilities",499,52.6,498,47.8,233,46.6
"Southington School District","=""1310011""","Special Education Status (SWD)","Students without Disabilities",3031,75.7,3028,70.9,1395,66.0
"South Windsor School District","=""1320011""","All Students","District",2160,77.0,2156,74.2,987,68.3
"South Windsor School District","=""1320011""","English Language Learners (EL)","English Learners",86,69.3,86,68.4,25,54.7
"South Windsor School District","=""1320011""","English Language Learners (EL)","Not English Learners",2074,77.3,2070,74.4,962,68.7
"South Windsor School District","=""1320011""","Gender","Female",1081,79.1,1079,73.7,484,67.7
"South Windsor School District","=""1320011""","Gender","Male",1079,75.0,1077,74.6,503,68.9
"South Windsor School District","=""1320011""","High Needs (F/R, EL or SWD)","High Needs",578,64.5,577,60.1,248,54.9
"South Windsor School District","=""1320011""","High Needs (F/R, EL or SWD)","Not High Needs",1582,81.6,1579,79.3,739,72.9
"South Windsor School District","=""1320011""","Free/Reduced Price Meal Eligibility (2-level)","Eligible For Free Or Reduced Price Meals",277,66.8,276,61.6,125,55.7
"South Windsor School District","=""1320011""","Free/Reduced Price Meal Eligibility (2-level)","Not Eligible For Free Or Reduced Price Meals",1883,78.5,1880,76.0,862,70.2
"South Windsor School District","=""1320011""","Race/Ethnicity","Asian",362,85.5,361,87.5,149,72.8
"South Windsor School District","=""1320011""","Race/Ethnicity","Black or African American",134,65.2,134,59.4,64,54.1
"South Windsor School District","=""1320011""","Race/Ethnicity","Hispanic or Latino",166,68.4,166,63.8,72,59.4
"South Windsor School District","=""1320011""","Race/Ethnicity","Native Hawaiian or Other Pacific Islander",6,"*",6,"*","*","*"
"South Windsor School District","=""1320011""","Race/Ethnicity","Two or More Races",100,76.7,100,72.7,"*","*"
"South Windsor School District","=""1320011""","Race/Ethnicity","White",1392,77.0,1389,73.4,657,69.7
"South Windsor School District","=""1320011""","Special Education Status (SWD)","Students with Disabilities",319,57.3,318,52.1,145,50.3
"South Windsor School District","=""1320011""","Special Education Status (SWD)","Students without Disabilities",1841,80.4,1838,78.0,842,71.4
"Sprague School District","=""1330011""","All Students","District",211,66.4,211,59.5,77,62.0
"Sprague School District","=""1330011""","English Language Learners (EL)","English Learners","*","*","*","*","*","*"
"Sprague School District","=""1330011""","English Language Learners (EL)","Not English Learners","*","*","*","*","*","*"
"Sprague School District","=""1330011""","Gender","Female",96,69.0,96,58.4,33,60.5
"Sprague School District","=""1330011""","Gender","Male",115,64.3,115,60.5,44,63.1
"Sprague School District","=""1330011""","High Needs (F/R, EL or SWD)","High Needs",123,61.4,123,54.6,43,57.6
"Sprague School District","=""1330011""","High Needs (F/R, EL or SWD)","Not High Needs",88,73.5,88,66.4,34,67.5
"Sprague School District","=""1330011""","Free/Reduced Price Meal Eligibility (2-level)","Eligible For Free Or Reduced Price Meals",108,63.1,108,56.4,38,59.5
"Sprague School District","=""1330011""","Free/Reduced Price Meal Eligibility (2-level)","Not Eligible For Free Or Reduced Price Meals",103,69.9,103,62.8,39,64.4
"Sprague School District","=""1330011""","Race/Ethnicity","American Indian or Alaska Native","*","*","*","*","*","*"
"Sprague School District","=""1330011""","Race/Ethnicity","Asian","*","*","*","*","N/A","N/A"
"Sprague School District","=""1330011""","Race/Ethnicity","Black or African American","*","*","*","*","N/A","N/A"
"Sprague School District","=""1330011""","Race/Ethnicity","Hispanic or Latino",26,65.1,26,56.8,10,"*"
"Sprague School District","=""1330011""","Race/Ethnicity","Two or More Races",22,67.4,22,55.9,"*","*"
"Sprague School District","=""1330011""","Race/Ethnicity","White",156,67.3,156,61.1,57,63.6
"Sprague School District","=""1330011""","Special Education Status (SWD)","Students with Disabilities",34,46.0,34,38.7,9,"*"
"Sprague School District","=""1330011""","Special Education Status (SWD)","Students without Disabilities",177,70.3,177,63.5,68,64.3
"Stafford School District","=""1340011""","All Students","District",757,71.3,757,65.8,312,62.1
"Stafford School District","=""1340011""","English Language Learners (EL)","English Learners","*","*","*","*","*","*"
"Stafford School District","=""1340011""","English Language Learners (EL)","Not English Learners","*","*","*","*","*","*"
"Stafford School District","=""1340011""","Gender","Female",347,73.7,347,66.6,153,62.1
"Stafford School District","=""1340011""","Gender","Male",410,69.2,410,65.2,159,62.1
"Stafford School District","=""1340011""","High Needs (F/R, EL or SWD)","High Needs",320,64.4,320,59.4,117,55.8
"Stafford School District","=""1340011""","High Needs (F/R, EL or SWD)","Not High Needs",437,76.3,437,70.6,195,65.8
"Stafford School District","=""1340011""","Free/Reduced Price Meal Eligibility (2-level)","Eligible For Free Or Reduced Price Meals",273,65.7,273,60.6,97,55.7
"Stafford School District","=""1340011""","Free/Reduced Price Meal Eligibility (2-level)","Not Eligible For Free Or Reduced Price Meals",484,74.4,484,68.8,215,64.9
"Stafford School District","=""1340011""","Race/Ethnicity","American Indian or Alaska Native","*","*","*","*","*","*"
"Stafford School District","=""1340011""","Race/Ethnicity","Asian",13,"*",13,"*",7,"*"
"Stafford School District","=""1340011""","Race/Ethnicity","Black or African American",9,"*",9,"*","*","*"
"Stafford School District","=""1340011""","Race/Ethnicity","Hispanic or Latino",47,71.0,47,63.1,16,"*"
"Stafford School District","=""1340011""","Race/Ethnicity","Native Hawaiian or Other Pacific Islander","*","*","*","*","*","*"
"Stafford School District","=""1340011""","Race/Ethnicity","Two or More Races",11,"*",11,"*","*","*"
"Stafford School District","=""1340011""","Race/Ethnicity","White",671,71.3,671,66.2,278,62.5
"Stafford School District","=""1340011""","Special Education Status (SWD)","Students with Disabilities",106,51.6,106,46.9,43,50.0
"Stafford School District","=""1340011""","Special Education Status (SWD)","Students without Disabilities",651,74.5,651,68.9,269,64.0
"Stamford School District","=""1350011""","All Students","District",7970,65.2,7964,59.8,3301,53.3
"Stamford School District","=""1350011""","English Language Learners (EL)","English Learners",1209,49.4,1208,44.6,525,36.6
"Stamford School District","=""1350011""","English Language Learners (EL)","Not English Learners",6761,68.1,6756,62.6,2776,56.5
"Stamford School District","=""1350011""","Gender","Female",3920,67.3,3919,59.5,1672,52.9
"Stamford School District","=""1350011""","Gender","Male",4050,63.2,4045,60.2,1629,53.8
"Stamford School District","=""1350011""","High Needs (F/R, EL or SWD)","High Needs",4834,57.3,4831,51.3,1979,45.8
"Stamford School District","=""1350011""","High Needs (F/R, EL or SWD)","Not High Needs",3136,77.4,3133,73.1,1322,64.6
"Stamford School District","=""1350011""","Free/Reduced Price Meal Eligibility (2-level)","Eligible For Free Or Reduced Price Meals",4381,57.9,4381,51.7,1790,46.5
"Stamford School District","=""1350011""","Free/Reduced Price Meal Eligibility (2-level)","Not Eligible For Free Or Reduced Price Meals",3589,74.2,3583,69.8,1511,61.4
"Stamford School District","=""1350011""","Race/Ethnicity","American Indian or Alaska Native","*","*","*","*","*","*"
"Stamford School District","=""1350011""","Race/Ethnicity","Asian",673,77.8,671,76.2,254,63.0
"Stamford School District","=""1350011""","Race/Ethnicity","Black or African American",1387,56.5,1386,49.0,640,46.0
"Stamford School District","=""1350011""","Race/Ethnicity","Hispanic or Latino",3256,59.3,3255,53.4,1321,47.8
"Stamford School District","=""1350011""","Race/Ethnicity","Native Hawaiian or Other Pacific Islander","*","*","*","*","N/A","N/A"
"Stamford School District","=""1350011""","Race/Ethnicity","Two or More Races",105,70.1,105,64.4,"*","*"
"Stamford School District","=""1350011""","Race/Ethnicity","White",2540,74.1,2538,69.5,1055,62.4
"Stamford School District","=""1350011""","Special Education Status (SWD)","Students with Disabilities",1048,44.5,1045,37.9,471,36.2
"Stamford School District","=""1350011""","Special Education Status (SWD)","Students without Disabilities",6922,68.4,6919,63.2,2830,56.2
"Sterling School District","=""1360011""","All Students","District",273,68.8,273,57.9,103,52.9
"Sterling School District","=""1360011""","English Language Learners (EL)","Not English Learners",273,68.8,273,57.9,103,52.9
"Sterling School District","=""1360011""","Gender","Female",130,72.7,130,58.7,46,54.1
"Sterling School District","=""1360011""","Gender","Male",143,65.3,143,57.2,57,51.9
"Sterling School District","=""1360011""","High Needs (F/R, EL or SWD)","High Needs",113,60.8,113,51.5,47,48.7
"Sterling School District","=""1360011""","High Needs (F/R, EL or SWD)","Not High Needs",160,74.4,160,62.5,56,56.4
"Sterling School District","=""1360011""","Free/Reduced Price Meal Eligibility (2-level)","Eligible For Free Or Reduced Price Meals",92,63.0,92,51.9,35,50.5
"Sterling School District","=""1360011""","Free/Reduced Price Meal Eligibility (2-level)","Not Eligible For Free Or Reduced Price Meals",181,71.7,181,61.0,68,54.1
"Sterling School District","=""1360011""","Race/Ethnicity","American Indian or Alaska Native","*","*","*","*","N/A","N/A"
"Sterling School District","=""1360011""","Race/Ethnicity","Asian","*","*","*","*","*","*"
"Sterling School District","=""1360011""","Race/Ethnicity","Black or African American","*","*","*","*","N/A","N/A"
"Sterling School District","=""1360011""","Race/Ethnicity","Hispanic or Latino",10,"*",10,"*",6,"*"
"Sterling School District","=""1360011""","Race/Ethnicity","Two or More Races",11,"*",11,"*","*","*"
"Sterling School District","=""1360011""","Race/Ethnicity","White",246,69.5,246,58.5,91,53.4
"Sterling School District","=""1360011""","Special Education Status (SWD)","Students with Disabilities",41,50.5,41,47.8,21,43.9
"Sterling School District","=""1360011""","Special Education Status (SWD)","Students without Disabilities",232,72.0,232,59.7,82,55.2
"Stonington School District","=""1370011""","All Students","District",1130,74.6,1130,69.9,504,64.5
"Stonington School District","=""1370011""","English Language Learners (EL)","English Learners",8,"*",8,"*",6,"*"
"Stonington School District","=""1370011""","English Language Learners (EL)","Not English Learners",1122,74.8,1122,70.0,498,64.8
"Stonington School District","=""1370011""","Gender","Female",534,77.9,534,70.5,244,64.3
"Stonington School District","=""1370011""","Gender","Male",596,71.7,596,69.3,260,64.6
"Stonington School District","=""1370011""","High Needs (F/R, EL or SWD)","High Needs",338,62.1,338,57.5,147,54.9
"Stonington School District","=""1370011""","High Needs (F/R, EL or SWD)","Not High Needs",792,79.9,792,75.1,357,68.4
"Stonington School District","=""1370011""","Free/Reduced Price Meal Eligibility (2-level)","Eligible For Free Or Reduced Price Meals",222,65.4,223,60.9,91,58.3
"Stonington School District","=""1370011""","Free/Reduced Price Meal Eligibility (2-level)","Not Eligible For Free Or Reduced Price Meals",908,76.8,907,72.1,413,65.8
"Stonington School District","=""1370011""","Race/Ethnicity","American Indian or Alaska Native",6,"*",6,"*","*","*"
"Stonington School District","=""1370011""","Race/Ethnicity","Asian",28,75.0,28,69.8,16,"*"
"Stonington School District","=""1370011""","Race/Ethnicity","Black or African American",14,"*",14,"*","*","*"
"Stonington School District","=""1370011""","Race/Ethnicity","Hispanic or Latino",50,68.9,50,64.9,17,"*"
"Stonington School District","=""1370011""","Race/Ethnicity","Two or More Races",21,78.7,21,71.8,11,"*"
"Stonington School District","=""1370011""","Race/Ethnicity","White",1011,75.2,1011,70.5,449,64.9
"Stonington School District","=""1370011""","Special Education Status (SWD)","Students with Disabilities",187,54.3,186,49.4,83,48.7
"Stonington School District","=""1370011""","Special Education Status (SWD)","Students without Disabilities",943,78.6,944,73.9,421,67.6
"Stratford School District","=""1380011""","All Students","District",3589,64.7,3582,55.3,1514,54.1
"Stratford School District","=""1380011""","English Language Learners (EL)","English Learners",229,60.3,229,52.8,85,48.1
"Stratford School District","=""1380011""","English Language Learners (EL)","Not English Learners",3360,65.0,3353,55.4,1429,54.5
"Stratford School District","=""1380011""","Gender","Female",1782,67.5,1778,55.6,770,54.6
"Stratford School District","=""1380011""","Gender","Male",1807,62.0,1804,54.9,744,53.6
"Stratford School District","=""1380011""","High Needs (F/R, EL or SWD)","High Needs",1904,58.0,1900,48.8,809,47.8
"Stratford School District","=""1380011""","High Needs (F/R, EL or SWD)","Not High Needs",1685,72.3,1682,62.6,705,61.3
"Stratford School District","=""1380011""","Free/Reduced Price Meal Eligibility (2-level)","Eligible For Free Or Reduced Price Meals",1625,59.3,1624,49.8,682,49.1
"Stratford School District","=""1380011""","Free/Reduced Price Meal Eligibility (2-level)","Not Eligible For Free Or Reduced Price Meals",1964,69.2,1958,59.8,832,58.2
"Stratford School District","=""1380011""","Race/Ethnicity","American Indian or Alaska Native","*","*","*","*","*","*"
"Stratford School District","=""1380011""","Race/Ethnicity","Asian",117,75.1,117,68.5,49,61.5
"Stratford School District","=""1380011""","Race/Ethnicity","Black or African American",788,58.2,787,48.2,375,47.8
"Stratford School District","=""1380011""","Race/Ethnicity","Hispanic or Latino",998,61.4,996,51.9,409,51.2
"Stratford School District","=""1380011""","Race/Ethnicity","Native Hawaiian or Other Pacific Islander","*","*","*","*","N/A","N/A"
"Stratford School District","=""1380011""","Race/Ethnicity","Two or More Races",93,64.1,93,54.6,"*","*"
"Stratford School District","=""1380011""","Race/Ethnicity","White",1587,69.4,1583,59.9,646,58.9
"Stratford School District","=""1380011""","Special Education Status (SWD)","Students with Disabilities",484,45.2,481,36.6,203,36.6
"Stratford School District","=""1380011""","Special Education Status (SWD)","Students without Disabilities",3105,67.8,3101,58.2,1311,56.8
"Suffield School District","=""1390011""","All Students","District",1173,73.8,1170,64.9,519,64.1
"Suffield School District","=""1390011""","English Language Learners (EL)","English Learners",7,"*",7,"*","*","*"
"Suffield School District","=""1390011""","English Language Learners (EL)","Not English Learners",1166,74.0,1163,65.0,"*","*"
"Suffield School District","=""1390011""","Gender","Female",599,75.9,598,65.4,257,63.3
"Suffield School District","=""1390011""","Gender","Male",574,71.7,572,64.3,262,64.9
"Suffield School District","=""1390011""","High Needs (F/R, EL or SWD)","High Needs",261,59.6,260,51.0,110,48.1
"Suffield School District","=""1390011""","High Needs (F/R, EL or SWD)","Not High Needs",912,77.9,910,68.8,409,68.4
"Suffield School District","=""1390011""","Free/Reduced Price Meal Eligibility (2-level)","Eligible For Free Or Reduced Price Meals",132,62.6,131,53.4,53,49.9
"Suffield School District","=""1390011""","Free/Reduced Price Meal Eligibility (2-level)","Not Eligible For Free Or Reduced Price Meals",1041,75.3,1039,66.3,466,65.7
"Suffield School District","=""1390011""","Race/Ethnicity","American Indian or Alaska Native","*","*","*","*","N/A","N/A"
"Suffield School District","=""1390011""","Race/Ethnicity","Asian",41,74.2,41,70.1,"*","*"
"Suffield School District","=""1390011""","Race/Ethnicity","Black or African American",40,61.7,40,50.1,18,"*"
"Suffield School District","=""1390011""","Race/Ethnicity","Hispanic or Latino",60,63.6,60,55.5,36,51.1
"Suffield School District","=""1390011""","Race/Ethnicity","Two or More Races","*","*","*","*","*","*"
"Suffield School District","=""1390011""","Race/Ethnicity","White",1013,75.1,1010,65.9,449,65.5
"Suffield School District","=""1390011""","Special Education Status (SWD)","Students with Disabilities",159,54.6,159,46.6,73,43.8
"Suffield School District","=""1390011""","Special Education Status (SWD)","Students without Disabilities",1014,76.9,1011,67.8,446,67.4
"Thomaston School District","=""1400011""","All Students","District",507,66.4,507,61.1,199,59.2
"Thomaston School District","=""1400011""","English Language Learners (EL)","English Learners","*","*","*","*","*","*"
"Thomaston School District","=""1400011""","English Language Learners (EL)","Not English Learners","*","*","*","*","*","*"
"Thomaston School District","=""1400011""","Gender","Female",268,69.1,268,62.0,96,60.6
"Thomaston School District","=""1400011""","Gender","Male",239,63.5,239,60.1,103,57.9
"Thomaston School District","=""1400011""","High Needs (F/R, EL or SWD)","High Needs",175,56.0,175,50.8,65,51.0
"Thomaston School District","=""1400011""","High Needs (F/R, EL or SWD)","Not High Needs",332,71.9,332,66.5,134,63.2
"Thomaston School District","=""1400011""","Free/Reduced Price Meal Eligibility (2-level)","Eligible For Free Or Reduced Price Meals",117,59.5,117,54.0,45,53.0
"Thomaston School District","=""1400011""","Free/Reduced Price Meal Eligibility (2-level)","Not Eligible For Free Or Reduced Price Meals",390,68.5,390,63.2,154,61.0
"Thomaston School District","=""1400011""","Race/Ethnicity","Asian","*","*","*","*","*","*"
"Thomaston School District","=""1400011""","Race/Ethnicity","Black or African American","*","*","*","*","*","*"
"Thomaston School District","=""1400011""","Race/Ethnicity","Hispanic or Latino",12,"*",12,"*","*","*"
"Thomaston School District","=""1400011""","Race/Ethnicity","Two or More Races",13,"*",13,"*",7,"*"
"Thomaston School District","=""1400011""","Race/Ethnicity","White",474,66.9,474,61.4,181,59.5
"Thomaston School District","=""1400011""","Special Education Status (SWD)","Students with Disabilities",88,48.5,88,43.7,33,45.4
"Thomaston School District","=""1400011""","Special Education Status (SWD)","Students without Disabilities",419,70.2,419,64.8,166,62.0
"Thompson School District","=""1410011""","All Students","District",501,61.0,500,55.6,230,53.8
"Thompson School District","=""1410011""","English Language Learners (EL)","English Learners","*","*","*","*","N/A","N/A"
"Thompson School District","=""1410011""","English Language Learners (EL)","Not English Learners","*","*","*","*",230,53.8
"Thompson School District","=""1410011""","Gender","Female",225,62.2,224,54.8,106,53.0
"Thompson School District","=""1410011""","Gender","Male",276,60.0,276,56.2,124,54.5
"Thompson School District","=""1410011""","High Needs (F/R, EL or SWD)","High Needs",216,54.5,215,48.9,97,48.2
"Thompson School District","=""1410011""","High Needs (F/R, EL or SWD)","Not High Needs",285,65.9,285,60.5,133,57.9
"Thompson School District","=""1410011""","Free/Reduced Price Meal Eligibility (2-level)","Eligible For Free Or Reduced Price Meals",189,55.2,188,49.6,88,48.0
"Thompson School District","=""1410011""","Free/Reduced Price Meal Eligibility (2-level)","Not Eligible For Free Or Reduced Price Meals",312,64.5,312,59.2,142,57.4
"Thompson School District","=""1410011""","Race/Ethnicity","American Indian or Alaska Native","*","*","*","*","N/A","N/A"
"Thompson School District","=""1410011""","Race/Ethnicity","Asian","*","*","*","*","*","*"
"Thompson School District","=""1410011""","Race/Ethnicity","Black or African American","*","*","*","*","*","*"
"Thompson School District","=""1410011""","Race/Ethnicity","Hispanic or Latino",25,54.3,25,50.6,8,"*"
"Thompson School District","=""1410011""","Race/Ethnicity","Two or More Races",18,"*",18,"*",9,"*"
"Thompson School District","=""1410011""","Race/Ethnicity","White",450,61.2,449,55.8,208,53.9
"Thompson School District","=""1410011""","Special Education Status (SWD)","Students with Disabilities",63,44.4,62,39.5,27,38.3
"Thompson School District","=""1410011""","Special Education Status (SWD)","Students without Disabilities",438,63.4,438,57.8,203,55.9
"Tolland School District","=""1420011""","All Students","District",1407,75.3,1405,71.4,638,66.5
"Tolland School District","=""1420011""","English Language Learners (EL)","English Learners",12,"*",11,"*","*","*"
"Tolland School District","=""1420011""","English Language Learners (EL)","Not English Learners",1395,75.3,1394,71.4,"*","*"
"Tolland School District","=""1420011""","Gender","Female",703,77.1,701,70.6,316,67.3
"Tolland School District","=""1420011""","Gender","Male",704,73.4,704,72.2,322,65.7
"Tolland School District","=""1420011""","High Needs (F/R, EL or SWD)","High Needs",289,60.3,289,56.3,133,52.9
"Tolland School District","=""1420011""","High Needs (F/R, EL or SWD)","Not High Needs",1118,79.1,1116,75.3,505,70.1
"Tolland School District","=""1420011""","Free/Reduced Price Meal Eligibility (2-level)","Eligible For Free Or Reduced Price Meals",115,64.6,115,59.6,48,59.0
"Tolland School District","=""1420011""","Free/Reduced Price Meal Eligibility (2-level)","Not Eligible For Free Or Reduced Price Meals",1292,76.2,1290,72.5,590,67.1
"Tolland School District","=""1420011""","Race/Ethnicity","American Indian or Alaska Native","*","*","*","*","*","*"
"Tolland School District","=""1420011""","Race/Ethnicity","Asian",56,79.6,54,76.1,20,70.6
"Tolland School District","=""1420011""","Race/Ethnicity","Black or African American",23,75.7,23,69.1,10,"*"
"Tolland School District","=""1420011""","Race/Ethnicity","Hispanic or Latino",48,70.1,48,67.1,20,63.1
"Tolland School District","=""1420011""","Race/Ethnicity","Native Hawaiian or Other Pacific Islander","*","*","*","*","*","*"
"Tolland School District","=""1420011""","Race/Ethnicity","Two or More Races","*","*","*","*","*","*"
"Tolland School District","=""1420011""","Race/Ethnicity","White",1269,75.3,1269,71.4,584,66.5
"Tolland School District","=""1420011""","Special Education Status (SWD)","Students with Disabilities",189,55.3,190,51.1,92,48.6
"Tolland School District","=""1420011""","Special Education Status (SWD)","Students without Disabilities",1218,78.4,1215,74.6,546,69.5
"Torrington School District","=""1430011""","All Students","District",2172,63.5,2160,55.1,907,55.3
"Torrington School District","=""1430011""","English Language Learners (EL)","English Learners",197,58.4,197,51.8,60,48.5
"Torrington School District","=""1430011""","English Language Learners (EL)","Not English Learners",1975,64.1,1963,55.5,847,55.8
"Torrington School District","=""1430011""","Gender","Female",1026,66.3,1020,55.2,393,55.4
"Torrington School District","=""1430011""","Gender","Male",1146,61.0,1140,55.1,514,55.2
"Torrington School District","=""1430011""","High Needs (F/R, EL or SWD)","High Needs",1287,59.4,1278,51.0,522,50.8
"Torrington School District","=""1430011""","High Needs (F/R, EL or SWD)","Not High Needs",885,69.6,882,61.1,385,61.3
"Torrington School District","=""1430011""","Free/Reduced Price Meal Eligibility (2-level)","Eligible For Free Or Reduced Price Meals",1089,60.8,1083,52.1,437,52.4
"Torrington School District","=""1430011""","Free/Reduced Price Meal Eligibility (2-level)","Not Eligible For Free Or Reduced Price Meals",1083,66.3,1077,58.1,470,58.0
"Torrington School District","=""1430011""","Race/Ethnicity","American Indian or Alaska Native","*","*","*","*","*","*"
"Torrington School District","=""1430011""","Race/Ethnicity","Asian",82,71.7,81,67.7,33,62.4
"Torrington School District","=""1430011""","Race/Ethnicity","Black or African American",86,62.4,86,49.2,44,52.6
"Torrington School District","=""1430011""","Race/Ethnicity","Hispanic or Latino",446,59.2,446,50.9,190,49.4
"Torrington School District","=""1430011""","Race/Ethnicity","Native Hawaiian or Other Pacific Islander","*","*","*","*","*","*"
"Torrington School District","=""1430011""","Race/Ethnicity","Two or More Races",82,61.1,81,51.5,24,50.0
"Torrington School District","=""1430011""","Race/Ethnicity","White",1466,64.6,1456,56.3,613,57.2
"Torrington School District","=""1430011""","Special Education Status (SWD)","Students with Disabilities",457,49.4,452,40.7,205,43.8
"Torrington School District","=""1430011""","Special Education Status (SWD)","Students without Disabilities",1715,67.3,1708,59.0,702,58.6
"Trumbull School District","=""1440011""","All Students","District",3445,80.3,3444,76.2,1504,69.0
"Trumbull School District","=""1440011""","English Language Learners (EL)","English Learners",79,65.4,79,64.8,33,51.2
"Trumbull School District","=""1440011""","English Language Learners (EL)","Not English Learners",3366,80.6,3365,76.5,1471,69.4
"Trumbull School District","=""1440011""","Gender","Female",1713,82.2,1712,76.0,764,69.9
"Trumbull School District","=""1440011""","Gender","Male",1732,78.3,1732,76.4,740,68.0
"Trumbull School District","=""1440011""","High Needs (F/R, EL or SWD)","High Needs",714,65.4,714,61.1,323,55.9
"Trumbull School District","=""1440011""","High Needs (F/R, EL or SWD)","Not High Needs",2731,84.1,2730,80.2,1181,72.5
"Trumbull School District","=""1440011""","Free/Reduced Price Meal Eligibility (2-level)","Eligible For Free Or Reduced Price Meals",306,69.7,306,64.7,148,60.9
"Trumbull School District","=""1440011""","Free/Reduced Price Meal Eligibility (2-level)","Not Eligible For Free Or Reduced Price Meals",3139,81.3,3138,77.3,1356,69.8
"Trumbull School District","=""1440011""","Race/Ethnicity","American Indian or Alaska Native","*","*","*","*","*","*"
"Trumbull School District","=""1440011""","Race/Ethnicity","Asian",284,88.8,284,89.5,115,76.5
"Trumbull School District","=""1440011""","Race/Ethnicity","Black or African American",155,72.8,155,66.0,77,60.8
"Trumbull School District","=""1440011""","Race/Ethnicity","Hispanic or Latino",284,74.0,284,68.5,130,62.0
"Trumbull School District","=""1440011""","Race/Ethnicity","Native Hawaiian or Other Pacific Islander","*","*","*","*","N/A","N/A"
"Trumbull School District","=""1440011""","Race/Ethnicity","Two or More Races",17,"*",17,"*","*","*"
"Trumbull School District","=""1440011""","Race/Ethnicity","White",2695,80.4,2694,76.2,1169,69.6
"Trumbull School District","=""1440011""","Special Education Status (SWD)","Students with Disabilities",424,60.8,424,56.1,183,51.0
"Trumbull School District","=""1440011""","Special Education Status (SWD)","Students without Disabilities",3021,83.0,3020,79.0,1321,71.5
"Union School District","=""1450011""","All Students","District",49,72.8,49,67.8,18,"*"
"Union School District","=""1450011""","English Language Learners (EL)","Not English Learners",49,72.8,49,67.8,18,"*"
"Union School District","=""1450011""","Gender","Female",28,79.8,28,70.7,11,"*"
"Union School District","=""1450011""","Gender","Male",21,63.5,21,63.9,7,"*"
"Union School District","=""1450011""","High Needs (F/R, EL or SWD)","High Needs",10,"*",10,"*","*","*"
"Union School District","=""1450011""","High Needs (F/R, EL or SWD)","Not High Needs",39,79.1,39,73.4,"*","*"
"Union School District","=""1450011""","Free/Reduced Price Meal Eligibility (2-level)","Eligible For Free Or Reduced Price Meals","*","*","*","*","N/A","N/A"
"Union School District","=""1450011""","Free/Reduced Price Meal Eligibility (2-level)","Not Eligible For Free Or Reduced Price Meals","*","*","*","*",18,"*"
"Union School District","=""1450011""","Race/Ethnicity","Asian","*","*","*","*","N/A","N/A"
"Union School District","=""1450011""","Race/Ethnicity","Black or African American","*","*","*","*","*","*"
"Union School District","=""1450011""","Race/Ethnicity","Hispanic or Latino","*","*","*","*","N/A","N/A"
"Union School District","=""1450011""","Race/Ethnicity","White",46,73.8,46,68.7,"*","*"
"Union School District","=""1450011""","Special Education Status (SWD)","Students with Disabilities",9,"*",9,"*","*","*"
"Union School District","=""1450011""","Special Education Status (SWD)","Students without Disabilities",40,78.4,40,72.8,"*","*"
"Vernon School District","=""1460011""","All Students","District",1565,63.3,1561,57.7,631,53.7
"Vernon School District","=""1460011""","English Language Learners (EL)","English Learners",63,53.2,63,52.1,23,40.9
"Vernon School District","=""1460011""","English Language Learners (EL)","Not English Learners",1502,63.8,1498,58.0,608,54.2
"Vernon School District","=""1460011""","Gender","Female",757,66.1,756,57.8,317,53.4
"Vernon School District","=""1460011""","Gender","Male",808,60.7,805,57.7,314,53.9
"Vernon School District","=""1460011""","High Needs (F/R, EL or SWD)","High Needs",833,56.5,829,50.5,319,47.8
"Vernon School District","=""1460011""","High Needs (F/R, EL or SWD)","Not High Needs",732,71.1,732,65.9,312,59.7
"Vernon School District","=""1460011""","Free/Reduced Price Meal Eligibility (2-level)","Eligible For Free Or Reduced Price Meals",715,57.3,712,51.2,283,48.0
"Vernon School District","=""1460011""","Free/Reduced Price Meal Eligibility (2-level)","Not Eligible For Free Or Reduced Price Meals",850,68.5,849,63.2,348,58.3
"Vernon School District","=""1460011""","Race/Ethnicity","American Indian or Alaska Native","*","*","*","*","N/A","N/A"
"Vernon School District","=""1460011""","Race/Ethnicity","Asian",94,64.1,94,60.5,41,54.9
"Vernon School District","=""1460011""","Race/Ethnicity","Black or African American",176,55.8,176,50.5,82,47.8
"Vernon School District","=""1460011""","Race/Ethnicity","Hispanic or Latino",227,56.5,226,50.1,94,47.1
"Vernon School District","=""1460011""","Race/Ethnicity","Two or More Races","*","*","*","*",16,"*"
"Vernon School District","=""1460011""","Race/Ethnicity","White",1011,66.3,1008,60.6,398,56.5
"Vernon School District","=""1460011""","Special Education Status (SWD)","Students with Disabilities",282,46.5,279,39.9,111,38.7
"Vernon School District","=""1460011""","Special Education Status (SWD)","Students without Disabilities",1283,67.0,1282,61.6,520,56.9
"Voluntown School District","=""1470011""","All Students","District",176,73.1,176,67.6,66,59.0
"Voluntown School District","=""1470011""","English Language Learners (EL)","Not English Learners",176,73.1,176,67.6,66,59.0
"Voluntown School District","=""1470011""","Gender","Female",84,76.7,84,67.4,30,58.4
"Voluntown School District","=""1470011""","Gender","Male",92,69.9,92,67.7,36,59.6
"Voluntown School District","=""1470011""","High Needs (F/R, EL or SWD)","High Needs",72,63.2,72,60.0,29,53.7
"Voluntown School District","=""1470011""","High Needs (F/R, EL or SWD)","Not High Needs",104,80.1,104,72.8,37,63.2
"Voluntown School District","=""1470011""","Free/Reduced Price Meal Eligibility (2-level)","Eligible For Free Or Reduced Price Meals",40,68.6,40,65.9,16,"*"
"Voluntown School District","=""1470011""","Free/Reduced Price Meal Eligibility (2-level)","Not Eligible For Free Or Reduced Price Meals",136,74.5,136,68.1,50,61.0
"Voluntown School District","=""1470011""","Race/Ethnicity","American Indian or Alaska Native","*","*","*","*","N/A","N/A"
"Voluntown School District","=""1470011""","Race/Ethnicity","Asian","*","*","*","*","*","*"
"Voluntown School District","=""1470011""","Race/Ethnicity","Black or African American","*","*","*","*","*","*"
"Voluntown School District","=""1470011""","Race/Ethnicity","Hispanic or Latino","*","*","*","*","N/A","N/A"
"Voluntown School District","=""1470011""","Race/Ethnicity","Two or More Races",7,"*",7,"*","*","*"
"Voluntown School District","=""1470011""","Race/Ethnicity","White",158,72.5,158,67.4,60,59.1
"Voluntown School District","=""1470011""","Special Education Status (SWD)","Students with Disabilities",43,55.6,43,52.8,19,"*"
"Voluntown School District","=""1470011""","Special Education Status (SWD)","Students without Disabilities",133,78.8,133,72.3,47,62.8
"Wallingford School District","=""1480011""","All Students","District",3107,68.0,3105,62.3,1375,60.8
"Wallingford School District","=""1480011""","English Language Learners (EL)","English Learners",183,55.2,183,53.5,60,43.2
"Wallingford School District","=""1480011""","English Language Learners (EL)","Not English Learners",2924,68.8,2922,62.9,1315,61.6
"Wallingford School District","=""1480011""","Gender","Female",1548,69.9,1548,62.0,695,60.9
"Wallingford School District","=""1480011""","Gender","Male",1559,66.1,1557,62.7,680,60.8
"Wallingford School District","=""1480011""","High Needs (F/R, EL or SWD)","High Needs",1003,57.5,1003,52.3,405,51.0
"Wallingford School District","=""1480011""","High Needs (F/R, EL or SWD)","Not High Needs",2104,73.0,2102,67.1,970,64.9
"Wallingford School District","=""1480011""","Free/Reduced Price Meal Eligibility (2-level)","Eligible For Free Or Reduced Price Meals",609,60.4,609,54.8,252,53.9
"Wallingford School District","=""1480011""","Free/Reduced Price Meal Eligibility (2-level)","Not Eligible For Free Or Reduced Price Meals",2498,69.9,2496,64.2,1123,62.4
"Wallingford School District","=""1480011""","Race/Ethnicity","American Indian or Alaska Native","*","*","*","*","N/A","N/A"
"Wallingford School District","=""1480011""","Race/Ethnicity","Asian",152,71.6,152,69.3,71,63.3
"Wallingford School District","=""1480011""","Race/Ethnicity","Black or African American",77,62.0,77,53.4,"*","*"
"Wallingford School District","=""1480011""","Race/Ethnicity","Hispanic or Latino",521,61.3,521,56.2,222,54.7
"Wallingford School District","=""1480011""","Race/Ethnicity","Native Hawaiian or Other Pacific Islander","*","*","*","*","N/A","N/A"
"Wallingford School District","=""1480011""","Race/Ethnicity","Two or More Races",15,"*",15,"*","*","*"
"Wallingford School District","=""1480011""","Race/Ethnicity","White",2331,69.4,2329,63.5,1042,62.1
"Wallingford School District","=""1480011""","Special Education Status (SWD)","Students with Disabilities",440,49.8,440,44.3,179,45.3
"Wallingford School District","=""1480011""","Special Education Status (SWD)","Students without Disabilities",2667,71.0,2665,65.3,1196,63.1
"Waterbury School District","=""1510011""","All Students","District",9031,54.3,9033,46.2,3783,43.4
"Waterbury School District","=""1510011""","English Language Learners (EL)","English Learners",1138,43.0,1137,36.7,459,32.1
"Waterbury School District","=""1510011""","English Language Learners (EL)","Not English Learners",7893,56.0,7896,47.5,3324,45.0
"Waterbury School District","=""1510011""","Gender","Female",4444,56.7,4442,46.6,1828,43.9
"Waterbury School District","=""1510011""","Gender","Male",4587,52.1,4591,45.8,1955,42.9
"Waterbury School District","=""1510011""","High Needs (F/R, EL or SWD)","High Needs",7640,52.3,7642,44.2,3169,41.7
"Waterbury School District","=""1510011""","High Needs (F/R, EL or SWD)","Not High Needs",1391,65.2,1391,57.1,614,52.1
"Waterbury School District","=""1510011""","Free/Reduced Price Meal Eligibility (2-level)","Eligible For Free Or Reduced Price Meals",7331,52.7,7332,44.4,3041,42.0
"Waterbury School District","=""1510011""","Free/Reduced Price Meal Eligibility (2-level)","Not Eligible For Free Or Reduced Price Meals",1700,61.2,1701,53.5,742,48.9
"Waterbury School District","=""1510011""","Race/Ethnicity","American Indian or Alaska Native","*","*","*","*",25,46.1
"Waterbury School District","=""1510011""","Race/Ethnicity","Asian",149,67.6,149,61.8,75,53.5
"Waterbury School District","=""1510011""","Race/Ethnicity","Black or African American",2158,51.4,2160,42.6,922,40.7
"Waterbury School District","=""1510011""","Race/Ethnicity","Hispanic or Latino",4638,52.1,4636,43.9,1942,41.4
"Waterbury School District","=""1510011""","Race/Ethnicity","Native Hawaiian or Other Pacific Islander","*","*","*","*","N/A","N/A"
"Waterbury School District","=""1510011""","Race/Ethnicity","Two or More Races",269,59.4,269,50.6,88,45.0
"Waterbury School District","=""1510011""","Race/Ethnicity","White",1759,61.8,1761,54.3,731,50.8
"Waterbury School District","=""1510011""","Special Education Status (SWD)","Students with Disabilities",1956,39.3,1957,32.3,822,32.0
"Waterbury School District","=""1510011""","Special Education Status (SWD)","Students without Disabilities",7075,58.5,7076,50.0,2961,46.6
"Waterford School District","=""1520011""","All Students","District",1398,71.4,1398,64.8,635,60.5
"Waterford School District","=""1520011""","English Language Learners (EL)","English Learners",34,57.6,34,51.9,16,"*"
"Waterford School District","=""1520011""","English Language Learners (EL)","Not English Learners",1364,71.8,1364,65.2,619,60.9
"Waterford School District","=""1520011""","Gender","Female",686,74.1,686,64.9,322,60.8
"Waterford School District","=""1520011""","Gender","Male",712,68.9,712,64.8,313,60.3
"Waterford School District","=""1520011""","High Needs (F/R, EL or SWD)","High Needs",465,59.7,465,52.3,213,50.5
"Waterford School District","=""1520011""","High Needs (F/R, EL or SWD)","Not High Needs",933,77.3,933,71.1,422,65.6
"Waterford School District","=""1520011""","Free/Reduced Price Meal Eligibility (2-level)","Eligible For Free Or Reduced Price Meals",298,63.0,298,55.1,130,52.6
"Waterford School District","=""1520011""","Free/Reduced Price Meal Eligibility (2-level)","Not Eligible For Free Or Reduced Price Meals",1100,73.7,1100,67.5,505,62.6
"Waterford School District","=""1520011""","Race/Ethnicity","American Indian or Alaska Native",6,"*",6,"*","*","*"
"Waterford School District","=""1520011""","Race/Ethnicity","Asian",73,78.9,73,76.0,30,67.2
"Waterford School District","=""1520011""","Race/Ethnicity","Black or African American",47,61.1,47,56.4,22,52.6
"Waterford School District","=""1520011""","Race/Ethnicity","Hispanic or Latino",134,65.8,134,59.1,48,53.9
"Waterford School District","=""1520011""","Race/Ethnicity","Two or More Races",35,71.2,35,63.8,"*","*"
"Waterford School District","=""1520011""","Race/Ethnicity","White",1103,72.1,1103,65.2,513,61.4
"Waterford School District","=""1520011""","Special Education Status (SWD)","Students with Disabilities",239,51.7,239,45.5,123,44.7
"Waterford School District","=""1520011""","Special Education Status (SWD)","Students without Disabilities",1159,75.5,1159,68.8,512,64.4
"Watertown School District","=""1530011""","All Students","District",1486,70.4,1486,60.2,634,58.9
"Watertown School District","=""1530011""","English Language Learners (EL)","English Learners",49,59.9,49,53.6,15,"*"
"Watertown School District","=""1530011""","English Language Learners (EL)","Not English Learners",1437,70.8,1437,60.5,619,59.1
"Watertown School District","=""1530011""","Gender","Female",701,73.0,701,60.5,308,59.8
"Watertown School District","=""1530011""","Gender","Male",785,68.1,785,60.0,326,58.0
"Watertown School District","=""1530011""","High Needs (F/R, EL or SWD)","High Needs",553,62.3,553,52.6,234,52.3
"Watertown School District","=""1530011""","High Needs (F/R, EL or SWD)","Not High Needs",933,75.2,933,64.7,400,62.7
"Watertown School District","=""1530011""","Free/Reduced Price Meal Eligibility (2-level)","Eligible For Free Or Reduced Price Meals",415,65.1,415,54.4,174,54.8
"Watertown School District","=""1530011""","Free/Reduced Price Meal Eligibility (2-level)","Not Eligible For Free Or Reduced Price Meals",1071,72.5,1071,62.5,460,60.4
"Watertown School District","=""1530011""","Race/Ethnicity","American Indian or Alaska Native","*","*","*","*","*","*"
"Watertown School District","=""1530011""","Race/Ethnicity","Asian","*","*","*","*","*","*"
"Watertown School District","=""1530011""","Race/Ethnicity","Black or African American",34,61.4,34,46.1,12,"*"
"Watertown School District","=""1530011""","Race/Ethnicity","Hispanic or Latino",105,68.1,105,57.8,37,57.7
"Watertown School District","=""1530011""","Race/Ethnicity","Two or More Races",43,67.0,43,56.6,15,"*"
"Watertown School District","=""1530011""","Race/Ethnicity","White",1272,70.8,1272,60.8,558,59.3
"Watertown School District","=""1530011""","Special Education Status (SWD)","Students with Disabilities",212,50.6,212,42.5,96,43.5
"Watertown School District","=""1530011""","Special Education Status (SWD)","Students without Disabilities",1274,73.7,1274,63.2,538,61.6
"Westbrook School District","=""1540011""","All Students","District",388,75.3,388,70.0,200,63.8
"Westbrook School District","=""1540011""","English Language Learners (EL)","English Learners",22,55.2,22,55.4,8,"*"
"Westbrook School District","=""1540011""","English Language Learners (EL)","Not English Learners",366,76.5,366,70.8,192,64.4
"Westbrook School District","=""1540011""","Gender","Female",177,76.5,177,68.4,98,65.0
"Westbrook School District","=""1540011""","Gender","Male",211,74.4,211,71.3,102,62.7
"Westbrook School District","=""1540011""","High Needs (F/R, EL or SWD)","High Needs",104,62.2,104,59.5,55,55.3
"Westbrook School District","=""1540011""","High Needs (F/R, EL or SWD)","Not High Needs",284,80.1,284,73.8,145,67.1
"Westbrook School District","=""1540011""","Free/Reduced Price Meal Eligibility (2-level)","Eligible For Free Or Reduced Price Meals",52,67.5,52,62.7,26,61.4
"Westbrook School District","=""1540011""","Free/Reduced Price Meal Eligibility (2-level)","Not Eligible For Free Or Reduced Price Meals",336,76.6,336,71.1,174,64.2
"Westbrook School District","=""1540011""","Race/Ethnicity","American Indian or Alaska Native","*","*","*","*","*","*"
"Westbrook School District","=""1540011""","Race/Ethnicity","Asian",7,"*",7,"*","*","*"
"Westbrook School District","=""1540011""","Race/Ethnicity","Black or African American","*","*","*","*","*","*"
"Westbrook School District","=""1540011""","Race/Ethnicity","Hispanic or Latino",49,65.6,49,61.2,23,57.2
"Westbrook School District","=""1540011""","Race/Ethnicity","Two or More Races",6,"*",6,"*","*","*"
"Westbrook School District","=""1540011""","Race/Ethnicity","White",322,76.7,322,71.5,169,64.4
"Westbrook School District","=""1540011""","Special Education Status (SWD)","Students with Disabilities",57,58.2,57,55.2,30,51.8
"Westbrook School District","=""1540011""","Special Education Status (SWD)","Students without Disabilities",331,78.3,331,72.5,170,66.0
"West Hartford School District","=""1550011""","All Students","District",5090,75.2,5074,68.3,2129,66.2
"West Hartford School District","=""1550011""","English Language Learners (EL)","English Learners",320,59.8,319,53.7,89,46.3
"West Hartford School District","=""1550011""","English Language Learners (EL)","Not English Learners",4770,76.2,4755,69.3,2040,67.1
"West Hartford School District","=""1550011""","Gender","Female",2472,78.0,2465,68.1,1028,66.3
"West Hartford School District","=""1550011""","Gender","Male",2618,72.5,2609,68.4,1101,66.2
"West Hartford School District","=""1550011""","High Needs (F/R, EL or SWD)","High Needs",1563,60.6,1554,53.5,637,53.8
"West Hartford School District","=""1550011""","High Needs (F/R, EL or SWD)","Not High Needs",3527,81.6,3520,74.8,1492,71.6
"West Hartford School District","=""1550011""","Free/Reduced Price Meal Eligibility (2-level)","Eligible For Free Or Reduced Price Meals",1036,61.8,1031,54.2,434,55.3
"West Hartford School District","=""1550011""","Free/Reduced Price Meal Eligibility (2-level)","Not Eligible For Free Or Reduced Price Meals",4054,78.6,4043,71.9,1695,69.0
"West Hartford School District","=""1550011""","Race/Ethnicity","American Indian or Alaska Native","*","*","*","*","*","*"
"West Hartford School District","=""1550011""","Race/Ethnicity","Asian",570,77.1,570,72.7,259,67.0
"West Hartford School District","=""1550011""","Race/Ethnicity","Black or African American",397,63.3,395,53.8,174,53.8
"West Hartford School District","=""1550011""","Race/Ethnicity","Hispanic or Latino",854,62.9,849,55.0,333,55.2
"West Hartford School District","=""1550011""","Race/Ethnicity","Native Hawaiian or Other Pacific Islander","N/A","N/A","N/A","N/A","*","*"
"West Hartford School District","=""1550011""","Race/Ethnicity","Two or More Races","*","*","*","*",66,65.2
"West Hartford School District","=""1550011""","Race/Ethnicity","White",3048,79.7,3039,73.0,1294,70.7
"West Hartford School District","=""1550011""","Special Education Status (SWD)","Students with Disabilities",666,52.5,658,45.6,291,46.7
"West Hartford School District","=""1550011""","Special Education Status (SWD)","Students without Disabilities",4424,78.6,4416,71.7,1838,69.3
"West Haven School District","=""1560011""","All Students","District",2902,63.3,2901,58.4,1277,54.1
"West Haven School District","=""1560011""","English Language Learners (EL)","English Learners",409,54.9,409,52.6,130,43.6
"West Haven School District","=""1560011""","English Language Learners (EL)","Not English Learners",2493,64.7,2492,59.3,1147,55.2
"West Haven School District","=""1560011""","Gender","Female",1420,65.8,1420,58.9,648,54.3
"West Haven School District","=""1560011""","Gender","Male",1482,61.0,1481,57.8,629,53.8
"West Haven School District","=""1560011""","High Needs (F/R, EL or SWD)","High Needs",2032,59.6,2031,54.9,890,50.7
"West Haven School District","=""1560011""","High Needs (F/R, EL or SWD)","Not High Needs",870,72.2,870,66.4,387,61.7
"West Haven School District","=""1560011""","Free/Reduced Price Meal Eligibility (2-level)","Eligible For Free Or Reduced Price Meals",1847,60.5,1845,55.8,796,51.2
"West Haven School District","=""1560011""","Free/Reduced Price Meal Eligibility (2-level)","Not Eligible For Free Or Reduced Price Meals",1055,68.4,1056,62.8,481,58.8
"West Haven School District","=""1560011""","Race/Ethnicity","American Indian or Alaska Native","*","*","*","*","N/A","N/A"
"West Haven School District","=""1560011""","Race/Ethnicity","Asian",118,71.7,118,70.6,43,64.0
"West Haven School District","=""1560011""","Race/Ethnicity","Black or African American",648,58.9,646,52.4,299,49.3
"West Haven School District","=""1560011""","Race/Ethnicity","Hispanic or Latino",1002,60.4,1002,56.3,444,51.2
"West Haven School District","=""1560011""","Race/Ethnicity","Native Hawaiian or Other Pacific Islander","*","*","*","*","N/A","N/A"
"West Haven School District","=""1560011""","Race/Ethnicity","Two or More Races",96,65.2,96,59.7,42,55.2
"West Haven School District","=""1560011""","Race/Ethnicity","White",1031,67.9,1032,62.6,449,59.0
"West Haven School District","=""1560011""","Special Education Status (SWD)","Students with Disabilities",504,48.2,503,43.9,224,43.8
"West Haven School District","=""1560011""","Special Education Status (SWD)","Students without Disabilities",2398,66.5,2398,61.4,1053,56.2
"Weston School District","=""1570011""","All Students","District",1273,78.2,1270,74.4,564,69.2
"Weston School District","=""1570011""","English Language Learners (EL)","English Learners",8,"*",8,"*","*","*"
"Weston School District","=""1570011""","English Language Learners (EL)","Not English Learners",1265,78.3,1262,74.6,"*","*"
"Weston School District","=""1570011""","Gender","Female",596,81.2,594,74.0,281,69.4
"Weston School District","=""1570011""","Gender","Male",677,75.6,676,74.8,283,68.9
"Weston School District","=""1570011""","High Needs (F/R, EL or SWD)","High Needs",146,61.3,145,56.7,65,55.6
"Weston School District","=""1570011""","High Needs (F/R, EL or SWD)","Not High Needs",1127,80.4,1125,76.7,499,70.9
"Weston School District","=""1570011""","Free/Reduced Price Meal Eligibility (2-level)","Eligible For Free Or Reduced Price Meals",28,61.8,28,53.5,18,"*"
"Weston School District","=""1570011""","Free/Reduced Price Meal Eligibility (2-level)","Not Eligible For Free Or Reduced Price Meals",1245,78.6,1242,74.9,546,69.5
"Weston School District","=""1570011""","Race/Ethnicity","American Indian or Alaska Native","N/A","N/A","N/A","N/A","*","*"
"Weston School District","=""1570011""","Race/Ethnicity","Asian",57,76.8,57,76.6,26,72.5
"Weston School District","=""1570011""","Race/Ethnicity","Black or African American","*","*","*","*","*","*"
"Weston School District","=""1570011""","Race/Ethnicity","Hispanic or Latino",45,70.9,45,67.0,21,59.4
"Weston School District","=""1570011""","Race/Ethnicity","Native Hawaiian or Other Pacific Islander","*","*","*","*","N/A","N/A"
"Weston School District","=""1570011""","Race/Ethnicity","Two or More Races",51,79.2,51,75.0,14,"*"
"Weston School District","=""1570011""","Race/Ethnicity","White",1100,78.7,1097,74.9,490,69.5
"Weston School District","=""1570011""","Special Education Status (SWD)","Students with Disabilities",123,60.1,122,56.1,50,53.9
"Weston School District","=""1570011""","Special Education Status (SWD)","Students without Disabilities",1150,80.1,1148,76.4,514,70.6
"Westport School District","=""1580011""","All Students","District",3007,81.0,3001,76.4,1363,69.3
"Westport School District","=""1580011""","English Language Learners (EL)","English Learners",31,68.7,31,65.2,16,"*"
"Westport School District","=""1580011""","English Language Learners (EL)","Not English Learners",2976,81.1,2970,76.5,1347,69.5
"Westport School District","=""1580011""","Gender","Female",1467,82.6,1463,74.8,653,67.3
"Westport School District","=""1580011""","Gender","Male",1540,79.5,1538,77.9,710,71.2
"Westport School District","=""1580011""","High Needs (F/R, EL or SWD)","High Needs",476,64.8,473,57.7,237,56.0
"Westport School District","=""1580011""","High Needs (F/R, EL or SWD)","Not High Needs",2531,84.0,2528,79.9,1126,72.1
"Westport School District","=""1580011""","Free/Reduced Price Meal Eligibility (2-level)","Eligible For Free Or Reduced Price Meals",124,66.8,124,58.0,64,57.2
"Westport School District","=""1580011""","Free/Reduced Price Meal Eligibility (2-level)","Not Eligible For Free Or Reduced Price Meals",2883,81.6,2877,77.2,1299,69.9
"Westport School District","=""1580011""","Race/Ethnicity","Asian",180,86.7,180,86.1,90,75.0
"Westport School District","=""1580011""","Race/Ethnicity","Black or African American","*","*","*","*","*","*"
"Westport School District","=""1580011""","Race/Ethnicity","Hispanic or Latino",133,74.2,133,68.4,56,60.5
"Westport School District","=""1580011""","Race/Ethnicity","Native Hawaiian or Other Pacific Islander","*","*","*","*","*","*"
"Westport School District","=""1580011""","Race/Ethnicity","Two or More Races",97,89.9,97,87.4,31,74.5
"Westport School District","=""1580011""","Race/Ethnicity","White",2553,80.8,2547,76.0,1169,69.3
"Westport School District","=""1580011""","Special Education Status (SWD)","Students with Disabilities",373,61.6,370,54.5,182,53.9
"Westport School District","=""1580011""","Special Education Status (SWD)","Students without Disabilities",2634,83.7,2631,79.5,1181,71.7
"Wethersfield School District","=""1590011""","All Students","District",1851,71.8,1851,67.5,834,60.6
"Wethersfield School District","=""1590011""","English Language Learners (EL)","English Learners",133,54.1,133,50.4,33,43.6
"Wethersfield School District","=""1590011""","English Language Learners (EL)","Not English Learners",1718,73.2,1718,68.8,801,61.3
"Wethersfield School District","=""1590011""","Gender","Female",913,75.4,913,68.7,418,61.1
"Wethersfield School District","=""1590011""","Gender","Male",938,68.3,938,66.4,416,60.0
"Wethersfield School District","=""1590011""","High Needs (F/R, EL or SWD)","High Needs",603,58.9,603,54.2,243,48.5
"Wethersfield School District","=""1590011""","High Needs (F/R, EL or SWD)","Not High Needs",1248,78.0,1248,74.0,591,65.5
"Wethersfield School District","=""1590011""","Free/Reduced Price Meal Eligibility (2-level)","Eligible For Free Or Reduced Price Meals",330,62.1,330,57.1,140,52.8
"Wethersfield School District","=""1590011""","Free/Reduced Price Meal Eligibility (2-level)","Not Eligible For Free Or Reduced Price Meals",1521,73.9,1521,69.8,694,62.1
"Wethersfield School District","=""1590011""","Race/Ethnicity","American Indian or Alaska Native","*","*","*","*","*","*"
"Wethersfield School District","=""1590011""","Race/Ethnicity","Asian",92,77.4,92,76.2,35,66.5
"Wethersfield School District","=""1590011""","Race/Ethnicity","Black or African American",63,62.1,63,55.5,27,54.0
"Wethersfield School District","=""1590011""","Race/Ethnicity","Hispanic or Latino",281,64.7,281,60.1,121,54.9
"Wethersfield School District","=""1590011""","Race/Ethnicity","Native Hawaiian or Other Pacific Islander","*","*","*","*","*","*"
"Wethersfield School District","=""1590011""","Race/Ethnicity","Two or More Races",46,77.7,46,71.9,16,"*"
"Wethersfield School District","=""1590011""","Race/Ethnicity","White",1362,73.1,1362,68.9,632,61.6
"Wethersfield School District","=""1590011""","Special Education Status (SWD)","Students with Disabilities",325,53.3,325,46.7,128,41.3
"Wethersfield School District","=""1590011""","Special Education Status (SWD)","Students without Disabilities",1526,75.7,1526,71.9,706,64.1
"Willington School District","=""1600011""","All Students","District",275,69.0,275,65.2,85,56.7
"Willington School District","=""1600011""","English Language Learners (EL)","English Learners","*","*","*","*","N/A","N/A"
"Willington School District","=""1600011""","English Language Learners (EL)","Not English Learners","*","*","*","*",85,56.7
"Willington School District","=""1600011""","Gender","Female",131,71.6,131,65.5,39,56.5
"Willington School District","=""1600011""","Gender","Male",144,66.6,144,64.8,46,56.9
"Willington School District","=""1600011""","High Needs (F/R, EL or SWD)","High Needs",95,61.2,95,55.6,35,50.2
"Willington School District","=""1600011""","High Needs (F/R, EL or SWD)","Not High Needs",180,73.1,180,70.2,50,61.2
"Willington School District","=""1600011""","Free/Reduced Price Meal Eligibility (2-level)","Eligible For Free Or Reduced Price Meals",58,66.2,58,58.5,17,"*"
"Willington School District","=""1600011""","Free/Reduced Price Meal Eligibility (2-level)","Not Eligible For Free Or Reduced Price Meals",217,69.8,217,66.9,68,57.6
"Willington School District","=""1600011""","Race/Ethnicity","Asian","*","*","*","*","N/A","N/A"
"Willington School District","=""1600011""","Race/Ethnicity","Black or African American","*","*","*","*","*","*"
"Willington School District","=""1600011""","Race/Ethnicity","Hispanic or Latino",11,"*",11,"*","*","*"
"Willington School District","=""1600011""","Race/Ethnicity","Two or More Races",9,"*",9,"*","*","*"
"Willington School District","=""1600011""","Race/Ethnicity","White",253,69.0,253,65.2,78,56.8
"Willington School District","=""1600011""","Special Education Status (SWD)","Students with Disabilities",52,51.5,52,49.4,24,45.0
"Willington School District","=""1600011""","Special Education Status (SWD)","Students without Disabilities",223,73.1,223,68.8,61,61.3
"Wilton School District","=""1610011""","All Students","District",2269,79.4,2268,73.4,999,68.8
"Wilton School District","=""1610011""","English Language Learners (EL)","English Learners",12,"*",12,"*",7,"*"
"Wilton School District","=""1610011""","English Language Learners (EL)","Not English Learners",2257,79.5,2256,73.5,992,68.9
"Wilton School District","=""1610011""","Gender","Female",1137,81.2,1136,72.4,499,68.2
"Wilton School District","=""1610011""","Gender","Male",1132,77.6,1132,74.4,500,69.4
"Wilton School District","=""1610011""","High Needs (F/R, EL or SWD)","High Needs",393,62.6,393,55.8,197,57.5
"Wilton School District","=""1610011""","High Needs (F/R, EL or SWD)","Not High Needs",1876,82.9,1875,77.1,802,71.6
"Wilton School District","=""1610011""","Free/Reduced Price Meal Eligibility (2-level)","Eligible For Free Or Reduced Price Meals",34,66.5,34,57.1,14,"*"
"Wilton School District","=""1610011""","Free/Reduced Price Meal Eligibility (2-level)","Not Eligible For Free Or Reduced Price Meals",2235,79.6,2234,73.6,985,69.0
"Wilton School District","=""1610011""","Race/Ethnicity","American Indian or Alaska Native","*","*","*","*","*","*"
"Wilton School District","=""1610011""","Race/Ethnicity","Asian",222,87.4,222,85.7,92,72.1
"Wilton School District","=""1610011""","Race/Ethnicity","Black or African American",29,70.0,29,62.8,8,"*"
"Wilton School District","=""1610011""","Race/Ethnicity","Hispanic or Latino",77,70.9,77,67.3,31,63.5
"Wilton School District","=""1610011""","Race/Ethnicity","Native Hawaiian or Other Pacific Islander","*","*","*","*","*","*"
"Wilton School District","=""1610011""","Race/Ethnicity","Two or More Races",50,86.2,50,84.5,17,"*"
"Wilton School District","=""1610011""","Race/Ethnicity","White",1880,78.7,1879,72.0,845,68.5
"Wilton School District","=""1610011""","Special Education Status (SWD)","Students with Disabilities",366,61.6,366,55.0,185,56.9
"Wilton School District","=""1610011""","Special Education Status (SWD)","Students without Disabilities",1903,82.8,1902,76.9,814,71.6
"Winchester School District","=""1620011""","All Students","District",316,64.8,313,57.2,94,49.5
"Winchester School District","=""1620011""","English Language Learners (EL)","English Learners",22,50.6,21,47.2,7,"*"
"Winchester School District","=""1620011""","English Language Learners (EL)","Not English Learners",294,65.9,292,57.9,87,51.1
"Winchester School District","=""1620011""","Gender","Female",153,67.1,153,56.3,49,49.2
"Winchester School District","=""1620011""","Gender","Male",163,62.7,160,58.0,45,49.9
"Winchester School District","=""1620011""","High Needs (F/R, EL or SWD)","High Needs",200,61.1,198,53.9,67,46.0
"Winchester School District","=""1620011""","High Needs (F/R, EL or SWD)","Not High Needs",116,71.2,115,62.8,27,58.4
"Winchester School District","=""1620011""","Free/Reduced Price Meal Eligibility (2-level)","Eligible For Free Or Reduced Price Meals",176,61.9,174,54.7,55,48.7
"Winchester School District","=""1620011""","Free/Reduced Price Meal Eligibility (2-level)","Not Eligible For Free Or Reduced Price Meals",140,68.5,139,60.3,39,50.7
"Winchester School District","=""1620011""","Race/Ethnicity","American Indian or Alaska Native","*","*","*","*","*","*"
"Winchester School District","=""1620011""","Race/Ethnicity","Asian",9,"*",9,"*","*","*"
"Winchester School District","=""1620011""","Race/Ethnicity","Black or African American",12,"*",12,"*","*","*"
"Winchester School District","=""1620011""","Race/Ethnicity","Hispanic or Latino",45,58.4,44,51.2,15,"*"
"Winchester School District","=""1620011""","Race/Ethnicity","Two or More Races","*","*","*","*","*","*"
"Winchester School District","=""1620011""","Race/Ethnicity","White",243,66.4,242,58.6,70,51.0
"Winchester School District","=""1620011""","Special Education Status (SWD)","Students with Disabilities",64,53.0,62,46.1,29,37.8
"Winchester School District","=""1620011""","Special Education Status (SWD)","Students without Disabilities",252,67.8,251,59.9,65,54.8
"Windham School District","=""1630011""","All Students","District",1582,59.5,1575,52.6,585,45.4
"Windham School District","=""1630011""","English Language Learners (EL)","English Learners",435,48.1,435,42.7,160,33.4
"Windham School District","=""1630011""","English Language Learners (EL)","Not English Learners",1147,63.9,1140,56.4,425,49.9
"Windham School District","=""1630011""","Gender","Female",750,61.9,748,52.2,259,45.3
"Windham School District","=""1630011""","Gender","Male",832,57.4,827,52.9,326,45.5
"Windham School District","=""1630011""","High Needs (F/R, EL or SWD)","High Needs",1316,56.0,1311,49.3,486,42.2
"Windham School District","=""1630011""","High Needs (F/R, EL or SWD)","Not High Needs",266,76.8,264,68.8,99,60.9
"Windham School District","=""1630011""","Free/Reduced Price Meal Eligibility (2-level)","Eligible For Free Or Reduced Price Meals",1245,56.2,1241,49.5,464,42.5
"Windham School District","=""1630011""","Free/Reduced Price Meal Eligibility (2-level)","Not Eligible For Free Or Reduced Price Meals",337,72.0,334,64.2,121,56.4
"Windham School District","=""1630011""","Race/Ethnicity","American Indian or Alaska Native","*","*","*","*","*","*"
"Windham School District","=""1630011""","Race/Ethnicity","Asian","*","*","*","*","*","*"
"Windham School District","=""1630011""","Race/Ethnicity","Black or African American",56,59.3,56,50.2,25,49.1
"Windham School District","=""1630011""","Race/Ethnicity","Hispanic or Latino",1037,55.1,1034,48.4,369,40.5
"Windham School District","=""1630011""","Race/Ethnicity","Two or More Races",43,75.2,43,68.7,13,"*"
"Windham School District","=""1630011""","Race/Ethnicity","White",429,68.3,425,61.0,168,53.8
"Windham School District","=""1630011""","Special Education Status (SWD)","Students with Disabilities",324,42.2,320,36.6,123,33.0
"Windham School District","=""1630011""","Special Education Status (SWD)","Students without Disabilities",1258,64.0,1255,56.6,462,48.7
"Windsor School District","=""1640011""","All Students","District",1583,62.9,1578,58.6,760,55.5
"Windsor School District","=""1640011""","English Language Learners (EL)","English Learners",84,56.2,82,53.3,27,51.5
"Windsor School District","=""1640011""","English Language Learners (EL)","Not English Learners",1499,63.2,1496,58.9,733,55.6
"Windsor School District","=""1640011""","Gender","Female",748,66.6,746,59.2,380,56.5
"Windsor School District","=""1640011""","Gender","Male",835,59.5,832,58.0,380,54.5
"Windsor School District","=""1640011""","High Needs (F/R, EL or SWD)","High Needs",770,54.7,765,50.0,387,48.4
"Windsor School District","=""1640011""","High Needs (F/R, EL or SWD)","Not High Needs",813,70.6,813,66.7,373,62.8
"Windsor School District","=""1640011""","Free/Reduced Price Meal Eligibility (2-level)","Eligible For Free Or Reduced Price Meals",580,56.6,579,50.9,299,49.7
"Windsor School District","=""1640011""","Free/Reduced Price Meal Eligibility (2-level)","Not Eligible For Free Or Reduced Price Meals",1003,66.5,999,63.0,461,59.2
"Windsor School District","=""1640011""","Race/Ethnicity","Asian","*","*","*","*",32,63.9
"Windsor School District","=""1640011""","Race/Ethnicity","Black or African American",729,57.4,727,52.0,362,49.2
"Windsor School District","=""1640011""","Race/Ethnicity","Hispanic or Latino",246,60.6,245,56.5,132,54.3
"Windsor School District","=""1640011""","Race/Ethnicity","Native Hawaiian or Other Pacific Islander","*","*","*","*","N/A","N/A"
"Windsor School District","=""1640011""","Race/Ethnicity","Two or More Races",92,69.0,92,66.0,35,67.5
"Windsor School District","=""1640011""","Race/Ethnicity","White",450,70.9,450,67.7,199,64.2
"Windsor School District","=""1640011""","Special Education Status (SWD)","Students with Disabilities",307,44.2,304,40.8,165,40.3
"Windsor School District","=""1640011""","Special Education Status (SWD)","Students without Disabilities",1276,67.4,1274,62.8,595,59.7
"Windsor Locks School District","=""1650011""","All Students","District",793,65.1,781,58.8,344,55.0
"Windsor Locks School District","=""1650011""","English Language Learners (EL)","English Learners",40,55.8,39,55.9,12,"*"
"Windsor Locks School District","=""1650011""","English Language Learners (EL)","Not English Learners",753,65.6,742,58.9,332,55.3
"Windsor Locks School District","=""1650011""","Gender","Female",377,68.3,371,59.7,165,56.0
"Windsor Locks School District","=""1650011""","Gender","Male",416,62.2,410,57.9,179,54.2
"Windsor Locks School District","=""1650011""","High Needs (F/R, EL or SWD)","High Needs",387,58.1,380,51.7,150,47.2
"Windsor Locks School District","=""1650011""","High Needs (F/R, EL or SWD)","Not High Needs",406,71.7,401,65.5,194,61.1
"Windsor Locks School District","=""1650011""","Free/Reduced Price Meal Eligibility (2-level)","Eligible For Free Or Reduced Price Meals",320,59.2,314,52.7,120,48.7
"Windsor Locks School District","=""1650011""","Free/Reduced Price Meal Eligibility (2-level)","Not Eligible For Free Or Reduced Price Meals",473,69.1,467,62.9,224,58.4
"Windsor Locks School District","=""1650011""","Race/Ethnicity","American Indian or Alaska Native","N/A","N/A","N/A","N/A","N/A","N/A"
"Windsor Locks School District","=""1650011""","Race/Ethnicity","Asian",57,70.3,57,67.6,26,65.9
"Windsor Locks School District","=""1650011""","Race/Ethnicity","Black or African American",82,52.2,80,44.4,36,44.0
"Windsor Locks School District","=""1650011""","Race/Ethnicity","Hispanic or Latino",100,65.2,100,56.4,35,52.5
"Windsor Locks School District","=""1650011""","Race/Ethnicity","Native Hawaiian or Other Pacific Islander","*","*","*","*","*","*"
"Windsor Locks School District","=""1650011""","Race/Ethnicity","Two or More Races","*","*","*","*","*","*"
"Windsor Locks School District","=""1650011""","Race/Ethnicity","White",520,66.2,510,60.2,239,55.8
"Windsor Locks School District","=""1650011""","Special Education Status (SWD)","Students with Disabilities",138,49.9,136,42.1,55,37.0
"Windsor Locks School District","=""1650011""","Special Education Status (SWD)","Students without Disabilities",655,68.3,645,62.3,289,58.5
"Wolcott School District","=""1660011""","All Students","District",1262,72.2,1261,68.0,595,62.8
"Wolcott School District","=""1660011""","English Language Learners (EL)","English Learners",28,64.0,28,62.7,14,"*"
"Wolcott School District","=""1660011""","English Language Learners (EL)","Not English Learners",1234,72.4,1233,68.1,581,63.2
"Wolcott School District","=""1660011""","Gender","Female",609,76.1,608,68.7,298,63.5
"Wolcott School District","=""1660011""","Gender","Male",653,68.6,653,67.3,297,62.2
"Wolcott School District","=""1660011""","High Needs (F/R, EL or SWD)","High Needs",370,63.3,369,59.4,177,54.5
"Wolcott School District","=""1660011""","High Needs (F/R, EL or SWD)","Not High Needs",892,75.9,892,71.5,418,66.4
"Wolcott School District","=""1660011""","Free/Reduced Price Meal Eligibility (2-level)","Eligible For Free Or Reduced Price Meals",258,66.5,258,63.0,131,56.6
"Wolcott School District","=""1660011""","Free/Reduced Price Meal Eligibility (2-level)","Not Eligible For Free Or Reduced Price Meals",1004,73.7,1003,69.3,464,64.6
"Wolcott School District","=""1660011""","Race/Ethnicity","American Indian or Alaska Native","*","*","*","*","*","*"
"Wolcott School District","=""1660011""","Race/Ethnicity","Asian","*","*","*","*","*","*"
"Wolcott School District","=""1660011""","Race/Ethnicity","Black or African American",29,61.4,29,56.4,13,"*"
"Wolcott School District","=""1660011""","Race/Ethnicity","Hispanic or Latino",63,67.1,63,62.5,16,"*"
"Wolcott School District","=""1660011""","Race/Ethnicity","Two or More Races",43,73.7,43,68.3,18,"*"
"Wolcott School District","=""1660011""","Race/Ethnicity","White",1103,72.6,1102,68.5,537,63.0
"Wolcott School District","=""1660011""","Special Education Status (SWD)","Students with Disabilities",167,52.3,166,47.7,74,45.3
"Wolcott School District","=""1660011""","Special Education Status (SWD)","Students without Disabilities",1095,75.3,1095,71.1,521,65.3
"Woodbridge School District","=""1670011""","All Students","District",414,82.0,413,76.2,97,74.8
"Woodbridge School District","=""1670011""","English Language Learners (EL)","English Learners",20,77.4,20,77.1,"*","*"
"Woodbridge School District","=""1670011""","English Language Learners (EL)","Not English Learners",394,82.2,393,76.1,"*","*"
"Woodbridge School District","=""1670011""","Gender","Female",216,85.2,215,77.4,48,76.8
"Woodbridge School District","=""1670011""","Gender","Male",198,78.5,198,74.9,49,73.0
"Woodbridge School District","=""1670011""","High Needs (F/R, EL or SWD)","High Needs",87,67.8,86,61.4,17,"*"
"Woodbridge School District","=""1670011""","High Needs (F/R, EL or SWD)","Not High Needs",327,85.8,327,80.1,80,78.9
"Woodbridge School District","=""1670011""","Free/Reduced Price Meal Eligibility (2-level)","Eligible For Free Or Reduced Price Meals",39,70.8,38,63.3,9,"*"
"Woodbridge School District","=""1670011""","Free/Reduced Price Meal Eligibility (2-level)","Not Eligible For Free Or Reduced Price Meals",375,83.2,375,77.5,88,76.2
"Woodbridge School District","=""1670011""","Race/Ethnicity","American Indian or Alaska Native","*","*","*","*","N/A","N/A"
"Woodbridge School District","=""1670011""","Race/Ethnicity","Asian",73,87.7,73,85.8,23,79.1
"Woodbridge School District","=""1670011""","Race/Ethnicity","Black or African American",12,"*",12,"*","*","*"
"Woodbridge School District","=""1670011""","Race/Ethnicity","Hispanic or Latino",26,76.7,26,67.6,"*","*"
"Woodbridge School District","=""1670011""","Race/Ethnicity","Native Hawaiian or Other Pacific Islander","*","*","*","*","*","*"
"Woodbridge School District","=""1670011""","Race/Ethnicity","Two or More Races",8,"*",8,"*","*","*"
"Woodbridge School District","=""1670011""","Race/Ethnicity","White",293,81.2,292,74.7,65,74.9
"Woodbridge School District","=""1670011""","Special Education Status (SWD)","Students with Disabilities",49,59.8,49,52.0,10,"*"
"Woodbridge School District","=""1670011""","Special Education Status (SWD)","Students without Disabilities",365,85.0,364,79.5,87,78.6
"Woodstock School District","=""1690011""","All Students","District",568,75.6,566,66.7,213,65.6
"Woodstock School District","=""1690011""","English Language Learners (EL)","English Learners","*","*","*","*","*","*"
"Woodstock School District","=""1690011""","English Language Learners (EL)","Not English Learners","*","*","*","*","*","*"
"Woodstock School District","=""1690011""","Gender","Female",277,79.4,277,66.4,106,65.8
"Woodstock School District","=""1690011""","Gender","Male",291,72.0,289,66.9,107,65.3
"Woodstock School District","=""1690011""","High Needs (F/R, EL or SWD)","High Needs",136,64.2,134,56.0,53,57.8
"Woodstock School District","=""1690011""","High Needs (F/R, EL or SWD)","Not High Needs",432,79.2,432,70.0,160,68.1
"Woodstock School District","=""1690011""","Free/Reduced Price Meal Eligibility (2-level)","Eligible For Free Or Reduced Price Meals",84,67.6,82,60.2,29,63.4
"Woodstock School District","=""1690011""","Free/Reduced Price Meal Eligibility (2-level)","Not Eligible For Free Or Reduced Price Meals",484,77.0,484,67.8,184,65.9
"Woodstock School District","=""1690011""","Race/Ethnicity","Asian",6,"*","*","*","*","*"
"Woodstock School District","=""1690011""","Race/Ethnicity","Black or African American",6,"*","*","*","*","*"
"Woodstock School District","=""1690011""","Race/Ethnicity","Hispanic or Latino",17,"*",17,"*","*","*"
"Woodstock School District","=""1690011""","Race/Ethnicity","Two or More Races",18,"*",18,"*",6,"*"
"Woodstock School District","=""1690011""","Race/Ethnicity","White",521,75.8,520,66.9,196,65.7
"Woodstock School District","=""1690011""","Special Education Status (SWD)","Students with Disabilities",69,56.0,69,48.5,30,51.8
"Woodstock School District","=""1690011""","Special Education Status (SWD)","Students without Disabilities",499,78.3,497,69.2,183,67.8
"Regional School District 01","=""2010012""","All Students","District",113,61.1,113,55.0,89,55.7
"Regional School District 01","=""2010012""","English Language Learners (EL)","Not English Learners",113,61.1,113,55.0,89,55.7
"Regional School District 01","=""2010012""","Gender","Female",65,62.2,65,53.0,39,56.6
"Regional School District 01","=""2010012""","Gender","Male",48,59.6,48,57.7,50,55.0
"Regional School District 01","=""2010012""","High Needs (F/R, EL or SWD)","High Needs",40,49.5,40,44.8,36,47.9
"Regional School District 01","=""2010012""","High Needs (F/R, EL or SWD)","Not High Needs",73,67.5,73,60.6,53,61.0
"Regional School District 01","=""2010012""","Free/Reduced Price Meal Eligibility (2-level)","Eligible For Free Or Reduced Price Meals",21,52.9,21,47.5,20,54.8
"Regional School District 01","=""2010012""","Free/Reduced Price Meal Eligibility (2-level)","Not Eligible For Free Or Reduced Price Meals",92,63.0,92,56.7,69,55.9
"Regional School District 01","=""2010012""","Race/Ethnicity","Asian","*","*","*","*","*","*"
"Regional School District 01","=""2010012""","Race/Ethnicity","Black or African American","*","*","*","*","*","*"
"Regional School District 01","=""2010012""","Race/Ethnicity","Hispanic or Latino","*","*","*","*","*","*"
"Regional School District 01","=""2010012""","Race/Ethnicity","Two or More Races","N/A","N/A","N/A","N/A","*","*"
"Regional School District 01","=""2010012""","Race/Ethnicity","White",106,61.5,106,55.4,81,55.9
"Regional School District 01","=""2010012""","Special Education Status (SWD)","Students with Disabilities",26,45.9,26,43.4,21,41.3
"Regional School District 01","=""2010012""","Special Education Status (SWD)","Students without Disabilities",87,65.6,87,58.5,68,60.1
"Regional School District 04","=""2040012""","All Students","District",454,71.1,454,63.7,319,67.0
"Regional School District 04","=""2040012""","English Language Learners (EL)","English Learners","*","*","*","*","*","*"
"Regional School District 04","=""2040012""","English Language Learners (EL)","Not English Learners","*","*","*","*","*","*"
"Regional School District 04","=""2040012""","Gender","Female",233,75.2,233,64.9,162,66.9
"Regional School District 04","=""2040012""","Gender","Male",221,66.7,221,62.4,157,67.1
"Regional School District 04","=""2040012""","High Needs (F/R, EL or SWD)","High Needs",116,56.6,116,49.4,75,55.3
"Regional School District 04","=""2040012""","High Needs (F/R, EL or SWD)","Not High Needs",338,76.0,338,68.5,244,70.6
"Regional School District 04","=""2040012""","Free/Reduced Price Meal Eligibility (2-level)","Eligible For Free Or Reduced Price Meals",56,63.4,56,55.6,34,59.3
"Regional School District 04","=""2040012""","Free/Reduced Price Meal Eligibility (2-level)","Not Eligible For Free Or Reduced Price Meals",398,72.1,398,64.8,285,67.9
"Regional School District 04","=""2040012""","Race/Ethnicity","Asian",7,"*",7,"*",9,"*"
"Regional School District 04","=""2040012""","Race/Ethnicity","Black or African American",8,"*",8,"*","*","*"
"Regional School District 04","=""2040012""","Race/Ethnicity","Hispanic or Latino",12,"*",12,"*",17,"*"
"Regional School District 04","=""2040012""","Race/Ethnicity","Two or More Races",13,"*",13,"*","*","*"
"Regional School District 04","=""2040012""","Race/Ethnicity","White",414,72.0,414,64.5,283,67.4
"Regional School District 04","=""2040012""","Special Education Status (SWD)","Students with Disabilities",72,48.9,72,42.9,49,50.8
"Regional School District 04","=""2040012""","Special Education Status (SWD)","Students without Disabilities",382,75.2,382,67.6,270,69.9
"Regional School District 05","=""2050012""","All Students","District",1088,75.7,1088,71.8,744,67.6
"Regional School District 05","=""2050012""","English Language Learners (EL)","English Learners",9,"*",9,"*",8,"*"
"Regional School District 05","=""2050012""","English Language Learners (EL)","Not English Learners",1079,75.8,1079,71.8,736,67.7
"Regional School District 05","=""2050012""","Gender","Female",532,78.9,532,73.2,373,68.4
"Regional School District 05","=""2050012""","Gender","Male",556,72.7,556,70.4,371,66.8
"Regional School District 05","=""2050012""","High Needs (F/R, EL or SWD)","High Needs",191,55.8,191,50.4,136,52.5
"Regional School District 05","=""2050012""","High Needs (F/R, EL or SWD)","Not High Needs",897,80.0,897,76.3,608,71.0
"Regional School District 05","=""2050012""","Free/Reduced Price Meal Eligibility (2-level)","Eligible For Free Or Reduced Price Meals",49,66.3,49,61.1,32,57.1
"Regional School District 05","=""2050012""","Free/Reduced Price Meal Eligibility (2-level)","Not Eligible For Free Or Reduced Price Meals",1039,76.2,1039,72.3,712,68.1
"Regional School District 05","=""2050012""","Race/Ethnicity","American Indian or Alaska Native","*","*","*","*","*","*"
"Regional School District 05","=""2050012""","Race/Ethnicity","Asian",146,87.5,146,89.0,107,74.4
"Regional School District 05","=""2050012""","Race/Ethnicity","Black or African American",36,55.5,36,54.2,22,53.1
"Regional School District 05","=""2050012""","Race/Ethnicity","Hispanic or Latino",18,"*",18,"*",11,"*"
"Regional School District 05","=""2050012""","Race/Ethnicity","Native Hawaiian or Other Pacific Islander","*","*","*","*","*","*"
"Regional School District 05","=""2050012""","Race/Ethnicity","Two or More Races",37,82.3,37,75.4,13,"*"
"Regional School District 05","=""2050012""","Race/Ethnicity","White",846,74.5,846,69.7,586,67.1
"Regional School District 05","=""2050012""","Special Education Status (SWD)","Students with Disabilities",145,50.8,145,45.0,104,49.3
"Regional School District 05","=""2050012""","Special Education Status (SWD)","Students without Disabilities",943,79.6,943,75.9,640,70.6
"Regional School District 06","=""2060012""","All Students","District",427,70.1,427,62.0,253,60.7
"Regional School District 06","=""2060012""","English Language Learners (EL)","English Learners","*","*","*","*","*","*"
"Regional School District 06","=""2060012""","English Language Learners (EL)","Not English Learners","*","*","*","*","*","*"
"Regional School District 06","=""2060012""","Gender","Female",220,73.4,220,62.9,135,62.1
"Regional School District 06","=""2060012""","Gender","Male",207,66.5,207,60.9,118,59.1
"Regional School District 06","=""2060012""","High Needs (F/R, EL or SWD)","High Needs",121,58.7,121,51.1,88,51.7
"Regional School District 06","=""2060012""","High Needs (F/R, EL or SWD)","Not High Needs",306,74.5,306,66.3,165,65.5
"Regional School District 06","=""2060012""","Free/Reduced Price Meal Eligibility (2-level)","Eligible For Free Or Reduced Price Meals",66,65.5,66,58.2,48,56.5
"Regional School District 06","=""2060012""","Free/Reduced Price Meal Eligibility (2-level)","Not Eligible For Free Or Reduced Price Meals",361,70.9,361,62.6,205,61.7
"Regional School District 06","=""2060012""","Race/Ethnicity","American Indian or Alaska Native","*","*","*","*","*","*"
"Regional School District 06","=""2060012""","Race/Ethnicity","Asian","*","*","*","*","*","*"
"Regional School District 06","=""2060012""","Race/Ethnicity","Black or African American",6,"*",6,"*","*","*"
"Regional School District 06","=""2060012""","Race/Ethnicity","Hispanic or Latino",13,"*",13,"*",13,"*"
"Regional School District 06","=""2060012""","Race/Ethnicity","Native Hawaiian or Other Pacific Islander","*","*","*","*","N/A","N/A"
"Regional School District 06","=""2060012""","Race/Ethnicity","Two or More Races",6,"*",6,"*","*","*"
"Regional School District 06","=""2060012""","Race/Ethnicity","White",395,70.4,395,62.6,228,60.9
"Regional School District 06","=""2060012""","Special Education Status (SWD)","Students with Disabilities",73,50.3,73,43.7,56,46.6
"Regional School District 06","=""2060012""","Special Education Status (SWD)","Students without Disabilities",354,74.1,354,65.7,197,64.7
"Regional School District 07","=""2070012""","All Students","District",502,70.6,502,67.2,320,68.2
"Regional School District 07","=""2070012""","English Language Learners (EL)","English Learners","*","*","*","*","N/A","N/A"
"Regional School District 07","=""2070012""","English Language Learners (EL)","Not English Learners","*","*","*","*",320,68.2
"Regional School District 07","=""2070012""","Gender","Female",248,73.9,248,68.8,160,67.8
"Regional School District 07","=""2070012""","Gender","Male",254,67.3,254,65.5,160,68.7
"Regional School District 07","=""2070012""","High Needs (F/R, EL or SWD)","High Needs",104,54.1,104,49.3,64,56.6
"Regional School District 07","=""2070012""","High Needs (F/R, EL or SWD)","Not High Needs",398,74.9,398,71.8,256,71.1
"Regional School District 07","=""2070012""","Free/Reduced Price Meal Eligibility (2-level)","Eligible For Free Or Reduced Price Meals",44,56.7,44,51.8,30,60.6
"Regional School District 07","=""2070012""","Free/Reduced Price Meal Eligibility (2-level)","Not Eligible For Free Or Reduced Price Meals",458,71.9,458,68.6,290,69.0
"Regional School District 07","=""2070012""","Race/Ethnicity","American Indian or Alaska Native","N/A","N/A","N/A","N/A","*","*"
"Regional School District 07","=""2070012""","Race/Ethnicity","Asian","*","*","*","*","*","*"
"Regional School District 07","=""2070012""","Race/Ethnicity","Black or African American","*","*","*","*","N/A","N/A"
"Regional School District 07","=""2070012""","Race/Ethnicity","Hispanic or Latino","*","*","*","*","*","*"
"Regional School District 07","=""2070012""","Race/Ethnicity","Two or More Races","*","*","*","*","N/A","N/A"
"Regional School District 07","=""2070012""","Race/Ethnicity","White",488,70.6,488,67.2,315,68.3
"Regional School District 07","=""2070012""","Special Education Status (SWD)","Students with Disabilities",83,50.7,83,46.1,43,52.5
"Regional School District 07","=""2070012""","Special Education Status (SWD)","Students without Disabilities",419,74.5,419,71.3,277,70.7
"Regional School District 08","=""2080012""","All Students","District",804,71.4,804,68.1,554,63.8
"Regional School District 08","=""2080012""","English Language Learners (EL)","English Learners","*","*","*","*","N/A","N/A"
"Regional School District 08","=""2080012""","English Language Learners (EL)","Not English Learners","*","*","*","*",554,63.8
"Regional School District 08","=""2080012""","Gender","Female",412,74.5,411,68.2,266,62.8
"Regional School District 08","=""2080012""","Gender","Male",392,68.2,393,67.9,288,64.8
"Regional School District 08","=""2080012""","High Needs (F/R, EL or SWD)","High Needs",159,54.9,160,50.6,100,52.2
"Regional School District 08","=""2080012""","High Needs (F/R, EL or SWD)","Not High Needs",645,75.5,644,72.4,454,66.4
"Regional School District 08","=""2080012""","Free/Reduced Price Meal Eligibility (2-level)","Eligible For Free Or Reduced Price Meals",61,63.8,62,58.6,36,58.7
"Regional School District 08","=""2080012""","Free/Reduced Price Meal Eligibility (2-level)","Not Eligible For Free Or Reduced Price Meals",743,72.0,742,68.9,518,64.2
"Regional School District 08","=""2080012""","Race/Ethnicity","American Indian or Alaska Native","*","*","*","*","*","*"
"Regional School District 08","=""2080012""","Race/Ethnicity","Asian",10,"*",10,"*",8,"*"
"Regional School District 08","=""2080012""","Race/Ethnicity","Black or African American","*","*","*","*","*","*"
"Regional School District 08","=""2080012""","Race/Ethnicity","Hispanic or Latino",11,"*",11,"*",11,"*"
"Regional School District 08","=""2080012""","Race/Ethnicity","Two or More Races",8,"*",8,"*",6,"*"
"Regional School District 08","=""2080012""","Race/Ethnicity","White",766,71.7,766,68.5,523,64.4
"Regional School District 08","=""2080012""","Special Education Status (SWD)","Students with Disabilities",113,48.6,113,43.9,70,47.4
"Regional School District 08","=""2080012""","Special Education Status (SWD)","Students without Disabilities",691,75.2,691,72.0,484,66.2
"Regional School District 09","=""2090012""","All Students","District",264,70.5,264,68.0,237,71.6
"Regional School District 09","=""2090012""","English Language Learners (EL)","English Learners","*","*","*","*","*","*"
"Regional School District 09","=""2090012""","English Language Learners (EL)","Not English Learners","*","*","*","*","*","*"
"Regional School District 09","=""2090012""","Gender","Female",118,72.0,118,66.3,114,71.3
"Regional School District 09","=""2090012""","Gender","Male",146,69.4,146,69.3,123,72.0
"Regional School District 09","=""2090012""","High Needs (F/R, EL or SWD)","High Needs",43,55.8,43,54.0,39,58.5
"Regional School District 09","=""2090012""","High Needs (F/R, EL or SWD)","Not High Needs",221,73.4,221,70.7,198,74.2
"Regional School District 09","=""2090012""","Free/Reduced Price Meal Eligibility (2-level)","Eligible For Free Or Reduced Price Meals",13,"*",13,"*",13,"*"
"Regional School District 09","=""2090012""","Free/Reduced Price Meal Eligibility (2-level)","Not Eligible For Free Or Reduced Price Meals",251,71.0,251,68.2,224,71.9
"Regional School District 09","=""2090012""","Race/Ethnicity","American Indian or Alaska Native","*","*","*","*","*","*"
"Regional School District 09","=""2090012""","Race/Ethnicity","Asian",10,"*",10,"*",11,"*"
"Regional School District 09","=""2090012""","Race/Ethnicity","Black or African American","*","*","*","*","*","*"
"Regional School District 09","=""2090012""","Race/Ethnicity","Hispanic or Latino",15,"*",15,"*",15,"*"
"Regional School District 09","=""2090012""","Race/Ethnicity","Two or More Races","*","*","*","*",7,"*"
"Regional School District 09","=""2090012""","Race/Ethnicity","White",230,70.7,230,67.5,199,71.6
"Regional School District 09","=""2090012""","Special Education Status (SWD)","Students with Disabilities",35,53.4,35,50.3,27,54.5
"Regional School District 09","=""2090012""","Special Education Status (SWD)","Students without Disabilities",229,73.1,229,70.7,210,73.8
"Regional School District 10","=""2100012""","All Students","District",1304,74.5,1304,69.5,557,63.4
"Regional School District 10","=""2100012""","English Language Learners (EL)","English Learners",21,72.8,21,66.1,8,"*"
"Regional School District 10","=""2100012""","English Language Learners (EL)","Not English Learners",1283,74.6,1283,69.5,549,63.5
"Regional School District 10","=""2100012""","Gender","Female",612,76.7,612,68.9,269,62.5
"Regional School District 10","=""2100012""","Gender","Male",692,72.6,692,70.0,288,64.3
"Regional School District 10","=""2100012""","High Needs (F/R, EL or SWD)","High Needs",229,60.8,229,55.1,100,51.9
"Regional School District 10","=""2100012""","High Needs (F/R, EL or SWD)","Not High Needs",1075,77.5,1075,72.6,457,65.9
"Regional School District 10","=""2100012""","Free/Reduced Price Meal Eligibility (2-level)","Eligible For Free Or Reduced Price Meals",86,66.5,86,60.6,41,54.9
"Regional School District 10","=""2100012""","Free/Reduced Price Meal Eligibility (2-level)","Not Eligible For Free Or Reduced Price Meals",1218,75.1,1218,70.1,516,64.1
"Regional School District 10","=""2100012""","Race/Ethnicity","American Indian or Alaska Native","*","*","*","*","*","*"
"Regional School District 10","=""2100012""","Race/Ethnicity","Asian",25,79.1,25,77.7,10,"*"
"Regional School District 10","=""2100012""","Race/Ethnicity","Black or African American",7,"*",7,"*","*","*"
"Regional School District 10","=""2100012""","Race/Ethnicity","Hispanic or Latino",34,67.9,34,59.8,15,"*"
"Regional School District 10","=""2100012""","Race/Ethnicity","Native Hawaiian or Other Pacific Islander","*","*","*","*","N/A","N/A"
"Regional School District 10","=""2100012""","Race/Ethnicity","Two or More Races","*","*","*","*","*","*"
"Regional School District 10","=""2100012""","Race/Ethnicity","White",1231,74.8,1231,69.8,525,63.8
"Regional School District 10","=""2100012""","Special Education Status (SWD)","Students with Disabilities",146,54.7,146,49.2,63,45.7
"Regional School District 10","=""2100012""","Special Education Status (SWD)","Students without Disabilities",1158,77.0,1158,72.0,494,65.7
"Regional School District 11","=""2110012""","All Students","District",129,67.4,128,58.1,71,58.9
"Regional School District 11","=""2110012""","English Language Learners (EL)","English Learners","N/A","N/A","N/A","N/A","N/A","N/A"
"Regional School District 11","=""2110012""","English Language Learners (EL)","Not English Learners",129,67.4,128,58.1,71,58.9
"Regional School District 11","=""2110012""","Gender","Female",63,67.8,63,55.2,35,60.6
"Regional School District 11","=""2110012""","Gender","Male",66,67.0,65,60.8,36,57.2
"Regional School District 11","=""2110012""","High Needs (F/R, EL or SWD)","High Needs",49,59.2,48,50.5,31,55.1
"Regional School District 11","=""2110012""","High Needs (F/R, EL or SWD)","Not High Needs",80,72.4,80,62.7,40,61.8
"Regional School District 11","=""2110012""","Free/Reduced Price Meal Eligibility (2-level)","Eligible For Free Or Reduced Price Meals",33,62.2,33,54.3,18,"*"
"Regional School District 11","=""2110012""","Free/Reduced Price Meal Eligibility (2-level)","Not Eligible For Free Or Reduced Price Meals",96,69.2,95,59.4,53,59.6
"Regional School District 11","=""2110012""","Race/Ethnicity","Asian","N/A","N/A","N/A","N/A","N/A","N/A"
"Regional School District 11","=""2110012""","Race/Ethnicity","Black or African American","*","*","*","*","*","*"
"Regional School District 11","=""2110012""","Race/Ethnicity","Hispanic or Latino",11,"*",11,"*","*","*"
"Regional School District 11","=""2110012""","Race/Ethnicity","Native Hawaiian or Other Pacific Islander","N/A","N/A","N/A","N/A","*","*"
"Regional School District 11","=""2110012""","Race/Ethnicity","Two or More Races","*","*","*","*","*","*"
"Regional School District 11","=""2110012""","Race/Ethnicity","White",115,67.9,114,58.5,62,59.6
"Regional School District 11","=""2110012""","Special Education Status (SWD)","Students with Disabilities",26,51.5,25,44.3,17,"*"
"Regional School District 11","=""2110012""","Special Education Status (SWD)","Students without Disabilities",103,71.4,103,61.4,54,60.4
"Regional School District 12","=""2120012""","All Students","District",357,75.8,356,71.6,165,66.0
"Regional School District 12","=""2120012""","English Language Learners (EL)","English Learners","*","*","*","*","*","*"
"Regional School District 12","=""2120012""","English Language Learners (EL)","Not English Learners","*","*","*","*","*","*"
"Regional School District 12","=""2120012""","Gender","Female",184,77.9,184,71.9,77,67.5
"Regional School District 12","=""2120012""","Gender","Male",173,73.6,172,71.4,88,64.7
"Regional School District 12","=""2120012""","High Needs (F/R, EL or SWD)","High Needs",88,62.1,88,57.3,53,55.1
"Regional School District 12","=""2120012""","High Needs (F/R, EL or SWD)","Not High Needs",269,80.3,268,76.3,112,71.2
"Regional School District 12","=""2120012""","Free/Reduced Price Meal Eligibility (2-level)","Eligible For Free Or Reduced Price Meals",28,72.0,28,65.4,23,58.6
"Regional School District 12","=""2120012""","Free/Reduced Price Meal Eligibility (2-level)","Not Eligible For Free Or Reduced Price Meals",329,76.1,328,72.2,142,67.2
"Regional School District 12","=""2120012""","Race/Ethnicity","Asian","*","*","*","*","N/A","N/A"
"Regional School District 12","=""2120012""","Race/Ethnicity","Black or African American","*","*","*","*",6,"*"
"Regional School District 12","=""2120012""","Race/Ethnicity","Hispanic or Latino",22,73.1,22,64.6,12,"*"
"Regional School District 12","=""2120012""","Race/Ethnicity","Native Hawaiian or Other Pacific Islander","*","*","*","*","*","*"
"Regional School District 12","=""2120012""","Race/Ethnicity","Two or More Races","*","*","*","*","*","*"
"Regional School District 12","=""2120012""","Race/Ethnicity","White",321,76.3,320,72.6,144,67.4
"Regional School District 12","=""2120012""","Special Education Status (SWD)","Students with Disabilities",66,56.3,66,52.7,40,51.0
"Regional School District 12","=""2120012""","Special Education Status (SWD)","Students without Disabilities",291,80.2,290,75.9,125,70.8
"Regional School District 13","=""2130012""","All Students","District",960,72.9,959,66.2,419,67.3
"Regional School District 13","=""2130012""","English Language Learners (EL)","English Learners",6,"*",6,"*","N/A","N/A"
"Regional School District 13","=""2130012""","English Language Learners (EL)","Not English Learners",954,73.0,953,66.3,419,67.3
"Regional School District 13","=""2130012""","Gender","Female",460,77.1,460,67.2,199,67.0
"Regional School District 13","=""2130012""","Gender","Male",500,69.1,499,65.3,220,67.6
"Regional School District 13","=""2130012""","High Needs (F/R, EL or SWD)","High Needs",227,59.8,227,52.5,98,58.7
"Regional School District 13","=""2130012""","High Needs (F/R, EL or SWD)","Not High Needs",733,77.0,732,70.4,321,69.9
"Regional School District 13","=""2130012""","Free/Reduced Price Meal Eligibility (2-level)","Eligible For Free Or Reduced Price Meals",75,64.8,75,57.5,37,61.5
"Regional School District 13","=""2130012""","Free/Reduced Price Meal Eligibility (2-level)","Not Eligible For Free Or Reduced Price Meals",885,73.6,884,66.9,382,67.9
"Regional School District 13","=""2130012""","Race/Ethnicity","American Indian or Alaska Native","*","*","*","*","N/A","N/A"
"Regional School District 13","=""2130012""","Race/Ethnicity","Asian",21,79.1,21,75.0,8,"*"
"Regional School District 13","=""2130012""","Race/Ethnicity","Black or African American","*","*","*","*","N/A","N/A"
"Regional School District 13","=""2130012""","Race/Ethnicity","Hispanic or Latino",42,70.0,42,60.1,22,57.7
"Regional School District 13","=""2130012""","Race/Ethnicity","Two or More Races",36,71.2,36,65.3,10,"*"
"Regional School District 13","=""2130012""","Race/Ethnicity","White",856,73.1,855,66.4,379,67.7
"Regional School District 13","=""2130012""","Special Education Status (SWD)","Students with Disabilities",166,56.6,166,49.5,73,56.3
"Regional School District 13","=""2130012""","Special Education Status (SWD)","Students without Disabilities",794,76.4,793,69.7,346,69.6
"Regional School District 14","=""2140012""","All Students","District",822,70.2,821,63.7,423,63.4
"Regional School District 14","=""2140012""","English Language Learners (EL)","English Learners",15,"*",15,"*",7,"*"
"Regional School District 14","=""2140012""","English Language Learners (EL)","Not English Learners",807,70.6,806,64.0,416,63.7
"Regional School District 14","=""2140012""","Gender","Female",436,73.5,436,64.4,229,63.0
"Regional School District 14","=""2140012""","Gender","Male",386,66.6,385,62.9,194,64.0
"Regional School District 14","=""2140012""","High Needs (F/R, EL or SWD)","High Needs",213,59.2,213,52.5,120,52.5
"Regional School District 14","=""2140012""","High Needs (F/R, EL or SWD)","Not High Needs",609,74.1,608,67.6,303,67.8
"Regional School District 14","=""2140012""","Free/Reduced Price Meal Eligibility (2-level)","Eligible For Free Or Reduced Price Meals",111,64.8,111,58.4,63,57.6
"Regional School District 14","=""2140012""","Free/Reduced Price Meal Eligibility (2-level)","Not Eligible For Free Or Reduced Price Meals",711,71.1,710,64.5,360,64.5
"Regional School District 14","=""2140012""","Race/Ethnicity","American Indian or Alaska Native","*","*","*","*","N/A","N/A"
"Regional School District 14","=""2140012""","Race/Ethnicity","Asian",16,"*",16,"*",13,"*"
"Regional School District 14","=""2140012""","Race/Ethnicity","Black or African American",6,"*",6,"*","*","*"
"Regional School District 14","=""2140012""","Race/Ethnicity","Hispanic or Latino",18,"*",18,"*",6,"*"
"Regional School District 14","=""2140012""","Race/Ethnicity","Two or More Races","*","*","*","*","*","*"
"Regional School District 14","=""2140012""","Race/Ethnicity","White",779,70.2,778,63.7,399,63.4
"Regional School District 14","=""2140012""","Special Education Status (SWD)","Students with Disabilities",114,52.6,114,44.9,64,46.4
"Regional School District 14","=""2140012""","Special Education Status (SWD)","Students without Disabilities",708,73.1,707,66.7,359,66.5
"Regional School District 15","=""2150012""","All Students","District",2094,77.8,2090,71.7,916,67.6
"Regional School District 15","=""2150012""","English Language Learners (EL)","English Learners",29,62.7,29,59.4,8,"*"
"Regional School District 15","=""2150012""","English Language Learners (EL)","Not English Learners",2065,78.0,2061,71.9,908,67.7
"Regional School District 15","=""2150012""","Gender","Female",1013,80.1,1010,71.8,442,66.8
"Regional School District 15","=""2150012""","Gender","Male",1081,75.7,1080,71.5,474,68.3
"Regional School District 15","=""2150012""","High Needs (F/R, EL or SWD)","High Needs",440,61.4,436,54.5,185,55.2
"Regional School District 15","=""2150012""","High Needs (F/R, EL or SWD)","Not High Needs",1654,82.2,1654,76.2,731,70.7
"Regional School District 15","=""2150012""","Free/Reduced Price Meal Eligibility (2-level)","Eligible For Free Or Reduced Price Meals",163,63.9,163,58.2,64,59.4
"Regional School District 15","=""2150012""","Free/Reduced Price Meal Eligibility (2-level)","Not Eligible For Free Or Reduced Price Meals",1931,79.0,1927,72.8,852,68.2
"Regional School District 15","=""2150012""","Race/Ethnicity","American Indian or Alaska Native","*","*","*","*","*","*"
"Regional School District 15","=""2150012""","Race/Ethnicity","Asian",127,88.3,127,87.3,42,75.7
"Regional School District 15","=""2150012""","Race/Ethnicity","Black or African American",34,73.5,34,66.0,10,"*"
"Regional School District 15","=""2150012""","Race/Ethnicity","Hispanic or Latino",85,73.0,85,65.2,35,64.3
"Regional School District 15","=""2150012""","Race/Ethnicity","Native Hawaiian or Other Pacific Islander","*","*","*","*","*","*"
"Regional School District 15","=""2150012""","Race/Ethnicity","Two or More Races",29,84.4,29,74.2,9,"*"
"Regional School District 15","=""2150012""","Race/Ethnicity","White",1811,77.3,1807,71.0,816,67.4
"Regional School District 15","=""2150012""","Special Education Status (SWD)","Students with Disabilities",309,57.8,305,50.1,137,51.8
"Regional School District 15","=""2150012""","Special Education Status (SWD)","Students without Disabilities",1785,81.3,1785,75.4,779,70.4
"Regional School District 16","=""2160012""","All Students","District",1160,71.5,1156,65.5,527,59.3
"Regional School District 16","=""2160012""","English Language Learners (EL)","English Learners",23,57.2,23,55.3,9,"*"
"Regional School District 16","=""2160012""","English Language Learners (EL)","Not English Learners",1137,71.7,1133,65.7,518,59.5
"Regional School District 16","=""2160012""","Gender","Female",576,73.7,573,64.9,271,60.1
"Regional School District 16","=""2160012""","Gender","Male",584,69.2,583,66.2,256,58.4
"Regional School District 16","=""2160012""","High Needs (F/R, EL or SWD)","High Needs",340,60.7,338,55.3,141,48.5
"Regional School District 16","=""2160012""","High Needs (F/R, EL or SWD)","Not High Needs",820,75.9,818,69.7,386,63.2
"Regional School District 16","=""2160012""","Free/Reduced Price Meal Eligibility (2-level)","Eligible For Free Or Reduced Price Meals",183,64.3,182,57.8,77,51.5
"Regional School District 16","=""2160012""","Free/Reduced Price Meal Eligibility (2-level)","Not Eligible For Free Or Reduced Price Meals",977,72.8,974,67.0,450,60.6
"Regional School District 16","=""2160012""","Race/Ethnicity","American Indian or Alaska Native","*","*","*","*","*","*"
"Regional School District 16","=""2160012""","Race/Ethnicity","Asian",19,"*",19,"*",10,"*"
"Regional School District 16","=""2160012""","Race/Ethnicity","Black or African American",35,69.9,35,60.9,16,"*"
"Regional School District 16","=""2160012""","Race/Ethnicity","Hispanic or Latino",66,68.0,66,60.7,35,52.4
"Regional School District 16","=""2160012""","Race/Ethnicity","Native Hawaiian or Other Pacific Islander","*","*","*","*","N/A","N/A"
"Regional School District 16","=""2160012""","Race/Ethnicity","Two or More Races","*","*","*","*","*","*"
"Regional School District 16","=""2160012""","Race/Ethnicity","White",1032,71.7,1028,65.9,462,59.6
"Regional School District 16","=""2160012""","Special Education Status (SWD)","Students with Disabilities",192,55.2,191,50.6,80,42.5
"Regional School District 16","=""2160012""","Special Education Status (SWD)","Students without Disabilities",968,74.7,965,68.5,447,62.3
"Regional School District 17","=""2170012""","All Students","District",1189,76.4,1184,70.0,529,67.6
"Regional School District 17","=""2170012""","English Language Learners (EL)","English Learners","*","*","*","*","*","*"
"Regional School District 17","=""2170012""","English Language Learners (EL)","Not English Learners","*","*","*","*","*","*"
"Regional School District 17","=""2170012""","Gender","Female",558,79.4,556,70.4,257,67.8
"Regional School District 17","=""2170012""","Gender","Male",631,73.8,628,69.7,272,67.3
"Regional School District 17","=""2170012""","High Needs (F/R, EL or SWD)","High Needs",303,63.0,300,56.8,149,57.4
"Regional School District 17","=""2170012""","High Needs (F/R, EL or SWD)","Not High Needs",886,81.0,884,74.5,380,71.5
"Regional School District 17","=""2170012""","Free/Reduced Price Meal Eligibility (2-level)","Eligible For Free Or Reduced Price Meals",101,68.6,98,62.1,53,66.4
"Regional School District 17","=""2170012""","Free/Reduced Price Meal Eligibility (2-level)","Not Eligible For Free Or Reduced Price Meals",1088,77.2,1086,70.7,476,67.7
"Regional School District 17","=""2170012""","Race/Ethnicity","American Indian or Alaska Native","*","*","*","*","*","*"
"Regional School District 17","=""2170012""","Race/Ethnicity","Asian",19,"*",19,"*",10,"*"
"Regional School District 17","=""2170012""","Race/Ethnicity","Black or African American",13,"*",13,"*",6,"*"
"Regional School District 17","=""2170012""","Race/Ethnicity","Hispanic or Latino","*","*","*","*","*","*"
"Regional School District 17","=""2170012""","Race/Ethnicity","Two or More Races",26,72.1,26,72.1,9,"*"
"Regional School District 17","=""2170012""","Race/Ethnicity","White",1119,76.5,1115,70.0,499,67.8
"Regional School District 17","=""2170012""","Special Education Status (SWD)","Students with Disabilities",233,59.4,231,53.7,108,52.2
"Regional School District 17","=""2170012""","Special Education Status (SWD)","Students without Disabilities",956,80.6,953,74.0,421,71.5
"Regional School District 18","=""2180012""","All Students","District",719,78.6,719,75.8,345,67.2
"Regional School District 18","=""2180012""","English Language Learners (EL)","English Learners",7,"*",7,"*","*","*"
"Regional School District 18","=""2180012""","English Language Learners (EL)","Not English Learners",712,78.7,712,75.9,"*","*"
"Regional School District 18","=""2180012""","Gender","Female",360,81.0,360,75.8,181,67.8
"Regional School District 18","=""2180012""","Gender","Male",359,76.3,359,75.8,164,66.6
"Regional School District 18","=""2180012""","High Needs (F/R, EL or SWD)","High Needs",139,62.9,139,59.7,57,52.2
"Regional School District 18","=""2180012""","High Needs (F/R, EL or SWD)","Not High Needs",580,82.4,580,79.6,288,70.2
"Regional School District 18","=""2180012""","Free/Reduced Price Meal Eligibility (2-level)","Eligible For Free Or Reduced Price Meals",40,67.4,40,63.1,16,"*"
"Regional School District 18","=""2180012""","Free/Reduced Price Meal Eligibility (2-level)","Not Eligible For Free Or Reduced Price Meals",679,79.3,679,76.5,329,67.9
"Regional School District 18","=""2180012""","Race/Ethnicity","Asian",21,81.4,21,79.1,8,"*"
"Regional School District 18","=""2180012""","Race/Ethnicity","Black or African American",6,"*",6,"*","*","*"
"Regional School District 18","=""2180012""","Race/Ethnicity","Hispanic or Latino",28,67.4,28,65.0,9,"*"
"Regional School District 18","=""2180012""","Race/Ethnicity","Two or More Races",6,"*",6,"*","*","*"
"Regional School District 18","=""2180012""","Race/Ethnicity","White",658,79.1,658,76.3,322,67.7
"Regional School District 18","=""2180012""","Special Education Status (SWD)","Students with Disabilities",110,59.8,110,57.0,42,50.2
"Regional School District 18","=""2180012""","Special Education Status (SWD)","Students without Disabilities",609,82.1,609,79.2,303,69.6
"Regional School District 19","=""2190012""","All Students","District",269,65.9,269,63.1,299,64.0
"Regional School District 19","=""2190012""","English Language Learners (EL)","English Learners","*","*","*","*",7,"*"
"Regional School District 19","=""2190012""","English Language Learners (EL)","Not English Learners","*","*","*","*",292,64.3
"Regional School District 19","=""2190012""","Gender","Female",141,66.5,141,61.6,163,65.7
"Regional School District 19","=""2190012""","Gender","Male",128,65.3,128,64.7,136,61.9
"Regional School District 19","=""2190012""","High Needs (F/R, EL or SWD)","High Needs",77,56.1,77,51.8,86,51.8
"Regional School District 19","=""2190012""","High Needs (F/R, EL or SWD)","Not High Needs",192,69.9,192,67.6,213,68.9
"Regional School District 19","=""2190012""","Free/Reduced Price Meal Eligibility (2-level)","Eligible For Free Or Reduced Price Meals",49,60.0,49,55.5,50,55.4
"Regional School District 19","=""2190012""","Free/Reduced Price Meal Eligibility (2-level)","Not Eligible For Free Or Reduced Price Meals",220,67.3,220,64.8,249,65.7
"Regional School District 19","=""2190012""","Race/Ethnicity","Asian",10,"*",10,"*",13,"*"
"Regional School District 19","=""2190012""","Race/Ethnicity","Black or African American","*","*","*","*","*","*"
"Regional School District 19","=""2190012""","Race/Ethnicity","Hispanic or Latino",22,56.0,22,53.0,30,64.1
"Regional School District 19","=""2190012""","Race/Ethnicity","Native Hawaiian or Other Pacific Islander","*","*","*","*","*","*"
"Regional School District 19","=""2190012""","Race/Ethnicity","Two or More Races","*","*","*","*",7,"*"
"Regional School District 19","=""2190012""","Race/Ethnicity","White",230,66.7,230,63.5,246,63.3
"Regional School District 19","=""2190012""","Special Education Status (SWD)","Students with Disabilities",36,50.8,36,45.4,45,44.1
"Regional School District 19","=""2190012""","Special Education Status (SWD)","Students without Disabilities",233,68.3,233,65.8,254,67.5
"Capitol Region Education Council","=""2410014""","All Students","District",3641,63.6,3616,56.0,1596,52.1
"Capitol Region Education Council","=""2410014""","English Language Learners (EL)","English Learners",229,47.6,226,42.4,76,36.1
"Capitol Region Education Council","=""2410014""","English Language Learners (EL)","Not English Learners",3412,64.7,3390,57.0,1520,52.9
"Capitol Region Education Council","=""2410014""","Gender","Female",1704,66.1,1698,56.3,761,51.6
"Capitol Region Education Council","=""2410014""","Gender","Male",1937,61.5,1918,55.9,835,52.5
"Capitol Region Education Council","=""2410014""","High Needs (F/R, EL or SWD)","High Needs",2165,56.0,2146,48.3,978,45.0
"Capitol Region Education Council","=""2410014""","High Needs (F/R, EL or SWD)","Not High Needs",1476,74.9,1470,67.4,618,63.2
"Capitol Region Education Council","=""2410014""","Free/Reduced Price Meal Eligibility (2-level)","Eligible For Free Or Reduced Price Meals",1884,56.8,1870,48.6,863,45.8
"Capitol Region Education Council","=""2410014""","Free/Reduced Price Meal Eligibility (2-level)","Not Eligible For Free Or Reduced Price Meals",1757,71.0,1746,64.0,733,59.5
"Capitol Region Education Council","=""2410014""","Race/Ethnicity","American Indian or Alaska Native","*","*","*","*","*","*"
"Capitol Region Education Council","=""2410014""","Race/Ethnicity","Asian",217,78.1,216,77.5,108,65.7
"Capitol Region Education Council","=""2410014""","Race/Ethnicity","Black or African American",1075,58.9,1066,50.2,475,46.4
"Capitol Region Education Council","=""2410014""","Race/Ethnicity","Hispanic or Latino",1212,58.4,1205,50.0,531,46.8
"Capitol Region Education Council","=""2410014""","Race/Ethnicity","Native Hawaiian or Other Pacific Islander","*","*","*","*","*","*"
"Capitol Region Education Council","=""2410014""","Race/Ethnicity","Two or More Races",134,68.0,133,60.3,53,56.3
"Capitol Region Education Council","=""2410014""","Race/Ethnicity","White",992,71.4,985,64.5,421,61.2
"Capitol Region Education Council","=""2410014""","Special Education Status (SWD)","Students with Disabilities",682,44.9,666,39.3,328,34.5
"Capitol Region Education Council","=""2410014""","Special Education Status (SWD)","Students without Disabilities",2959,68.0,2950,59.8,1268,56.6
"EdAdvance","=""2420014""","All Students","District","*","*","*","*","N/A","N/A"
"EdAdvance","=""2420014""","English Language Learners (EL)","Not English Learners","*","*","*","*","N/A","N/A"
"EdAdvance","=""2420014""","Gender","Female","N/A","N/A","N/A","N/A","N/A","N/A"
"EdAdvance","=""2420014""","Gender","Male","*","*","*","*","N/A","N/A"
"EdAdvance","=""2420014""","High Needs (F/R, EL or SWD)","High Needs","*","*","*","*","N/A","N/A"
"EdAdvance","=""2420014""","Free/Reduced Price Meal Eligibility (2-level)","Eligible For Free Or Reduced Price Meals","*","*","*","*","N/A","N/A"
"EdAdvance","=""2420014""","Free/Reduced Price Meal Eligibility (2-level)","Not Eligible For Free Or Reduced Price Meals","N/A","N/A","N/A","N/A","N/A","N/A"
"EdAdvance","=""2420014""","Race/Ethnicity","Black or African American","*","*","*","*","N/A","N/A"
"EdAdvance","=""2420014""","Race/Ethnicity","Two or More Races","*","*","*","*","N/A","N/A"
"EdAdvance","=""2420014""","Race/Ethnicity","White","*","*","N/A","N/A","N/A","N/A"
"EdAdvance","=""2420014""","Special Education Status (SWD)","Students with Disabilities","*","*","*","*","N/A","N/A"
"Cooperative Educational Services","=""2430014""","All Students","District",393,57.7,393,50.5,139,46.7
"Cooperative Educational Services","=""2430014""","English Language Learners (EL)","English Learners","*","*","*","*","*","*"
"Cooperative Educational Services","=""2430014""","English Language Learners (EL)","Not English Learners","*","*","*","*","*","*"
"Cooperative Educational Services","=""2430014""","Gender","Female",159,64.6,160,56.6,53,50.1
"Cooperative Educational Services","=""2430014""","Gender","Male",234,52.9,233,46.3,86,44.6
"Cooperative Educational Services","=""2430014""","High Needs (F/R, EL or SWD)","High Needs",249,47.6,248,39.9,96,39.1
"Cooperative Educational Services","=""2430014""","High Needs (F/R, EL or SWD)","Not High Needs",144,75.1,145,68.7,43,63.5
"Cooperative Educational Services","=""2430014""","Free/Reduced Price Meal Eligibility (2-level)","Eligible For Free Or Reduced Price Meals",154,51.2,153,44.5,54,38.1
"Cooperative Educational Services","=""2430014""","Free/Reduced Price Meal Eligibility (2-level)","Not Eligible For Free Or Reduced Price Meals",239,61.8,240,54.4,85,52.1
"Cooperative Educational Services","=""2430014""","Race/Ethnicity","Asian",21,72.1,21,66.5,"*","*"
"Cooperative Educational Services","=""2430014""","Race/Ethnicity","Black or African American",122,54.6,122,49.0,42,45.4
"Cooperative Educational Services","=""2430014""","Race/Ethnicity","Hispanic or Latino",129,59.4,128,53.3,41,47.4
"Cooperative Educational Services","=""2430014""","Race/Ethnicity","Two or More Races",15,"*",15,"*","*","*"
"Cooperative Educational Services","=""2430014""","Race/Ethnicity","White",106,58.1,107,48.0,41,43.5
"Cooperative Educational Services","=""2430014""","Special Education Status (SWD)","Students with Disabilities",177,39.6,176,30.6,82,36.4
"Cooperative Educational Services","=""2430014""","Special Education Status (SWD)","Students without Disabilities",216,72.5,217,66.7,57,61.3
"Area Cooperative Educational Services","=""2440014""","All Students","District",1400,56.4,1393,47.5,494,42.6
"Area Cooperative Educational Services","=""2440014""","English Language Learners (EL)","English Learners",70,42.8,70,37.2,20,34.6
"Area Cooperative Educational Services","=""2440014""","English Language Learners (EL)","Not English Learners",1330,57.1,1323,48.0,474,43.0
"Area Cooperative Educational Services","=""2440014""","Gender","Female",614,60.9,612,50.4,196,44.8
"Area Cooperative Educational Services","=""2440014""","Gender","Male",786,52.8,781,45.2,298,41.2
"Area Cooperative Educational Services","=""2440014""","High Needs (F/R, EL or SWD)","High Needs",1008,50.6,1001,41.5,363,38.0
"Area Cooperative Educational Services","=""2440014""","High Needs (F/R, EL or SWD)","Not High Needs",392,71.2,392,62.7,131,55.5
"Area Cooperative Educational Services","=""2440014""","Free/Reduced Price Meal Eligibility (2-level)","Eligible For Free Or Reduced Price Meals",957,50.6,950,41.5,339,38.4
"Area Cooperative Educational Services","=""2440014""","Free/Reduced Price Meal Eligibility (2-level)","Not Eligible For Free Or Reduced Price Meals",443,68.8,443,60.3,155,51.8
"Area Cooperative Educational Services","=""2440014""","Race/Ethnicity","American Indian or Alaska Native","*","*","*","*","*","*"
"Area Cooperative Educational Services","=""2440014""","Race/Ethnicity","Asian",54,71.2,54,64.5,23,52.6
"Area Cooperative Educational Services","=""2440014""","Race/Ethnicity","Black or African American",386,53.1,383,41.2,125,39.4
"Area Cooperative Educational Services","=""2440014""","Race/Ethnicity","Hispanic or Latino",502,53.8,499,46.1,164,39.9
"Area Cooperative Educational Services","=""2440014""","Race/Ethnicity","Native Hawaiian or Other Pacific Islander","*","*","*","*","N/A","N/A"
"Area Cooperative Educational Services","=""2440014""","Race/Ethnicity","Two or More Races",50,59.4,50,50.6,"*","*"
"Area Cooperative Educational Services","=""2440014""","Race/Ethnicity","White",403,60.3,402,52.4,164,46.6
"Area Cooperative Educational Services","=""2440014""","Special Education Status (SWD)","Students with Disabilities",434,38.3,427,29.7,189,28.9
"Area Cooperative Educational Services","=""2440014""","Special Education Status (SWD)","Students without Disabilities",966,64.5,966,55.3,305,51.1
"Learn","=""2450014""","All Students","District",611,63.8,611,54.0,307,53.0
"Learn","=""2450014""","English Language Learners (EL)","English Learners",75,53.8,75,46.6,31,40.9
"Learn","=""2450014""","English Language Learners (EL)","Not English Learners",536,65.2,536,55.1,276,54.4
"Learn","=""2450014""","Gender","Female",326,64.9,326,53.5,171,53.0
"Learn","=""2450014""","Gender","Male",285,62.6,285,54.7,136,53.1
"Learn","=""2450014""","High Needs (F/R, EL or SWD)","High Needs",359,56.3,359,47.7,193,46.7
"Learn","=""2450014""","High Needs (F/R, EL or SWD)","Not High Needs",252,74.6,252,63.1,114,63.7
"Learn","=""2450014""","Free/Reduced Price Meal Eligibility (2-level)","Eligible For Free Or Reduced Price Meals",315,57.3,315,48.6,168,46.7
"Learn","=""2450014""","Free/Reduced Price Meal Eligibility (2-level)","Not Eligible For Free Or Reduced Price Meals",296,70.7,296,59.8,139,60.7
"Learn","=""2450014""","Race/Ethnicity","American Indian or Alaska Native","*","*","*","*","*","*"
"Learn","=""2450014""","Race/Ethnicity","Asian",19,"*",19,"*",9,"*"
"Learn","=""2450014""","Race/Ethnicity","Black or African American",76,52.4,76,43.2,46,40.7
"Learn","=""2450014""","Race/Ethnicity","Hispanic or Latino",225,57.0,225,48.1,111,44.1
"Learn","=""2450014""","Race/Ethnicity","Native Hawaiian or Other Pacific Islander","*","*","*","*","*","*"
"Learn","=""2450014""","Race/Ethnicity","Two or More Races",56,68.7,56,59.9,23,49.2
"Learn","=""2450014""","Race/Ethnicity","White",231,72.3,231,60.6,113,65.8
"Learn","=""2450014""","Special Education Status (SWD)","Students with Disabilities",113,46.3,113,37.7,63,40.6
"Learn","=""2450014""","Special Education Status (SWD)","Students without Disabilities",498,67.8,498,57.8,244,56.2
"Eastern Connecticut Regional Educational Service Center (EASTCONN)","=""2530014""","All Students","District",118,42.0,116,35.1,89,49.1
"Eastern Connecticut Regional Educational Service Center (EASTCONN)","=""2530014""","English Language Learners (EL)","English Learners","*","*","*","*",6,"*"
"Eastern Connecticut Regional Educational Service Center (EASTCONN)","=""2530014""","English Language Learners (EL)","Not English Learners","*","*","*","*",83,51.0
"Eastern Connecticut Regional Educational Service Center (EASTCONN)","=""2530014""","Gender","Female",47,51.6,47,40.2,55,49.4
"Eastern Connecticut Regional Educational Service Center (EASTCONN)","=""2530014""","Gender","Male",71,35.6,69,31.6,34,48.6
"Eastern Connecticut Regional Educational Service Center (EASTCONN)","=""2530014""","High Needs (F/R, EL or SWD)","High Needs",90,36.5,88,32.2,54,46.4
"Eastern Connecticut Regional Educational Service Center (EASTCONN)","=""2530014""","High Needs (F/R, EL or SWD)","Not High Needs",28,59.6,28,44.2,35,53.4
"Eastern Connecticut Regional Educational Service Center (EASTCONN)","=""2530014""","Free/Reduced Price Meal Eligibility (2-level)","Eligible For Free Or Reduced Price Meals",59,37.2,57,31.8,43,45.9
"Eastern Connecticut Regional Educational Service Center (EASTCONN)","=""2530014""","Free/Reduced Price Meal Eligibility (2-level)","Not Eligible For Free Or Reduced Price Meals",59,46.8,59,38.3,46,52.1
"Eastern Connecticut Regional Educational Service Center (EASTCONN)","=""2530014""","Race/Ethnicity","American Indian or Alaska Native","*","*","*","*","N/A","N/A"
"Eastern Connecticut Regional Educational Service Center (EASTCONN)","=""2530014""","Race/Ethnicity","Asian","*","*","*","*","N/A","N/A"
"Eastern Connecticut Regional Educational Service Center (EASTCONN)","=""2530014""","Race/Ethnicity","Black or African American",6,"*",6,"*","*","*"
"Eastern Connecticut Regional Educational Service Center (EASTCONN)","=""2530014""","Race/Ethnicity","Hispanic or Latino",13,"*",13,"*",19,"*"
"Eastern Connecticut Regional Educational Service Center (EASTCONN)","=""2530014""","Race/Ethnicity","Two or More Races","*","*","*","*","*","*"
"Eastern Connecticut Regional Educational Service Center (EASTCONN)","=""2530014""","Race/Ethnicity","White",91,42.1,89,35.0,61,52.1
"Eastern Connecticut Regional Educational Service Center (EASTCONN)","=""2530014""","Special Education Status (SWD)","Students with Disabilities",70,32.2,68,28.7,24,38.3
"Eastern Connecticut Regional Educational Service Center (EASTCONN)","=""2530014""","Special Education Status (SWD)","Students without Disabilities",48,56.2,48,44.1,65,53.1
"Jumoke Academy District","=""2610013""","All Students","District",419,61.1,420,52.0,170,46.4
"Jumoke Academy District","=""2610013""","English Language Learners (EL)","English Learners","*","*","*","*","*","*"
"Jumoke Academy District","=""2610013""","English Language Learners (EL)","Not English Learners","*","*","*","*","*","*"
"Jumoke Academy District","=""2610013""","Gender","Female",220,63.8,220,52.9,98,48.8
"Jumoke Academy District","=""2610013""","Gender","Male",199,58.1,200,51.1,72,43.2
"Jumoke Academy District","=""2610013""","High Needs (F/R, EL or SWD)","High Needs",290,57.8,291,49.5,115,45.5
"Jumoke Academy District","=""2610013""","High Needs (F/R, EL or SWD)","Not High Needs",129,68.5,129,57.8,55,48.4
"Jumoke Academy District","=""2610013""","Free/Reduced Price Meal Eligibility (2-level)","Eligible For Free Or Reduced Price Meals",282,58.1,282,49.8,112,45.6
"Jumoke Academy District","=""2610013""","Free/Reduced Price Meal Eligibility (2-level)","Not Eligible For Free Or Reduced Price Meals",137,67.2,138,56.7,58,48.1
"Jumoke Academy District","=""2610013""","Race/Ethnicity","Black or African American",397,61.0,398,51.6,162,46.7
"Jumoke Academy District","=""2610013""","Race/Ethnicity","Hispanic or Latino","*","*","*","*",8,"*"
"Jumoke Academy District","=""2610013""","Race/Ethnicity","Two or More Races","*","*","*","*","N/A","N/A"
"Jumoke Academy District","=""2610013""","Special Education Status (SWD)","Students with Disabilities",39,41.8,40,38.3,10,"*"
"Jumoke Academy District","=""2610013""","Special Education Status (SWD)","Students without Disabilities",380,63.1,380,53.5,160,47.2
"Odyssey Community School District","=""2630013""","All Students","District",215,68.5,215,60.0,74,55.5
"Odyssey Community School District","=""2630013""","English Language Learners (EL)","English Learners",6,"*",6,"*","*","*"
"Odyssey Community School District","=""2630013""","English Language Learners (EL)","Not English Learners",209,69.1,209,60.5,"*","*"
"Odyssey Community School District","=""2630013""","Gender","Female",98,71.3,98,59.9,35,55.1
"Odyssey Community School District","=""2630013""","Gender","Male",117,66.2,117,60.1,39,55.9
"Odyssey Community School District","=""2630013""","High Needs (F/R, EL or SWD)","High Needs",83,62.0,83,53.9,26,48.9
"Odyssey Community School District","=""2630013""","High Needs (F/R, EL or SWD)","Not High Needs",132,72.6,132,63.9,48,59.1
"Odyssey Community School District","=""2630013""","Free/Reduced Price Meal Eligibility (2-level)","Eligible For Free Or Reduced Price Meals",69,64.1,69,55.4,19,"*"
"Odyssey Community School District","=""2630013""","Free/Reduced Price Meal Eligibility (2-level)","Not Eligible For Free Or Reduced Price Meals",146,70.6,146,62.2,55,57.0
"Odyssey Community School District","=""2630013""","Race/Ethnicity","Asian",16,"*",16,"*","*","*"
"Odyssey Community School District","=""2630013""","Race/Ethnicity","Black or African American",52,64.2,52,55.7,22,52.1
"Odyssey Community School District","=""2630013""","Race/Ethnicity","Hispanic or Latino",32,67.6,32,59.8,10,"*"
"Odyssey Community School District","=""2630013""","Race/Ethnicity","Two or More Races",10,"*",10,"*","*","*"
"Odyssey Community School District","=""2630013""","Race/Ethnicity","White",105,70.3,105,60.7,35,58.7
"Odyssey Community School District","=""2630013""","Special Education Status (SWD)","Students with Disabilities",26,49.7,26,43.0,9,"*"
"Odyssey Community School District","=""2630013""","Special Education Status (SWD)","Students without Disabilities",189,71.1,189,62.3,65,57.6
"Integrated Day Charter School District","=""2640013""","All Students","District",194,64.5,189,57.0,65,52.1
"Integrated Day Charter School District","=""2640013""","English Language Learners (EL)","English Learners",21,57.5,21,55.4,"*","*"
"Integrated Day Charter School District","=""2640013""","English Language Learners (EL)","Not English Learners",173,65.3,168,57.2,"*","*"
"Integrated Day Charter School District","=""2640013""","Gender","Female",91,65.4,90,55.4,29,49.8
"Integrated Day Charter School District","=""2640013""","Gender","Male",103,63.6,99,58.5,36,53.9
"Integrated Day Charter School District","=""2640013""","High Needs (F/R, EL or SWD)","High Needs",92,61.5,90,55.3,27,45.5
"Integrated Day Charter School District","=""2640013""","High Needs (F/R, EL or SWD)","Not High Needs",102,67.2,99,58.6,38,56.7
"Integrated Day Charter School District","=""2640013""","Free/Reduced Price Meal Eligibility (2-level)","Eligible For Free Or Reduced Price Meals",68,65.1,67,57.4,21,45.9
"Integrated Day Charter School District","=""2640013""","Free/Reduced Price Meal Eligibility (2-level)","Not Eligible For Free Or Reduced Price Meals",126,64.2,122,56.8,44,55.0
"Integrated Day Charter School District","=""2640013""","Race/Ethnicity","American Indian or Alaska Native","*","*","*","*","N/A","N/A"
"Integrated Day Charter School District","=""2640013""","Race/Ethnicity","Asian",19,"*",19,"*","*","*"
"Integrated Day Charter School District","=""2640013""","Race/Ethnicity","Black or African American","*","*","*","*","*","*"
"Integrated Day Charter School District","=""2640013""","Race/Ethnicity","Hispanic or Latino",25,64.4,25,57.3,8,"*"
"Integrated Day Charter School District","=""2640013""","Race/Ethnicity","Two or More Races",22,59.7,22,47.5,11,"*"
"Integrated Day Charter School District","=""2640013""","Race/Ethnicity","White",114,65.6,109,58.9,40,56.5
"Integrated Day Charter School District","=""2640013""","Special Education Status (SWD)","Students with Disabilities",25,50.0,24,43.8,9,"*"
"Integrated Day Charter School District","=""2640013""","Special Education Status (SWD)","Students without Disabilities",169,66.6,165,59.0,56,53.0
"Interdistrict School for Arts and Comm District","=""2650013""","All Students","District",258,57.4,257,44.4,86,48.6
"Interdistrict School for Arts and Comm District","=""2650013""","English Language Learners (EL)","English Learners",45,42.5,44,30.9,15,"*"
"Interdistrict School for Arts and Comm District","=""2650013""","English Language Learners (EL)","Not English Learners",213,60.6,213,47.1,71,51.6
"Interdistrict School for Arts and Comm District","=""2650013""","Gender","Female",127,60.8,127,46.5,45,50.9
"Interdistrict School for Arts and Comm District","=""2650013""","Gender","Male",131,54.2,130,42.3,41,46.1
"Interdistrict School for Arts and Comm District","=""2650013""","High Needs (F/R, EL or SWD)","High Needs",198,54.3,197,40.6,61,45.2
"Interdistrict School for Arts and Comm District","=""2650013""","High Needs (F/R, EL or SWD)","Not High Needs",60,67.7,60,56.7,25,57.0
"Interdistrict School for Arts and Comm District","=""2650013""","Free/Reduced Price Meal Eligibility (2-level)","Eligible For Free Or Reduced Price Meals",181,54.7,180,41.0,56,45.3
"Interdistrict School for Arts and Comm District","=""2650013""","Free/Reduced Price Meal Eligibility (2-level)","Not Eligible For Free Or Reduced Price Meals",77,63.9,77,52.2,30,54.9
"Interdistrict School for Arts and Comm District","=""2650013""","Race/Ethnicity","American Indian or Alaska Native","*","*","*","*","*","*"
"Interdistrict School for Arts and Comm District","=""2650013""","Race/Ethnicity","Asian","*","*","*","*","N/A","N/A"
"Interdistrict School for Arts and Comm District","=""2650013""","Race/Ethnicity","Black or African American",46,57.5,46,42.5,"*","*"
"Interdistrict School for Arts and Comm District","=""2650013""","Race/Ethnicity","Hispanic or Latino",124,52.5,123,39.4,46,42.4
"Interdistrict School for Arts and Comm District","=""2650013""","Race/Ethnicity","Native Hawaiian or Other Pacific Islander","*","*","*","*","N/A","N/A"
"Interdistrict School for Arts and Comm District","=""2650013""","Race/Ethnicity","Two or More Races",28,56.2,28,45.0,10,"*"
"Interdistrict School for Arts and Comm District","=""2650013""","Race/Ethnicity","White",54,68.6,54,56.4,21,60.2
"Interdistrict School for Arts and Comm District","=""2650013""","Special Education Status (SWD)","Students with Disabilities",49,46.3,48,31.3,21,39.7
"Interdistrict School for Arts and Comm District","=""2650013""","Special Education Status (SWD)","Students without Disabilities",209,60.1,209,47.4,65,51.5
"Common Ground High School District","=""2680013""","All Students","District",39,48.0,39,41.6,46,52.2
"Common Ground High School District","=""2680013""","English Language Learners (EL)","English Learners","N/A","N/A","N/A","N/A","*","*"
"Common Ground High School District","=""2680013""","English Language Learners (EL)","Not English Learners",39,48.0,39,41.6,"*","*"
"Common Ground High School District","=""2680013""","Gender","Female",17,"*",17,"*",14,"*"
"Common Ground High School District","=""2680013""","Gender","Male",22,43.6,22,38.4,32,48.7
"Common Ground High School District","=""2680013""","High Needs (F/R, EL or SWD)","High Needs",20,39.7,20,35.3,30,49.0
"Common Ground High School District","=""2680013""","High Needs (F/R, EL or SWD)","Not High Needs",19,"*",19,"*",16,"*"
"Common Ground High School District","=""2680013""","Free/Reduced Price Meal Eligibility (2-level)","Eligible For Free Or Reduced Price Meals",17,"*",17,"*",22,45.3
"Common Ground High School District","=""2680013""","Free/Reduced Price Meal Eligibility (2-level)","Not Eligible For Free Or Reduced Price Meals",22,58.5,22,47.5,24,58.6
"Common Ground High School District","=""2680013""","Race/Ethnicity","Black or African American","*","*","*","*","*","*"
"Common Ground High School District","=""2680013""","Race/Ethnicity","Hispanic or Latino",13,"*",13,"*",15,"*"
"Common Ground High School District","=""2680013""","Race/Ethnicity","Two or More Races","*","*","*","*","*","*"
"Common Ground High School District","=""2680013""","Race/Ethnicity","White",14,"*",14,"*",15,"*"
"Common Ground High School District","=""2680013""","Special Education Status (SWD)","Students with Disabilities",7,"*",7,"*",12,"*"
"Common Ground High School District","=""2680013""","Special Education Status (SWD)","Students without Disabilities",32,47.8,32,42.9,34,52.4
"The Bridge Academy District","=""2690013""","All Students","District",139,48.1,139,45.1,95,41.0
"The Bridge Academy District","=""2690013""","English Language Learners (EL)","English Learners",9,"*",9,"*",7,"*"
"The Bridge Academy District","=""2690013""","English Language Learners (EL)","Not English Learners",130,48.0,130,45.2,88,41.8
"The Bridge Academy District","=""2690013""","Gender","Female",73,48.2,73,46.0,49,42.9
"The Bridge Academy District","=""2690013""","Gender","Male",66,48.0,66,44.1,46,39.0
"The Bridge Academy District","=""2690013""","High Needs (F/R, EL or SWD)","High Needs",125,47.7,125,45.0,86,40.6
"The Bridge Academy District","=""2690013""","High Needs (F/R, EL or SWD)","Not High Needs",14,"*",14,"*",9,"*"
"The Bridge Academy District","=""2690013""","Free/Reduced Price Meal Eligibility (2-level)","Eligible For Free Or Reduced Price Meals",123,47.8,123,45.2,85,40.6
"The Bridge Academy District","=""2690013""","Free/Reduced Price Meal Eligibility (2-level)","Not Eligible For Free Or Reduced Price Meals",16,"*",16,"*",10,"*"
"The Bridge Academy District","=""2690013""","Race/Ethnicity","American Indian or Alaska Native","*","*","*","*","N/A","N/A"
"The Bridge Academy District","=""2690013""","Race/Ethnicity","Asian","*","*","*","*","*","*"
"The Bridge Academy District","=""2690013""","Race/Ethnicity","Black or African American",82,45.4,82,42.1,56,39.8
"The Bridge Academy District","=""2690013""","Race/Ethnicity","Hispanic or Latino",49,52.4,49,49.1,"*","*"
"The Bridge Academy District","=""2690013""","Race/Ethnicity","White","*","*","*","*","N/A","N/A"
"The Bridge Academy District","=""2690013""","Special Education Status (SWD)","Students with Disabilities",23,37.9,23,29.1,16,"*"
"The Bridge Academy District","=""2690013""","Special Education Status (SWD)","Students without Disabilities",116,50.1,116,48.3,79,42.9
"Side By Side Charter School District","=""2700013""","All Students","District",130,69.9,129,65.9,43,52.9
"Side By Side Charter School District","=""2700013""","English Language Learners (EL)","English Learners",10,"*",10,"*","*","*"
"Side By Side Charter School District","=""2700013""","English Language Learners (EL)","Not English Learners",120,70.9,119,67.1,"*","*"
"Side By Side Charter School District","=""2700013""","Gender","Female",68,69.9,67,64.2,22,50.3
"Side By Side Charter School District","=""2700013""","Gender","Male",62,69.9,62,67.8,21,55.6
"Side By Side Charter School District","=""2700013""","High Needs (F/R, EL or SWD)","High Needs",78,66.8,77,63.9,25,51.9
"Side By Side Charter School District","=""2700013""","High Needs (F/R, EL or SWD)","Not High Needs",52,74.5,52,68.9,18,"*"
"Side By Side Charter School District","=""2700013""","Free/Reduced Price Meal Eligibility (2-level)","Eligible For Free Or Reduced Price Meals",69,67.4,69,65.5,22,52.4
"Side By Side Charter School District","=""2700013""","Free/Reduced Price Meal Eligibility (2-level)","Not Eligible For Free Or Reduced Price Meals",61,72.7,60,66.3,21,53.4
"Side By Side Charter School District","=""2700013""","Race/Ethnicity","Asian","*","*","*","*","*","*"
"Side By Side Charter School District","=""2700013""","Race/Ethnicity","Black or African American",37,65.0,37,61.4,13,"*"
"Side By Side Charter School District","=""2700013""","Race/Ethnicity","Hispanic or Latino",62,71.0,62,67.0,18,"*"
"Side By Side Charter School District","=""2700013""","Race/Ethnicity","Two or More Races","*","*","*","*","*","*"
"Side By Side Charter School District","=""2700013""","Race/Ethnicity","White",20,75.5,19,"*",7,"*"
"Side By Side Charter School District","=""2700013""","Special Education Status (SWD)","Students with Disabilities",13,"*",12,"*","*","*"
"Side By Side Charter School District","=""2700013""","Special Education Status (SWD)","Students without Disabilities",117,71.0,117,67.5,"*","*"
"Explorations District","=""2720013""","All Students","District",20,51.3,20,44.9,19,"*"
"Explorations District","=""2720013""","English Language Learners (EL)","English Learners","N/A","N/A","N/A","N/A","*","*"
"Explorations District","=""2720013""","English Language Learners (EL)","Not English Learners",20,51.3,20,44.9,"*","*"
"Explorations District","=""2720013""","Gender","Female","*","*","*","*",12,"*"
"Explorations District","=""2720013""","Gender","Male","*","*","*","*",7,"*"
"Explorations District","=""2720013""","High Needs (F/R, EL or SWD)","High Needs",10,"*",10,"*","*","*"
"Explorations District","=""2720013""","High Needs (F/R, EL or SWD)","Not High Needs",10,"*",10,"*","*","*"
"Explorations District","=""2720013""","Free/Reduced Price Meal Eligibility (2-level)","Eligible For Free Or Reduced Price Meals",6,"*",6,"*",11,"*"
"Explorations District","=""2720013""","Free/Reduced Price Meal Eligibility (2-level)","Not Eligible For Free Or Reduced Price Meals",14,"*",14,"*",8,"*"
"Explorations District","=""2720013""","Race/Ethnicity","Black or African American","*","*","*","*","N/A","N/A"
"Explorations District","=""2720013""","Race/Ethnicity","Hispanic or Latino","*","*","*","*","*","*"
"Explorations District","=""2720013""","Race/Ethnicity","Two or More Races","N/A","N/A","N/A","N/A","*","*"
"Explorations District","=""2720013""","Race/Ethnicity","White",18,"*",18,"*",13,"*"
"Explorations District","=""2720013""","Special Education Status (SWD)","Students with Disabilities",6,"*",6,"*",11,"*"
"Explorations District","=""2720013""","Special Education Status (SWD)","Students without Disabilities",14,"*",14,"*",8,"*"
"Trailblazers Academy District","=""2780013""","All Students","District",112,44.2,109,34.7,36,39.1
"Trailblazers Academy District","=""2780013""","English Language Learners (EL)","English Learners",16,"*",16,"*","*","*"
"Trailblazers Academy District","=""2780013""","English Language Learners (EL)","Not English Learners",96,45.4,93,34.8,"*","*"
"Trailblazers Academy District","=""2780013""","Gender","Female",50,44.2,47,34.0,18,"*"
"Trailblazers Academy District","=""2780013""","Gender","Male",62,44.3,62,35.3,18,"*"
"Trailblazers Academy District","=""2780013""","High Needs (F/R, EL or SWD)","High Needs","*","*","*","*","*","*"
"Trailblazers Academy District","=""2780013""","High Needs (F/R, EL or SWD)","Not High Needs","*","*","*","*","*","*"
"Trailblazers Academy District","=""2780013""","Free/Reduced Price Meal Eligibility (2-level)","Eligible For Free Or Reduced Price Meals","*","*","*","*","*","*"
"Trailblazers Academy District","=""2780013""","Free/Reduced Price Meal Eligibility (2-level)","Not Eligible For Free Or Reduced Price Meals","*","*","*","*","*","*"
"Trailblazers Academy District","=""2780013""","Race/Ethnicity","Asian","*","*","*","*","*","*"
"Trailblazers Academy District","=""2780013""","Race/Ethnicity","Black or African American",52,41.1,51,29.5,19,"*"
"Trailblazers Academy District","=""2780013""","Race/Ethnicity","Hispanic or Latino",55,45.7,53,38.2,15,"*"
"Trailblazers Academy District","=""2780013""","Race/Ethnicity","Two or More Races","*","*","*","*","N/A","N/A"
"Trailblazers Academy District","=""2780013""","Race/Ethnicity","White","*","*","*","*","*","*"
"Trailblazers Academy District","=""2780013""","Special Education Status (SWD)","Students with Disabilities",34,30.2,32,18.1,8,"*"
"Trailblazers Academy District","=""2780013""","Special Education Status (SWD)","Students without Disabilities",78,50.3,77,41.7,28,42.1
"Amistad Academy District","=""2790013""","All Students","District",580,67.4,579,63.5,235,45.6
"Amistad Academy District","=""2790013""","English Language Learners (EL)","English Learners",56,61.2,56,59.5,23,39.6
"Amistad Academy District","=""2790013""","English Language Learners (EL)","Not English Learners",524,68.0,523,63.9,212,46.3
"Amistad Academy District","=""2790013""","Gender","Female",293,69.6,293,64.0,120,46.4
"Amistad Academy District","=""2790013""","Gender","Male",287,65.1,286,63.0,115,44.8
"Amistad Academy District","=""2790013""","High Needs (F/R, EL or SWD)","High Needs",496,66.2,495,62.4,194,44.1
"Amistad Academy District","=""2790013""","High Needs (F/R, EL or SWD)","Not High Needs",84,74.3,84,70.0,41,52.8
"Amistad Academy District","=""2790013""","Free/Reduced Price Meal Eligibility (2-level)","Eligible For Free Or Reduced Price Meals",492,66.4,491,62.5,191,44.2
"Amistad Academy District","=""2790013""","Free/Reduced Price Meal Eligibility (2-level)","Not Eligible For Free Or Reduced Price Meals",88,73.0,88,68.9,44,51.8
"Amistad Academy District","=""2790013""","Race/Ethnicity","American Indian or Alaska Native","N/A","N/A","N/A","N/A","*","*"
"Amistad Academy District","=""2790013""","Race/Ethnicity","Black or African American",360,67.0,360,62.1,141,45.2
"Amistad Academy District","=""2790013""","Race/Ethnicity","Hispanic or Latino",203,67.1,202,65.0,90,46.3
"Amistad Academy District","=""2790013""","Race/Ethnicity","Two or More Races",10,"*",10,"*","*","*"
"Amistad Academy District","=""2790013""","Race/Ethnicity","White",7,"*",7,"*","*","*"
"Amistad Academy District","=""2790013""","Special Education Status (SWD)","Students with Disabilities",43,44.6,42,38.3,19,"*"
"Amistad Academy District","=""2790013""","Special Education Status (SWD)","Students without Disabilities",537,69.2,537,65.5,216,47.0
"New Beginnings Inc Family Academy District","=""2800013""","All Students","District",237,59.8,237,51.9,73,44.5
"New Beginnings Inc Family Academy District","=""2800013""","English Language Learners (EL)","Not English Learners",237,59.8,237,51.9,73,44.5
"New Beginnings Inc Family Academy District","=""2800013""","Gender","Female",120,62.2,120,53.3,37,48.3
"New Beginnings Inc Family Academy District","=""2800013""","Gender","Male",117,57.4,117,50.5,36,40.6
"New Beginnings Inc Family Academy District","=""2800013""","High Needs (F/R, EL or SWD)","High Needs",218,59.4,218,51.3,67,43.4
"New Beginnings Inc Family Academy District","=""2800013""","High Needs (F/R, EL or SWD)","Not High Needs",19,"*",19,"*",6,"*"
"New Beginnings Inc Family Academy District","=""2800013""","Free/Reduced Price Meal Eligibility (2-level)","Eligible For Free Or Reduced Price Meals",218,59.4,218,51.3,67,43.4
"New Beginnings Inc Family Academy District","=""2800013""","Free/Reduced Price Meal Eligibility (2-level)","Not Eligible For Free Or Reduced Price Meals",19,"*",19,"*",6,"*"
"New Beginnings Inc Family Academy District","=""2800013""","Race/Ethnicity","Black or African American",160,59.9,160,51.7,47,42.1
"New Beginnings Inc Family Academy District","=""2800013""","Race/Ethnicity","Hispanic or Latino",66,58.9,66,52.2,22,48.8
"New Beginnings Inc Family Academy District","=""2800013""","Race/Ethnicity","Two or More Races","*","*","*","*","*","*"
"New Beginnings Inc Family Academy District","=""2800013""","Race/Ethnicity","White","*","*","*","*","*","*"
"New Beginnings Inc Family Academy District","=""2800013""","Special Education Status (SWD)","Students with Disabilities",22,41.4,22,29.4,9,"*"
"New Beginnings Inc Family Academy District","=""2800013""","Special Education Status (SWD)","Students without Disabilities",215,61.7,215,54.2,64,46.9
"Stamford Academy District","=""2820013""","All Students","District",20,32.5,20,31.2,32,31.2
"Stamford Academy District","=""2820013""","English Language Learners (EL)","English Learners","*","*","*","*","N/A","N/A"
"Stamford Academy District","=""2820013""","English Language Learners (EL)","Not English Learners","*","*","*","*",32,31.2
"Stamford Academy District","=""2820013""","Gender","Female",6,"*",6,"*",16,"*"
"Stamford Academy District","=""2820013""","Gender","Male",14,"*",14,"*",16,"*"
"Stamford Academy District","=""2820013""","High Needs (F/R, EL or SWD)","High Needs",20,32.5,20,31.2,32,31.2
"Stamford Academy District","=""2820013""","Free/Reduced Price Meal Eligibility (2-level)","Eligible For Free Or Reduced Price Meals",20,32.5,20,31.2,32,31.2
"Stamford Academy District","=""2820013""","Free/Reduced Price Meal Eligibility (2-level)","Not Eligible For Free Or Reduced Price Meals","N/A","N/A","N/A","N/A","N/A","N/A"
"Stamford Academy District","=""2820013""","Race/Ethnicity","Black or African American",13,"*",13,"*",20,31.8
"Stamford Academy District","=""2820013""","Race/Ethnicity","Hispanic or Latino","*","*","*","*",9,"*"
"Stamford Academy District","=""2820013""","Race/Ethnicity","Two or More Races","N/A","N/A","N/A","N/A","*","*"
"Stamford Academy District","=""2820013""","Race/Ethnicity","White","*","*","*","*","*","*"
"Stamford Academy District","=""2820013""","Special Education Status (SWD)","Students with Disabilities","*","*","*","*",8,"*"
"Stamford Academy District","=""2820013""","Special Education Status (SWD)","Students without Disabilities","*","*","*","*",24,31.7
"Park City Prep Charter School District","=""2830013""","All Students","District",344,60.8,344,53.6,174,48.2
"Park City Prep Charter School District","=""2830013""","English Language Learners (EL)","English Learners",14,"*",14,"*","*","*"
"Park City Prep Charter School District","=""2830013""","English Language Learners (EL)","Not English Learners",330,61.1,330,53.8,"*","*"
"Park City Prep Charter School District","=""2830013""","Gender","Female",175,65.4,175,55.4,92,50.7
"Park City Prep Charter School District","=""2830013""","Gender","Male",169,56.0,169,51.7,82,45.4
"Park City Prep Charter School District","=""2830013""","High Needs (F/R, EL or SWD)","High Needs",268,58.4,268,51.4,139,45.9
"Park City Prep Charter School District","=""2830013""","High Needs (F/R, EL or SWD)","Not High Needs",76,69.3,76,61.1,35,57.2
"Park City Prep Charter School District","=""2830013""","Free/Reduced Price Meal Eligibility (2-level)","Eligible For Free Or Reduced Price Meals",265,58.5,265,51.7,139,45.9
"Park City Prep Charter School District","=""2830013""","Free/Reduced Price Meal Eligibility (2-level)","Not Eligible For Free Or Reduced Price Meals",79,68.3,79,59.9,35,57.2
"Park City Prep Charter School District","=""2830013""","Race/Ethnicity","Asian","*","*","*","*","*","*"
"Park City Prep Charter School District","=""2830013""","Race/Ethnicity","Black or African American",178,58.1,178,50.4,88,45.7
"Park City Prep Charter School District","=""2830013""","Race/Ethnicity","Hispanic or Latino",146,63.5,146,56.2,74,49.5
"Park City Prep Charter School District","=""2830013""","Race/Ethnicity","Two or More Races","*","*","*","*","*","*"
"Park City Prep Charter School District","=""2830013""","Race/Ethnicity","White",17,"*",17,"*",10,"*"
"Park City Prep Charter School District","=""2830013""","Special Education Status (SWD)","Students with Disabilities",28,35.3,28,29.0,10,"*"
"Park City Prep Charter School District","=""2830013""","Special Education Status (SWD)","Students without Disabilities",316,63.0,316,55.8,164,49.3
"Achievement First Bridgeport Academy District","=""2850013""","All Students","District",565,65.1,565,61.6,219,43.4
"Achievement First Bridgeport Academy District","=""2850013""","English Language Learners (EL)","English Learners",74,58.6,74,57.9,36,44.1
"Achievement First Bridgeport Academy District","=""2850013""","English Language Learners (EL)","Not English Learners",491,66.0,491,62.2,183,43.3
"Achievement First Bridgeport Academy District","=""2850013""","Gender","Female",283,67.0,283,61.9,111,44.2
"Achievement First Bridgeport Academy District","=""2850013""","Gender","Male",282,63.1,282,61.4,108,42.7
"Achievement First Bridgeport Academy District","=""2850013""","High Needs (F/R, EL or SWD)","High Needs",473,63.7,473,60.5,187,42.7
"Achievement First Bridgeport Academy District","=""2850013""","High Needs (F/R, EL or SWD)","Not High Needs",92,72.0,92,67.2,32,47.7
"Achievement First Bridgeport Academy District","=""2850013""","Free/Reduced Price Meal Eligibility (2-level)","Eligible For Free Or Reduced Price Meals",464,63.8,464,60.4,179,42.7
"Achievement First Bridgeport Academy District","=""2850013""","Free/Reduced Price Meal Eligibility (2-level)","Not Eligible For Free Or Reduced Price Meals",101,71.0,101,67.1,40,46.6
"Achievement First Bridgeport Academy District","=""2850013""","Race/Ethnicity","American Indian or Alaska Native","*","*","*","*","*","*"
"Achievement First Bridgeport Academy District","=""2850013""","Race/Ethnicity","Asian",7,"*",7,"*","*","*"
"Achievement First Bridgeport Academy District","=""2850013""","Race/Ethnicity","Black or African American",316,63.7,316,59.9,122,41.5
"Achievement First Bridgeport Academy District","=""2850013""","Race/Ethnicity","Hispanic or Latino",228,66.1,228,63.1,91,45.9
"Achievement First Bridgeport Academy District","=""2850013""","Race/Ethnicity","Two or More Races","*","*","*","*","*","*"
"Achievement First Bridgeport Academy District","=""2850013""","Race/Ethnicity","White",7,"*",7,"*","*","*"
"Achievement First Bridgeport Academy District","=""2850013""","Special Education Status (SWD)","Students with Disabilities",48,46.1,48,42.3,19,"*"
"Achievement First Bridgeport Academy District","=""2850013""","Special Education Status (SWD)","Students without Disabilities",517,66.8,517,63.4,200,44.2
"Highville Charter School District","=""2860013""","All Students","District",240,59.6,240,52.4,97,41.8
"Highville Charter School District","=""2860013""","English Language Learners (EL)","English Learners","*","*","*","*","*","*"
"Highville Charter School District","=""2860013""","English Language Learners (EL)","Not English Learners","*","*","*","*","*","*"
"Highville Charter School District","=""2860013""","Gender","Female",125,62.2,125,52.9,52,44.3
"Highville Charter School District","=""2860013""","Gender","Male",115,56.8,115,51.9,45,38.9
"Highville Charter School District","=""2860013""","High Needs (F/R, EL or SWD)","High Needs",164,59.2,164,51.9,67,40.5
"Highville Charter School District","=""2860013""","High Needs (F/R, EL or SWD)","Not High Needs",76,60.6,76,53.6,30,44.7
"Highville Charter School District","=""2860013""","Free/Reduced Price Meal Eligibility (2-level)","Eligible For Free Or Reduced Price Meals",149,60.7,149,53.0,62,40.9
"Highville Charter School District","=""2860013""","Free/Reduced Price Meal Eligibility (2-level)","Not Eligible For Free Or Reduced Price Meals",91,57.9,91,51.4,35,43.3
"Highville Charter School District","=""2860013""","Race/Ethnicity","Black or African American",229,59.0,229,52.0,92,41.5
"Highville Charter School District","=""2860013""","Race/Ethnicity","Hispanic or Latino",7,"*",7,"*","*","*"
"Highville Charter School District","=""2860013""","Race/Ethnicity","Two or More Races","*","*","*","*","N/A","N/A"
"Highville Charter School District","=""2860013""","Race/Ethnicity","White","*","*","*","*","*","*"
"Highville Charter School District","=""2860013""","Special Education Status (SWD)","Students with Disabilities",21,43.0,21,36.0,6,"*"
"Highville Charter School District","=""2860013""","Special Education Status (SWD)","Students without Disabilities",219,61.2,219,54.0,91,42.8
"Achievement First Hartford Academy District","=""2880013""","All Students","District",619,64.1,615,56.6,247,42.4
"Achievement First Hartford Academy District","=""2880013""","English Language Learners (EL)","English Learners",40,61.6,39,54.2,10,"*"
"Achievement First Hartford Academy District","=""2880013""","English Language Learners (EL)","Not English Learners",579,64.3,576,56.7,237,42.7
"Achievement First Hartford Academy District","=""2880013""","Gender","Female",314,66.5,313,57.4,130,41.6
"Achievement First Hartford Academy District","=""2880013""","Gender","Male",305,61.6,302,55.7,117,43.2
"Achievement First Hartford Academy District","=""2880013""","High Needs (F/R, EL or SWD)","High Needs",619,64.1,615,56.6,247,42.4
"Achievement First Hartford Academy District","=""2880013""","Free/Reduced Price Meal Eligibility (2-level)","Eligible For Free Or Reduced Price Meals",619,64.1,615,56.6,247,42.4
"Achievement First Hartford Academy District","=""2880013""","Race/Ethnicity","American Indian or Alaska Native","*","*","*","*","N/A","N/A"
"Achievement First Hartford Academy District","=""2880013""","Race/Ethnicity","Asian","*","*","*","*","*","*"
"Achievement First Hartford Academy District","=""2880013""","Race/Ethnicity","Black or African American",469,64.3,467,56.2,190,42.2
"Achievement First Hartford Academy District","=""2880013""","Race/Ethnicity","Hispanic or Latino",140,62.5,138,56.5,54,42.5
"Achievement First Hartford Academy District","=""2880013""","Race/Ethnicity","Native Hawaiian or Other Pacific Islander","*","*","*","*","N/A","N/A"
"Achievement First Hartford Academy District","=""2880013""","Race/Ethnicity","Two or More Races","*","*","*","*","*","*"
"Achievement First Hartford Academy District","=""2880013""","Race/Ethnicity","White","*","*","*","*","N/A","N/A"
"Achievement First Hartford Academy District","=""2880013""","Special Education Status (SWD)","Students with Disabilities",65,46.4,66,37.6,26,29.6
"Achievement First Hartford Academy District","=""2880013""","Special Education Status (SWD)","Students without Disabilities",554,66.2,549,58.8,221,43.9
"Elm City College Preparatory School District","=""2890013""","All Students","District",408,68.1,408,63.0,161,42.9
"Elm City College Preparatory School District","=""2890013""","English Language Learners (EL)","English Learners",32,63.4,32,60.6,11,"*"
"Elm City College Preparatory School District","=""2890013""","English Language Learners (EL)","Not English Learners",376,68.5,376,63.2,150,43.0
"Elm City College Preparatory School District","=""2890013""","Gender","Female",233,70.2,233,63.7,89,43.4
"Elm City College Preparatory School District","=""2890013""","Gender","Male",175,65.3,175,62.2,72,42.3
"Elm City College Preparatory School District","=""2890013""","High Needs (F/R, EL or SWD)","High Needs",338,66.6,338,60.9,129,42.2
"Elm City College Preparatory School District","=""2890013""","High Needs (F/R, EL or SWD)","Not High Needs",70,75.3,70,73.5,32,45.8
"Elm City College Preparatory School District","=""2890013""","Free/Reduced Price Meal Eligibility (2-level)","Eligible For Free Or Reduced Price Meals",332,66.9,332,61.2,126,42.1
"Elm City College Preparatory School District","=""2890013""","Free/Reduced Price Meal Eligibility (2-level)","Not Eligible For Free Or Reduced Price Meals",76,73.4,76,71.1,35,45.9
"Elm City College Preparatory School District","=""2890013""","Race/Ethnicity","American Indian or Alaska Native","*","*","*","*","N/A","N/A"
"Elm City College Preparatory School District","=""2890013""","Race/Ethnicity","Asian","N/A","N/A","N/A","N/A","*","*"
"Elm City College Preparatory School District","=""2890013""","Race/Ethnicity","Black or African American",301,67.3,301,62.0,114,41.2
"Elm City College Preparatory School District","=""2890013""","Race/Ethnicity","Hispanic or Latino",98,70.2,98,66.0,40,46.9
"Elm City College Preparatory School District","=""2890013""","Race/Ethnicity","Two or More Races","*","*","*","*","*","*"
"Elm City College Preparatory School District","=""2890013""","Race/Ethnicity","White","*","*","*","*","*","*"
"Elm City College Preparatory School District","=""2890013""","Special Education Status (SWD)","Students with Disabilities",40,44.7,40,37.3,18,"*"
"Elm City College Preparatory School District","=""2890013""","Special Education Status (SWD)","Students without Disabilities",368,70.6,368,65.8,143,44.9
"Brass City Charter School District","=""2900013""","All Students","District",39,82.9,39,78.8,"N/A","N/A"
"Brass City Charter School District","=""2900013""","English Language Learners (EL)","English Learners","*","*","*","*","N/A","N/A"
"Brass City Charter School District","=""2900013""","English Language Learners (EL)","Not English Learners","*","*","*","*","N/A","N/A"
"Brass City Charter School District","=""2900013""","Gender","Female",24,82.2,24,76.2,"N/A","N/A"
"Brass City Charter School District","=""2900013""","Gender","Male",15,"*",15,"*","N/A","N/A"
"Brass City Charter School District","=""2900013""","High Needs (F/R, EL or SWD)","High Needs",26,81.5,26,77.0,"N/A","N/A"
"Brass City Charter School District","=""2900013""","High Needs (F/R, EL or SWD)","Not High Needs",13,"*",13,"*","N/A","N/A"
"Brass City Charter School District","=""2900013""","Free/Reduced Price Meal Eligibility (2-level)","Eligible For Free Or Reduced Price Meals",24,81.3,24,77.4,"N/A","N/A"
"Brass City Charter School District","=""2900013""","Free/Reduced Price Meal Eligibility (2-level)","Not Eligible For Free Or Reduced Price Meals",15,"*",15,"*","N/A","N/A"
"Brass City Charter School District","=""2900013""","Race/Ethnicity","Asian","*","*","*","*","N/A","N/A"
"Brass City Charter School District","=""2900013""","Race/Ethnicity","Black or African American",12,"*",12,"*","N/A","N/A"
"Brass City Charter School District","=""2900013""","Race/Ethnicity","Hispanic or Latino",14,"*",14,"*","N/A","N/A"
"Brass City Charter School District","=""2900013""","Race/Ethnicity","Two or More Races","*","*","*","*","N/A","N/A"
"Brass City Charter School District","=""2900013""","Race/Ethnicity","White",6,"*",6,"*","N/A","N/A"
"Brass City Charter School District","=""2900013""","Special Education Status (SWD)","Students with Disabilities",7,"*",7,"*","N/A","N/A"
"Brass City Charter School District","=""2900013""","Special Education Status (SWD)","Students without Disabilities",32,84.6,32,80.7,"N/A","N/A"
"Path Academy District","=""2930013""","All Students","District","*","*","*","*",16,"*"
"Path Academy District","=""2930013""","English Language Learners (EL)","English Learners","*","*","*","*","*","*"
"Path Academy District","=""2930013""","English Language Learners (EL)","Not English Learners","*","*","*","*","*","*"
"Path Academy District","=""2930013""","Gender","Female","*","*","*","*",7,"*"
"Path Academy District","=""2930013""","Gender","Male","N/A","N/A","N/A","N/A",9,"*"
"Path Academy District","=""2930013""","High Needs (F/R, EL or SWD)","High Needs","*","*","*","*","*","*"
"Path Academy District","=""2930013""","High Needs (F/R, EL or SWD)","Not High Needs","N/A","N/A","N/A","N/A","*","*"
"Path Academy District","=""2930013""","Free/Reduced Price Meal Eligibility (2-level)","Eligible For Free Or Reduced Price Meals","*","*","*","*","*","*"
"Path Academy District","=""2930013""","Free/Reduced Price Meal Eligibility (2-level)","Not Eligible For Free Or Reduced Price Meals","N/A","N/A","N/A","N/A","*","*"
"Path Academy District","=""2930013""","Race/Ethnicity","Black or African American","N/A","N/A","N/A","N/A","*","*"
"Path Academy District","=""2930013""","Race/Ethnicity","Hispanic or Latino","*","*","*","*",10,"*"
"Path Academy District","=""2930013""","Race/Ethnicity","White","N/A","N/A","N/A","N/A","*","*"
"Path Academy District","=""2930013""","Special Education Status (SWD)","Students with Disabilities","N/A","N/A","N/A","N/A","*","*"
"Path Academy District","=""2930013""","Special Education Status (SWD)","Students without Disabilities","*","*","*","*","*","*"
"Great Oaks Charter School District","=""2940013""","All Students","District",212,49.9,209,42.9,"N/A","N/A"
"Great Oaks Charter School District","=""2940013""","English Language Learners (EL)","English Learners",40,56.4,40,51.6,"N/A","N/A"
"Great Oaks Charter School District","=""2940013""","English Language Learners (EL)","Not English Learners",172,48.4,169,40.8,"N/A","N/A"
"Great Oaks Charter School District","=""2940013""","Gender","Female",104,51.3,103,41.3,"N/A","N/A"
"Great Oaks Charter School District","=""2940013""","Gender","Male",108,48.6,106,44.4,"N/A","N/A"
"Great Oaks Charter School District","=""2940013""","High Needs (F/R, EL or SWD)","High Needs",186,49.0,183,41.5,"N/A","N/A"
"Great Oaks Charter School District","=""2940013""","High Needs (F/R, EL or SWD)","Not High Needs",26,56.9,26,52.7,"N/A","N/A"
"Great Oaks Charter School District","=""2940013""","Free/Reduced Price Meal Eligibility (2-level)","Eligible For Free Or Reduced Price Meals",174,49.1,172,41.2,"N/A","N/A"
"Great Oaks Charter School District","=""2940013""","Free/Reduced Price Meal Eligibility (2-level)","Not Eligible For Free Or Reduced Price Meals",38,53.5,37,50.8,"N/A","N/A"
"Great Oaks Charter School District","=""2940013""","Race/Ethnicity","Black or African American",109,47.0,106,40.6,"N/A","N/A"
"Great Oaks Charter School District","=""2940013""","Race/Ethnicity","Hispanic or Latino",90,52.9,90,44.9,"N/A","N/A"
"Great Oaks Charter School District","=""2940013""","Race/Ethnicity","Two or More Races","*","*","*","*","N/A","N/A"
"Great Oaks Charter School District","=""2940013""","Race/Ethnicity","White","*","*","*","*","N/A","N/A"
"Great Oaks Charter School District","=""2940013""","Special Education Status (SWD)","Students with Disabilities",34,30.2,31,27.7,"N/A","N/A"
"Great Oaks Charter School District","=""2940013""","Special Education Status (SWD)","Students without Disabilities",178,53.7,178,45.5,"N/A","N/A"
"Capital Preparatory Harbor School District","=""2970013""","All Students","District",137,53.0,136,41.0,75,40.8
"Capital Preparatory Harbor School District","=""2970013""","English Language Learners (EL)","English Learners","*","*","*","*","*","*"
"Capital Preparatory Harbor School District","=""2970013""","English Language Learners (EL)","Not English Learners","*","*","*","*","*","*"
"Capital Preparatory Harbor School District","=""2970013""","Gender","Female",59,57.7,59,44.4,34,42.2
"Capital Preparatory Harbor School District","=""2970013""","Gender","Male",78,49.4,77,38.4,41,39.7
"Capital Preparatory Harbor School District","=""2970013""","High Needs (F/R, EL or SWD)","High Needs",90,50.3,89,39.6,43,40.3
"Capital Preparatory Harbor School District","=""2970013""","High Needs (F/R, EL or SWD)","Not High Needs",47,58.2,47,43.8,32,41.5
"Capital Preparatory Harbor School District","=""2970013""","Free/Reduced Price Meal Eligibility (2-level)","Eligible For Free Or Reduced Price Meals",85,51.4,84,40.4,40,40.2
"Capital Preparatory Harbor School District","=""2970013""","Free/Reduced Price Meal Eligibility (2-level)","Not Eligible For Free Or Reduced Price Meals",52,55.7,52,42.0,35,41.6
"Capital Preparatory Harbor School District","=""2970013""","Race/Ethnicity","Asian","*","*","*","*","N/A","N/A"
"Capital Preparatory Harbor School District","=""2970013""","Race/Ethnicity","Black or African American",111,51.3,110,39.9,62,41.2
"Capital Preparatory Harbor School District","=""2970013""","Race/Ethnicity","Hispanic or Latino",19,"*",19,"*",10,"*"
"Capital Preparatory Harbor School District","=""2970013""","Race/Ethnicity","Two or More Races","*","*","*","*","*","*"
"Capital Preparatory Harbor School District","=""2970013""","Race/Ethnicity","White","*","*","*","*","*","*"
"Capital Preparatory Harbor School District","=""2970013""","Special Education Status (SWD)","Students with Disabilities",12,"*",12,"*",6,"*"
"Capital Preparatory Harbor School District","=""2970013""","Special Education Status (SWD)","Students without Disabilities",125,54.0,124,41.9,69,41.1
"Unified School District #2","=""3470015""","All Students","District",10,"*",10,"*",25,30.0
"Unified School District #2","=""3470015""","English Language Learners (EL)","English Learners","N/A","N/A","N/A","N/A","*","*"
"Unified School District #2","=""3470015""","English Language Learners (EL)","Not English Learners",10,"*",10,"*","*","*"
"Unified School District #2","=""3470015""","Gender","Female","*","*","*","*",10,"*"
"Unified School District #2","=""3470015""","Gender","Male","*","*","*","*",15,"*"
"Unified School District #2","=""3470015""","High Needs (F/R, EL or SWD)","High Needs",10,"*",10,"*",25,30.0
"Unified School District #2","=""3470015""","Free/Reduced Price Meal Eligibility (2-level)","Eligible For Free Or Reduced Price Meals",10,"*",10,"*","*","*"
"Unified School District #2","=""3470015""","Free/Reduced Price Meal Eligibility (2-level)","Not Eligible For Free Or Reduced Price Meals","N/A","N/A","N/A","N/A","*","*"
"Unified School District #2","=""3470015""","Race/Ethnicity","Asian","N/A","N/A","N/A","N/A","N/A","N/A"
"Unified School District #2","=""3470015""","Race/Ethnicity","Black or African American","*","*","*","*",8,"*"
"Unified School District #2","=""3470015""","Race/Ethnicity","Hispanic or Latino","*","*","*","*",8,"*"
"Unified School District #2","=""3470015""","Race/Ethnicity","Two or More Races","*","*","*","*","*","*"
"Unified School District #2","=""3470015""","Race/Ethnicity","White","*","*","*","*",8,"*"
"Unified School District #2","=""3470015""","Special Education Status (SWD)","Students with Disabilities",10,"*",10,"*","*","*"
"Unified School District #2","=""3470015""","Special Education Status (SWD)","Students without Disabilities","N/A","N/A","N/A","N/A","*","*"
"Connecticut Technical Education and Career System","=""9000016""","All Students","District",2444,49.4,2444,45.2,2669,52.9
"Connecticut Technical Education and Career System","=""9000016""","English Language Learners (EL)","English Learners",88,38.0,88,35.4,139,37.9
"Connecticut Technical Education and Career System","=""9000016""","English Language Learners (EL)","Not English Learners",2356,49.8,2356,45.5,2530,53.7
"Connecticut Technical Education and Career System","=""9000016""","Gender","Female",945,48.6,945,43.1,1066,49.4
"Connecticut Technical Education and Career System","=""9000016""","Gender","Male",1499,49.9,1499,46.5,1603,55.2
"Connecticut Technical Education and Career System","=""9000016""","High Needs (F/R, EL or SWD)","High Needs",1321,45.7,1321,42.3,1512,49.2
"Connecticut Technical Education and Career System","=""9000016""","High Needs (F/R, EL or SWD)","Not High Needs",1123,53.8,1123,48.6,1157,57.7
"Connecticut Technical Education and Career System","=""9000016""","Free/Reduced Price Meal Eligibility (2-level)","Eligible For Free Or Reduced Price Meals",1155,46.3,1155,42.9,1289,49.2
"Connecticut Technical Education and Career System","=""9000016""","Free/Reduced Price Meal Eligibility (2-level)","Not Eligible For Free Or Reduced Price Meals",1289,52.2,1289,47.2,1380,56.3
"Connecticut Technical Education and Career System","=""9000016""","Race/Ethnicity","American Indian or Alaska Native",8,"*",8,"*","*","*"
"Connecticut Technical Education and Career System","=""9000016""","Race/Ethnicity","Asian",19,"*",19,"*",33,53.1
"Connecticut Technical Education and Career System","=""9000016""","Race/Ethnicity","Black or African American",293,44.7,293,40.3,335,45.0
"Connecticut Technical Education and Career System","=""9000016""","Race/Ethnicity","Hispanic or Latino",809,45.8,809,42.0,851,47.5
"Connecticut Technical Education and Career System","=""9000016""","Race/Ethnicity","Native Hawaiian or Other Pacific Islander","N/A","N/A","N/A","N/A","*","*"
"Connecticut Technical Education and Career System","=""9000016""","Race/Ethnicity","Two or More Races",90,51.3,90,47.2,76,56.4
"Connecticut Technical Education and Career System","=""9000016""","Race/Ethnicity","White",1225,52.7,1225,48.2,1361,57.9
"Connecticut Technical Education and Career System","=""9000016""","Special Education Status (SWD)","Students with Disabilities",242,39.9,242,37.9,327,48.0
"Connecticut Technical Education and Career System","=""9000016""","Special Education Status (SWD)","Students without Disabilities",2202,50.5,2202,46.0,2342,53.5
"Norwich Free Academy District","=""9010022""","All Students","District",559,57.9,559,52.4,523,54.9
"Norwich Free Academy District","=""9010022""","English Language Learners (EL)","English Learners",44,36.7,44,37.9,31,32.1
"Norwich Free Academy District","=""9010022""","English Language Learners (EL)","Not English Learners",515,59.7,515,53.6,492,56.4
"Norwich Free Academy District","=""9010022""","Gender","Female",307,58.4,307,51.7,255,54.6
"Norwich Free Academy District","=""9010022""","Gender","Male",252,57.4,252,53.2,268,55.3
"Norwich Free Academy District","=""9010022""","High Needs (F/R, EL or SWD)","High Needs",273,48.7,273,43.8,271,44.9
"Norwich Free Academy District","=""9010022""","High Needs (F/R, EL or SWD)","Not High Needs",286,66.7,286,60.6,252,65.7
"Norwich Free Academy District","=""9010022""","Free/Reduced Price Meal Eligibility (2-level)","Eligible For Free Or Reduced Price Meals",249,48.8,249,44.1,250,45.4
"Norwich Free Academy District","=""9010022""","Free/Reduced Price Meal Eligibility (2-level)","Not Eligible For Free Or Reduced Price Meals",310,65.3,310,59.0,273,63.7
"Norwich Free Academy District","=""9010022""","Race/Ethnicity","American Indian or Alaska Native","*","*","*","*",10,"*"
"Norwich Free Academy District","=""9010022""","Race/Ethnicity","Asian",35,65.3,35,69.5,38,59.4
"Norwich Free Academy District","=""9010022""","Race/Ethnicity","Black or African American",63,45.7,63,40.6,77,42.5
"Norwich Free Academy District","=""9010022""","Race/Ethnicity","Hispanic or Latino",46,41.9,46,39.0,61,40.9
"Norwich Free Academy District","=""9010022""","Race/Ethnicity","Native Hawaiian or Other Pacific Islander","*","*","*","*",14,"*"
"Norwich Free Academy District","=""9010022""","Race/Ethnicity","Two or More Races","*","*","*","*",19,"*"
"Norwich Free Academy District","=""9010022""","Race/Ethnicity","White",404,61.3,404,54.6,304,60.8
"Norwich Free Academy District","=""9010022""","Special Education Status (SWD)","Students with Disabilities",70,42.6,70,33.8,62,36.0
"Norwich Free Academy District","=""9010022""","Special Education Status (SWD)","Students without Disabilities",489,60.1,489,55.0,461,57.5
"The Gilbert School District","=""9020022""","All Students","District",263,59.6,262,53.4,163,52.7
"The Gilbert School District","=""9020022""","English Language Learners (EL)","English Learners",7,"*",7,"*","*","*"
"The Gilbert School District","=""9020022""","English Language Learners (EL)","Not English Learners",256,60.5,255,53.9,"*","*"
"The Gilbert School District","=""9020022""","Gender","Female",119,61.0,118,52.3,70,54.6
"The Gilbert School District","=""9020022""","Gender","Male",144,58.5,144,54.3,93,51.3
"The Gilbert School District","=""9020022""","High Needs (F/R, EL or SWD)","High Needs",126,56.4,126,47.2,78,49.2
"The Gilbert School District","=""9020022""","High Needs (F/R, EL or SWD)","Not High Needs",137,62.6,136,59.2,85,56.0
"The Gilbert School District","=""9020022""","Free/Reduced Price Meal Eligibility (2-level)","Eligible For Free Or Reduced Price Meals",102,57.7,102,48.2,68,50.1
"The Gilbert School District","=""9020022""","Free/Reduced Price Meal Eligibility (2-level)","Not Eligible For Free Or Reduced Price Meals",161,60.9,160,56.7,95,54.6
"The Gilbert School District","=""9020022""","Race/Ethnicity","American Indian or Alaska Native","N/A","N/A","N/A","N/A","*","*"
"The Gilbert School District","=""9020022""","Race/Ethnicity","Asian",26,51.4,26,74.3,15,"*"
"The Gilbert School District","=""9020022""","Race/Ethnicity","Black or African American","*","*","*","*","*","*"
"The Gilbert School District","=""9020022""","Race/Ethnicity","Hispanic or Latino",26,52.8,26,46.8,14,"*"
"The Gilbert School District","=""9020022""","Race/Ethnicity","Two or More Races","*","*","*","*",9,"*"
"The Gilbert School District","=""9020022""","Race/Ethnicity","White",198,62.2,197,52.2,123,55.5
"The Gilbert School District","=""9020022""","Special Education Status (SWD)","Students with Disabilities",48,45.7,48,37.4,32,39.1
"The Gilbert School District","=""9020022""","Special Education Status (SWD)","Students without Disabilities",215,62.7,214,57.0,131,56.1
"The Woodstock Academy District","=""9030022""","All Students","District",256,62.3,256,61.9,240,64.5
"The Woodstock Academy District","=""9030022""","English Language Learners (EL)","English Learners","N/A","N/A","N/A","N/A","N/A","N/A"
"The Woodstock Academy District","=""9030022""","English Language Learners (EL)","Not English Learners",256,62.3,256,61.9,240,64.5
"The Woodstock Academy District","=""9030022""","Gender","Female",127,62.3,127,60.4,128,62.7
"The Woodstock Academy District","=""9030022""","Gender","Male",129,62.3,129,63.5,112,66.6
"The Woodstock Academy District","=""9030022""","High Needs (F/R, EL or SWD)","High Needs",23,47.0,23,40.4,21,43.8
"The Woodstock Academy District","=""9030022""","High Needs (F/R, EL or SWD)","Not High Needs",233,63.8,233,64.1,219,66.5
"The Woodstock Academy District","=""9030022""","Free/Reduced Price Meal Eligibility (2-level)","Eligible For Free Or Reduced Price Meals",8,"*",8,"*","*","*"
"The Woodstock Academy District","=""9030022""","Free/Reduced Price Meal Eligibility (2-level)","Not Eligible For Free Or Reduced Price Meals",248,62.9,248,62.6,"*","*"
"The Woodstock Academy District","=""9030022""","Race/Ethnicity","Asian",42,55.9,42,84.0,22,48.6
"The Woodstock Academy District","=""9030022""","Race/Ethnicity","Black or African American","N/A","N/A","N/A","N/A","*","*"
"The Woodstock Academy District","=""9030022""","Race/Ethnicity","Hispanic or Latino","*","*","*","*","*","*"
"The Woodstock Academy District","=""9030022""","Race/Ethnicity","Two or More Races","*","*","*","*",8,"*"
"The Woodstock Academy District","=""9030022""","Race/Ethnicity","White",206,64.0,206,58.0,203,66.5
"The Woodstock Academy District","=""9030022""","Special Education Status (SWD)","Students with Disabilities",18,"*",18,"*",18,"*"
"The Woodstock Academy District","=""9030022""","Special Education Status (SWD)","Students without Disabilities",238,63.4,238,63.7,222,66.4

