"Performance Index, 2025-26"
"All Districts"
"Notes:"
"The Performance Index is the average performance of students in a subject area (i.e., ELA, Mathematics or Science) on the state summative assessments."
"The Performance Index ranges from 0-100 and is reported for all students and for students in each individual student group."
"Connecticut's ultimate target for a Performance Index is 75."
"Starting with 2018-19, Connecticut began implementation of new science assessments aligned to the Next Generation Science Standards."
"Therefore, 2018-19 science performance index scores cannot be compared to those from prior years; they can serve as a baseline for future years."

"District Name","District Code","Category","Student Group","ELACount","ELAPerformanceIndex","MathCount","MathPerformanceIndex","ScienceCount","SciencePerformanceIndex"
"Andover School District","=""0010011""","All Students","District",109,79.2,109,75.5,24,73.2
"Andover School District","=""0010011""","English Language Learners (EL)","English Learners","*","*","*","*","*","*"
"Andover School District","=""0010011""","English Language Learners (EL)","Not English Learners","*","*","*","*","*","*"
"Andover School District","=""0010011""","Gender","Female",61,80.5,61,76.0,11,"*"
"Andover School District","=""0010011""","Gender","Male",48,77.5,48,74.9,13,"*"
"Andover School District","=""0010011""","Grade","03",24,72.6,24,74.6,"N/A","N/A"
"Andover School District","=""0010011""","Grade","04",35,83.1,35,76.8,"N/A","N/A"
"Andover School District","=""0010011""","Grade","05",24,76.1,24,71.5,24,73.2
"Andover School District","=""0010011""","Grade","06",26,82.8,26,78.2,"N/A","N/A"
"Andover School District","=""0010011""","High Needs (F/R, EL or SWD)","High Needs",39,69.9,39,66.5,8,"*"
"Andover School District","=""0010011""","High Needs (F/R, EL or SWD)","Not High Needs",70,84.4,70,80.5,16,"*"
"Andover School District","=""0010011""","Free/Reduced Price Meal Eligibility (2-level)","Eligible For Free Or Reduced Price Meals",27,75.9,27,71.6,"*","*"
"Andover School District","=""0010011""","Free/Reduced Price Meal Eligibility (2-level)","Not Eligible For Free Or Reduced Price Meals",82,80.3,82,76.8,"*","*"
"Andover School District","=""0010011""","Race/Ethnicity","Black or African American","*","*","*","*","*","*"
"Andover School District","=""0010011""","Race/Ethnicity","Hispanic or Latino",12,"*",12,"*","*","*"
"Andover School District","=""0010011""","Race/Ethnicity","Two or More Races","*","*","*","*","N/A","N/A"
"Andover School District","=""0010011""","Race/Ethnicity","White",91,79.2,91,75.5,22,75.0
"Andover School District","=""0010011""","Special Education Status (SWD)","Students with Disabilities",14,"*",14,"*","*","*"
"Andover School District","=""0010011""","Special Education Status (SWD)","Students without Disabilities",95,82.3,95,78.9,"*","*"
"Ansonia School District","=""0020011""","All Students","District",1195,53.3,1192,48.7,518,48.9
"Ansonia School District","=""0020011""","English Language Learners (EL)","English Learners",151,46.4,151,44.9,63,47.9
"Ansonia School District","=""0020011""","English Language Learners (EL)","Not English Learners",1044,54.3,1041,49.3,455,49.1
"Ansonia School District","=""0020011""","Gender","Female",569,54.4,568,47.0,249,47.6
"Ansonia School District","=""0020011""","Gender","Male",626,52.2,624,50.2,269,50.1
"Ansonia School District","=""0020011""","Grade","03",172,56.5,171,51.3,"N/A","N/A"
"Ansonia School District","=""0020011""","Grade","04",178,60.1,177,57.1,"N/A","N/A"
"Ansonia School District","=""0020011""","Grade","05",190,58.3,190,58.2,191,54.1
"Ansonia School District","=""0020011""","Grade","06",170,52.0,169,45.8,"N/A","N/A"
"Ansonia School District","=""0020011""","Grade","07",163,51.7,163,43.5,"N/A","N/A"
"Ansonia School District","=""0020011""","Grade","08",182,47.1,182,41.5,182,45.8
"Ansonia School District","=""0020011""","Grade","11",140,45.1,140,40.8,145,46.1
"Ansonia School District","=""0020011""","High Needs (F/R, EL or SWD)","High Needs",871,50.5,868,45.7,356,46.2
"Ansonia School District","=""0020011""","High Needs (F/R, EL or SWD)","Not High Needs",324,60.7,324,56.7,162,54.9
"Ansonia School District","=""0020011""","Free/Reduced Price Meal Eligibility (2-level)","Eligible For Free Or Reduced Price Meals",785,51.1,782,46.0,314,45.6
"Ansonia School District","=""0020011""","Free/Reduced Price Meal Eligibility (2-level)","Not Eligible For Free Or Reduced Price Meals",410,57.4,410,53.8,204,54.1
"Ansonia School District","=""0020011""","Race/Ethnicity","American Indian or Alaska Native","*","*","*","*","*","*"
"Ansonia School District","=""0020011""","Race/Ethnicity","Asian",27,55.9,27,56.2,"*","*"
"Ansonia School District","=""0020011""","Race/Ethnicity","Black or African American",266,49.1,265,44.1,115,45.3
"Ansonia School District","=""0020011""","Race/Ethnicity","Hispanic or Latino",596,53.0,594,48.6,250,48.0
"Ansonia School District","=""0020011""","Race/Ethnicity","Native Hawaiian or Other Pacific Islander","*","*","*","*","N/A","N/A"
"Ansonia School District","=""0020011""","Race/Ethnicity","Two or More Races",56,55.2,56,49.7,24,46.0
"Ansonia School District","=""0020011""","Race/Ethnicity","White",247,57.9,247,53.2,113,54.3
"Ansonia School District","=""0020011""","Special Education Status (SWD)","Students with Disabilities",180,34.1,178,28.8,64,33.0
"Ansonia School District","=""0020011""","Special Education Status (SWD)","Students without Disabilities",1015,56.7,1014,52.2,454,51.2
"Ashford School District","=""0030011""","All Students","District",235,68.5,233,64.2,85,72.6
"Ashford School District","=""0030011""","English Language Learners (EL)","English Learners",7,"*",7,"*","*","*"
"Ashford School District","=""0030011""","English Language Learners (EL)","Not English Learners",228,68.7,226,64.4,"*","*"
"Ashford School District","=""0030011""","Gender","Female",107,69.8,106,61.8,38,71.4
"Ashford School District","=""0030011""","Gender","Male",128,67.4,127,66.3,47,73.6
"Ashford School District","=""0030011""","Grade","03",31,67.8,31,69.5,"N/A","N/A"
"Ashford School District","=""0030011""","Grade","04",31,63.9,30,58.8,"N/A","N/A"
"Ashford School District","=""0030011""","Grade","05",37,72.6,37,66.6,37,75.2
"Ashford School District","=""0030011""","Grade","06",40,72.9,39,67.7,"N/A","N/A"
"Ashford School District","=""0030011""","Grade","07",48,69.9,48,62.8,"N/A","N/A"
"Ashford School District","=""0030011""","Grade","08",48,63.7,48,61.1,48,70.7
"Ashford School District","=""0030011""","High Needs (F/R, EL or SWD)","High Needs",112,63.4,110,58.4,40,67.0
"Ashford School District","=""0030011""","High Needs (F/R, EL or SWD)","Not High Needs",123,73.2,123,69.4,45,77.6
"Ashford School District","=""0030011""","Free/Reduced Price Meal Eligibility (2-level)","Eligible For Free Or Reduced Price Meals",91,63.6,89,58.3,33,64.0
"Ashford School District","=""0030011""","Free/Reduced Price Meal Eligibility (2-level)","Not Eligible For Free Or Reduced Price Meals",144,71.6,144,67.9,52,78.1
"Ashford School District","=""0030011""","Race/Ethnicity","Asian","*","*","*","*","N/A","N/A"
"Ashford School District","=""0030011""","Race/Ethnicity","Black or African American","*","*","*","*","*","*"
"Ashford School District","=""0030011""","Race/Ethnicity","Hispanic or Latino",26,59.5,24,55.1,"*","*"
"Ashford School District","=""0030011""","Race/Ethnicity","Two or More Races","*","*","*","*","N/A","N/A"
"Ashford School District","=""0030011""","Race/Ethnicity","White",196,69.5,196,65.0,70,73.7
"Ashford School District","=""0030011""","Special Education Status (SWD)","Students with Disabilities",43,56.7,42,47.6,19,"*"
"Ashford School District","=""0030011""","Special Education Status (SWD)","Students without Disabilities",192,71.1,191,67.9,66,75.0
"Avon School District","=""0040011""","All Students","District",1596,79.1,1594,76.7,680,76.6
"Avon School District","=""0040011""","English Language Learners (EL)","English Learners",101,70.0,100,72.2,39,68.3
"Avon School District","=""0040011""","English Language Learners (EL)","Not English Learners",1495,79.7,1494,77.0,641,77.2
"Avon School District","=""0040011""","Gender","Female",819,80.8,817,75.9,358,77.9
"Avon School District","=""0040011""","Gender","Male","*","*","*","*","*","*"
"Avon School District","=""0040011""","Gender","Non-Binary","*","*","*","*","*","*"
"Avon School District","=""0040011""","Grade","03",211,79.6,211,76.1,"N/A","N/A"
"Avon School District","=""0040011""","Grade","04",222,82.1,221,77.1,"N/A","N/A"
"Avon School District","=""0040011""","Grade","05",236,77.9,236,77.2,236,79.5
"Avon School District","=""0040011""","Grade","06",246,85.4,245,83.7,"N/A","N/A"
"Avon School District","=""0040011""","Grade","07",236,80.1,236,77.7,"N/A","N/A"
"Avon School District","=""0040011""","Grade","08",203,77.7,203,77.9,203,73.6
"Avon School District","=""0040011""","Grade","11",242,70.7,242,67.4,241,76.4
"Avon School District","=""0040011""","High Needs (F/R, EL or SWD)","High Needs",395,64.8,393,61.7,177,58.4
"Avon School District","=""0040011""","High Needs (F/R, EL or SWD)","Not High Needs",1201,83.8,1201,81.7,503,83.1
"Avon School District","=""0040011""","Free/Reduced Price Meal Eligibility (2-level)","Eligible For Free Or Reduced Price Meals",174,65.8,174,60.9,86,60.5
"Avon School District","=""0040011""","Free/Reduced Price Meal Eligibility (2-level)","Not Eligible For Free Or Reduced Price Meals",1422,80.7,1420,78.7,594,79.0
"Avon School District","=""0040011""","Race/Ethnicity","American Indian or Alaska Native","*","*","*","*","*","*"
"Avon School District","=""0040011""","Race/Ethnicity","Asian",296,86.8,296,89.5,149,90.5
"Avon School District","=""0040011""","Race/Ethnicity","Black or African American",74,58.4,74,53.4,34,56.6
"Avon School District","=""0040011""","Race/Ethnicity","Hispanic or Latino",131,69.6,130,66.9,62,65.1
"Avon School District","=""0040011""","Race/Ethnicity","Native Hawaiian or Other Pacific Islander","*","*","*","*","N/A","N/A"
"Avon School District","=""0040011""","Race/Ethnicity","Two or More Races",88,83.9,88,79.8,"*","*"
"Avon School District","=""0040011""","Race/Ethnicity","White",1000,79.1,999,75.7,402,74.6
"Avon School District","=""0040011""","Special Education Status (SWD)","Students with Disabilities",212,56.3,210,51.9,95,47.6
"Avon School District","=""0040011""","Special Education Status (SWD)","Students without Disabilities",1384,82.6,1384,80.5,585,81.4
"Barkhamsted School District","=""0050011""","All Students","District",119,71.0,119,65.4,33,65.1
"Barkhamsted School District","=""0050011""","English Language Learners (EL)","English Learners","*","*","*","*","*","*"
"Barkhamsted School District","=""0050011""","English Language Learners (EL)","Not English Learners","*","*","*","*","*","*"
"Barkhamsted School District","=""0050011""","Gender","Female",63,71.7,63,64.4,12,"*"
"Barkhamsted School District","=""0050011""","Gender","Male",56,70.1,56,66.5,21,65.7
"Barkhamsted School District","=""0050011""","Grade","03",23,72.9,23,62.2,"N/A","N/A"
"Barkhamsted School District","=""0050011""","Grade","04",32,67.9,32,61.8,"N/A","N/A"
"Barkhamsted School District","=""0050011""","Grade","05",33,66.5,33,59.5,33,65.1
"Barkhamsted School District","=""0050011""","Grade","06",31,77.4,31,77.7,"N/A","N/A"
"Barkhamsted School District","=""0050011""","High Needs (F/R, EL or SWD)","High Needs",46,59.5,46,53.1,14,"*"
"Barkhamsted School District","=""0050011""","High Needs (F/R, EL or SWD)","Not High Needs",73,78.2,73,73.1,19,"*"
"Barkhamsted School District","=""0050011""","Free/Reduced Price Meal Eligibility (2-level)","Eligible For Free Or Reduced Price Meals",18,"*",18,"*","*","*"
"Barkhamsted School District","=""0050011""","Free/Reduced Price Meal Eligibility (2-level)","Not Eligible For Free Or Reduced Price Meals",101,72.9,101,66.8,"*","*"
"Barkhamsted School District","=""0050011""","Race/Ethnicity","American Indian or Alaska Native","*","*","*","*","N/A","N/A"
"Barkhamsted School District","=""0050011""","Race/Ethnicity","Hispanic or Latino",6,"*",6,"*","*","*"
"Barkhamsted School District","=""0050011""","Race/Ethnicity","Two or More Races","*","*","*","*","*","*"
"Barkhamsted School District","=""0050011""","Race/Ethnicity","White",110,71.4,110,66.6,29,65.4
"Barkhamsted School District","=""0050011""","Special Education Status (SWD)","Students with Disabilities",35,56.6,35,48.7,11,"*"
"Barkhamsted School District","=""0050011""","Special Education Status (SWD)","Students without Disabilities",84,76.9,84,72.4,22,71.2
"Berlin School District","=""0070011""","All Students","District",1344,70.8,1342,69.2,581,71.3
"Berlin School District","=""0070011""","English Language Learners (EL)","English Learners",124,62.8,124,64.2,40,53.9
"Berlin School District","=""0070011""","English Language Learners (EL)","Not English Learners",1220,71.6,1218,69.7,541,72.5
"Berlin School District","=""0070011""","Gender","Female",651,72.4,652,68.8,284,69.9
"Berlin School District","=""0070011""","Gender","Male",693,69.2,690,69.6,297,72.6
"Berlin School District","=""0070011""","Grade","03",187,73.3,187,70.9,"N/A","N/A"
"Berlin School District","=""0070011""","Grade","04",195,76.3,195,75.5,"N/A","N/A"
"Berlin School District","=""0070011""","Grade","05",182,71.5,182,72.0,180,67.5
"Berlin School District","=""0070011""","Grade","06",192,74.6,190,72.3,"N/A","N/A"
"Berlin School District","=""0070011""","Grade","07",192,68.7,192,68.6,"N/A","N/A"
"Berlin School District","=""0070011""","Grade","08",197,69.5,197,68.0,201,70.3
"Berlin School District","=""0070011""","Grade","11",199,61.7,199,57.8,200,75.6
"Berlin School District","=""0070011""","High Needs (F/R, EL or SWD)","High Needs",497,60.7,494,58.7,208,57.3
"Berlin School District","=""0070011""","High Needs (F/R, EL or SWD)","Not High Needs",847,76.7,848,75.4,373,79.0
"Berlin School District","=""0070011""","Free/Reduced Price Meal Eligibility (2-level)","Eligible For Free Or Reduced Price Meals",342,61.2,339,59.5,155,57.2
"Berlin School District","=""0070011""","Free/Reduced Price Meal Eligibility (2-level)","Not Eligible For Free Or Reduced Price Meals",1002,74.0,1003,72.5,426,76.4
"Berlin School District","=""0070011""","Race/Ethnicity","American Indian or Alaska Native","*","*","*","*","*","*"
"Berlin School District","=""0070011""","Race/Ethnicity","Asian",66,72.0,66,76.2,30,81.8
"Berlin School District","=""0070011""","Race/Ethnicity","Black or African American",38,66.8,38,58.1,"*","*"
"Berlin School District","=""0070011""","Race/Ethnicity","Hispanic or Latino",178,60.9,178,57.3,81,61.7
"Berlin School District","=""0070011""","Race/Ethnicity","Native Hawaiian or Other Pacific Islander","*","*","*","*","N/A","N/A"
"Berlin School District","=""0070011""","Race/Ethnicity","Two or More Races",37,74.1,37,71.1,17,"*"
"Berlin School District","=""0070011""","Race/Ethnicity","White",1021,72.5,1019,71.3,436,72.6
"Berlin School District","=""0070011""","Special Education Status (SWD)","Students with Disabilities",196,50.1,193,45.7,81,46.1
"Berlin School District","=""0070011""","Special Education Status (SWD)","Students without Disabilities",1148,74.3,1149,73.2,500,75.3
"Bethany School District","=""0080011""","All Students","District",242,80.3,242,74.6,60,77.7
"Bethany School District","=""0080011""","English Language Learners (EL)","English Learners",26,78.0,26,76.1,"*","*"
"Bethany School District","=""0080011""","English Language Learners (EL)","Not English Learners",216,80.6,216,74.5,"*","*"
"Bethany School District","=""0080011""","Gender","Female",113,81.3,113,73.4,26,74.8
"Bethany School District","=""0080011""","Gender","Male",129,79.5,129,75.7,34,79.9
"Bethany School District","=""0080011""","Grade","03",46,72.8,46,66.1,"N/A","N/A"
"Bethany School District","=""0080011""","Grade","04",62,79.4,62,77.3,"N/A","N/A"
"Bethany School District","=""0080011""","Grade","05",59,79.6,59,72.8,60,77.7
"Bethany School District","=""0080011""","Grade","06",75,86.2,75,79.1,"N/A","N/A"
"Bethany School District","=""0080011""","High Needs (F/R, EL or SWD)","High Needs",85,72.6,85,66.3,20,67.6
"Bethany School District","=""0080011""","High Needs (F/R, EL or SWD)","Not High Needs",157,84.5,157,79.1,40,82.7
"Bethany School District","=""0080011""","Free/Reduced Price Meal Eligibility (2-level)","Eligible For Free Or Reduced Price Meals",27,73.4,27,66.1,"*","*"
"Bethany School District","=""0080011""","Free/Reduced Price Meal Eligibility (2-level)","Not Eligible For Free Or Reduced Price Meals",215,81.2,215,75.7,"*","*"
"Bethany School District","=""0080011""","Race/Ethnicity","Asian",23,89.5,23,87.3,"*","*"
"Bethany School District","=""0080011""","Race/Ethnicity","Black or African American","*","*","*","*","*","*"
"Bethany School District","=""0080011""","Race/Ethnicity","Hispanic or Latino",15,"*",15,"*",10,"*"
"Bethany School District","=""0080011""","Race/Ethnicity","Two or More Races","*","*","*","*","N/A","N/A"
"Bethany School District","=""0080011""","Race/Ethnicity","White",194,80.8,194,74.3,46,80.2
"Bethany School District","=""0080011""","Special Education Status (SWD)","Students with Disabilities",53,67.5,53,60.3,14,"*"
"Bethany School District","=""0080011""","Special Education Status (SWD)","Students without Disabilities",189,83.9,189,78.7,46,81.7
"Bethel School District","=""0090011""","All Students","District",1586,70.0,1578,69.1,731,72.0
"Bethel School District","=""0090011""","English Language Learners (EL)","English Learners",214,54.5,213,54.7,99,51.8
"Bethel School District","=""0090011""","English Language Learners (EL)","Not English Learners",1372,72.5,1365,71.4,632,75.2
"Bethel School District","=""0090011""","Gender","Female",774,71.9,769,68.1,360,71.7
"Bethel School District","=""0090011""","Gender","Male",812,68.3,809,70.1,371,72.4
"Bethel School District","=""0090011""","Grade","03",191,71.2,190,67.4,"N/A","N/A"
"Bethel School District","=""0090011""","Grade","04",195,77.9,195,72.9,"N/A","N/A"
"Bethel School District","=""0090011""","Grade","05",215,73.9,215,70.0,215,76.0
"Bethel School District","=""0090011""","Grade","06",251,70.8,249,69.0,"N/A","N/A"
"Bethel School District","=""0090011""","Grade","07",224,67.9,222,71.0,"N/A","N/A"
"Bethel School District","=""0090011""","Grade","08",260,72.6,257,79.1,258,69.8
"Bethel School District","=""0090011""","Grade","11",250,58.2,250,54.9,258,71.0
"Bethel School District","=""0090011""","High Needs (F/R, EL or SWD)","High Needs",738,60.4,730,58.9,324,60.2
"Bethel School District","=""0090011""","High Needs (F/R, EL or SWD)","Not High Needs",848,78.4,848,77.9,407,81.5
"Bethel School District","=""0090011""","Free/Reduced Price Meal Eligibility (2-level)","Eligible For Free Or Reduced Price Meals",549,62.5,547,60.3,247,62.2
"Bethel School District","=""0090011""","Free/Reduced Price Meal Eligibility (2-level)","Not Eligible For Free Or Reduced Price Meals",1037,74.0,1031,73.8,484,77.0
"Bethel School District","=""0090011""","Race/Ethnicity","American Indian or Alaska Native",25,61.6,25,61.0,"*","*"
"Bethel School District","=""0090011""","Race/Ethnicity","Asian",136,82.5,135,86.7,69,86.5
"Bethel School District","=""0090011""","Race/Ethnicity","Black or African American",80,64.8,79,61.7,43,63.1
"Bethel School District","=""0090011""","Race/Ethnicity","Hispanic or Latino",471,62.8,468,61.7,200,62.6
"Bethel School District","=""0090011""","Race/Ethnicity","Native Hawaiian or Other Pacific Islander",7,"*",7,"*","*","*"
"Bethel School District","=""0090011""","Race/Ethnicity","Two or More Races",64,77.7,64,75.6,34,85.2
"Bethel School District","=""0090011""","Race/Ethnicity","White",803,72.4,800,70.9,376,74.3
"Bethel School District","=""0090011""","Special Education Status (SWD)","Students with Disabilities",261,48.9,254,45.7,113,48.5
"Bethel School District","=""0090011""","Special Education Status (SWD)","Students without Disabilities",1325,74.2,1324,73.6,618,76.3
"Bloomfield School District","=""0110011""","All Students","District",717,55.9,716,50.1,320,51.7
"Bloomfield School District","=""0110011""","English Language Learners (EL)","English Learners",66,46.3,66,45.0,32,41.6
"Bloomfield School District","=""0110011""","English Language Learners (EL)","Not English Learners",651,56.9,650,50.6,288,52.8
"Bloomfield School District","=""0110011""","Gender","Female",357,58.2,357,49.3,162,52.5
"Bloomfield School District","=""0110011""","Gender","Male",360,53.6,359,50.9,158,50.8
"Bloomfield School District","=""0110011""","Grade","03",82,61.8,82,55.9,"N/A","N/A"
"Bloomfield School District","=""0110011""","Grade","04",100,63.1,100,57.6,"N/A","N/A"
"Bloomfield School District","=""0110011""","Grade","05",85,53.7,85,54.1,86,52.0
"Bloomfield School District","=""0110011""","Grade","06",102,59.7,101,54.1,"N/A","N/A"
"Bloomfield School District","=""0110011""","Grade","07",114,55.1,114,48.8,"N/A","N/A"
"Bloomfield School District","=""0110011""","Grade","08",113,54.3,113,45.4,113,52.7
"Bloomfield School District","=""0110011""","Grade","11",121,46.4,121,39.4,121,50.6
"Bloomfield School District","=""0110011""","High Needs (F/R, EL or SWD)","High Needs",447,51.0,446,45.5,199,47.8
"Bloomfield School District","=""0110011""","High Needs (F/R, EL or SWD)","Not High Needs",270,63.9,270,57.8,121,58.1
"Bloomfield School District","=""0110011""","Free/Reduced Price Meal Eligibility (2-level)","Eligible For Free Or Reduced Price Meals",357,52.7,356,46.9,157,49.5
"Bloomfield School District","=""0110011""","Free/Reduced Price Meal Eligibility (2-level)","Not Eligible For Free Or Reduced Price Meals",360,59.0,360,53.3,163,53.8
"Bloomfield School District","=""0110011""","Race/Ethnicity","American Indian or Alaska Native","*","*","*","*","*","*"
"Bloomfield School District","=""0110011""","Race/Ethnicity","Asian",13,"*",13,"*",8,"*"
"Bloomfield School District","=""0110011""","Race/Ethnicity","Black or African American",504,55.9,503,49.8,230,52.1
"Bloomfield School District","=""0110011""","Race/Ethnicity","Hispanic or Latino",140,52.2,140,47.1,64,46.6
"Bloomfield School District","=""0110011""","Race/Ethnicity","Native Hawaiian or Other Pacific Islander","*","*","*","*","*","*"
"Bloomfield School District","=""0110011""","Race/Ethnicity","Two or More Races",30,60.6,30,52.3,7,"*"
"Bloomfield School District","=""0110011""","Race/Ethnicity","White",24,66.8,24,61.5,8,"*"
"Bloomfield School District","=""0110011""","Special Education Status (SWD)","Students with Disabilities",162,39.8,162,34.9,65,41.4
"Bloomfield School District","=""0110011""","Special Education Status (SWD)","Students without Disabilities",555,60.6,554,54.5,255,54.3
"Bolton School District","=""0120011""","All Students","District",338,72.4,334,71.2,134,69.6
"Bolton School District","=""0120011""","English Language Learners (EL)","English Learners",7,"*",7,"*","*","*"
"Bolton School District","=""0120011""","English Language Learners (EL)","Not English Learners",331,72.5,327,71.1,"*","*"
"Bolton School District","=""0120011""","Gender","Female",166,75.9,164,71.3,62,72.9
"Bolton School District","=""0120011""","Gender","Male",172,68.9,170,71.1,72,66.8
"Bolton School District","=""0120011""","Grade","03",57,78.5,57,79.3,"N/A","N/A"
"Bolton School District","=""0120011""","Grade","04",48,79.5,48,77.3,"N/A","N/A"
"Bolton School District","=""0120011""","Grade","05",51,77.8,50,79.6,51,74.9
"Bolton School District","=""0120011""","Grade","06",45,75.6,44,73.8,"N/A","N/A"
"Bolton School District","=""0120011""","Grade","07",51,67.8,51,65.1,"N/A","N/A"
"Bolton School District","=""0120011""","Grade","08",43,67.8,41,66.9,41,70.1
"Bolton School District","=""0120011""","Grade","11",43,56.4,43,52.4,42,62.6
"Bolton School District","=""0120011""","High Needs (F/R, EL or SWD)","High Needs",96,58.8,94,55.8,33,51.8
"Bolton School District","=""0120011""","High Needs (F/R, EL or SWD)","Not High Needs",242,77.7,240,77.2,101,75.4
"Bolton School District","=""0120011""","Free/Reduced Price Meal Eligibility (2-level)","Eligible For Free Or Reduced Price Meals",76,58.9,74,55.0,22,49.9
"Bolton School District","=""0120011""","Free/Reduced Price Meal Eligibility (2-level)","Not Eligible For Free Or Reduced Price Meals",262,76.3,260,75.8,112,73.5
"Bolton School District","=""0120011""","Race/Ethnicity","Asian","*","*","*","*","*","*"
"Bolton School District","=""0120011""","Race/Ethnicity","Black or African American","*","*","*","*","*","*"
"Bolton School District","=""0120011""","Race/Ethnicity","Hispanic or Latino",43,62.2,42,62.1,17,"*"
"Bolton School District","=""0120011""","Race/Ethnicity","Two or More Races",26,68.1,26,65.4,11,"*"
"Bolton School District","=""0120011""","Race/Ethnicity","White",249,75.3,246,74.5,98,72.8
"Bolton School District","=""0120011""","Special Education Status (SWD)","Students with Disabilities",37,48.3,36,46.6,15,"*"
"Bolton School District","=""0120011""","Special Education Status (SWD)","Students without Disabilities",301,75.3,298,74.1,119,72.2
"Bozrah School District","=""0130011""","All Students","District",108,70.7,108,73.7,39,69.6
"Bozrah School District","=""0130011""","English Language Learners (EL)","English Learners","*","*","*","*","*","*"
"Bozrah School District","=""0130011""","English Language Learners (EL)","Not English Learners","*","*","*","*","*","*"
"Bozrah School District","=""0130011""","Gender","Female",49,75.3,49,72.2,17,"*"
"Bozrah School District","=""0130011""","Gender","Male",59,66.8,59,74.9,22,71.6
"Bozrah School District","=""0130011""","Grade","03",19,"*",19,"*","N/A","N/A"
"Bozrah School District","=""0130011""","Grade","04",16,"*",16,"*","N/A","N/A"
"Bozrah School District","=""0130011""","Grade","05",18,"*",18,"*",18,"*"
"Bozrah School District","=""0130011""","Grade","06",20,67.7,20,72.1,"N/A","N/A"
"Bozrah School District","=""0130011""","Grade","07",14,"*",14,"*","N/A","N/A"
"Bozrah School District","=""0130011""","Grade","08",21,68.2,21,72.2,21,64.2
"Bozrah School District","=""0130011""","Grade","11",0,"N/A",0,"N/A",0,"N/A"
"Bozrah School District","=""0130011""","High Needs (F/R, EL or SWD)","High Needs",46,59.1,46,60.8,16,"*"
"Bozrah School District","=""0130011""","High Needs (F/R, EL or SWD)","Not High Needs",62,79.2,62,83.3,23,77.9
"Bozrah School District","=""0130011""","Free/Reduced Price Meal Eligibility (2-level)","Eligible For Free Or Reduced Price Meals",39,60.5,39,61.0,11,"*"
"Bozrah School District","=""0130011""","Free/Reduced Price Meal Eligibility (2-level)","Not Eligible For Free Or Reduced Price Meals",69,76.4,69,80.9,28,75.4
"Bozrah School District","=""0130011""","Race/Ethnicity","American Indian or Alaska Native","*","*","*","*","N/A","N/A"
"Bozrah School District","=""0130011""","Race/Ethnicity","Asian","*","*","*","*","*","*"
"Bozrah School District","=""0130011""","Race/Ethnicity","Hispanic or Latino",11,"*",11,"*","*","*"
"Bozrah School District","=""0130011""","Race/Ethnicity","Two or More Races","*","*","*","*","*","*"
"Bozrah School District","=""0130011""","Race/Ethnicity","White",90,73.2,90,76.6,34,72.0
"Bozrah School District","=""0130011""","Special Education Status (SWD)","Students with Disabilities",18,"*",18,"*",9,"*"
"Bozrah School District","=""0130011""","Special Education Status (SWD)","Students without Disabilities",90,74.3,90,77.9,30,73.8
"Branford School District","=""0140011""","All Students","District",1276,69.1,1274,66.2,521,67.1
"Branford School District","=""0140011""","English Language Learners (EL)","English Learners",169,63.7,169,63.7,56,52.3
"Branford School District","=""0140011""","English Language Learners (EL)","Not English Learners",1107,69.9,1105,66.6,465,68.9
"Branford School District","=""0140011""","Gender","Female","*","*","*","*",251,66.7
"Branford School District","=""0140011""","Gender","Male",672,68.3,671,67.3,270,67.4
"Branford School District","=""0140011""","Gender","Non-Binary","*","*","*","*","N/A","N/A"
"Branford School District","=""0140011""","Grade","03",183,72.6,183,73.3,"N/A","N/A"
"Branford School District","=""0140011""","Grade","04",183,75.9,183,73.0,"N/A","N/A"
"Branford School District","=""0140011""","Grade","05",178,77.2,178,72.7,178,71.8
"Branford School District","=""0140011""","Grade","06",176,70.6,176,67.2,"N/A","N/A"
"Branford School District","=""0140011""","Grade","07",209,67.4,208,63.7,"N/A","N/A"
"Branford School District","=""0140011""","Grade","08",170,63.5,169,61.5,168,65.2
"Branford School District","=""0140011""","Grade","11",177,55.9,177,51.9,175,64.2
"Branford School District","=""0140011""","High Needs (F/R, EL or SWD)","High Needs",602,61.2,600,57.5,230,57.8
"Branford School District","=""0140011""","High Needs (F/R, EL or SWD)","Not High Needs",674,76.1,674,74.0,291,74.5
"Branford School District","=""0140011""","Free/Reduced Price Meal Eligibility (2-level)","Eligible For Free Or Reduced Price Meals",446,61.4,445,57.9,185,58.7
"Branford School District","=""0140011""","Free/Reduced Price Meal Eligibility (2-level)","Not Eligible For Free Or Reduced Price Meals",830,73.2,829,70.7,336,71.8
"Branford School District","=""0140011""","Race/Ethnicity","American Indian or Alaska Native","*","*","*","*","*","*"
"Branford School District","=""0140011""","Race/Ethnicity","Asian",76,74.3,76,75.9,27,74.6
"Branford School District","=""0140011""","Race/Ethnicity","Black or African American",50,60.2,50,54.7,23,59.2
"Branford School District","=""0140011""","Race/Ethnicity","Hispanic or Latino",232,64.1,232,60.6,91,57.8
"Branford School District","=""0140011""","Race/Ethnicity","Native Hawaiian or Other Pacific Islander","*","*","*","*","*","*"
"Branford School District","=""0140011""","Race/Ethnicity","Two or More Races",76,73.8,76,70.2,21,74.0
"Branford School District","=""0140011""","Race/Ethnicity","White",840,70.1,838,67.2,357,69.0
"Branford School District","=""0140011""","Special Education Status (SWD)","Students with Disabilities",206,51.3,205,45.1,63,48.8
"Branford School District","=""0140011""","Special Education Status (SWD)","Students without Disabilities",1070,72.5,1069,70.3,458,69.6
"Bridgeport School District","=""0150011""","All Students","District",8749,49.2,8710,45.5,3556,46.6
"Bridgeport School District","=""0150011""","English Language Learners (EL)","English Learners",3021,42.9,3009,42.6,1155,41.6
"Bridgeport School District","=""0150011""","English Language Learners (EL)","Not English Learners",5728,52.6,5701,47.0,2401,49.0
"Bridgeport School District","=""0150011""","Gender","Female","*","*","*","*","*","*"
"Bridgeport School District","=""0150011""","Gender","Male",4558,48.0,4532,46.0,1854,46.5
"Bridgeport School District","=""0150011""","Gender","Non-Binary","*","*","*","*","*","*"
"Bridgeport School District","=""0150011""","Grade","03",1390,49.4,1384,46.1,"N/A","N/A"
"Bridgeport School District","=""0150011""","Grade","04",1291,52.5,1286,49.2,"N/A","N/A"
"Bridgeport School District","=""0150011""","Grade","05",1221,47.3,1216,47.9,1212,48.2
"Bridgeport School District","=""0150011""","Grade","06",1254,53.0,1251,47.3,"N/A","N/A"
"Bridgeport School District","=""0150011""","Grade","07",1253,50.1,1244,45.0,"N/A","N/A"
"Bridgeport School District","=""0150011""","Grade","08",1307,48.1,1298,42.9,1299,49.4
"Bridgeport School District","=""0150011""","Grade","11",1033,43.0,1031,38.7,1045,41.2
"Bridgeport School District","=""0150011""","High Needs (F/R, EL or SWD)","High Needs",8205,48.2,8167,44.6,3282,45.2
"Bridgeport School District","=""0150011""","High Needs (F/R, EL or SWD)","Not High Needs",544,65.3,543,59.2,274,62.5
"Bridgeport School District","=""0150011""","Free/Reduced Price Meal Eligibility (2-level)","Eligible For Free Or Reduced Price Meals",7865,48.3,7829,44.6,3137,45.2
"Bridgeport School District","=""0150011""","Free/Reduced Price Meal Eligibility (2-level)","Not Eligible For Free Or Reduced Price Meals",884,57.6,881,52.9,419,56.5
"Bridgeport School District","=""0150011""","Race/Ethnicity","American Indian or Alaska Native",36,56.8,36,49.2,"*","*"
"Bridgeport School District","=""0150011""","Race/Ethnicity","Asian",131,66.4,132,62.2,57,66.8
"Bridgeport School District","=""0150011""","Race/Ethnicity","Black or African American",2311,48.9,2303,43.5,972,44.1
"Bridgeport School District","=""0150011""","Race/Ethnicity","Hispanic or Latino",5378,48.0,5355,45.1,2124,45.8
"Bridgeport School District","=""0150011""","Race/Ethnicity","Native Hawaiian or Other Pacific Islander",9,"*",9,"*","*","*"
"Bridgeport School District","=""0150011""","Race/Ethnicity","Two or More Races",228,52.4,223,48.7,87,51.9
"Bridgeport School District","=""0150011""","Race/Ethnicity","White",656,55.3,652,50.3,299,53.6
"Bridgeport School District","=""0150011""","Special Education Status (SWD)","Students with Disabilities",1904,37.1,1874,31.8,748,34.2
"Bridgeport School District","=""0150011""","Special Education Status (SWD)","Students without Disabilities",6845,52.6,6836,49.2,2808,49.8
"Bristol School District","=""0170011""","All Students","District",3819,63.3,3797,58.6,1569,63.6
"Bristol School District","=""0170011""","English Language Learners (EL)","English Learners",346,52.7,345,51.1,146,51.9
"Bristol School District","=""0170011""","English Language Learners (EL)","Not English Learners",3473,64.3,3452,59.3,1423,64.8
"Bristol School District","=""0170011""","Gender","Female",1897,64.2,1887,57.1,793,62.5
"Bristol School District","=""0170011""","Gender","Male",1916,62.4,1904,60.0,"*","*"
"Bristol School District","=""0170011""","Gender","Non-Binary",6,"*",6,"*","*","*"
"Bristol School District","=""0170011""","Grade","03",522,65.5,518,58.6,"N/A","N/A"
"Bristol School District","=""0170011""","Grade","04",583,67.6,580,63.6,"N/A","N/A"
"Bristol School District","=""0170011""","Grade","05",502,66.4,498,65.3,502,63.8
"Bristol School District","=""0170011""","Grade","06",612,66.6,604,60.1,"N/A","N/A"
"Bristol School District","=""0170011""","Grade","07",531,62.8,530,55.3,"N/A","N/A"
"Bristol School District","=""0170011""","Grade","08",566,61.7,564,58.5,569,61.7
"Bristol School District","=""0170011""","Grade","11",503,51.0,503,47.8,498,65.5
"Bristol School District","=""0170011""","High Needs (F/R, EL or SWD)","High Needs",2167,57.3,2150,52.0,841,56.0
"Bristol School District","=""0170011""","High Needs (F/R, EL or SWD)","Not High Needs",1652,71.1,1647,67.1,728,72.4
"Bristol School District","=""0170011""","Free/Reduced Price Meal Eligibility (2-level)","Eligible For Free Or Reduced Price Meals",1707,59.1,1695,53.6,647,58.6
"Bristol School District","=""0170011""","Free/Reduced Price Meal Eligibility (2-level)","Not Eligible For Free Or Reduced Price Meals",2112,66.6,2102,62.6,922,67.1
"Bristol School District","=""0170011""","Race/Ethnicity","American Indian or Alaska Native","*","*","*","*","*","*"
"Bristol School District","=""0170011""","Race/Ethnicity","Asian",133,67.9,133,66.9,57,73.1
"Bristol School District","=""0170011""","Race/Ethnicity","Black or African American",337,60.9,336,53.8,140,60.5
"Bristol School District","=""0170011""","Race/Ethnicity","Hispanic or Latino",1523,57.9,1510,52.5,604,56.4
"Bristol School District","=""0170011""","Race/Ethnicity","Native Hawaiian or Other Pacific Islander","*","*","*","*","*","*"
"Bristol School District","=""0170011""","Race/Ethnicity","Two or More Races",249,64.9,248,58.3,89,63.5
"Bristol School District","=""0170011""","Race/Ethnicity","White",1569,68.3,1562,64.7,675,69.8
"Bristol School District","=""0170011""","Special Education Status (SWD)","Students with Disabilities",768,44.2,756,38.0,296,42.0
"Bristol School District","=""0170011""","Special Education Status (SWD)","Students without Disabilities",3051,68.1,3041,63.7,1273,68.6
"Brookfield School District","=""0180011""","All Students","District",1330,71.6,1331,68.3,561,69.4
"Brookfield School District","=""0180011""","English Language Learners (EL)","English Learners",135,55.9,135,56.1,44,58.4
"Brookfield School District","=""0180011""","English Language Learners (EL)","Not English Learners",1195,73.3,1196,69.7,517,70.3
"Brookfield School District","=""0180011""","Gender","Female","*","*","*","*","*","*"
"Brookfield School District","=""0180011""","Gender","Male",665,70.2,666,69.0,282,68.6
"Brookfield School District","=""0180011""","Gender","Non-Binary","*","*","*","*","*","*"
"Brookfield School District","=""0180011""","Grade","03",171,66.3,171,62.6,"N/A","N/A"
"Brookfield School District","=""0180011""","Grade","04",201,75.4,201,73.4,"N/A","N/A"
"Brookfield School District","=""0180011""","Grade","05",173,74.5,173,68.8,173,72.7
"Brookfield School District","=""0180011""","Grade","06",192,75.3,193,74.1,"N/A","N/A"
"Brookfield School District","=""0180011""","Grade","07",204,75.6,204,72.0,"N/A","N/A"
"Brookfield School District","=""0180011""","Grade","08",190,71.3,190,69.1,190,72.8
"Brookfield School District","=""0180011""","Grade","11",199,62.1,199,57.6,198,63.1
"Brookfield School District","=""0180011""","High Needs (F/R, EL or SWD)","High Needs",493,62.1,493,58.8,194,60.2
"Brookfield School District","=""0180011""","High Needs (F/R, EL or SWD)","Not High Needs",837,77.1,838,73.9,367,74.2
"Brookfield School District","=""0180011""","Free/Reduced Price Meal Eligibility (2-level)","Eligible For Free Or Reduced Price Meals",338,64.2,338,60.4,136,62.6
"Brookfield School District","=""0180011""","Free/Reduced Price Meal Eligibility (2-level)","Not Eligible For Free Or Reduced Price Meals",992,74.1,993,71.0,425,71.5
"Brookfield School District","=""0180011""","Race/Ethnicity","American Indian or Alaska Native",18,"*",18,"*","*","*"
"Brookfield School District","=""0180011""","Race/Ethnicity","Asian",110,76.4,110,76.7,50,74.7
"Brookfield School District","=""0180011""","Race/Ethnicity","Black or African American",62,67.7,62,64.7,28,62.0
"Brookfield School District","=""0180011""","Race/Ethnicity","Hispanic or Latino",278,63.1,278,59.6,113,64.4
"Brookfield School District","=""0180011""","Race/Ethnicity","Native Hawaiian or Other Pacific Islander","*","*","*","*","*","*"
"Brookfield School District","=""0180011""","Race/Ethnicity","Two or More Races","*","*","*","*","*","*"
"Brookfield School District","=""0180011""","Race/Ethnicity","White",850,74.0,851,70.4,361,70.6
"Brookfield School District","=""0180011""","Special Education Status (SWD)","Students with Disabilities",195,55.8,195,50.7,70,51.0
"Brookfield School District","=""0180011""","Special Education Status (SWD)","Students without Disabilities",1135,74.3,1136,71.4,491,72.0
"Brooklyn School District","=""0190011""","All Students","District",531,68.4,530,64.3,181,69.9
"Brooklyn School District","=""0190011""","English Language Learners (EL)","English Learners",16,"*",16,"*","*","*"
"Brooklyn School District","=""0190011""","English Language Learners (EL)","Not English Learners",515,68.5,514,64.3,"*","*"
"Brooklyn School District","=""0190011""","Gender","Female",284,69.9,283,63.7,108,68.5
"Brooklyn School District","=""0190011""","Gender","Male",247,66.7,247,65.0,73,72.0
"Brooklyn School District","=""0190011""","Grade","03","*","*","*","*","N/A","N/A"
"Brooklyn School District","=""0190011""","Grade","04",81,66.8,81,67.0,"N/A","N/A"
"Brooklyn School District","=""0190011""","Grade","05",87,69.1,87,64.0,"*","*"
"Brooklyn School District","=""0190011""","Grade","06",103,70.1,103,60.2,"N/A","N/A"
"Brooklyn School District","=""0190011""","Grade","07",92,71.1,92,64.6,"N/A","N/A"
"Brooklyn School District","=""0190011""","Grade","08",93,66.7,92,66.4,93,68.1
"Brooklyn School District","=""0190011""","Grade","11","*","*","*","*","*","*"
"Brooklyn School District","=""0190011""","High Needs (F/R, EL or SWD)","High Needs",238,61.1,237,57.0,76,60.7
"Brooklyn School District","=""0190011""","High Needs (F/R, EL or SWD)","Not High Needs",293,74.3,293,70.2,105,76.5
"Brooklyn School District","=""0190011""","Free/Reduced Price Meal Eligibility (2-level)","Eligible For Free Or Reduced Price Meals",188,61.8,187,57.8,60,62.8
"Brooklyn School District","=""0190011""","Free/Reduced Price Meal Eligibility (2-level)","Not Eligible For Free Or Reduced Price Meals",343,72.0,343,67.9,121,73.5
"Brooklyn School District","=""0190011""","Race/Ethnicity","American Indian or Alaska Native","*","*","*","*","N/A","N/A"
"Brooklyn School District","=""0190011""","Race/Ethnicity","Asian",16,"*",16,"*","*","*"
"Brooklyn School District","=""0190011""","Race/Ethnicity","Black or African American",11,"*",11,"*","*","*"
"Brooklyn School District","=""0190011""","Race/Ethnicity","Hispanic or Latino",63,59.0,63,52.3,20,59.6
"Brooklyn School District","=""0190011""","Race/Ethnicity","Native Hawaiian or Other Pacific Islander","*","*","*","*","*","*"
"Brooklyn School District","=""0190011""","Race/Ethnicity","Two or More Races",27,61.3,27,58.9,7,"*"
"Brooklyn School District","=""0190011""","Race/Ethnicity","White",412,70.1,411,66.2,146,71.8
"Brooklyn School District","=""0190011""","Special Education Status (SWD)","Students with Disabilities",97,51.3,96,46.9,32,48.6
"Brooklyn School District","=""0190011""","Special Education Status (SWD)","Students without Disabilities",434,72.2,434,68.2,149,74.5
"Canaan School District","=""0210011""","All Students","District",44,76.1,44,71.9,11,"*"
"Canaan School District","=""0210011""","English Language Learners (EL)","English Learners","*","*","*","*","N/A","N/A"
"Canaan School District","=""0210011""","English Language Learners (EL)","Not English Learners","*","*","*","*",11,"*"
"Canaan School District","=""0210011""","Gender","Female",24,74.0,24,66.1,"*","*"
"Canaan School District","=""0210011""","Gender","Male",20,78.7,20,78.9,"*","*"
"Canaan School District","=""0210011""","Grade","03","*","*","*","*","N/A","N/A"
"Canaan School District","=""0210011""","Grade","04",9,"*",9,"*","N/A","N/A"
"Canaan School District","=""0210011""","Grade","05",9,"*",9,"*","*","*"
"Canaan School District","=""0210011""","Grade","06",9,"*",9,"*","N/A","N/A"
"Canaan School District","=""0210011""","Grade","07",9,"*",9,"*","N/A","N/A"
"Canaan School District","=""0210011""","Grade","08","*","*","*","*","*","*"
"Canaan School District","=""0210011""","High Needs (F/R, EL or SWD)","High Needs",18,"*",18,"*","*","*"
"Canaan School District","=""0210011""","High Needs (F/R, EL or SWD)","Not High Needs",26,80.0,26,77.7,"*","*"
"Canaan School District","=""0210011""","Free/Reduced Price Meal Eligibility (2-level)","Eligible For Free Or Reduced Price Meals",16,"*",16,"*","*","*"
"Canaan School District","=""0210011""","Free/Reduced Price Meal Eligibility (2-level)","Not Eligible For Free Or Reduced Price Meals",28,79.5,28,75.3,"*","*"
"Canaan School District","=""0210011""","Race/Ethnicity","Asian","*","*","*","*","N/A","N/A"
"Canaan School District","=""0210011""","Race/Ethnicity","Hispanic or Latino","*","*","*","*","N/A","N/A"
"Canaan School District","=""0210011""","Race/Ethnicity","White",42,77.3,42,72.8,11,"*"
"Canaan School District","=""0210011""","Special Education Status (SWD)","Students with Disabilities",6,"*",6,"*","*","*"
"Canaan School District","=""0210011""","Special Education Status (SWD)","Students without Disabilities",38,77.8,38,74.7,"*","*"
"Canterbury School District","=""0220011""","All Students","District",290,67.0,290,68.6,96,69.3
"Canterbury School District","=""0220011""","English Language Learners (EL)","English Learners",11,"*",11,"*","*","*"
"Canterbury School District","=""0220011""","English Language Learners (EL)","Not English Learners",279,67.4,279,69.1,"*","*"
"Canterbury School District","=""0220011""","Gender","Female",148,68.1,148,68.2,51,67.7
"Canterbury School District","=""0220011""","Gender","Male",142,65.8,142,68.9,45,71.1
"Canterbury School District","=""0220011""","Grade","03","*","*","*","*","N/A","N/A"
"Canterbury School District","=""0220011""","Grade","04",53,68.0,53,73.3,"N/A","N/A"
"Canterbury School District","=""0220011""","Grade","05",47,62.9,47,67.8,"*","*"
"Canterbury School District","=""0220011""","Grade","06",43,69.4,43,68.5,"N/A","N/A"
"Canterbury School District","=""0220011""","Grade","07",56,69.5,56,65.9,"N/A","N/A"
"Canterbury School District","=""0220011""","Grade","08",48,64.4,48,64.1,48,71.8
"Canterbury School District","=""0220011""","Grade","11","*","*","*","*","*","*"
"Canterbury School District","=""0220011""","High Needs (F/R, EL or SWD)","High Needs",117,60.1,117,61.2,39,62.3
"Canterbury School District","=""0220011""","High Needs (F/R, EL or SWD)","Not High Needs",173,71.6,173,73.6,57,74.1
"Canterbury School District","=""0220011""","Free/Reduced Price Meal Eligibility (2-level)","Eligible For Free Or Reduced Price Meals",90,62.9,90,65.1,30,65.9
"Canterbury School District","=""0220011""","Free/Reduced Price Meal Eligibility (2-level)","Not Eligible For Free Or Reduced Price Meals",200,68.8,200,70.1,66,70.9
"Canterbury School District","=""0220011""","Race/Ethnicity","Asian","*","*","*","*","*","*"
"Canterbury School District","=""0220011""","Race/Ethnicity","Black or African American","*","*","*","*","*","*"
"Canterbury School District","=""0220011""","Race/Ethnicity","Hispanic or Latino",32,61.3,32,61.8,9,"*"
"Canterbury School District","=""0220011""","Race/Ethnicity","Two or More Races",7,"*",7,"*",6,"*"
"Canterbury School District","=""0220011""","Race/Ethnicity","White",245,68.3,245,69.9,77,72.3
"Canterbury School District","=""0220011""","Special Education Status (SWD)","Students with Disabilities",43,48.0,43,45.4,14,"*"
"Canterbury School District","=""0220011""","Special Education Status (SWD)","Students without Disabilities",247,70.3,247,72.6,82,73.7
"Canton School District","=""0230011""","All Students","District",746,73.0,746,69.7,309,75.0
"Canton School District","=""0230011""","English Language Learners (EL)","English Learners",13,"*",13,"*","*","*"
"Canton School District","=""0230011""","English Language Learners (EL)","Not English Learners",733,73.2,733,69.7,"*","*"
"Canton School District","=""0230011""","Gender","Female",364,73.5,364,67.3,160,74.6
"Canton School District","=""0230011""","Gender","Male",382,72.5,382,72.0,149,75.4
"Canton School District","=""0230011""","Grade","03",92,75.8,92,75.6,"N/A","N/A"
"Canton School District","=""0230011""","Grade","04",110,76.3,110,74.3,"N/A","N/A"
"Canton School District","=""0230011""","Grade","05",102,73.5,102,75.5,102,73.6
"Canton School District","=""0230011""","Grade","06",123,74.4,123,69.8,"N/A","N/A"
"Canton School District","=""0230011""","Grade","07",111,76.5,111,70.0,"N/A","N/A"
"Canton School District","=""0230011""","Grade","08",95,70.3,95,67.2,95,71.7
"Canton School District","=""0230011""","Grade","11",113,64.3,113,57.0,112,78.9
"Canton School District","=""0230011""","High Needs (F/R, EL or SWD)","High Needs",258,61.3,258,58.0,103,59.9
"Canton School District","=""0230011""","High Needs (F/R, EL or SWD)","Not High Needs",488,79.2,488,75.9,206,82.5
"Canton School District","=""0230011""","Free/Reduced Price Meal Eligibility (2-level)","Eligible For Free Or Reduced Price Meals",140,63.7,140,60.7,58,60.7
"Canton School District","=""0230011""","Free/Reduced Price Meal Eligibility (2-level)","Not Eligible For Free Or Reduced Price Meals",606,75.1,606,71.8,251,78.3
"Canton School District","=""0230011""","Race/Ethnicity","Asian",18,"*",18,"*",9,"*"
"Canton School District","=""0230011""","Race/Ethnicity","Black or African American",41,54.7,41,52.4,28,54.9
"Canton School District","=""0230011""","Race/Ethnicity","Hispanic or Latino",60,70.0,60,64.9,21,75.9
"Canton School District","=""0230011""","Race/Ethnicity","Two or More Races",18,"*",18,"*",6,"*"
"Canton School District","=""0230011""","Race/Ethnicity","White",609,74.5,609,71.4,245,76.8
"Canton School District","=""0230011""","Special Education Status (SWD)","Students with Disabilities",162,55.1,162,51.5,63,52.7
"Canton School District","=""0230011""","Special Education Status (SWD)","Students without Disabilities",584,77.9,584,74.8,246,80.7
"Chaplin School District","=""0240011""","All Students","District",77,61.8,77,64.8,19,"*"
"Chaplin School District","=""0240011""","English Language Learners (EL)","English Learners","*","*","*","*","N/A","N/A"
"Chaplin School District","=""0240011""","English Language Learners (EL)","Not English Learners","*","*","*","*",19,"*"
"Chaplin School District","=""0240011""","Gender","Female",36,62.8,36,60.8,10,"*"
"Chaplin School District","=""0240011""","Gender","Male",41,60.9,41,68.3,9,"*"
"Chaplin School District","=""0240011""","Grade","03",16,"*",16,"*","N/A","N/A"
"Chaplin School District","=""0240011""","Grade","04",19,"*",19,"*","N/A","N/A"
"Chaplin School District","=""0240011""","Grade","05",19,"*",19,"*",19,"*"
"Chaplin School District","=""0240011""","Grade","06",23,61.4,23,63.9,"N/A","N/A"
"Chaplin School District","=""0240011""","High Needs (F/R, EL or SWD)","High Needs",40,58.3,40,63.0,10,"*"
"Chaplin School District","=""0240011""","High Needs (F/R, EL or SWD)","Not High Needs",37,65.6,37,66.6,9,"*"
"Chaplin School District","=""0240011""","Free/Reduced Price Meal Eligibility (2-level)","Eligible For Free Or Reduced Price Meals",35,58.3,35,62.2,8,"*"
"Chaplin School District","=""0240011""","Free/Reduced Price Meal Eligibility (2-level)","Not Eligible For Free Or Reduced Price Meals",42,64.8,42,67.0,11,"*"
"Chaplin School District","=""0240011""","Race/Ethnicity","Asian","*","*","*","*","N/A","N/A"
"Chaplin School District","=""0240011""","Race/Ethnicity","Black or African American","*","*","*","*","*","*"
"Chaplin School District","=""0240011""","Race/Ethnicity","Hispanic or Latino",8,"*",8,"*","*","*"
"Chaplin School District","=""0240011""","Race/Ethnicity","Two or More Races","*","*","*","*","*","*"
"Chaplin School District","=""0240011""","Race/Ethnicity","White",61,63.6,61,66.5,15,"*"
"Chaplin School District","=""0240011""","Special Education Status (SWD)","Students with Disabilities",13,"*",13,"*","*","*"
"Chaplin School District","=""0240011""","Special Education Status (SWD)","Students without Disabilities",64,64.2,64,65.7,"*","*"
"Cheshire School District","=""0250011""","All Students","District",2300,78.5,2299,77.0,947,76.0
"Cheshire School District","=""0250011""","English Language Learners (EL)","English Learners",151,70.7,151,72.7,42,65.0
"Cheshire School District","=""0250011""","English Language Learners (EL)","Not English Learners",2149,79.1,2148,77.3,905,76.5
"Cheshire School District","=""0250011""","Gender","Female","*","*","*","*",450,76.2
"Cheshire School District","=""0250011""","Gender","Male",1204,76.8,1204,78.2,497,75.8
"Cheshire School District","=""0250011""","Gender","Non-Binary","*","*","*","*","N/A","N/A"
"Cheshire School District","=""0250011""","Grade","03",308,77.3,308,76.9,"N/A","N/A"
"Cheshire School District","=""0250011""","Grade","04",380,80.7,380,79.0,"N/A","N/A"
"Cheshire School District","=""0250011""","Grade","05",315,81.1,315,80.9,315,80.3
"Cheshire School District","=""0250011""","Grade","06",322,84.1,322,83.3,"N/A","N/A"
"Cheshire School District","=""0250011""","Grade","07",342,82.1,342,78.3,"N/A","N/A"
"Cheshire School District","=""0250011""","Grade","08",335,78.1,334,78.9,334,77.5
"Cheshire School District","=""0250011""","Grade","11",298,64.6,298,60.0,298,69.7
"Cheshire School District","=""0250011""","High Needs (F/R, EL or SWD)","High Needs",707,68.8,706,66.6,268,64.6
"Cheshire School District","=""0250011""","High Needs (F/R, EL or SWD)","Not High Needs",1593,82.9,1593,81.6,679,80.5
"Cheshire School District","=""0250011""","Free/Reduced Price Meal Eligibility (2-level)","Eligible For Free Or Reduced Price Meals",411,71.5,410,68.9,158,67.9
"Cheshire School District","=""0250011""","Free/Reduced Price Meal Eligibility (2-level)","Not Eligible For Free Or Reduced Price Meals",1889,80.0,1889,78.8,789,77.6
"Cheshire School District","=""0250011""","Race/Ethnicity","Asian",239,80.9,239,83.0,98,83.2
"Cheshire School District","=""0250011""","Race/Ethnicity","Black or African American","*","*","*","*",50,66.1
"Cheshire School District","=""0250011""","Race/Ethnicity","Hispanic or Latino",255,75.3,254,71.7,91,70.7
"Cheshire School District","=""0250011""","Race/Ethnicity","Native Hawaiian or Other Pacific Islander","*","*","*","*","N/A","N/A"
"Cheshire School District","=""0250011""","Race/Ethnicity","Two or More Races",87,77.9,87,76.9,47,75.9
"Cheshire School District","=""0250011""","Race/Ethnicity","White",1631,79.1,1631,77.5,661,76.4
"Cheshire School District","=""0250011""","Special Education Status (SWD)","Students with Disabilities",318,60.3,317,56.2,128,54.6
"Cheshire School District","=""0250011""","Special Education Status (SWD)","Students without Disabilities",1982,81.4,1982,80.3,819,79.3
"Chester School District","=""0260011""","All Students","District",128,78.4,128,75.3,24,78.9
"Chester School District","=""0260011""","English Language Learners (EL)","English Learners","*","*","*","*","N/A","N/A"
"Chester School District","=""0260011""","English Language Learners (EL)","Not English Learners","*","*","*","*",24,78.9
"Chester School District","=""0260011""","Gender","Female",78,81.1,78,77.0,17,"*"
"Chester School District","=""0260011""","Gender","Male",50,74.1,50,72.7,7,"*"
"Chester School District","=""0260011""","Grade","03",34,76.3,34,73.1,"N/A","N/A"
"Chester School District","=""0260011""","Grade","04",35,75.0,35,70.7,"N/A","N/A"
"Chester School District","=""0260011""","Grade","05",24,75.6,24,79.7,24,78.9
"Chester School District","=""0260011""","Grade","06",35,85.7,35,79.1,"N/A","N/A"
"Chester School District","=""0260011""","High Needs (F/R, EL or SWD)","High Needs",45,67.2,45,61.1,9,"*"
"Chester School District","=""0260011""","High Needs (F/R, EL or SWD)","Not High Needs",83,84.4,83,83.0,15,"*"
"Chester School District","=""0260011""","Free/Reduced Price Meal Eligibility (2-level)","Eligible For Free Or Reduced Price Meals",30,69.0,30,63.9,6,"*"
"Chester School District","=""0260011""","Free/Reduced Price Meal Eligibility (2-level)","Not Eligible For Free Or Reduced Price Meals",98,81.2,98,78.8,18,"*"
"Chester School District","=""0260011""","Race/Ethnicity","Asian","*","*","*","*","*","*"
"Chester School District","=""0260011""","Race/Ethnicity","Black or African American","*","*","*","*","N/A","N/A"
"Chester School District","=""0260011""","Race/Ethnicity","Hispanic or Latino",8,"*",8,"*","N/A","N/A"
"Chester School District","=""0260011""","Race/Ethnicity","Two or More Races","*","*","*","*","*","*"
"Chester School District","=""0260011""","Race/Ethnicity","White",113,78.8,113,75.8,22,80.0
"Chester School District","=""0260011""","Special Education Status (SWD)","Students with Disabilities",21,59.5,21,51.2,"*","*"
"Chester School District","=""0260011""","Special Education Status (SWD)","Students without Disabilities",107,82.1,107,80.1,"*","*"
"Clinton School District","=""0270011""","All Students","District",708,66.7,708,65.3,317,65.6
"Clinton School District","=""0270011""","English Language Learners (EL)","English Learners",123,53.0,123,54.5,56,50.5
"Clinton School District","=""0270011""","English Language Learners (EL)","Not English Learners",585,69.6,585,67.5,261,68.8
"Clinton School District","=""0270011""","Gender","Female","*","*","*","*",159,64.9
"Clinton School District","=""0270011""","Gender","Male",369,65.8,369,67.0,"*","*"
"Clinton School District","=""0270011""","Gender","Non-Binary","*","*","*","*","*","*"
"Clinton School District","=""0270011""","Grade","03",90,70.1,90,71.6,"N/A","N/A"
"Clinton School District","=""0270011""","Grade","04",103,75.0,103,73.4,"N/A","N/A"
"Clinton School District","=""0270011""","Grade","05",101,67.4,101,66.1,101,70.4
"Clinton School District","=""0270011""","Grade","06",89,70.8,89,65.1,"N/A","N/A"
"Clinton School District","=""0270011""","Grade","07",107,67.8,107,65.7,"N/A","N/A"
"Clinton School District","=""0270011""","Grade","08",111,60.8,111,62.7,111,62.1
"Clinton School District","=""0270011""","Grade","11",107,57.1,107,53.7,105,64.7
"Clinton School District","=""0270011""","High Needs (F/R, EL or SWD)","High Needs",360,59.5,360,57.3,164,57.6
"Clinton School District","=""0270011""","High Needs (F/R, EL or SWD)","Not High Needs",348,74.3,348,73.5,153,74.2
"Clinton School District","=""0270011""","Free/Reduced Price Meal Eligibility (2-level)","Eligible For Free Or Reduced Price Meals",284,59.3,284,57.6,127,55.5
"Clinton School District","=""0270011""","Free/Reduced Price Meal Eligibility (2-level)","Not Eligible For Free Or Reduced Price Meals",424,71.8,424,70.4,190,72.3
"Clinton School District","=""0270011""","Race/Ethnicity","Asian",17,"*",17,"*","*","*"
"Clinton School District","=""0270011""","Race/Ethnicity","Black or African American",8,"*",8,"*","*","*"
"Clinton School District","=""0270011""","Race/Ethnicity","Hispanic or Latino",192,57.3,192,56.5,86,55.3
"Clinton School District","=""0270011""","Race/Ethnicity","Two or More Races",19,"*",19,"*",8,"*"
"Clinton School District","=""0270011""","Race/Ethnicity","White",472,70.1,472,68.1,214,68.8
"Clinton School District","=""0270011""","Special Education Status (SWD)","Students with Disabilities",130,54.5,130,48.4,68,55.8
"Clinton School District","=""0270011""","Special Education Status (SWD)","Students without Disabilities",578,69.5,578,69.0,249,68.2
"Colchester School District","=""0280011""","All Students","District",1087,69.5,1085,69.5,438,66.7
"Colchester School District","=""0280011""","English Language Learners (EL)","English Learners",39,56.2,38,55.9,12,"*"
"Colchester School District","=""0280011""","English Language Learners (EL)","Not English Learners",1048,70.0,1047,70.0,426,67.3
"Colchester School District","=""0280011""","Gender","Female",539,71.7,538,69.2,214,67.6
"Colchester School District","=""0280011""","Gender","Male",548,67.2,547,69.8,224,65.9
"Colchester School District","=""0280011""","Grade","03",164,70.2,164,69.6,"N/A","N/A"
"Colchester School District","=""0280011""","Grade","04",183,71.2,183,71.1,"N/A","N/A"
"Colchester School District","=""0280011""","Grade","05",173,68.7,172,70.9,171,68.0
"Colchester School District","=""0280011""","Grade","06",154,71.6,153,71.6,"N/A","N/A"
"Colchester School District","=""0280011""","Grade","07",146,71.0,146,71.9,"N/A","N/A"
"Colchester School District","=""0280011""","Grade","08",143,72.7,143,74.0,143,67.8
"Colchester School District","=""0280011""","Grade","11",124,58.8,124,54.6,124,63.7
"Colchester School District","=""0280011""","High Needs (F/R, EL or SWD)","High Needs",381,60.6,379,59.3,144,56.9
"Colchester School District","=""0280011""","High Needs (F/R, EL or SWD)","Not High Needs",706,74.3,706,75.0,294,71.5
"Colchester School District","=""0280011""","Free/Reduced Price Meal Eligibility (2-level)","Eligible For Free Or Reduced Price Meals",256,62.8,255,61.2,97,59.0
"Colchester School District","=""0280011""","Free/Reduced Price Meal Eligibility (2-level)","Not Eligible For Free Or Reduced Price Meals",831,71.5,830,72.1,341,68.9
"Colchester School District","=""0280011""","Race/Ethnicity","American Indian or Alaska Native","*","*","*","*","*","*"
"Colchester School District","=""0280011""","Race/Ethnicity","Asian",13,"*",13,"*","*","*"
"Colchester School District","=""0280011""","Race/Ethnicity","Black or African American",20,60.8,20,53.8,10,"*"
"Colchester School District","=""0280011""","Race/Ethnicity","Hispanic or Latino",111,63.0,110,62.6,47,63.6
"Colchester School District","=""0280011""","Race/Ethnicity","Native Hawaiian or Other Pacific Islander","*","*","*","*","N/A","N/A"
"Colchester School District","=""0280011""","Race/Ethnicity","Two or More Races",60,72.3,60,72.7,23,68.9
"Colchester School District","=""0280011""","Race/Ethnicity","White",880,70.3,879,70.4,350,67.5
"Colchester School District","=""0280011""","Special Education Status (SWD)","Students with Disabilities",182,53.5,180,50.8,75,51.8
"Colchester School District","=""0280011""","Special Education Status (SWD)","Students without Disabilities",905,72.7,905,73.3,363,69.8
"Colebrook School District","=""0290011""","All Students","District",36,73.4,36,77.1,8,"*"
"Colebrook School District","=""0290011""","English Language Learners (EL)","Not English Learners",36,73.4,36,77.1,8,"*"
"Colebrook School District","=""0290011""","Gender","Female",14,"*",14,"*","*","*"
"Colebrook School District","=""0290011""","Gender","Male",22,68.9,22,74.4,"*","*"
"Colebrook School District","=""0290011""","Grade","03",8,"*",8,"*","N/A","N/A"
"Colebrook School District","=""0290011""","Grade","04",6,"*",6,"*","N/A","N/A"
"Colebrook School District","=""0290011""","Grade","05",7,"*",7,"*",8,"*"
"Colebrook School District","=""0290011""","Grade","06",15,"*",15,"*","N/A","N/A"
"Colebrook School District","=""0290011""","High Needs (F/R, EL or SWD)","High Needs",21,64.8,21,74.0,"*","*"
"Colebrook School District","=""0290011""","High Needs (F/R, EL or SWD)","Not High Needs",15,"*",15,"*","*","*"
"Colebrook School District","=""0290011""","Free/Reduced Price Meal Eligibility (2-level)","Eligible For Free Or Reduced Price Meals",15,"*",15,"*","*","*"
"Colebrook School District","=""0290011""","Free/Reduced Price Meal Eligibility (2-level)","Not Eligible For Free Or Reduced Price Meals",21,77.9,21,76.0,"*","*"
"Colebrook School District","=""0290011""","Race/Ethnicity","Hispanic or Latino","*","*","*","*","N/A","N/A"
"Colebrook School District","=""0290011""","Race/Ethnicity","Two or More Races","*","*","*","*","N/A","N/A"
"Colebrook School District","=""0290011""","Race/Ethnicity","White",33,75.5,33,77.5,8,"*"
"Colebrook School District","=""0290011""","Special Education Status (SWD)","Students with Disabilities",12,"*",12,"*","*","*"
"Colebrook School District","=""0290011""","Special Education Status (SWD)","Students without Disabilities",24,79.5,24,81.6,"*","*"
"Columbia School District","=""0300011""","All Students","District",288,70.5,287,66.9,95,71.8
"Columbia School District","=""0300011""","English Language Learners (EL)","English Learners","*","*","*","*",0,"N/A"
"Columbia School District","=""0300011""","English Language Learners (EL)","Not English Learners","*","*","*","*",95,71.8
"Columbia School District","=""0300011""","Gender","Female",145,70.6,145,64.3,55,69.7
"Columbia School District","=""0300011""","Gender","Male",143,70.4,142,69.5,40,74.8
"Columbia School District","=""0300011""","Grade","03",53,71.7,53,71.5,"N/A","N/A"
"Columbia School District","=""0300011""","Grade","04",38,70.6,38,70.2,"N/A","N/A"
"Columbia School District","=""0300011""","Grade","05",40,69.2,40,63.7,40,73.7
"Columbia School District","=""0300011""","Grade","06",54,74.5,54,68.6,"N/A","N/A"
"Columbia School District","=""0300011""","Grade","07",48,68.8,48,65.3,"N/A","N/A"
"Columbia School District","=""0300011""","Grade","08",55,67.7,54,61.9,55,70.5
"Columbia School District","=""0300011""","High Needs (F/R, EL or SWD)","High Needs",95,57.7,95,53.8,32,60.8
"Columbia School District","=""0300011""","High Needs (F/R, EL or SWD)","Not High Needs",193,76.8,192,73.3,63,77.4
"Columbia School District","=""0300011""","Free/Reduced Price Meal Eligibility (2-level)","Eligible For Free Or Reduced Price Meals",66,59.2,66,55.0,23,63.4
"Columbia School District","=""0300011""","Free/Reduced Price Meal Eligibility (2-level)","Not Eligible For Free Or Reduced Price Meals",222,73.8,221,70.4,72,74.5
"Columbia School District","=""0300011""","Race/Ethnicity","American Indian or Alaska Native","*","*","*","*","*","*"
"Columbia School District","=""0300011""","Race/Ethnicity","Asian","*","*","*","*","N/A","N/A"
"Columbia School District","=""0300011""","Race/Ethnicity","Black or African American","*","*","*","*","*","*"
"Columbia School District","=""0300011""","Race/Ethnicity","Hispanic or Latino",31,60.9,31,58.8,8,"*"
"Columbia School District","=""0300011""","Race/Ethnicity","Two or More Races",9,"*",9,"*","*","*"
"Columbia School District","=""0300011""","Race/Ethnicity","White",243,72.0,242,68.2,81,74.5
"Columbia School District","=""0300011""","Special Education Status (SWD)","Students with Disabilities",48,47.2,48,41.9,18,"*"
"Columbia School District","=""0300011""","Special Education Status (SWD)","Students without Disabilities",240,75.1,239,71.9,77,76.9
"Cornwall School District","=""0310011""","All Students","District",57,77.0,57,72.4,18,"*"
"Cornwall School District","=""0310011""","English Language Learners (EL)","Not English Learners",57,77.0,57,72.4,18,"*"
"Cornwall School District","=""0310011""","Gender","Female",32,79.7,32,72.5,11,"*"
"Cornwall School District","=""0310011""","Gender","Male",25,73.4,25,72.3,7,"*"
"Cornwall School District","=""0310011""","Grade","03",9,"*",9,"*","N/A","N/A"
"Cornwall School District","=""0310011""","Grade","04",10,"*",10,"*","N/A","N/A"
"Cornwall School District","=""0310011""","Grade","05",10,"*",10,"*",10,"*"
"Cornwall School District","=""0310011""","Grade","06",9,"*",9,"*","N/A","N/A"
"Cornwall School District","=""0310011""","Grade","07",11,"*",11,"*","N/A","N/A"
"Cornwall School District","=""0310011""","Grade","08",8,"*",8,"*",8,"*"
"Cornwall School District","=""0310011""","High Needs (F/R, EL or SWD)","High Needs",14,"*",14,"*","*","*"
"Cornwall School District","=""0310011""","High Needs (F/R, EL or SWD)","Not High Needs",43,78.3,43,73.7,"*","*"
"Cornwall School District","=""0310011""","Free/Reduced Price Meal Eligibility (2-level)","Eligible For Free Or Reduced Price Meals",11,"*",11,"*","*","*"
"Cornwall School District","=""0310011""","Free/Reduced Price Meal Eligibility (2-level)","Not Eligible For Free Or Reduced Price Meals",46,77.0,46,72.2,"*","*"
"Cornwall School District","=""0310011""","Race/Ethnicity","Black or African American","*","*","*","*","*","*"
"Cornwall School District","=""0310011""","Race/Ethnicity","Hispanic or Latino",6,"*",6,"*","*","*"
"Cornwall School District","=""0310011""","Race/Ethnicity","Two or More Races","*","*","*","*","N/A","N/A"
"Cornwall School District","=""0310011""","Race/Ethnicity","White",47,79.2,47,74.5,14,"*"
"Cornwall School District","=""0310011""","Special Education Status (SWD)","Students with Disabilities","*","*","*","*",0,"N/A"
"Cornwall School District","=""0310011""","Special Education Status (SWD)","Students without Disabilities","*","*","*","*",18,"*"
"Coventry School District","=""0320011""","All Students","District",823,75.5,821,71.1,344,78.1
"Coventry School District","=""0320011""","English Language Learners (EL)","English Learners",24,65.8,24,63.1,8,"*"
"Coventry School District","=""0320011""","English Language Learners (EL)","Not English Learners",799,75.8,797,71.3,336,78.5
"Coventry School District","=""0320011""","Gender","Female",436,77.9,434,71.2,187,80.0
"Coventry School District","=""0320011""","Gender","Male",387,72.8,387,70.9,157,75.8
"Coventry School District","=""0320011""","Grade","03",125,71.0,125,69.2,"N/A","N/A"
"Coventry School District","=""0320011""","Grade","04",126,81.5,126,75.1,"N/A","N/A"
"Coventry School District","=""0320011""","Grade","05",126,80.6,126,80.6,126,82.0
"Coventry School District","=""0320011""","Grade","06",120,77.7,120,70.6,"N/A","N/A"
"Coventry School District","=""0320011""","Grade","07",103,75.0,102,69.5,"N/A","N/A"
"Coventry School District","=""0320011""","Grade","08",133,78.0,132,71.6,131,77.2
"Coventry School District","=""0320011""","Grade","11",90,60.4,90,56.3,87,73.8
"Coventry School District","=""0320011""","High Needs (F/R, EL or SWD)","High Needs",305,65.9,303,62.1,119,67.9
"Coventry School District","=""0320011""","High Needs (F/R, EL or SWD)","Not High Needs",518,81.2,518,76.3,225,83.5
"Coventry School District","=""0320011""","Free/Reduced Price Meal Eligibility (2-level)","Eligible For Free Or Reduced Price Meals",229,67.8,228,63.3,89,70.9
"Coventry School District","=""0320011""","Free/Reduced Price Meal Eligibility (2-level)","Not Eligible For Free Or Reduced Price Meals",594,78.5,593,74.1,255,80.6
"Coventry School District","=""0320011""","Race/Ethnicity","American Indian or Alaska Native","*","*","*","*","*","*"
"Coventry School District","=""0320011""","Race/Ethnicity","Asian",13,"*",13,"*",8,"*"
"Coventry School District","=""0320011""","Race/Ethnicity","Black or African American","*","*","*","*","*","*"
"Coventry School District","=""0320011""","Race/Ethnicity","Hispanic or Latino",72,72.0,70,63.9,33,71.1
"Coventry School District","=""0320011""","Race/Ethnicity","Two or More Races",40,73.7,40,69.7,13,"*"
"Coventry School District","=""0320011""","Race/Ethnicity","White",690,76.1,690,71.9,288,78.5
"Coventry School District","=""0320011""","Special Education Status (SWD)","Students with Disabilities",130,56.4,129,52.3,48,58.8
"Coventry School District","=""0320011""","Special Education Status (SWD)","Students without Disabilities",693,79.1,692,74.6,296,81.2
"Cromwell School District","=""0330011""","All Students","District",1010,69.7,1007,66.9,445,70.5
"Cromwell School District","=""0330011""","English Language Learners (EL)","English Learners",108,62.5,108,58.8,32,58.8
"Cromwell School District","=""0330011""","English Language Learners (EL)","Not English Learners",902,70.6,899,67.8,413,71.4
"Cromwell School District","=""0330011""","Gender","Female","*","*","*","*",230,68.1
"Cromwell School District","=""0330011""","Gender","Male",515,68.0,514,68.2,"*","*"
"Cromwell School District","=""0330011""","Gender","Non-Binary","*","*","*","*","*","*"
"Cromwell School District","=""0330011""","Grade","03",135,68.7,135,69.0,"N/A","N/A"
"Cromwell School District","=""0330011""","Grade","04",139,71.2,140,71.3,"N/A","N/A"
"Cromwell School District","=""0330011""","Grade","05",160,72.2,159,69.7,159,72.4
"Cromwell School District","=""0330011""","Grade","06",151,72.1,151,66.1,"N/A","N/A"
"Cromwell School District","=""0330011""","Grade","07",140,70.7,137,68.5,"N/A","N/A"
"Cromwell School District","=""0330011""","Grade","08",146,71.4,146,64.5,146,68.9
"Cromwell School District","=""0330011""","Grade","11",139,61.0,139,58.8,140,69.9
"Cromwell School District","=""0330011""","High Needs (F/R, EL or SWD)","High Needs",392,59.2,390,55.5,151,56.8
"Cromwell School District","=""0330011""","High Needs (F/R, EL or SWD)","Not High Needs",618,76.4,617,74.0,294,77.5
"Cromwell School District","=""0330011""","Free/Reduced Price Meal Eligibility (2-level)","Eligible For Free Or Reduced Price Meals",269,59.7,268,56.4,106,58.0
"Cromwell School District","=""0330011""","Free/Reduced Price Meal Eligibility (2-level)","Not Eligible For Free Or Reduced Price Meals",741,73.3,739,70.7,339,74.4
"Cromwell School District","=""0330011""","Race/Ethnicity","Asian","*","*","*","*",23,78.1
"Cromwell School District","=""0330011""","Race/Ethnicity","Black or African American",56,56.6,56,50.7,35,57.0
"Cromwell School District","=""0330011""","Race/Ethnicity","Hispanic or Latino",158,61.2,157,56.1,72,62.1
"Cromwell School District","=""0330011""","Race/Ethnicity","Native Hawaiian or Other Pacific Islander","*","*","*","*","*","*"
"Cromwell School District","=""0330011""","Race/Ethnicity","Two or More Races",71,71.4,70,67.6,"*","*"
"Cromwell School District","=""0330011""","Race/Ethnicity","White",670,72.3,669,70.2,291,73.7
"Cromwell School District","=""0330011""","Special Education Status (SWD)","Students with Disabilities",154,47.4,152,43.0,59,41.9
"Cromwell School District","=""0330011""","Special Education Status (SWD)","Students without Disabilities",856,73.7,855,71.1,386,74.8
"Danbury School District","=""0340011""","All Students","District",5747,58.1,5740,53.9,2439,55.0
"Danbury School District","=""0340011""","English Language Learners (EL)","English Learners",2655,51.4,2652,48.6,1086,48.9
"Danbury School District","=""0340011""","English Language Learners (EL)","Not English Learners",3092,63.9,3088,58.5,1353,59.9
"Danbury School District","=""0340011""","Gender","Female","*","*","*","*","*","*"
"Danbury School District","=""0340011""","Gender","Male",2928,57.2,2921,55.5,1253,55.7
"Danbury School District","=""0340011""","Gender","Non-Binary","*","*","*","*","*","*"
"Danbury School District","=""0340011""","Grade","03",825,60.6,826,57.9,"N/A","N/A"
"Danbury School District","=""0340011""","Grade","04",918,65.1,918,66.2,"N/A","N/A"
"Danbury School District","=""0340011""","Grade","05",862,60.7,862,62.9,866,60.9
"Danbury School District","=""0340011""","Grade","06",750,61.8,749,52.4,"N/A","N/A"
"Danbury School District","=""0340011""","Grade","07",830,58.9,827,48.9,"N/A","N/A"
"Danbury School District","=""0340011""","Grade","08",835,54.0,831,46.3,835,54.8
"Danbury School District","=""0340011""","Grade","11",727,43.4,727,39.1,738,48.3
"Danbury School District","=""0340011""","High Needs (F/R, EL or SWD)","High Needs",4382,53.8,4375,49.9,1834,50.4
"Danbury School District","=""0340011""","High Needs (F/R, EL or SWD)","Not High Needs",1365,71.7,1365,66.6,605,69.0
"Danbury School District","=""0340011""","Free/Reduced Price Meal Eligibility (2-level)","Eligible For Free Or Reduced Price Meals",3156,55.4,3151,51.0,1299,51.5
"Danbury School District","=""0340011""","Free/Reduced Price Meal Eligibility (2-level)","Not Eligible For Free Or Reduced Price Meals",2591,61.4,2589,57.4,1140,59.0
"Danbury School District","=""0340011""","Race/Ethnicity","American Indian or Alaska Native","*","*","*","*","*","*"
"Danbury School District","=""0340011""","Race/Ethnicity","Asian","*","*","*","*","*","*"
"Danbury School District","=""0340011""","Race/Ethnicity","Black or African American",64,57.7,63,54.3,24,51.0
"Danbury School District","=""0340011""","Race/Ethnicity","Hispanic or Latino",3864,55.1,3863,51.1,1601,52.0
"Danbury School District","=""0340011""","Race/Ethnicity","Two or More Races",743,63.1,741,58.3,315,59.3
"Danbury School District","=""0340011""","Race/Ethnicity","White",1031,65.5,1028,60.6,476,62.1
"Danbury School District","=""0340011""","Special Education Status (SWD)","Students with Disabilities",825,41.4,822,35.9,344,37.4
"Danbury School District","=""0340011""","Special Education Status (SWD)","Students without Disabilities",4922,60.9,4918,56.9,2095,57.9
"Darien School District","=""0350011""","All Students","District",2406,82.0,2407,80.5,998,80.7
"Darien School District","=""0350011""","English Language Learners (EL)","English Learners",79,69.7,79,69.7,23,64.3
"Darien School District","=""0350011""","English Language Learners (EL)","Not English Learners",2327,82.4,2328,80.8,975,81.1
"Darien School District","=""0350011""","Gender","Female",1182,83.5,1182,78.8,486,80.2
"Darien School District","=""0350011""","Gender","Male",1224,80.5,1225,82.1,512,81.1
"Darien School District","=""0350011""","Grade","03",357,81.7,356,80.5,"N/A","N/A"
"Darien School District","=""0350011""","Grade","04",358,84.9,358,84.6,"N/A","N/A"
"Darien School District","=""0350011""","Grade","05",335,85.0,335,85.1,334,83.5
"Darien School District","=""0350011""","Grade","06",359,81.7,359,81.0,"N/A","N/A"
"Darien School District","=""0350011""","Grade","07",333,82.5,333,80.4,"N/A","N/A"
"Darien School District","=""0350011""","Grade","08",337,83.4,339,79.5,337,81.8
"Darien School District","=""0350011""","Grade","11",327,74.3,327,71.9,327,76.7
"Darien School District","=""0350011""","High Needs (F/R, EL or SWD)","High Needs",569,68.1,570,65.0,237,64.8
"Darien School District","=""0350011""","High Needs (F/R, EL or SWD)","Not High Needs",1837,86.3,1837,85.3,761,85.7
"Darien School District","=""0350011""","Free/Reduced Price Meal Eligibility (2-level)","Eligible For Free Or Reduced Price Meals",43,58.2,43,54.4,26,62.3
"Darien School District","=""0350011""","Free/Reduced Price Meal Eligibility (2-level)","Not Eligible For Free Or Reduced Price Meals",2363,82.4,2364,81.0,972,81.2
"Darien School District","=""0350011""","Race/Ethnicity","American Indian or Alaska Native","*","*","*","*","N/A","N/A"
"Darien School District","=""0350011""","Race/Ethnicity","Asian",194,88.5,194,91.5,81,90.9
"Darien School District","=""0350011""","Race/Ethnicity","Black or African American",12,"*",12,"*","*","*"
"Darien School District","=""0350011""","Race/Ethnicity","Hispanic or Latino",177,75.8,177,71.0,87,75.6
"Darien School District","=""0350011""","Race/Ethnicity","Native Hawaiian or Other Pacific Islander","*","*","*","*","*","*"
"Darien School District","=""0350011""","Race/Ethnicity","Two or More Races",134,86.2,134,85.6,46,82.4
"Darien School District","=""0350011""","Race/Ethnicity","White",1887,81.7,1888,80.0,776,80.4
"Darien School District","=""0350011""","Special Education Status (SWD)","Students with Disabilities",502,67.1,503,63.2,213,63.2
"Darien School District","=""0350011""","Special Education Status (SWD)","Students without Disabilities",1904,85.9,1904,85.0,785,85.5
"Deep River School District","=""0360011""","All Students","District",111,74.8,111,75.1,26,80.4
"Deep River School District","=""0360011""","English Language Learners (EL)","English Learners",6,"*",6,"*","*","*"
"Deep River School District","=""0360011""","English Language Learners (EL)","Not English Learners",105,75.4,105,75.1,"*","*"
"Deep River School District","=""0360011""","Gender","Female",55,77.1,55,76.6,12,"*"
"Deep River School District","=""0360011""","Gender","Male",56,72.6,56,73.6,14,"*"
"Deep River School District","=""0360011""","Grade","03",26,74.8,26,72.7,"N/A","N/A"
"Deep River School District","=""0360011""","Grade","04",32,72.2,32,73.4,"N/A","N/A"
"Deep River School District","=""0360011""","Grade","05",26,74.0,26,74.5,26,80.4
"Deep River School District","=""0360011""","Grade","06",27,78.9,27,79.9,"N/A","N/A"
"Deep River School District","=""0360011""","High Needs (F/R, EL or SWD)","High Needs",46,65.8,46,65.7,15,"*"
"Deep River School District","=""0360011""","High Needs (F/R, EL or SWD)","Not High Needs",65,81.2,65,81.7,11,"*"
"Deep River School District","=""0360011""","Free/Reduced Price Meal Eligibility (2-level)","Eligible For Free Or Reduced Price Meals",32,69.2,32,71.5,11,"*"
"Deep River School District","=""0360011""","Free/Reduced Price Meal Eligibility (2-level)","Not Eligible For Free Or Reduced Price Meals",79,77.1,79,76.5,15,"*"
"Deep River School District","=""0360011""","Race/Ethnicity","Black or African American","*","*","*","*",0,"N/A"
"Deep River School District","=""0360011""","Race/Ethnicity","Hispanic or Latino",13,"*",13,"*","*","*"
"Deep River School District","=""0360011""","Race/Ethnicity","Native Hawaiian or Other Pacific Islander","*","*","*","*","N/A","N/A"
"Deep River School District","=""0360011""","Race/Ethnicity","Two or More Races","*","*","*","*","N/A","N/A"
"Deep River School District","=""0360011""","Race/Ethnicity","White",94,74.4,94,74.7,"*","*"
"Deep River School District","=""0360011""","Special Education Status (SWD)","Students with Disabilities",18,"*",18,"*","*","*"
"Deep River School District","=""0360011""","Special Education Status (SWD)","Students without Disabilities",93,79.0,93,79.8,"*","*"
"Derby School District","=""0370011""","All Students","District",630,57.8,629,51.3,273,50.5
"Derby School District","=""0370011""","English Language Learners (EL)","English Learners",61,50.1,61,51.0,27,48.3
"Derby School District","=""0370011""","English Language Learners (EL)","Not English Learners",569,58.7,568,51.3,246,50.8
"Derby School District","=""0370011""","Gender","Female",301,60.1,300,49.9,132,50.5
"Derby School District","=""0370011""","Gender","Male",329,55.8,329,52.5,141,50.6
"Derby School District","=""0370011""","Grade","03",72,61.1,72,58.9,"N/A","N/A"
"Derby School District","=""0370011""","Grade","04",111,63.3,110,58.9,"N/A","N/A"
"Derby School District","=""0370011""","Grade","05",92,57.4,92,58.5,92,55.4
"Derby School District","=""0370011""","Grade","06",75,60.4,75,49.7,"N/A","N/A"
"Derby School District","=""0370011""","Grade","07",101,59.5,101,46.9,"N/A","N/A"
"Derby School District","=""0370011""","Grade","08",97,53.4,97,43.8,97,49.3
"Derby School District","=""0370011""","Grade","11",82,49.0,82,41.8,84,46.7
"Derby School District","=""0370011""","High Needs (F/R, EL or SWD)","High Needs",433,54.2,432,47.9,178,47.0
"Derby School District","=""0370011""","High Needs (F/R, EL or SWD)","Not High Needs",197,65.9,197,58.6,95,57.3
"Derby School District","=""0370011""","Free/Reduced Price Meal Eligibility (2-level)","Eligible For Free Or Reduced Price Meals",351,55.6,350,48.5,142,47.3
"Derby School District","=""0370011""","Free/Reduced Price Meal Eligibility (2-level)","Not Eligible For Free Or Reduced Price Meals",279,60.6,279,54.7,131,54.0
"Derby School District","=""0370011""","Race/Ethnicity","Asian","*","*","*","*","*","*"
"Derby School District","=""0370011""","Race/Ethnicity","Black or African American",134,52.6,133,43.2,63,46.0
"Derby School District","=""0370011""","Race/Ethnicity","Hispanic or Latino",284,54.5,284,48.1,119,47.7
"Derby School District","=""0370011""","Race/Ethnicity","Native Hawaiian or Other Pacific Islander","*","*","*","*","*","*"
"Derby School District","=""0370011""","Race/Ethnicity","Two or More Races",44,60.7,44,55.7,20,42.1
"Derby School District","=""0370011""","Race/Ethnicity","White",153,67.0,153,61.3,67,61.4
"Derby School District","=""0370011""","Special Education Status (SWD)","Students with Disabilities",145,42.2,144,37.0,56,37.2
"Derby School District","=""0370011""","Special Education Status (SWD)","Students without Disabilities",485,62.5,485,55.5,217,54.0
"Eastford School District","=""0390011""","All Students","District",92,77.3,92,70.6,29,71.6
"Eastford School District","=""0390011""","English Language Learners (EL)","English Learners","*","*","*","*","*","*"
"Eastford School District","=""0390011""","English Language Learners (EL)","Not English Learners","*","*","*","*","*","*"
"Eastford School District","=""0390011""","Gender","Female",48,77.9,48,68.8,14,"*"
"Eastford School District","=""0390011""","Gender","Male",44,76.7,44,72.6,15,"*"
"Eastford School District","=""0390011""","Grade","03",16,"*",16,"*","N/A","N/A"
"Eastford School District","=""0390011""","Grade","04",14,"*",14,"*","N/A","N/A"
"Eastford School District","=""0390011""","Grade","05",22,76.8,22,70.3,22,74.7
"Eastford School District","=""0390011""","Grade","06",12,"*",12,"*","N/A","N/A"
"Eastford School District","=""0390011""","Grade","07",21,81.8,21,69.6,"N/A","N/A"
"Eastford School District","=""0390011""","Grade","08",7,"*",7,"*",7,"*"
"Eastford School District","=""0390011""","High Needs (F/R, EL or SWD)","High Needs",34,67.2,34,57.4,14,"*"
"Eastford School District","=""0390011""","High Needs (F/R, EL or SWD)","Not High Needs",58,83.3,58,78.3,15,"*"
"Eastford School District","=""0390011""","Free/Reduced Price Meal Eligibility (2-level)","Eligible For Free Or Reduced Price Meals",20,63.0,20,53.5,11,"*"
"Eastford School District","=""0390011""","Free/Reduced Price Meal Eligibility (2-level)","Not Eligible For Free Or Reduced Price Meals",72,81.3,72,75.3,18,"*"
"Eastford School District","=""0390011""","Race/Ethnicity","Asian","*","*","*","*","N/A","N/A"
"Eastford School District","=""0390011""","Race/Ethnicity","Black or African American","*","*","*","*","*","*"
"Eastford School District","=""0390011""","Race/Ethnicity","Hispanic or Latino",8,"*",8,"*","*","*"
"Eastford School District","=""0390011""","Race/Ethnicity","Two or More Races",9,"*",9,"*","*","*"
"Eastford School District","=""0390011""","Race/Ethnicity","White",73,78.1,73,72.0,23,72.9
"Eastford School District","=""0390011""","Special Education Status (SWD)","Students with Disabilities",24,63.7,24,55.7,9,"*"
"Eastford School District","=""0390011""","Special Education Status (SWD)","Students without Disabilities",68,82.1,68,75.9,20,81.9
"East Granby School District","=""0400011""","All Students","District",453,74.8,450,70.5,198,72.0
"East Granby School District","=""0400011""","English Language Learners (EL)","English Learners",16,"*",15,"*",8,"*"
"East Granby School District","=""0400011""","English Language Learners (EL)","Not English Learners",437,75.2,435,70.8,190,72.6
"East Granby School District","=""0400011""","Gender","Female",219,74.6,217,67.3,94,71.5
"East Granby School District","=""0400011""","Gender","Male",234,75.0,233,73.4,104,72.5
"East Granby School District","=""0400011""","Grade","03",63,75.1,62,76.1,"N/A","N/A"
"East Granby School District","=""0400011""","Grade","04",62,78.6,62,76.4,"N/A","N/A"
"East Granby School District","=""0400011""","Grade","05",66,77.6,66,74.8,66,77.8
"East Granby School District","=""0400011""","Grade","06",63,76.3,61,71.9,"N/A","N/A"
"East Granby School District","=""0400011""","Grade","07",65,76.9,65,69.3,"N/A","N/A"
"East Granby School District","=""0400011""","Grade","08",78,76.9,78,67.3,78,76.2
"East Granby School District","=""0400011""","Grade","11",56,60.2,56,56.7,54,59.1
"East Granby School District","=""0400011""","High Needs (F/R, EL or SWD)","High Needs",134,65.3,131,58.6,61,56.2
"East Granby School District","=""0400011""","High Needs (F/R, EL or SWD)","Not High Needs",319,78.8,319,75.3,137,79.1
"East Granby School District","=""0400011""","Free/Reduced Price Meal Eligibility (2-level)","Eligible For Free Or Reduced Price Meals",78,69.0,76,61.0,36,59.6
"East Granby School District","=""0400011""","Free/Reduced Price Meal Eligibility (2-level)","Not Eligible For Free Or Reduced Price Meals",375,76.1,374,72.4,162,74.8
"East Granby School District","=""0400011""","Race/Ethnicity","Asian",30,81.4,30,83.9,16,"*"
"East Granby School District","=""0400011""","Race/Ethnicity","Black or African American",24,57.0,23,48.3,"*","*"
"East Granby School District","=""0400011""","Race/Ethnicity","Hispanic or Latino",39,66.0,38,61.2,19,"*"
"East Granby School District","=""0400011""","Race/Ethnicity","Two or More Races",23,76.8,23,70.7,"*","*"
"East Granby School District","=""0400011""","Race/Ethnicity","White",337,76.4,336,71.8,147,73.8
"East Granby School District","=""0400011""","Special Education Status (SWD)","Students with Disabilities",66,58.5,64,53.3,29,49.8
"East Granby School District","=""0400011""","Special Education Status (SWD)","Students without Disabilities",387,77.6,386,73.3,169,75.9
"East Haddam School District","=""0410011""","All Students","District",490,66.8,491,63.0,214,62.4
"East Haddam School District","=""0410011""","English Language Learners (EL)","English Learners","*","*","*","*","*","*"
"East Haddam School District","=""0410011""","English Language Learners (EL)","Not English Learners","*","*","*","*","*","*"
"East Haddam School District","=""0410011""","Gender","Female",236,69.5,238,62.5,117,63.2
"East Haddam School District","=""0410011""","Gender","Male",254,64.3,253,63.4,97,61.4
"East Haddam School District","=""0410011""","Grade","03",78,69.9,78,64.0,"N/A","N/A"
"East Haddam School District","=""0410011""","Grade","04",70,79.0,71,72.1,"N/A","N/A"
"East Haddam School District","=""0410011""","Grade","05",70,65.7,70,61.2,69,61.2
"East Haddam School District","=""0410011""","Grade","06",58,71.0,58,65.3,"N/A","N/A"
"East Haddam School District","=""0410011""","Grade","07",69,64.8,69,62.7,"N/A","N/A"
"East Haddam School District","=""0410011""","Grade","08",80,59.9,80,61.7,80,62.4
"East Haddam School District","=""0410011""","Grade","11",65,58.0,65,53.4,65,63.6
"East Haddam School District","=""0410011""","High Needs (F/R, EL or SWD)","High Needs",183,57.6,184,52.6,81,52.8
"East Haddam School District","=""0410011""","High Needs (F/R, EL or SWD)","Not High Needs",307,72.3,307,69.2,133,68.2
"East Haddam School District","=""0410011""","Free/Reduced Price Meal Eligibility (2-level)","Eligible For Free Or Reduced Price Meals",133,61.3,134,56.1,59,56.9
"East Haddam School District","=""0410011""","Free/Reduced Price Meal Eligibility (2-level)","Not Eligible For Free Or Reduced Price Meals",357,68.8,357,65.5,155,64.5
"East Haddam School District","=""0410011""","Race/Ethnicity","Asian","*","*","*","*","*","*"
"East Haddam School District","=""0410011""","Race/Ethnicity","Black or African American","*","*","*","*","N/A","N/A"
"East Haddam School District","=""0410011""","Race/Ethnicity","Hispanic or Latino",32,64.2,32,58.3,18,"*"
"East Haddam School District","=""0410011""","Race/Ethnicity","Native Hawaiian or Other Pacific Islander","*","*","*","*","*","*"
"East Haddam School District","=""0410011""","Race/Ethnicity","Two or More Races",14,"*",14,"*","*","*"
"East Haddam School District","=""0410011""","Race/Ethnicity","White",438,67.0,439,63.3,189,62.9
"East Haddam School District","=""0410011""","Special Education Status (SWD)","Students with Disabilities",80,46.6,80,40.9,30,40.3
"East Haddam School District","=""0410011""","Special Education Status (SWD)","Students without Disabilities",410,70.7,411,67.3,184,66.0
"East Hampton School District","=""0420011""","All Students","District",840,69.9,838,67.9,364,71.5
"East Hampton School District","=""0420011""","English Language Learners (EL)","English Learners",10,"*",10,"*","*","*"
"East Hampton School District","=""0420011""","English Language Learners (EL)","Not English Learners",830,70.0,828,67.9,"*","*"
"East Hampton School District","=""0420011""","Gender","Female",402,70.0,400,65.7,177,70.8
"East Hampton School District","=""0420011""","Gender","Male",438,69.9,438,69.8,187,72.2
"East Hampton School District","=""0420011""","Grade","03",130,70.4,130,71.5,"N/A","N/A"
"East Hampton School District","=""0420011""","Grade","04",106,72.9,106,73.6,"N/A","N/A"
"East Hampton School District","=""0420011""","Grade","05",121,77.4,121,75.5,121,72.3
"East Hampton School District","=""0420011""","Grade","06",119,73.0,119,67.8,"N/A","N/A"
"East Hampton School District","=""0420011""","Grade","07",120,68.8,120,66.3,"N/A","N/A"
"East Hampton School District","=""0420011""","Grade","08",131,67.9,129,66.8,129,68.1
"East Hampton School District","=""0420011""","Grade","11",113,59.0,113,53.0,114,74.5
"East Hampton School District","=""0420011""","High Needs (F/R, EL or SWD)","High Needs",300,59.3,298,56.4,124,60.9
"East Hampton School District","=""0420011""","High Needs (F/R, EL or SWD)","Not High Needs",540,75.8,540,74.2,240,77.0
"East Hampton School District","=""0420011""","Free/Reduced Price Meal Eligibility (2-level)","Eligible For Free Or Reduced Price Meals",204,62.7,203,59.1,84,65.4
"East Hampton School District","=""0420011""","Free/Reduced Price Meal Eligibility (2-level)","Not Eligible For Free Or Reduced Price Meals",636,72.3,635,70.6,280,73.3
"East Hampton School District","=""0420011""","Race/Ethnicity","Asian",13,"*",13,"*",6,"*"
"East Hampton School District","=""0420011""","Race/Ethnicity","Black or African American","*","*","*","*",6,"*"
"East Hampton School District","=""0420011""","Race/Ethnicity","Hispanic or Latino",69,66.3,68,61.7,26,65.4
"East Hampton School District","=""0420011""","Race/Ethnicity","Native Hawaiian or Other Pacific Islander","*","*","*","*","*","*"
"East Hampton School District","=""0420011""","Race/Ethnicity","Two or More Races",29,72.3,29,70.4,17,"*"
"East Hampton School District","=""0420011""","Race/Ethnicity","White",717,70.2,716,68.3,308,72.1
"East Hampton School District","=""0420011""","Special Education Status (SWD)","Students with Disabilities",166,50.3,164,48.7,65,48.4
"East Hampton School District","=""0420011""","Special Education Status (SWD)","Students without Disabilities",674,74.8,674,72.5,299,76.5
"East Hartford School District","=""0430011""","All Students","District",2960,59.3,2955,55.2,1312,58.1
"East Hartford School District","=""0430011""","English Language Learners (EL)","English Learners",666,52.0,664,51.2,258,51.0
"East Hartford School District","=""0430011""","English Language Learners (EL)","Not English Learners",2294,61.4,2291,56.3,1054,59.9
"East Hartford School District","=""0430011""","Gender","Female",1430,61.6,1429,55.9,632,60.7
"East Hartford School District","=""0430011""","Gender","Male",1530,57.1,1526,54.5,680,55.7
"East Hartford School District","=""0430011""","Grade","03",406,61.6,406,55.4,"N/A","N/A"
"East Hartford School District","=""0430011""","Grade","04",445,65.6,445,61.9,"N/A","N/A"
"East Hartford School District","=""0430011""","Grade","05",428,61.1,428,61.9,429,62.8
"East Hartford School District","=""0430011""","Grade","06",391,62.5,392,57.2,"N/A","N/A"
"East Hartford School District","=""0430011""","Grade","07",411,63.1,406,55.6,"N/A","N/A"
"East Hartford School District","=""0430011""","Grade","08",432,53.9,431,50.6,437,54.1
"East Hartford School District","=""0430011""","Grade","11",447,48.1,447,44.1,446,57.6
"East Hartford School District","=""0430011""","High Needs (F/R, EL or SWD)","High Needs",2270,55.9,2265,51.8,979,53.7
"East Hartford School District","=""0430011""","High Needs (F/R, EL or SWD)","Not High Needs",690,70.4,690,66.3,333,71.2
"East Hartford School District","=""0430011""","Free/Reduced Price Meal Eligibility (2-level)","Eligible For Free Or Reduced Price Meals",1918,56.9,1914,52.0,827,54.5
"East Hartford School District","=""0430011""","Free/Reduced Price Meal Eligibility (2-level)","Not Eligible For Free Or Reduced Price Meals",1042,63.7,1041,60.9,485,64.3
"East Hartford School District","=""0430011""","Race/Ethnicity","American Indian or Alaska Native",11,"*",11,"*","*","*"
"East Hartford School District","=""0430011""","Race/Ethnicity","Asian",102,70.0,102,70.7,48,72.8
"East Hartford School District","=""0430011""","Race/Ethnicity","Black or African American",876,59.1,873,53.1,404,56.9
"East Hartford School District","=""0430011""","Race/Ethnicity","Hispanic or Latino",1559,56.7,1556,53.5,677,55.4
"East Hartford School District","=""0430011""","Race/Ethnicity","Native Hawaiian or Other Pacific Islander",6,"*",6,"*","*","*"
"East Hartford School District","=""0430011""","Race/Ethnicity","Two or More Races",99,64.9,100,58.5,40,58.5
"East Hartford School District","=""0430011""","Race/Ethnicity","White",307,67.1,307,63.4,134,69.5
"East Hartford School District","=""0430011""","Special Education Status (SWD)","Students with Disabilities",711,44.6,707,39.4,304,40.0
"East Hartford School District","=""0430011""","Special Education Status (SWD)","Students without Disabilities",2249,63.9,2248,60.1,1008,63.6
"East Haven School District","=""0440011""","All Students","District",1337,59.0,1332,53.9,567,59.8
"East Haven School District","=""0440011""","English Language Learners (EL)","English Learners",276,54.8,275,52.8,114,55.1
"East Haven School District","=""0440011""","English Language Learners (EL)","Not English Learners",1061,60.1,1057,54.2,453,61.0
"East Haven School District","=""0440011""","Gender","Female",676,60.8,673,53.3,271,60.2
"East Haven School District","=""0440011""","Gender","Male",661,57.1,659,54.5,296,59.4
"East Haven School District","=""0440011""","Grade","03",194,58.6,194,54.5,"N/A","N/A"
"East Haven School District","=""0440011""","Grade","04",195,62.1,195,57.7,"N/A","N/A"
"East Haven School District","=""0440011""","Grade","05",190,60.9,188,59.0,189,59.3
"East Haven School District","=""0440011""","Grade","06",174,60.4,174,54.6,"N/A","N/A"
"East Haven School District","=""0440011""","Grade","07",208,62.8,207,56.1,"N/A","N/A"
"East Haven School District","=""0440011""","Grade","08",178,58.3,176,51.0,178,57.2
"East Haven School District","=""0440011""","Grade","11",198,49.6,198,44.6,200,62.6
"East Haven School District","=""0440011""","High Needs (F/R, EL or SWD)","High Needs",974,55.8,970,51.2,402,56.3
"East Haven School District","=""0440011""","High Needs (F/R, EL or SWD)","Not High Needs",363,67.3,362,61.1,165,68.2
"East Haven School District","=""0440011""","Free/Reduced Price Meal Eligibility (2-level)","Eligible For Free Or Reduced Price Meals",814,57.0,810,51.9,333,57.6
"East Haven School District","=""0440011""","Free/Reduced Price Meal Eligibility (2-level)","Not Eligible For Free Or Reduced Price Meals",523,62.0,522,57.0,234,62.9
"East Haven School District","=""0440011""","Race/Ethnicity","American Indian or Alaska Native","*","*","*","*","*","*"
"East Haven School District","=""0440011""","Race/Ethnicity","Asian",46,64.4,46,67.9,19,"*"
"East Haven School District","=""0440011""","Race/Ethnicity","Black or African American",84,59.0,83,50.8,39,49.9
"East Haven School District","=""0440011""","Race/Ethnicity","Hispanic or Latino",577,56.5,575,51.3,245,58.2
"East Haven School District","=""0440011""","Race/Ethnicity","Native Hawaiian or Other Pacific Islander","*","*","*","*","*","*"
"East Haven School District","=""0440011""","Race/Ethnicity","Two or More Races",52,55.8,52,50.6,22,56.3
"East Haven School District","=""0440011""","Race/Ethnicity","White",573,61.4,571,56.2,240,62.8
"East Haven School District","=""0440011""","Special Education Status (SWD)","Students with Disabilities",285,44.7,283,39.3,111,41.9
"East Haven School District","=""0440011""","Special Education Status (SWD)","Students without Disabilities",1052,62.8,1049,57.9,456,64.1
"East Lyme School District","=""0450011""","All Students","District",1200,73.7,1194,70.7,524,75.4
"East Lyme School District","=""0450011""","English Language Learners (EL)","English Learners",95,67.5,95,67.9,34,63.7
"East Lyme School District","=""0450011""","English Language Learners (EL)","Not English Learners",1105,74.2,1099,71.0,490,76.2
"East Lyme School District","=""0450011""","Gender","Female","*","*","*","*",272,73.8
"East Lyme School District","=""0450011""","Gender","Male",618,73.0,615,72.2,"*","*"
"East Lyme School District","=""0450011""","Gender","Non-Binary","*","*","*","*","*","*"
"East Lyme School District","=""0450011""","Grade","03",159,75.5,158,73.6,"N/A","N/A"
"East Lyme School District","=""0450011""","Grade","04",175,79.4,173,79.9,"N/A","N/A"
"East Lyme School District","=""0450011""","Grade","05",162,76.2,161,75.1,161,75.5
"East Lyme School District","=""0450011""","Grade","06",173,71.5,172,67.4,"N/A","N/A"
"East Lyme School District","=""0450011""","Grade","07",158,73.6,158,72.3,"N/A","N/A"
"East Lyme School District","=""0450011""","Grade","08",160,74.3,159,69.1,159,72.2
"East Lyme School District","=""0450011""","Grade","11",213,66.9,213,60.6,204,77.7
"East Lyme School District","=""0450011""","High Needs (F/R, EL or SWD)","High Needs",485,64.7,482,60.8,194,64.9
"East Lyme School District","=""0450011""","High Needs (F/R, EL or SWD)","Not High Needs",715,79.7,712,77.5,330,81.5
"East Lyme School District","=""0450011""","Free/Reduced Price Meal Eligibility (2-level)","Eligible For Free Or Reduced Price Meals",289,66.7,287,62.9,120,65.9
"East Lyme School District","=""0450011""","Free/Reduced Price Meal Eligibility (2-level)","Not Eligible For Free Or Reduced Price Meals",911,75.9,907,73.2,404,78.2
"East Lyme School District","=""0450011""","Race/Ethnicity","American Indian or Alaska Native","*","*","*","*","*","*"
"East Lyme School District","=""0450011""","Race/Ethnicity","Asian",129,80.9,129,84.1,56,84.2
"East Lyme School District","=""0450011""","Race/Ethnicity","Black or African American",18,"*",18,"*",6,"*"
"East Lyme School District","=""0450011""","Race/Ethnicity","Hispanic or Latino",135,66.0,134,61.9,56,71.8
"East Lyme School District","=""0450011""","Race/Ethnicity","Native Hawaiian or Other Pacific Islander","*","*","*","*","*","*"
"East Lyme School District","=""0450011""","Race/Ethnicity","Two or More Races",80,75.7,79,71.9,31,76.5
"East Lyme School District","=""0450011""","Race/Ethnicity","White",833,73.6,829,70.0,371,74.6
"East Lyme School District","=""0450011""","Special Education Status (SWD)","Students with Disabilities",260,56.9,257,50.8,95,56.9
"East Lyme School District","=""0450011""","Special Education Status (SWD)","Students without Disabilities",940,78.3,937,76.2,429,79.5
"Easton School District","=""0460011""","All Students","District",595,78.8,595,80.2,198,81.6
"Easton School District","=""0460011""","English Language Learners (EL)","English Learners",25,71.5,25,76.8,9,"*"
"Easton School District","=""0460011""","English Language Learners (EL)","Not English Learners",570,79.1,570,80.4,189,81.7
"Easton School District","=""0460011""","Gender","Female",270,80.5,270,78.5,92,78.4
"Easton School District","=""0460011""","Gender","Male",325,77.3,325,81.6,106,84.4
"Easton School District","=""0460011""","Grade","03",104,74.3,104,77.6,"N/A","N/A"
"Easton School District","=""0460011""","Grade","04",102,80.8,102,85.2,"N/A","N/A"
"Easton School District","=""0460011""","Grade","05",99,78.0,99,79.7,99,81.2
"Easton School District","=""0460011""","Grade","06",95,78.4,95,76.4,"N/A","N/A"
"Easton School District","=""0460011""","Grade","07",96,80.8,96,77.5,"N/A","N/A"
"Easton School District","=""0460011""","Grade","08",99,80.6,99,84.5,99,82.0
"Easton School District","=""0460011""","High Needs (F/R, EL or SWD)","High Needs",175,67.0,175,68.0,57,72.2
"Easton School District","=""0460011""","High Needs (F/R, EL or SWD)","Not High Needs",420,83.7,420,85.3,141,85.4
"Easton School District","=""0460011""","Free/Reduced Price Meal Eligibility (2-level)","Eligible For Free Or Reduced Price Meals",60,70.4,60,70.7,20,75.9
"Easton School District","=""0460011""","Free/Reduced Price Meal Eligibility (2-level)","Not Eligible For Free Or Reduced Price Meals",535,79.7,535,81.3,178,82.3
"Easton School District","=""0460011""","Race/Ethnicity","Asian",47,84.7,47,91.2,22,91.6
"Easton School District","=""0460011""","Race/Ethnicity","Black or African American",22,76.0,22,75.0,8,"*"
"Easton School District","=""0460011""","Race/Ethnicity","Hispanic or Latino",56,71.4,56,73.9,17,"*"
"Easton School District","=""0460011""","Race/Ethnicity","Two or More Races",30,78.4,30,80.7,7,"*"
"Easton School District","=""0460011""","Race/Ethnicity","White",440,79.2,440,80.1,144,82.3
"Easton School District","=""0460011""","Special Education Status (SWD)","Students with Disabilities",122,61.6,122,62.3,38,64.7
"Easton School District","=""0460011""","Special Education Status (SWD)","Students without Disabilities",473,83.2,473,84.8,160,85.6
"East Windsor School District","=""0470011""","All Students","District",495,64.5,493,60.8,211,60.1
"East Windsor School District","=""0470011""","English Language Learners (EL)","English Learners",43,63.7,43,60.2,11,"*"
"East Windsor School District","=""0470011""","English Language Learners (EL)","Not English Learners",452,64.6,450,60.9,200,60.3
"East Windsor School District","=""0470011""","Gender","Female",251,67.2,249,60.2,104,59.9
"East Windsor School District","=""0470011""","Gender","Male",244,61.9,244,61.4,107,60.3
"East Windsor School District","=""0470011""","Grade","03",75,63.5,75,60.2,"N/A","N/A"
"East Windsor School District","=""0470011""","Grade","04",66,68.2,66,67.1,"N/A","N/A"
"East Windsor School District","=""0470011""","Grade","05",72,67.4,72,67.5,72,69.0
"East Windsor School District","=""0470011""","Grade","06",75,65.6,75,58.6,"N/A","N/A"
"East Windsor School District","=""0470011""","Grade","07",68,72.2,67,66.7,"N/A","N/A"
"East Windsor School District","=""0470011""","Grade","08",74,66.5,73,60.1,73,58.6
"East Windsor School District","=""0470011""","Grade","11",65,47.6,65,45.1,66,52.1
"East Windsor School District","=""0470011""","High Needs (F/R, EL or SWD)","High Needs",332,60.1,331,55.0,146,54.0
"East Windsor School District","=""0470011""","High Needs (F/R, EL or SWD)","Not High Needs",163,73.7,162,72.8,65,73.8
"East Windsor School District","=""0470011""","Free/Reduced Price Meal Eligibility (2-level)","Eligible For Free Or Reduced Price Meals",294,60.5,294,54.5,134,53.9
"East Windsor School District","=""0470011""","Free/Reduced Price Meal Eligibility (2-level)","Not Eligible For Free Or Reduced Price Meals",201,70.5,199,70.1,77,70.8
"East Windsor School District","=""0470011""","Race/Ethnicity","American Indian or Alaska Native","*","*","*","*","*","*"
"East Windsor School District","=""0470011""","Race/Ethnicity","Asian","*","*","*","*","*","*"
"East Windsor School District","=""0470011""","Race/Ethnicity","Black or African American",62,57.8,62,48.0,30,47.4
"East Windsor School District","=""0470011""","Race/Ethnicity","Hispanic or Latino",135,62.0,135,57.4,56,58.0
"East Windsor School District","=""0470011""","Race/Ethnicity","Two or More Races",42,67.6,42,62.3,18,"*"
"East Windsor School District","=""0470011""","Race/Ethnicity","White",236,66.4,234,64.4,103,63.5
"East Windsor School District","=""0470011""","Special Education Status (SWD)","Students with Disabilities",101,49.5,100,41.3,45,42.0
"East Windsor School District","=""0470011""","Special Education Status (SWD)","Students without Disabilities",394,68.4,393,65.8,166,65.0
"Ellington School District","=""0480011""","All Students","District",1341,73.3,1336,72.9,552,70.8
"Ellington School District","=""0480011""","English Language Learners (EL)","English Learners",48,63.5,48,68.2,22,57.7
"Ellington School District","=""0480011""","English Language Learners (EL)","Not English Learners",1293,73.7,1288,73.1,530,71.3
"Ellington School District","=""0480011""","Gender","Female",654,74.4,651,71.7,270,71.1
"Ellington School District","=""0480011""","Gender","Male",687,72.3,685,74.1,282,70.5
"Ellington School District","=""0480011""","Grade","03",185,75.8,185,75.7,"N/A","N/A"
"Ellington School District","=""0480011""","Grade","04",211,79.0,211,77.9,"N/A","N/A"
"Ellington School District","=""0480011""","Grade","05",172,77.0,171,78.2,172,77.6
"Ellington School District","=""0480011""","Grade","06",195,76.6,195,75.1,"N/A","N/A"
"Ellington School District","=""0480011""","Grade","07",195,73.3,193,72.8,"N/A","N/A"
"Ellington School District","=""0480011""","Grade","08",214,70.8,212,71.8,211,71.0
"Ellington School District","=""0480011""","Grade","11",169,59.4,169,57.3,169,63.6
"Ellington School District","=""0480011""","High Needs (F/R, EL or SWD)","High Needs",435,62.5,430,61.2,183,60.2
"Ellington School District","=""0480011""","High Needs (F/R, EL or SWD)","Not High Needs",906,78.5,906,78.5,369,76.0
"Ellington School District","=""0480011""","Free/Reduced Price Meal Eligibility (2-level)","Eligible For Free Or Reduced Price Meals",279,64.7,275,62.8,111,63.3
"Ellington School District","=""0480011""","Free/Reduced Price Meal Eligibility (2-level)","Not Eligible For Free Or Reduced Price Meals",1062,75.6,1061,75.5,441,72.7
"Ellington School District","=""0480011""","Race/Ethnicity","American Indian or Alaska Native","*","*","*","*","N/A","N/A"
"Ellington School District","=""0480011""","Race/Ethnicity","Asian",138,83.4,137,90.0,55,82.4
"Ellington School District","=""0480011""","Race/Ethnicity","Black or African American",56,62.5,56,56.3,27,55.0
"Ellington School District","=""0480011""","Race/Ethnicity","Hispanic or Latino",122,64.8,120,61.8,50,64.0
"Ellington School District","=""0480011""","Race/Ethnicity","Native Hawaiian or Other Pacific Islander","*","*","*","*","N/A","N/A"
"Ellington School District","=""0480011""","Race/Ethnicity","Two or More Races",57,77.2,57,73.0,22,74.5
"Ellington School District","=""0480011""","Race/Ethnicity","White",965,73.4,963,72.9,398,70.9
"Ellington School District","=""0480011""","Special Education Status (SWD)","Students with Disabilities",211,54.4,207,52.3,87,51.4
"Ellington School District","=""0480011""","Special Education Status (SWD)","Students without Disabilities",1130,76.9,1129,76.7,465,74.4
"Enfield School District","=""0490011""","All Students","District",2258,62.5,2254,57.4,1013,62.9
"Enfield School District","=""0490011""","English Language Learners (EL)","English Learners",146,50.4,146,47.5,56,46.6
"Enfield School District","=""0490011""","English Language Learners (EL)","Not English Learners",2112,63.4,2108,58.1,957,63.9
"Enfield School District","=""0490011""","Gender","Female","*","*","*","*","*","*"
"Enfield School District","=""0490011""","Gender","Male",1176,61.0,1174,58.2,531,63.2
"Enfield School District","=""0490011""","Gender","Non-Binary","*","*","*","*","*","*"
"Enfield School District","=""0490011""","Grade","03",302,64.9,300,60.5,"N/A","N/A"
"Enfield School District","=""0490011""","Grade","04",351,67.5,350,64.8,"N/A","N/A"
"Enfield School District","=""0490011""","Grade","05",317,65.3,316,67.4,317,68.9
"Enfield School District","=""0490011""","Grade","06",301,66.5,300,58.6,"N/A","N/A"
"Enfield School District","=""0490011""","Grade","07",294,63.2,295,54.8,"N/A","N/A"
"Enfield School District","=""0490011""","Grade","08",353,57.6,353,46.7,353,56.3
"Enfield School District","=""0490011""","Grade","11",340,53.9,340,50.0,343,64.1
"Enfield School District","=""0490011""","High Needs (F/R, EL or SWD)","High Needs",1277,56.6,1273,50.8,550,55.8
"Enfield School District","=""0490011""","High Needs (F/R, EL or SWD)","Not High Needs",981,70.3,981,66.0,463,71.3
"Enfield School District","=""0490011""","Free/Reduced Price Meal Eligibility (2-level)","Eligible For Free Or Reduced Price Meals",1106,58.0,1102,52.2,479,57.3
"Enfield School District","=""0490011""","Free/Reduced Price Meal Eligibility (2-level)","Not Eligible For Free Or Reduced Price Meals",1152,66.9,1152,62.4,534,67.9
"Enfield School District","=""0490011""","Race/Ethnicity","American Indian or Alaska Native","*","*","*","*","*","*"
"Enfield School District","=""0490011""","Race/Ethnicity","Asian",42,68.0,42,64.6,17,"*"
"Enfield School District","=""0490011""","Race/Ethnicity","Black or African American",127,54.4,128,45.9,56,52.9
"Enfield School District","=""0490011""","Race/Ethnicity","Hispanic or Latino",559,56.9,558,51.3,248,56.3
"Enfield School District","=""0490011""","Race/Ethnicity","Native Hawaiian or Other Pacific Islander","*","*","*","*","*","*"
"Enfield School District","=""0490011""","Race/Ethnicity","Two or More Races",156,65.9,155,57.4,64,66.9
"Enfield School District","=""0490011""","Race/Ethnicity","White",1371,65.1,1368,60.8,623,66.1
"Enfield School District","=""0490011""","Special Education Status (SWD)","Students with Disabilities",463,43.8,461,36.7,199,42.5
"Enfield School District","=""0490011""","Special Education Status (SWD)","Students without Disabilities",1795,67.4,1793,62.7,814,67.9
"Essex School District","=""0500011""","All Students","District",143,77.1,142,71.7,31,73.3
"Essex School District","=""0500011""","English Language Learners (EL)","English Learners",6,"*",6,"*",0,"N/A"
"Essex School District","=""0500011""","English Language Learners (EL)","Not English Learners",137,77.3,136,72.2,31,73.3
"Essex School District","=""0500011""","Gender","Female",67,76.3,66,67.5,17,"*"
"Essex School District","=""0500011""","Gender","Male",76,77.7,76,75.4,14,"*"
"Essex School District","=""0500011""","Grade","03",35,77.8,35,72.2,"N/A","N/A"
"Essex School District","=""0500011""","Grade","04",33,76.2,33,69.6,"N/A","N/A"
"Essex School District","=""0500011""","Grade","05",33,73.3,32,71.9,31,73.3
"Essex School District","=""0500011""","Grade","06",42,80.1,42,72.9,"N/A","N/A"
"Essex School District","=""0500011""","High Needs (F/R, EL or SWD)","High Needs",58,65.6,57,59.8,12,"*"
"Essex School District","=""0500011""","High Needs (F/R, EL or SWD)","Not High Needs",85,84.9,85,79.7,19,"*"
"Essex School District","=""0500011""","Free/Reduced Price Meal Eligibility (2-level)","Eligible For Free Or Reduced Price Meals",33,66.5,32,59.7,6,"*"
"Essex School District","=""0500011""","Free/Reduced Price Meal Eligibility (2-level)","Not Eligible For Free Or Reduced Price Meals",110,80.2,110,75.2,25,76.2
"Essex School District","=""0500011""","Race/Ethnicity","Asian","*","*","*","*","N/A","N/A"
"Essex School District","=""0500011""","Race/Ethnicity","Black or African American","*","*",0,"N/A",0,"N/A"
"Essex School District","=""0500011""","Race/Ethnicity","Hispanic or Latino",11,"*",11,"*",0,"N/A"
"Essex School District","=""0500011""","Race/Ethnicity","Two or More Races","*","*","*","*","*","*"
"Essex School District","=""0500011""","Race/Ethnicity","White",127,77.2,127,72.3,"*","*"
"Essex School District","=""0500011""","Special Education Status (SWD)","Students with Disabilities",36,62.8,36,56.6,8,"*"
"Essex School District","=""0500011""","Special Education Status (SWD)","Students without Disabilities",107,81.9,106,76.9,23,78.7
"Fairfield School District","=""0510011""","All Students","District",4763,76.5,4759,75.2,1989,74.3
"Fairfield School District","=""0510011""","English Language Learners (EL)","English Learners",274,64.2,272,65.3,103,57.9
"Fairfield School District","=""0510011""","English Language Learners (EL)","Not English Learners",4489,77.2,4487,75.8,1886,75.2
"Fairfield School District","=""0510011""","Gender","Female","*","*","*","*",1034,74.7
"Fairfield School District","=""0510011""","Gender","Male",2387,75.1,2384,76.9,"*","*"
"Fairfield School District","=""0510011""","Gender","Non-Binary","*","*","*","*","*","*"
"Fairfield School District","=""0510011""","Grade","03",663,78.0,663,75.5,"N/A","N/A"
"Fairfield School District","=""0510011""","Grade","04",737,82.6,739,80.8,"N/A","N/A"
"Fairfield School District","=""0510011""","Grade","05",672,81.5,672,80.2,672,78.9
"Fairfield School District","=""0510011""","Grade","06",694,77.9,692,78.7,"N/A","N/A"
"Fairfield School District","=""0510011""","Grade","07",671,76.2,668,74.8,"N/A","N/A"
"Fairfield School District","=""0510011""","Grade","08",682,73.1,681,74.3,678,71.8
"Fairfield School District","=""0510011""","Grade","11",644,64.9,644,61.0,639,72.1
"Fairfield School District","=""0510011""","High Needs (F/R, EL or SWD)","High Needs",1611,64.7,1608,63.1,646,62.2
"Fairfield School District","=""0510011""","High Needs (F/R, EL or SWD)","Not High Needs",3152,82.5,3151,81.4,1343,80.1
"Fairfield School District","=""0510011""","Free/Reduced Price Meal Eligibility (2-level)","Eligible For Free Or Reduced Price Meals",838,65.4,835,63.4,361,63.2
"Fairfield School District","=""0510011""","Free/Reduced Price Meal Eligibility (2-level)","Not Eligible For Free Or Reduced Price Meals",3925,78.8,3924,77.7,1628,76.7
"Fairfield School District","=""0510011""","Race/Ethnicity","American Indian or Alaska Native","*","*","*","*","*","*"
"Fairfield School District","=""0510011""","Race/Ethnicity","Asian",269,81.8,268,82.7,109,81.4
"Fairfield School District","=""0510011""","Race/Ethnicity","Black or African American",166,63.5,166,59.6,"*","*"
"Fairfield School District","=""0510011""","Race/Ethnicity","Hispanic or Latino",663,68.6,662,65.7,301,66.4
"Fairfield School District","=""0510011""","Race/Ethnicity","Native Hawaiian or Other Pacific Islander","*","*","*","*","N/A","N/A"
"Fairfield School District","=""0510011""","Race/Ethnicity","Two or More Races",297,80.9,297,80.7,132,80.8
"Fairfield School District","=""0510011""","Race/Ethnicity","White",3362,77.8,3360,76.8,1366,75.5
"Fairfield School District","=""0510011""","Special Education Status (SWD)","Students with Disabilities",940,59.9,939,58.1,369,56.9
"Fairfield School District","=""0510011""","Special Education Status (SWD)","Students without Disabilities",3823,80.5,3820,79.4,1620,78.2
"Farmington School District","=""0520011""","All Students","District",2261,77.6,2257,76.8,948,80.2
"Farmington School District","=""0520011""","English Language Learners (EL)","English Learners",235,70.5,235,72.2,76,73.8
"Farmington School District","=""0520011""","English Language Learners (EL)","Not English Learners",2026,78.4,2022,77.4,872,80.7
"Farmington School District","=""0520011""","Gender","Female",1143,79.7,1142,76.5,506,81.3
"Farmington School District","=""0520011""","Gender","Male","*","*","*","*","*","*"
"Farmington School District","=""0520011""","Gender","Non-Binary","*","*","*","*","*","*"
"Farmington School District","=""0520011""","Grade","03",307,77.5,307,80.0,"N/A","N/A"
"Farmington School District","=""0520011""","Grade","04",334,81.0,333,82.5,"N/A","N/A"
"Farmington School District","=""0520011""","Grade","05",308,79.6,307,81.0,308,83.7
"Farmington School District","=""0520011""","Grade","06",345,81.3,344,78.8,"N/A","N/A"
"Farmington School District","=""0520011""","Grade","07",321,77.1,320,74.7,"N/A","N/A"
"Farmington School District","=""0520011""","Grade","08",338,77.3,338,74.8,338,78.4
"Farmington School District","=""0520011""","Grade","11",308,68.6,308,65.6,302,78.5
"Farmington School District","=""0520011""","High Needs (F/R, EL or SWD)","High Needs",733,65.6,729,63.3,279,66.8
"Farmington School District","=""0520011""","High Needs (F/R, EL or SWD)","Not High Needs",1528,83.3,1528,83.3,669,85.8
"Farmington School District","=""0520011""","Free/Reduced Price Meal Eligibility (2-level)","Eligible For Free Or Reduced Price Meals",424,65.5,421,61.4,166,65.6
"Farmington School District","=""0520011""","Free/Reduced Price Meal Eligibility (2-level)","Not Eligible For Free Or Reduced Price Meals",1837,80.4,1836,80.4,782,83.3
"Farmington School District","=""0520011""","Race/Ethnicity","American Indian or Alaska Native","*","*","*","*","*","*"
"Farmington School District","=""0520011""","Race/Ethnicity","Asian",591,84.8,590,90.1,261,88.8
"Farmington School District","=""0520011""","Race/Ethnicity","Black or African American","*","*","*","*","*","*"
"Farmington School District","=""0520011""","Race/Ethnicity","Hispanic or Latino",299,68.8,299,63.3,129,69.9
"Farmington School District","=""0520011""","Race/Ethnicity","Two or More Races",127,77.7,126,77.5,51,80.3
"Farmington School District","=""0520011""","Race/Ethnicity","White",1142,77.3,1140,74.9,462,80.2
"Farmington School District","=""0520011""","Special Education Status (SWD)","Students with Disabilities",286,54.2,283,49.3,108,51.9
"Farmington School District","=""0520011""","Special Education Status (SWD)","Students without Disabilities",1975,81.0,1974,80.8,840,83.8
"Franklin School District","=""0530011""","All Students","District",106,74.0,106,71.1,30,69.6
"Franklin School District","=""0530011""","English Language Learners (EL)","Not English Learners",106,74.0,106,71.1,30,69.6
"Franklin School District","=""0530011""","Gender","Female",45,76.6,45,70.7,11,"*"
"Franklin School District","=""0530011""","Gender","Male",61,72.0,61,71.4,19,"*"
"Franklin School District","=""0530011""","Grade","03",27,76.5,27,72.9,"N/A","N/A"
"Franklin School District","=""0530011""","Grade","04",18,"*",18,"*","N/A","N/A"
"Franklin School District","=""0530011""","Grade","05",12,"*",12,"*",12,"*"
"Franklin School District","=""0530011""","Grade","06",19,"*",19,"*","N/A","N/A"
"Franklin School District","=""0530011""","Grade","07",12,"*",12,"*","N/A","N/A"
"Franklin School District","=""0530011""","Grade","08",18,"*",18,"*",18,"*"
"Franklin School District","=""0530011""","High Needs (F/R, EL or SWD)","High Needs",29,64.2,29,60.3,9,"*"
"Franklin School District","=""0530011""","High Needs (F/R, EL or SWD)","Not High Needs",77,77.6,77,75.2,21,72.3
"Franklin School District","=""0530011""","Free/Reduced Price Meal Eligibility (2-level)","Eligible For Free Or Reduced Price Meals",20,71.0,20,67.6,6,"*"
"Franklin School District","=""0530011""","Free/Reduced Price Meal Eligibility (2-level)","Not Eligible For Free Or Reduced Price Meals",86,74.6,86,71.9,24,66.7
"Franklin School District","=""0530011""","Race/Ethnicity","Asian",0,"N/A",0,"N/A","N/A","N/A"
"Franklin School District","=""0530011""","Race/Ethnicity","Hispanic or Latino",9,"*",9,"*","*","*"
"Franklin School District","=""0530011""","Race/Ethnicity","Two or More Races",9,"*",9,"*","*","*"
"Franklin School District","=""0530011""","Race/Ethnicity","White",88,74.4,88,70.6,24,66.6
"Franklin School District","=""0530011""","Special Education Status (SWD)","Students with Disabilities",13,"*",13,"*","*","*"
"Franklin School District","=""0530011""","Special Education Status (SWD)","Students without Disabilities",93,77.7,93,75.2,"*","*"
"Glastonbury School District","=""0540011""","All Students","District",3036,76.9,3035,76.7,1292,79.6
"Glastonbury School District","=""0540011""","English Language Learners (EL)","English Learners",211,66.8,211,70.5,75,61.9
"Glastonbury School District","=""0540011""","English Language Learners (EL)","Not English Learners",2825,77.6,2824,77.2,1217,80.7
"Glastonbury School District","=""0540011""","Gender","Female","*","*","*","*","*","*"
"Glastonbury School District","=""0540011""","Gender","Male",1587,75.5,1587,77.6,671,80.2
"Glastonbury School District","=""0540011""","Gender","Non-Binary","*","*","*","*","*","*"
"Glastonbury School District","=""0540011""","Grade","03",454,78.1,453,77.9,"N/A","N/A"
"Glastonbury School District","=""0540011""","Grade","04",406,79.2,406,78.6,"N/A","N/A"
"Glastonbury School District","=""0540011""","Grade","05",431,79.4,431,81.2,431,78.9
"Glastonbury School District","=""0540011""","Grade","06",434,81.0,434,78.0,"N/A","N/A"
"Glastonbury School District","=""0540011""","Grade","07",448,77.4,447,77.4,"N/A","N/A"
"Glastonbury School District","=""0540011""","Grade","08",439,75.7,440,77.7,438,76.4
"Glastonbury School District","=""0540011""","Grade","11",424,67.1,424,65.8,423,83.6
"Glastonbury School District","=""0540011""","High Needs (F/R, EL or SWD)","High Needs",863,63.7,863,62.2,343,63.4
"Glastonbury School District","=""0540011""","High Needs (F/R, EL or SWD)","Not High Needs",2173,82.1,2172,82.4,949,85.4
"Glastonbury School District","=""0540011""","Free/Reduced Price Meal Eligibility (2-level)","Eligible For Free Or Reduced Price Meals",431,64.0,431,62.1,174,67.5
"Glastonbury School District","=""0540011""","Free/Reduced Price Meal Eligibility (2-level)","Not Eligible For Free Or Reduced Price Meals",2605,79.0,2604,79.1,1118,81.5
"Glastonbury School District","=""0540011""","Race/Ethnicity","American Indian or Alaska Native","*","*","*","*","*","*"
"Glastonbury School District","=""0540011""","Race/Ethnicity","Asian",509,84.7,508,89.1,219,87.2
"Glastonbury School District","=""0540011""","Race/Ethnicity","Black or African American",106,66.2,106,63.5,54,61.8
"Glastonbury School District","=""0540011""","Race/Ethnicity","Hispanic or Latino",396,67.4,396,64.3,177,67.9
"Glastonbury School District","=""0540011""","Race/Ethnicity","Native Hawaiian or Other Pacific Islander","*","*","*","*","*","*"
"Glastonbury School District","=""0540011""","Race/Ethnicity","Two or More Races",200,77.4,200,77.2,82,80.6
"Glastonbury School District","=""0540011""","Race/Ethnicity","White",1818,77.3,1818,76.6,757,81.4
"Glastonbury School District","=""0540011""","Special Education Status (SWD)","Students with Disabilities",429,55.8,429,51.8,169,53.2
"Glastonbury School District","=""0540011""","Special Education Status (SWD)","Students without Disabilities",2607,80.3,2606,80.8,1123,83.5
"Granby School District","=""0560011""","All Students","District",913,72.6,913,65.3,411,72.0
"Granby School District","=""0560011""","English Language Learners (EL)","English Learners",17,"*",17,"*","*","*"
"Granby School District","=""0560011""","English Language Learners (EL)","Not English Learners",896,72.7,896,65.4,"*","*"
"Granby School District","=""0560011""","Gender","Female",428,73.4,428,62.5,197,72.3
"Granby School District","=""0560011""","Gender","Male",485,71.8,485,67.7,214,71.8
"Granby School District","=""0560011""","Grade","03",107,71.6,107,64.8,"N/A","N/A"
"Granby School District","=""0560011""","Grade","04",136,77.1,136,70.3,"N/A","N/A"
"Granby School District","=""0560011""","Grade","05",131,71.2,131,64.2,131,71.4
"Granby School District","=""0560011""","Grade","06",126,76.6,126,71.0,"N/A","N/A"
"Granby School District","=""0560011""","Grade","07",131,78.6,131,69.5,"N/A","N/A"
"Granby School District","=""0560011""","Grade","08",136,69.6,136,60.7,136,69.4
"Granby School District","=""0560011""","Grade","11",146,64.0,146,57.6,144,75.1
"Granby School District","=""0560011""","High Needs (F/R, EL or SWD)","High Needs",295,59.7,295,50.8,139,56.4
"Granby School District","=""0560011""","High Needs (F/R, EL or SWD)","Not High Needs",618,78.7,618,72.2,272,80.0
"Granby School District","=""0560011""","Free/Reduced Price Meal Eligibility (2-level)","Eligible For Free Or Reduced Price Meals",163,62.5,163,53.6,69,56.0
"Granby School District","=""0560011""","Free/Reduced Price Meal Eligibility (2-level)","Not Eligible For Free Or Reduced Price Meals",750,74.7,750,67.9,342,75.2
"Granby School District","=""0560011""","Race/Ethnicity","Asian",27,83.8,27,81.3,12,"*"
"Granby School District","=""0560011""","Race/Ethnicity","Black or African American",69,56.2,69,49.3,31,54.6
"Granby School District","=""0560011""","Race/Ethnicity","Hispanic or Latino",74,61.4,74,50.8,31,53.0
"Granby School District","=""0560011""","Race/Ethnicity","Two or More Races",29,69.3,29,60.8,15,"*"
"Granby School District","=""0560011""","Race/Ethnicity","White",714,75.0,714,67.9,322,75.4
"Granby School District","=""0560011""","Special Education Status (SWD)","Students with Disabilities",165,51.8,165,42.6,87,50.8
"Granby School District","=""0560011""","Special Education Status (SWD)","Students without Disabilities",748,77.1,748,70.3,324,77.7
"Greenwich School District","=""0570011""","All Students","District",4163,81.1,4158,80.4,1758,83.0
"Greenwich School District","=""0570011""","English Language Learners (EL)","English Learners",374,70.0,374,72.7,147,72.2
"Greenwich School District","=""0570011""","English Language Learners (EL)","Not English Learners",3789,82.1,3784,81.2,1611,84.0
"Greenwich School District","=""0570011""","Gender","Female","*","*","*","*","*","*"
"Greenwich School District","=""0570011""","Gender","Male",2183,79.7,2182,82.0,935,83.8
"Greenwich School District","=""0570011""","Gender","Non-Binary","*","*","*","*","*","*"
"Greenwich School District","=""0570011""","Grade","03",634,85.8,634,84.6,"N/A","N/A"
"Greenwich School District","=""0570011""","Grade","04",619,86.8,619,86.8,"N/A","N/A"
"Greenwich School District","=""0570011""","Grade","05",591,83.9,591,84.7,590,82.7
"Greenwich School District","=""0570011""","Grade","06",553,81.8,551,80.5,"N/A","N/A"
"Greenwich School District","=""0570011""","Grade","07",600,81.0,598,78.6,"N/A","N/A"
"Greenwich School District","=""0570011""","Grade","08",582,78.0,581,78.3,582,81.4
"Greenwich School District","=""0570011""","Grade","11",584,69.5,584,68.4,586,84.9
"Greenwich School District","=""0570011""","High Needs (F/R, EL or SWD)","High Needs",1448,67.9,1444,66.9,633,68.8
"Greenwich School District","=""0570011""","High Needs (F/R, EL or SWD)","Not High Needs",2715,88.1,2714,87.6,1125,91.0
"Greenwich School District","=""0570011""","Free/Reduced Price Meal Eligibility (2-level)","Eligible For Free Or Reduced Price Meals",767,68.6,766,67.1,347,70.7
"Greenwich School District","=""0570011""","Free/Reduced Price Meal Eligibility (2-level)","Not Eligible For Free Or Reduced Price Meals",3396,83.9,3392,83.4,1411,86.0
"Greenwich School District","=""0570011""","Race/Ethnicity","American Indian or Alaska Native","*","*","*","*","*","*"
"Greenwich School District","=""0570011""","Race/Ethnicity","Asian",381,90.7,381,94.7,163,94.4
"Greenwich School District","=""0570011""","Race/Ethnicity","Black or African American",63,68.4,63,60.3,29,64.0
"Greenwich School District","=""0570011""","Race/Ethnicity","Hispanic or Latino",933,72.7,932,71.9,410,74.5
"Greenwich School District","=""0570011""","Race/Ethnicity","Native Hawaiian or Other Pacific Islander","*","*","*","*","*","*"
"Greenwich School District","=""0570011""","Race/Ethnicity","Two or More Races",279,86.0,279,84.9,118,88.3
"Greenwich School District","=""0570011""","Race/Ethnicity","White",2496,82.5,2492,81.4,1032,84.5
"Greenwich School District","=""0570011""","Special Education Status (SWD)","Students with Disabilities",716,60.2,712,58.1,306,58.7
"Greenwich School District","=""0570011""","Special Education Status (SWD)","Students without Disabilities",3447,85.4,3446,85.0,1452,88.1
"Griswold School District","=""0580011""","All Students","District",871,63.8,870,56.9,366,64.0
"Griswold School District","=""0580011""","English Language Learners (EL)","English Learners",21,57.6,21,55.2,8,"*"
"Griswold School District","=""0580011""","English Language Learners (EL)","Not English Learners",850,63.9,849,56.9,358,64.2
"Griswold School District","=""0580011""","Gender","Female","*","*","*","*","*","*"
"Griswold School District","=""0580011""","Gender","Male",457,62.0,456,58.0,195,65.9
"Griswold School District","=""0580011""","Gender","Non-Binary","*","*","*","*","*","*"
"Griswold School District","=""0580011""","Grade","03",112,66.9,112,62.3,"N/A","N/A"
"Griswold School District","=""0580011""","Grade","04",117,64.6,116,61.7,"N/A","N/A"
"Griswold School District","=""0580011""","Grade","05",114,67.5,114,63.2,113,68.6
"Griswold School District","=""0580011""","Grade","06",126,61.4,126,56.1,"N/A","N/A"
"Griswold School District","=""0580011""","Grade","07",134,69.9,134,56.4,"N/A","N/A"
"Griswold School District","=""0580011""","Grade","08",130,65.3,130,52.7,130,59.5
"Griswold School District","=""0580011""","Grade","11",138,52.3,138,48.4,123,64.5
"Griswold School District","=""0580011""","High Needs (F/R, EL or SWD)","High Needs",500,57.3,499,50.8,203,56.6
"Griswold School District","=""0580011""","High Needs (F/R, EL or SWD)","Not High Needs",371,72.5,371,65.1,163,73.2
"Griswold School District","=""0580011""","Free/Reduced Price Meal Eligibility (2-level)","Eligible For Free Or Reduced Price Meals",441,58.1,441,51.8,174,57.3
"Griswold School District","=""0580011""","Free/Reduced Price Meal Eligibility (2-level)","Not Eligible For Free Or Reduced Price Meals",430,69.6,429,62.1,192,70.0
"Griswold School District","=""0580011""","Race/Ethnicity","American Indian or Alaska Native","*","*","*","*","*","*"
"Griswold School District","=""0580011""","Race/Ethnicity","Asian",21,72.0,21,69.8,"*","*"
"Griswold School District","=""0580011""","Race/Ethnicity","Black or African American",24,59.0,24,52.7,8,"*"
"Griswold School District","=""0580011""","Race/Ethnicity","Hispanic or Latino",121,58.9,121,50.8,48,59.9
"Griswold School District","=""0580011""","Race/Ethnicity","Native Hawaiian or Other Pacific Islander","*","*","*","*","N/A","N/A"
"Griswold School District","=""0580011""","Race/Ethnicity","Two or More Races",49,65.6,49,58.1,20,63.0
"Griswold School District","=""0580011""","Race/Ethnicity","White",649,64.3,648,57.5,281,64.9
"Griswold School District","=""0580011""","Special Education Status (SWD)","Students with Disabilities",153,43.7,152,37.0,63,48.3
"Griswold School District","=""0580011""","Special Education Status (SWD)","Students without Disabilities",718,68.0,718,61.1,303,67.3
"Groton School District","=""0590011""","All Students","District",1931,65.1,1930,60.8,758,64.5
"Groton School District","=""0590011""","English Language Learners (EL)","English Learners",142,49.8,142,49.6,60,51.0
"Groton School District","=""0590011""","English Language Learners (EL)","Not English Learners",1789,66.3,1788,61.7,698,65.7
"Groton School District","=""0590011""","Gender","Female","*","*","*","*","*","*"
"Groton School District","=""0590011""","Gender","Male",1040,63.7,1038,61.8,416,65.3
"Groton School District","=""0590011""","Gender","Non-Binary","*","*","*","*","*","*"
"Groton School District","=""0590011""","Grade","03",286,66.7,286,62.3,"N/A","N/A"
"Groton School District","=""0590011""","Grade","04",310,69.3,310,66.5,"N/A","N/A"
"Groton School District","=""0590011""","Grade","05",289,67.3,289,66.9,289,71.3
"Groton School District","=""0590011""","Grade","06",296,66.1,296,60.4,"N/A","N/A"
"Groton School District","=""0590011""","Grade","07",278,66.4,278,60.8,"N/A","N/A"
"Groton School District","=""0590011""","Grade","08",266,61.9,265,53.6,265,59.1
"Groton School District","=""0590011""","Grade","11",206,54.8,206,51.4,204,61.9
"Groton School District","=""0590011""","High Needs (F/R, EL or SWD)","High Needs",1127,58.2,1127,53.4,432,56.9
"Groton School District","=""0590011""","High Needs (F/R, EL or SWD)","Not High Needs",804,74.8,803,71.1,326,74.6
"Groton School District","=""0590011""","Free/Reduced Price Meal Eligibility (2-level)","Eligible For Free Or Reduced Price Meals",931,59.9,931,55.0,364,59.2
"Groton School District","=""0590011""","Free/Reduced Price Meal Eligibility (2-level)","Not Eligible For Free Or Reduced Price Meals",1000,70.0,999,66.3,394,69.4
"Groton School District","=""0590011""","Race/Ethnicity","American Indian or Alaska Native",14,"*",14,"*","*","*"
"Groton School District","=""0590011""","Race/Ethnicity","Asian",115,68.8,115,71.3,48,68.9
"Groton School District","=""0590011""","Race/Ethnicity","Black or African American",133,56.8,133,50.2,58,54.1
"Groton School District","=""0590011""","Race/Ethnicity","Hispanic or Latino",511,58.1,511,53.4,194,57.1
"Groton School District","=""0590011""","Race/Ethnicity","Native Hawaiian or Other Pacific Islander",7,"*",7,"*","*","*"
"Groton School District","=""0590011""","Race/Ethnicity","Two or More Races",236,62.8,236,56.2,94,60.5
"Groton School District","=""0590011""","Race/Ethnicity","White",915,70.5,914,66.5,347,71.3
"Groton School District","=""0590011""","Special Education Status (SWD)","Students with Disabilities",411,46.9,410,41.7,131,44.7
"Groton School District","=""0590011""","Special Education Status (SWD)","Students without Disabilities",1520,70.0,1520,65.9,627,68.6
"Guilford School District","=""0600011""","All Students","District",1600,76.2,1597,73.7,679,74.2
"Guilford School District","=""0600011""","English Language Learners (EL)","English Learners",64,66.6,64,68.0,21,70.0
"Guilford School District","=""0600011""","English Language Learners (EL)","Not English Learners",1536,76.7,1533,74.0,658,74.3
"Guilford School District","=""0600011""","Gender","Female",773,77.5,771,71.6,333,73.5
"Guilford School District","=""0600011""","Gender","Male",827,75.1,826,75.7,346,74.8
"Guilford School District","=""0600011""","Grade","03",227,77.3,227,71.7,"N/A","N/A"
"Guilford School District","=""0600011""","Grade","04",231,79.8,231,76.1,"N/A","N/A"
"Guilford School District","=""0600011""","Grade","05",193,80.5,193,76.0,193,79.5
"Guilford School District","=""0600011""","Grade","06",218,81.8,218,78.7,"N/A","N/A"
"Guilford School District","=""0600011""","Grade","07",245,74.9,243,75.3,"N/A","N/A"
"Guilford School District","=""0600011""","Grade","08",230,74.9,229,77.0,231,76.7
"Guilford School District","=""0600011""","Grade","11",256,66.7,256,63.0,255,67.7
"Guilford School District","=""0600011""","High Needs (F/R, EL or SWD)","High Needs",467,62.3,464,59.4,180,62.3
"Guilford School District","=""0600011""","High Needs (F/R, EL or SWD)","Not High Needs",1133,82.0,1133,79.6,499,78.4
"Guilford School District","=""0600011""","Free/Reduced Price Meal Eligibility (2-level)","Eligible For Free Or Reduced Price Meals",210,67.4,209,64.6,88,66.6
"Guilford School District","=""0600011""","Free/Reduced Price Meal Eligibility (2-level)","Not Eligible For Free Or Reduced Price Meals",1390,77.6,1388,75.1,591,75.3
"Guilford School District","=""0600011""","Race/Ethnicity","Asian",77,86.1,77,89.8,33,91.3
"Guilford School District","=""0600011""","Race/Ethnicity","Black or African American","*","*","*","*","*","*"
"Guilford School District","=""0600011""","Race/Ethnicity","Hispanic or Latino",160,69.7,160,67.0,51,66.1
"Guilford School District","=""0600011""","Race/Ethnicity","Native Hawaiian or Other Pacific Islander","*","*","*","*","*","*"
"Guilford School District","=""0600011""","Race/Ethnicity","Two or More Races",109,82.2,108,77.6,44,85.7
"Guilford School District","=""0600011""","Race/Ethnicity","White",1240,76.1,1238,73.5,544,73.2
"Guilford School District","=""0600011""","Special Education Status (SWD)","Students with Disabilities",283,55.4,280,51.8,100,54.8
"Guilford School District","=""0600011""","Special Education Status (SWD)","Students without Disabilities",1317,80.7,1317,78.4,579,77.5
"Hamden School District","=""0620011""","All Students","District",2570,58.8,2568,55.1,1109,54.2
"Hamden School District","=""0620011""","English Language Learners (EL)","English Learners",346,49.4,345,49.1,154,47.9
"Hamden School District","=""0620011""","English Language Learners (EL)","Not English Learners",2224,60.2,2223,56.1,955,55.2
"Hamden School District","=""0620011""","Gender","Female",1306,61.5,1304,55.2,563,55.4
"Hamden School District","=""0620011""","Gender","Male","*","*","*","*","*","*"
"Hamden School District","=""0620011""","Gender","Non-Binary","*","*","*","*","*","*"
"Hamden School District","=""0620011""","Grade","03",317,60.5,316,57.4,"N/A","N/A"
"Hamden School District","=""0620011""","Grade","04",391,62.1,391,58.4,"N/A","N/A"
"Hamden School District","=""0620011""","Grade","05",349,61.4,350,60.3,347,61.1
"Hamden School District","=""0620011""","Grade","06",387,66.0,387,59.5,"N/A","N/A"
"Hamden School District","=""0620011""","Grade","07",365,59.0,364,53.3,"N/A","N/A"
"Hamden School District","=""0620011""","Grade","08",392,53.2,391,52.5,393,53.3
"Hamden School District","=""0620011""","Grade","11",369,49.2,369,44.8,369,48.5
"Hamden School District","=""0620011""","High Needs (F/R, EL or SWD)","High Needs",1488,51.3,1487,47.6,612,46.7
"Hamden School District","=""0620011""","High Needs (F/R, EL or SWD)","Not High Needs",1082,69.1,1081,65.6,497,63.3
"Hamden School District","=""0620011""","Free/Reduced Price Meal Eligibility (2-level)","Eligible For Free Or Reduced Price Meals",1136,52.8,1135,48.9,464,48.1
"Hamden School District","=""0620011""","Free/Reduced Price Meal Eligibility (2-level)","Not Eligible For Free Or Reduced Price Meals",1434,63.5,1433,60.0,645,58.5
"Hamden School District","=""0620011""","Race/Ethnicity","American Indian or Alaska Native","*","*","*","*","*","*"
"Hamden School District","=""0620011""","Race/Ethnicity","Asian",159,67.5,159,65.6,"*","*"
"Hamden School District","=""0620011""","Race/Ethnicity","Black or African American",812,53.0,813,46.9,350,46.0
"Hamden School District","=""0620011""","Race/Ethnicity","Hispanic or Latino",788,52.9,786,50.6,331,48.5
"Hamden School District","=""0620011""","Race/Ethnicity","Native Hawaiian or Other Pacific Islander","*","*","*","*","N/A","N/A"
"Hamden School District","=""0620011""","Race/Ethnicity","Two or More Races",179,62.6,177,58.1,77,60.9
"Hamden School District","=""0620011""","Race/Ethnicity","White",627,70.4,628,68.0,278,67.0
"Hamden School District","=""0620011""","Special Education Status (SWD)","Students with Disabilities",468,41.1,467,36.6,193,36.0
"Hamden School District","=""0620011""","Special Education Status (SWD)","Students without Disabilities",2102,62.7,2101,59.3,916,58.0
"Hampton School District","=""0630011""","All Students","District",35,65.9,35,56.4,7,"*"
"Hampton School District","=""0630011""","English Language Learners (EL)","Not English Learners",35,65.9,35,56.4,7,"*"
"Hampton School District","=""0630011""","Gender","Female",17,"*",17,"*","*","*"
"Hampton School District","=""0630011""","Gender","Male",18,"*",18,"*","*","*"
"Hampton School District","=""0630011""","Grade","03",14,"*",14,"*","N/A","N/A"
"Hampton School District","=""0630011""","Grade","04",6,"*",6,"*","N/A","N/A"
"Hampton School District","=""0630011""","Grade","05",7,"*",7,"*",7,"*"
"Hampton School District","=""0630011""","Grade","06",8,"*",8,"*","N/A","N/A"
"Hampton School District","=""0630011""","High Needs (F/R, EL or SWD)","High Needs",21,59.4,21,46.5,"*","*"
"Hampton School District","=""0630011""","High Needs (F/R, EL or SWD)","Not High Needs",14,"*",14,"*","*","*"
"Hampton School District","=""0630011""","Free/Reduced Price Meal Eligibility (2-level)","Eligible For Free Or Reduced Price Meals",15,"*",15,"*","*","*"
"Hampton School District","=""0630011""","Free/Reduced Price Meal Eligibility (2-level)","Not Eligible For Free Or Reduced Price Meals",20,63.0,20,59.0,"*","*"
"Hampton School District","=""0630011""","Race/Ethnicity","Hispanic or Latino","*","*","*","*","*","*"
"Hampton School District","=""0630011""","Race/Ethnicity","Two or More Races","*","*","*","*","N/A","N/A"
"Hampton School District","=""0630011""","Race/Ethnicity","White",29,65.9,29,57.7,"*","*"
"Hampton School District","=""0630011""","Special Education Status (SWD)","Students with Disabilities",9,"*",9,"*","*","*"
"Hampton School District","=""0630011""","Special Education Status (SWD)","Students without Disabilities",26,76.2,26,63.9,"*","*"
"Hartford School District","=""0640011""","All Students","District",7032,49.0,7004,45.2,3003,45.8
"Hartford School District","=""0640011""","English Language Learners (EL)","English Learners",2156,42.9,2146,41.8,896,39.6
"Hartford School District","=""0640011""","English Language Learners (EL)","Not English Learners",4876,51.7,4858,46.7,2107,48.5
"Hartford School District","=""0640011""","Gender","Female","*","*","*","*","*","*"
"Hartford School District","=""0640011""","Gender","Male",3555,47.4,3548,45.6,1509,45.3
"Hartford School District","=""0640011""","Gender","Non-Binary","*","*","*","*","*","*"
"Hartford School District","=""0640011""","Grade","03",991,51.4,987,48.2,"N/A","N/A"
"Hartford School District","=""0640011""","Grade","04",1048,53.4,1043,51.2,"N/A","N/A"
"Hartford School District","=""0640011""","Grade","05",1015,49.1,1013,50.6,1016,49.1
"Hartford School District","=""0640011""","Grade","06",1003,53.2,1001,45.5,"N/A","N/A"
"Hartford School District","=""0640011""","Grade","07",1002,48.7,992,43.3,"N/A","N/A"
"Hartford School District","=""0640011""","Grade","08",1084,45.9,1079,40.2,1082,46.7
"Hartford School District","=""0640011""","Grade","11",889,40.2,889,36.4,905,41.1
"Hartford School District","=""0640011""","High Needs (F/R, EL or SWD)","High Needs",6243,46.6,6215,42.9,2654,43.8
"Hartford School District","=""0640011""","High Needs (F/R, EL or SWD)","Not High Needs",789,67.4,789,63.2,349,60.8
"Hartford School District","=""0640011""","Free/Reduced Price Meal Eligibility (2-level)","Eligible For Free Or Reduced Price Meals",5743,46.9,5715,42.6,2455,44.0
"Hartford School District","=""0640011""","Free/Reduced Price Meal Eligibility (2-level)","Not Eligible For Free Or Reduced Price Meals",1289,58.1,1289,56.7,548,53.9
"Hartford School District","=""0640011""","Race/Ethnicity","American Indian or Alaska Native","*","*","*","*","*","*"
"Hartford School District","=""0640011""","Race/Ethnicity","Asian",226,71.8,225,74.5,85,69.8
"Hartford School District","=""0640011""","Race/Ethnicity","Black or African American",2032,50.3,2023,44.8,907,46.7
"Hartford School District","=""0640011""","Race/Ethnicity","Hispanic or Latino",4154,45.3,4135,42.0,1727,42.0
"Hartford School District","=""0640011""","Race/Ethnicity","Native Hawaiian or Other Pacific Islander","*","*","*","*","*","*"
"Hartford School District","=""0640011""","Race/Ethnicity","Two or More Races",213,57.5,214,53.1,90,55.5
"Hartford School District","=""0640011""","Race/Ethnicity","White",382,63.8,382,60.0,183,61.7
"Hartford School District","=""0640011""","Special Education Status (SWD)","Students with Disabilities",1614,35.5,1602,30.0,658,32.9
"Hartford School District","=""0640011""","Special Education Status (SWD)","Students without Disabilities",5418,53.0,5402,49.7,2345,49.4
"Hartland School District","=""0650011""","All Students","District",70,76.1,70,73.2,32,78.8
"Hartland School District","=""0650011""","English Language Learners (EL)","Not English Learners",70,76.1,70,73.2,32,78.8
"Hartland School District","=""0650011""","Gender","Female",30,81.6,30,74.9,14,"*"
"Hartland School District","=""0650011""","Gender","Male",40,72.0,40,71.8,18,"*"
"Hartland School District","=""0650011""","Grade","03","*","*","*","*","N/A","N/A"
"Hartland School District","=""0650011""","Grade","04","*","*","*","*","N/A","N/A"
"Hartland School District","=""0650011""","Grade","05",11,"*",11,"*",11,"*"
"Hartland School District","=""0650011""","Grade","06",10,"*",10,"*","N/A","N/A"
"Hartland School District","=""0650011""","Grade","07",13,"*",13,"*","N/A","N/A"
"Hartland School District","=""0650011""","Grade","08",21,77.8,21,71.3,21,76.9
"Hartland School District","=""0650011""","High Needs (F/R, EL or SWD)","High Needs",25,68.5,25,60.4,14,"*"
"Hartland School District","=""0650011""","High Needs (F/R, EL or SWD)","Not High Needs",45,80.4,45,80.3,18,"*"
"Hartland School District","=""0650011""","Free/Reduced Price Meal Eligibility (2-level)","Eligible For Free Or Reduced Price Meals",14,"*",14,"*",6,"*"
"Hartland School District","=""0650011""","Free/Reduced Price Meal Eligibility (2-level)","Not Eligible For Free Or Reduced Price Meals",56,77.3,56,76.0,26,80.7
"Hartland School District","=""0650011""","Race/Ethnicity","Hispanic or Latino","*","*","*","*","*","*"
"Hartland School District","=""0650011""","Race/Ethnicity","Two or More Races","*","*","*","*","*","*"
"Hartland School District","=""0650011""","Race/Ethnicity","White",61,75.3,61,73.3,26,80.5
"Hartland School District","=""0650011""","Special Education Status (SWD)","Students with Disabilities",16,"*",16,"*",10,"*"
"Hartland School District","=""0650011""","Special Education Status (SWD)","Students without Disabilities",54,79.8,54,78.3,22,80.2
"Hebron School District","=""0670011""","All Students","District",369,76.4,369,73.9,92,74.3
"Hebron School District","=""0670011""","English Language Learners (EL)","English Learners",6,"*",6,"*","*","*"
"Hebron School District","=""0670011""","English Language Learners (EL)","Not English Learners",363,76.4,363,73.9,"*","*"
"Hebron School District","=""0670011""","Gender","Female",178,77.1,178,70.2,42,70.5
"Hebron School District","=""0670011""","Gender","Male",191,75.6,191,77.4,50,77.5
"Hebron School District","=""0670011""","Grade","03",93,72.9,93,68.4,"N/A","N/A"
"Hebron School District","=""0670011""","Grade","04",94,77.4,94,72.0,"N/A","N/A"
"Hebron School District","=""0670011""","Grade","05",92,76.0,92,77.1,92,74.3
"Hebron School District","=""0670011""","Grade","06",90,79.2,90,78.4,"N/A","N/A"
"Hebron School District","=""0670011""","High Needs (F/R, EL or SWD)","High Needs",120,64.4,120,59.9,28,60.4
"Hebron School District","=""0670011""","High Needs (F/R, EL or SWD)","Not High Needs",249,82.1,249,80.7,64,80.4
"Hebron School District","=""0670011""","Free/Reduced Price Meal Eligibility (2-level)","Eligible For Free Or Reduced Price Meals",63,71.3,63,66.9,17,"*"
"Hebron School District","=""0670011""","Free/Reduced Price Meal Eligibility (2-level)","Not Eligible For Free Or Reduced Price Meals",306,77.4,306,75.4,75,77.6
"Hebron School District","=""0670011""","Race/Ethnicity","American Indian or Alaska Native","*","*","*","*","N/A","N/A"
"Hebron School District","=""0670011""","Race/Ethnicity","Asian",9,"*",9,"*","*","*"
"Hebron School District","=""0670011""","Race/Ethnicity","Black or African American","*","*","*","*","N/A","N/A"
"Hebron School District","=""0670011""","Race/Ethnicity","Hispanic or Latino",18,"*",18,"*",6,"*"
"Hebron School District","=""0670011""","Race/Ethnicity","Two or More Races",17,"*",17,"*","*","*"
"Hebron School District","=""0670011""","Race/Ethnicity","White",319,77.9,319,75.5,81,75.5
"Hebron School District","=""0670011""","Special Education Status (SWD)","Students with Disabilities",72,56.0,72,52.2,17,"*"
"Hebron School District","=""0670011""","Special Education Status (SWD)","Students without Disabilities",297,81.3,297,79.2,75,79.1
"Kent School District","=""0680011""","All Students","District",120,75.9,120,71.6,37,76.1
"Kent School District","=""0680011""","English Language Learners (EL)","English Learners","*","*","*","*","N/A","N/A"
"Kent School District","=""0680011""","English Language Learners (EL)","Not English Learners","*","*","*","*",37,76.1
"Kent School District","=""0680011""","Gender","Female",57,77.8,57,69.8,17,"*"
"Kent School District","=""0680011""","Gender","Male",63,74.2,63,73.2,20,73.4
"Kent School District","=""0680011""","Grade","03",21,72.1,21,66.5,"N/A","N/A"
"Kent School District","=""0680011""","Grade","04",23,71.1,23,66.9,"N/A","N/A"
"Kent School District","=""0680011""","Grade","05",14,"*",14,"*",14,"*"
"Kent School District","=""0680011""","Grade","06",29,82.3,29,75.7,"N/A","N/A"
"Kent School District","=""0680011""","Grade","07",10,"*",10,"*","N/A","N/A"
"Kent School District","=""0680011""","Grade","08",23,71.8,23,71.6,23,73.4
"Kent School District","=""0680011""","High Needs (F/R, EL or SWD)","High Needs",46,71.2,46,64.8,13,"*"
"Kent School District","=""0680011""","High Needs (F/R, EL or SWD)","Not High Needs",74,78.8,74,75.8,24,83.4
"Kent School District","=""0680011""","Free/Reduced Price Meal Eligibility (2-level)","Eligible For Free Or Reduced Price Meals",37,74.7,37,69.4,11,"*"
"Kent School District","=""0680011""","Free/Reduced Price Meal Eligibility (2-level)","Not Eligible For Free Or Reduced Price Meals",83,76.5,83,72.6,26,80.4
"Kent School District","=""0680011""","Race/Ethnicity","Asian","*","*","*","*","N/A","N/A"
"Kent School District","=""0680011""","Race/Ethnicity","Black or African American","*","*","*","*","*","*"
"Kent School District","=""0680011""","Race/Ethnicity","Hispanic or Latino",16,"*",16,"*","*","*"
"Kent School District","=""0680011""","Race/Ethnicity","Two or More Races","*","*","*","*","*","*"
"Kent School District","=""0680011""","Race/Ethnicity","White",92,75.1,92,70.3,30,74.4
"Kent School District","=""0680011""","Special Education Status (SWD)","Students with Disabilities",15,"*",15,"*","*","*"
"Kent School District","=""0680011""","Special Education Status (SWD)","Students without Disabilities",105,78.6,105,74.5,"*","*"
"Killingly School District","=""0690011""","All Students","District",1136,61.8,1132,54.7,497,58.6
"Killingly School District","=""0690011""","English Language Learners (EL)","English Learners",46,57.1,46,48.7,14,"*"
"Killingly School District","=""0690011""","English Language Learners (EL)","Not English Learners",1090,62.0,1086,55.0,483,58.8
"Killingly School District","=""0690011""","Gender","Female",537,64.7,535,54.3,242,59.4
"Killingly School District","=""0690011""","Gender","Male",599,59.2,597,55.1,255,57.8
"Killingly School District","=""0690011""","Grade","03",160,64.9,160,61.3,"N/A","N/A"
"Killingly School District","=""0690011""","Grade","04",133,68.3,133,68.8,"N/A","N/A"
"Killingly School District","=""0690011""","Grade","05",169,63.2,169,55.0,169,59.3
"Killingly School District","=""0690011""","Grade","06",160,66.7,159,57.0,"N/A","N/A"
"Killingly School District","=""0690011""","Grade","07",175,56.9,172,49.4,"N/A","N/A"
"Killingly School District","=""0690011""","Grade","08",183,62.5,183,52.1,182,64.2
"Killingly School District","=""0690011""","Grade","11",156,51.4,156,42.4,146,50.7
"Killingly School District","=""0690011""","High Needs (F/R, EL or SWD)","High Needs",667,56.6,664,50.0,264,52.1
"Killingly School District","=""0690011""","High Needs (F/R, EL or SWD)","Not High Needs",469,69.3,468,61.5,233,66.0
"Killingly School District","=""0690011""","Free/Reduced Price Meal Eligibility (2-level)","Eligible For Free Or Reduced Price Meals",558,57.9,555,51.4,218,53.5
"Killingly School District","=""0690011""","Free/Reduced Price Meal Eligibility (2-level)","Not Eligible For Free Or Reduced Price Meals",578,65.5,577,58.0,279,62.5
"Killingly School District","=""0690011""","Race/Ethnicity","American Indian or Alaska Native","*","*","*","*","*","*"
"Killingly School District","=""0690011""","Race/Ethnicity","Asian","*","*","*","*","*","*"
"Killingly School District","=""0690011""","Race/Ethnicity","Black or African American",22,59.7,21,50.3,11,"*"
"Killingly School District","=""0690011""","Race/Ethnicity","Hispanic or Latino",149,60.3,149,51.6,54,54.6
"Killingly School District","=""0690011""","Race/Ethnicity","Two or More Races",87,64.1,87,56.3,36,57.2
"Killingly School District","=""0690011""","Race/Ethnicity","White",856,61.9,853,55.2,392,59.9
"Killingly School District","=""0690011""","Special Education Status (SWD)","Students with Disabilities",247,46.4,245,39.7,98,40.6
"Killingly School District","=""0690011""","Special Education Status (SWD)","Students without Disabilities",889,66.1,887,58.9,399,63.0
"Lebanon School District","=""0710011""","All Students","District",429,69.3,429,66.1,187,64.1
"Lebanon School District","=""0710011""","English Language Learners (EL)","English Learners","*","*","*","*","*","*"
"Lebanon School District","=""0710011""","English Language Learners (EL)","Not English Learners","*","*","*","*","*","*"
"Lebanon School District","=""0710011""","Gender","Female",194,70.6,194,64.6,86,64.3
"Lebanon School District","=""0710011""","Gender","Male",235,68.2,235,67.4,101,64.0
"Lebanon School District","=""0710011""","Grade","03",59,74.4,59,71.2,"N/A","N/A"
"Lebanon School District","=""0710011""","Grade","04",57,77.1,57,71.3,"N/A","N/A"
"Lebanon School District","=""0710011""","Grade","05",48,71.9,48,70.5,48,73.2
"Lebanon School District","=""0710011""","Grade","06",66,72.6,66,66.4,"N/A","N/A"
"Lebanon School District","=""0710011""","Grade","07",61,74.1,61,74.5,"N/A","N/A"
"Lebanon School District","=""0710011""","Grade","08",54,69.9,54,70.1,54,64.5
"Lebanon School District","=""0710011""","Grade","11",84,52.5,84,47.8,85,58.7
"Lebanon School District","=""0710011""","High Needs (F/R, EL or SWD)","High Needs",160,59.5,160,56.4,65,53.6
"Lebanon School District","=""0710011""","High Needs (F/R, EL or SWD)","Not High Needs",269,75.1,269,71.9,122,69.7
"Lebanon School District","=""0710011""","Free/Reduced Price Meal Eligibility (2-level)","Eligible For Free Or Reduced Price Meals",109,61.1,109,56.5,44,52.0
"Lebanon School District","=""0710011""","Free/Reduced Price Meal Eligibility (2-level)","Not Eligible For Free Or Reduced Price Meals",320,72.1,320,69.4,143,67.9
"Lebanon School District","=""0710011""","Race/Ethnicity","American Indian or Alaska Native","*","*","*","*","*","*"
"Lebanon School District","=""0710011""","Race/Ethnicity","Asian","*","*","*","*","*","*"
"Lebanon School District","=""0710011""","Race/Ethnicity","Black or African American","*","*","*","*","*","*"
"Lebanon School District","=""0710011""","Race/Ethnicity","Hispanic or Latino",32,70.5,32,68.2,12,"*"
"Lebanon School District","=""0710011""","Race/Ethnicity","Native Hawaiian or Other Pacific Islander","*","*","*","*","*","*"
"Lebanon School District","=""0710011""","Race/Ethnicity","Two or More Races",14,"*",14,"*",7,"*"
"Lebanon School District","=""0710011""","Race/Ethnicity","White",372,69.8,372,66.7,164,65.6
"Lebanon School District","=""0710011""","Special Education Status (SWD)","Students with Disabilities",91,51.7,91,48.8,44,48.3
"Lebanon School District","=""0710011""","Special Education Status (SWD)","Students without Disabilities",338,74.0,338,70.8,143,69.0
"Ledyard School District","=""0720011""","All Students","District",1178,63.7,1173,61.2,509,69.2
"Ledyard School District","=""0720011""","English Language Learners (EL)","English Learners",41,56.4,41,58.6,13,"*"
"Ledyard School District","=""0720011""","English Language Learners (EL)","Not English Learners",1137,64.0,1132,61.3,496,69.6
"Ledyard School District","=""0720011""","Gender","Female",575,66.3,574,60.7,249,68.7
"Ledyard School District","=""0720011""","Gender","Male",603,61.3,599,61.7,260,69.7
"Ledyard School District","=""0720011""","Grade","03",136,64.6,133,63.7,"N/A","N/A"
"Ledyard School District","=""0720011""","Grade","04",178,70.5,178,67.9,"N/A","N/A"
"Ledyard School District","=""0720011""","Grade","05",154,67.4,152,69.8,152,73.9
"Ledyard School District","=""0720011""","Grade","06",187,64.4,187,59.0,"N/A","N/A"
"Ledyard School District","=""0720011""","Grade","07",162,58.5,162,58.4,"N/A","N/A"
"Ledyard School District","=""0720011""","Grade","08",188,63.0,188,59.3,188,67.6
"Ledyard School District","=""0720011""","Grade","11",173,57.8,173,52.1,169,66.8
"Ledyard School District","=""0720011""","High Needs (F/R, EL or SWD)","High Needs",446,54.1,441,50.1,180,56.5
"Ledyard School District","=""0720011""","High Needs (F/R, EL or SWD)","Not High Needs",732,69.6,732,67.9,329,76.2
"Ledyard School District","=""0720011""","Free/Reduced Price Meal Eligibility (2-level)","Eligible For Free Or Reduced Price Meals",280,55.5,278,51.3,112,60.5
"Ledyard School District","=""0720011""","Free/Reduced Price Meal Eligibility (2-level)","Not Eligible For Free Or Reduced Price Meals",898,66.3,895,64.3,397,71.7
"Ledyard School District","=""0720011""","Race/Ethnicity","American Indian or Alaska Native","*","*","*","*",6,"*"
"Ledyard School District","=""0720011""","Race/Ethnicity","Asian",35,64.2,35,65.1,13,"*"
"Ledyard School District","=""0720011""","Race/Ethnicity","Black or African American",24,55.7,24,55.9,11,"*"
"Ledyard School District","=""0720011""","Race/Ethnicity","Hispanic or Latino",181,59.0,180,56.6,81,60.4
"Ledyard School District","=""0720011""","Race/Ethnicity","Native Hawaiian or Other Pacific Islander","*","*","*","*","N/A","N/A"
"Ledyard School District","=""0720011""","Race/Ethnicity","Two or More Races",133,54.2,132,51.7,54,58.2
"Ledyard School District","=""0720011""","Race/Ethnicity","White",790,66.9,788,64.2,344,73.8
"Ledyard School District","=""0720011""","Special Education Status (SWD)","Students with Disabilities",219,46.8,215,42.0,92,47.2
"Ledyard School District","=""0720011""","Special Education Status (SWD)","Students without Disabilities",959,67.6,958,65.5,417,74.1
"Lisbon School District","=""0730011""","All Students","District",244,66.0,243,64.6,79,63.8
"Lisbon School District","=""0730011""","English Language Learners (EL)","English Learners",15,"*",15,"*",6,"*"
"Lisbon School District","=""0730011""","English Language Learners (EL)","Not English Learners",229,66.8,228,65.3,73,65.0
"Lisbon School District","=""0730011""","Gender","Female",120,68.3,119,62.9,39,63.5
"Lisbon School District","=""0730011""","Gender","Male",124,63.7,124,66.2,40,64.1
"Lisbon School District","=""0730011""","Grade","03",45,70.2,45,68.4,"N/A","N/A"
"Lisbon School District","=""0730011""","Grade","04","*","*","*","*","N/A","N/A"
"Lisbon School District","=""0730011""","Grade","05",38,60.6,37,59.3,"*","*"
"Lisbon School District","=""0730011""","Grade","06",52,61.3,52,62.5,"N/A","N/A"
"Lisbon School District","=""0730011""","Grade","07",36,72.7,36,68.4,"N/A","N/A"
"Lisbon School District","=""0730011""","Grade","08",41,63.1,41,62.3,41,65.4
"Lisbon School District","=""0730011""","Grade","11","*","*","*","*","*","*"
"Lisbon School District","=""0730011""","High Needs (F/R, EL or SWD)","High Needs",125,59.3,125,57.7,47,58.9
"Lisbon School District","=""0730011""","High Needs (F/R, EL or SWD)","Not High Needs",119,73.0,118,71.9,32,71.0
"Lisbon School District","=""0730011""","Free/Reduced Price Meal Eligibility (2-level)","Eligible For Free Or Reduced Price Meals",89,61.9,89,60.1,36,60.2
"Lisbon School District","=""0730011""","Free/Reduced Price Meal Eligibility (2-level)","Not Eligible For Free Or Reduced Price Meals",155,68.3,154,67.2,43,66.8
"Lisbon School District","=""0730011""","Race/Ethnicity","American Indian or Alaska Native","*","*","*","*","*","*"
"Lisbon School District","=""0730011""","Race/Ethnicity","Asian","*","*","*","*","*","*"
"Lisbon School District","=""0730011""","Race/Ethnicity","Black or African American","*","*","*","*","*","*"
"Lisbon School District","=""0730011""","Race/Ethnicity","Hispanic or Latino",28,54.8,28,57.0,6,"*"
"Lisbon School District","=""0730011""","Race/Ethnicity","Two or More Races",15,"*",15,"*","*","*"
"Lisbon School District","=""0730011""","Race/Ethnicity","White",189,67.7,188,65.9,64,65.4
"Lisbon School District","=""0730011""","Special Education Status (SWD)","Students with Disabilities",48,50.0,48,47.4,14,"*"
"Lisbon School District","=""0730011""","Special Education Status (SWD)","Students without Disabilities",196,69.9,195,68.8,65,65.8
"Madison School District","=""0760011""","All Students","District",1292,80.3,1291,79.6,542,81.2
"Madison School District","=""0760011""","English Language Learners (EL)","English Learners",41,69.4,41,71.6,14,"*"
"Madison School District","=""0760011""","English Language Learners (EL)","Not English Learners",1251,80.7,1250,79.9,528,81.4
"Madison School District","=""0760011""","Gender","Female","*","*","*","*","*","*"
"Madison School District","=""0760011""","Gender","Male",666,79.4,666,81.8,279,81.3
"Madison School District","=""0760011""","Gender","Non-Binary","*","*","*","*","*","*"
"Madison School District","=""0760011""","Grade","03",182,82.2,182,82.3,"N/A","N/A"
"Madison School District","=""0760011""","Grade","04",193,82.0,192,80.1,"N/A","N/A"
"Madison School District","=""0760011""","Grade","05",177,83.8,177,82.9,177,82.9
"Madison School District","=""0760011""","Grade","06",187,82.4,187,79.7,"N/A","N/A"
"Madison School District","=""0760011""","Grade","07",187,83.6,187,82.4,"N/A","N/A"
"Madison School District","=""0760011""","Grade","08",185,80.6,185,83.4,185,83.3
"Madison School District","=""0760011""","Grade","11",181,67.4,181,66.4,180,77.2
"Madison School District","=""0760011""","High Needs (F/R, EL or SWD)","High Needs",265,64.3,265,62.0,106,61.5
"Madison School District","=""0760011""","High Needs (F/R, EL or SWD)","Not High Needs",1027,84.5,1026,84.2,436,86.0
"Madison School District","=""0760011""","Free/Reduced Price Meal Eligibility (2-level)","Eligible For Free Or Reduced Price Meals",42,68.5,42,66.5,16,"*"
"Madison School District","=""0760011""","Free/Reduced Price Meal Eligibility (2-level)","Not Eligible For Free Or Reduced Price Meals",1250,80.7,1249,80.1,526,81.7
"Madison School District","=""0760011""","Race/Ethnicity","American Indian or Alaska Native","*","*","*","*",0,"N/A"
"Madison School District","=""0760011""","Race/Ethnicity","Asian",39,85.5,39,88.3,"*","*"
"Madison School District","=""0760011""","Race/Ethnicity","Black or African American",7,"*",7,"*","*","*"
"Madison School District","=""0760011""","Race/Ethnicity","Hispanic or Latino",111,75.5,111,73.5,38,75.5
"Madison School District","=""0760011""","Race/Ethnicity","Native Hawaiian or Other Pacific Islander","*","*","*","*","N/A","N/A"
"Madison School District","=""0760011""","Race/Ethnicity","Two or More Races",68,85.4,68,85.8,26,85.3
"Madison School District","=""0760011""","Race/Ethnicity","White",1064,80.3,1063,79.5,454,81.2
"Madison School District","=""0760011""","Special Education Status (SWD)","Students with Disabilities",215,61.7,215,58.7,85,59.5
"Madison School District","=""0760011""","Special Education Status (SWD)","Students without Disabilities",1077,84.0,1076,83.8,457,85.2
"Manchester School District","=""0770011""","All Students","District",2863,56.6,2844,54.5,1183,52.8
"Manchester School District","=""0770011""","English Language Learners (EL)","English Learners",369,49.5,370,49.6,149,47.7
"Manchester School District","=""0770011""","English Language Learners (EL)","Not English Learners",2494,57.7,2474,55.2,1034,53.5
"Manchester School District","=""0770011""","Gender","Female",1352,59.2,1343,54.5,555,53.9
"Manchester School District","=""0770011""","Gender","Male",1511,54.3,1501,54.4,628,51.8
"Manchester School District","=""0770011""","Grade","03",429,60.9,428,59.4,"N/A","N/A"
"Manchester School District","=""0770011""","Grade","04",441,65.0,439,64.0,"N/A","N/A"
"Manchester School District","=""0770011""","Grade","05",406,54.0,405,55.3,408,57.9
"Manchester School District","=""0770011""","Grade","06",437,59.9,432,58.6,"N/A","N/A"
"Manchester School District","=""0770011""","Grade","07",403,55.7,397,50.4,"N/A","N/A"
"Manchester School District","=""0770011""","Grade","08",387,50.1,383,47.0,388,53.6
"Manchester School District","=""0770011""","Grade","11",360,48.1,360,43.7,387,46.6
"Manchester School District","=""0770011""","High Needs (F/R, EL or SWD)","High Needs",2008,51.0,1990,49.1,816,47.5
"Manchester School District","=""0770011""","High Needs (F/R, EL or SWD)","Not High Needs",855,69.7,854,67.0,367,64.6
"Manchester School District","=""0770011""","Free/Reduced Price Meal Eligibility (2-level)","Eligible For Free Or Reduced Price Meals",1745,52.0,1731,49.8,705,48.4
"Manchester School District","=""0770011""","Free/Reduced Price Meal Eligibility (2-level)","Not Eligible For Free Or Reduced Price Meals",1118,63.8,1113,61.7,478,59.2
"Manchester School District","=""0770011""","Race/Ethnicity","American Indian or Alaska Native",15,"*",16,"*","*","*"
"Manchester School District","=""0770011""","Race/Ethnicity","Asian",201,65.3,199,66.6,84,60.3
"Manchester School District","=""0770011""","Race/Ethnicity","Black or African American",739,52.5,736,48.7,316,47.8
"Manchester School District","=""0770011""","Race/Ethnicity","Hispanic or Latino",1037,51.7,1027,50.3,429,47.8
"Manchester School District","=""0770011""","Race/Ethnicity","Native Hawaiian or Other Pacific Islander",9,"*",9,"*","*","*"
"Manchester School District","=""0770011""","Race/Ethnicity","Two or More Races",104,55.7,104,54.9,34,58.9
"Manchester School District","=""0770011""","Race/Ethnicity","White",758,65.3,753,62.5,310,62.4
"Manchester School District","=""0770011""","Special Education Status (SWD)","Students with Disabilities",606,36.6,595,33.8,260,32.8
"Manchester School District","=""0770011""","Special Education Status (SWD)","Students without Disabilities",2257,62.0,2249,59.9,923,58.4
"Mansfield School District","=""0780011""","All Students","District",618,75.6,615,73.4,197,75.6
"Mansfield School District","=""0780011""","English Language Learners (EL)","English Learners",60,63.3,60,63.7,21,60.4
"Mansfield School District","=""0780011""","English Language Learners (EL)","Not English Learners",558,77.0,555,74.4,176,77.4
"Mansfield School District","=""0780011""","Gender","Female",307,78.0,306,73.5,91,77.7
"Mansfield School District","=""0780011""","Gender","Male",311,73.3,309,73.3,106,73.7
"Mansfield School District","=""0780011""","Grade","03",110,73.8,110,71.0,"N/A","N/A"
"Mansfield School District","=""0780011""","Grade","04",118,83.0,118,80.5,"N/A","N/A"
"Mansfield School District","=""0780011""","Grade","05",106,66.8,105,68.1,106,74.2
"Mansfield School District","=""0780011""","Grade","06",98,78.1,98,74.1,"N/A","N/A"
"Mansfield School District","=""0780011""","Grade","07",94,76.4,93,72.3,"N/A","N/A"
"Mansfield School District","=""0780011""","Grade","08",92,75.3,91,73.5,91,77.2
"Mansfield School District","=""0780011""","High Needs (F/R, EL or SWD)","High Needs",254,64.0,253,60.3,86,63.4
"Mansfield School District","=""0780011""","High Needs (F/R, EL or SWD)","Not High Needs",364,83.7,362,82.5,111,85.0
"Mansfield School District","=""0780011""","Free/Reduced Price Meal Eligibility (2-level)","Eligible For Free Or Reduced Price Meals",183,65.2,183,60.6,60,61.3
"Mansfield School District","=""0780011""","Free/Reduced Price Meal Eligibility (2-level)","Not Eligible For Free Or Reduced Price Meals",435,80.0,432,78.8,137,81.8
"Mansfield School District","=""0780011""","Race/Ethnicity","American Indian or Alaska Native","*","*","*","*","N/A","N/A"
"Mansfield School District","=""0780011""","Race/Ethnicity","Asian",71,86.2,71,88.6,20,96.1
"Mansfield School District","=""0780011""","Race/Ethnicity","Black or African American","*","*","*","*",6,"*"
"Mansfield School District","=""0780011""","Race/Ethnicity","Hispanic or Latino",116,64.5,116,57.8,40,57.4
"Mansfield School District","=""0780011""","Race/Ethnicity","Two or More Races",26,83.4,26,79.6,8,"*"
"Mansfield School District","=""0780011""","Race/Ethnicity","White",385,76.6,382,75.0,123,78.9
"Mansfield School District","=""0780011""","Special Education Status (SWD)","Students with Disabilities",100,51.2,99,45.0,32,44.6
"Mansfield School District","=""0780011""","Special Education Status (SWD)","Students without Disabilities",518,80.4,516,78.9,165,81.6
"Marlborough School District","=""0790011""","All Students","District",248,74.8,248,73.0,54,75.1
"Marlborough School District","=""0790011""","English Language Learners (EL)","English Learners","*","*","*","*","*","*"
"Marlborough School District","=""0790011""","English Language Learners (EL)","Not English Learners","*","*","*","*","*","*"
"Marlborough School District","=""0790011""","Gender","Female",109,74.6,109,69.8,21,66.9
"Marlborough School District","=""0790011""","Gender","Male",139,74.9,139,75.6,33,80.2
"Marlborough School District","=""0790011""","Grade","03",57,70.1,57,65.8,"N/A","N/A"
"Marlborough School District","=""0790011""","Grade","04",72,74.6,72,73.5,"N/A","N/A"
"Marlborough School District","=""0790011""","Grade","05",54,75.7,54,78.3,54,75.1
"Marlborough School District","=""0790011""","Grade","06",65,78.4,65,74.4,"N/A","N/A"
"Marlborough School District","=""0790011""","High Needs (F/R, EL or SWD)","High Needs",78,63.7,78,62.8,18,"*"
"Marlborough School District","=""0790011""","High Needs (F/R, EL or SWD)","Not High Needs",170,79.9,170,77.7,36,81.4
"Marlborough School District","=""0790011""","Free/Reduced Price Meal Eligibility (2-level)","Eligible For Free Or Reduced Price Meals",51,68.5,51,65.0,10,"*"
"Marlborough School District","=""0790011""","Free/Reduced Price Meal Eligibility (2-level)","Not Eligible For Free Or Reduced Price Meals",197,76.4,197,75.1,44,76.9
"Marlborough School District","=""0790011""","Race/Ethnicity","American Indian or Alaska Native","*","*","*","*","N/A","N/A"
"Marlborough School District","=""0790011""","Race/Ethnicity","Asian","*","*","*","*","*","*"
"Marlborough School District","=""0790011""","Race/Ethnicity","Black or African American","*","*","*","*","N/A","N/A"
"Marlborough School District","=""0790011""","Race/Ethnicity","Hispanic or Latino",22,63.5,22,57.1,"*","*"
"Marlborough School District","=""0790011""","Race/Ethnicity","Two or More Races","*","*","*","*","*","*"
"Marlborough School District","=""0790011""","Race/Ethnicity","White",219,75.7,219,74.4,48,75.7
"Marlborough School District","=""0790011""","Special Education Status (SWD)","Students with Disabilities",37,53.7,37,51.8,9,"*"
"Marlborough School District","=""0790011""","Special Education Status (SWD)","Students without Disabilities",211,78.5,211,76.7,45,80.2
"Meriden School District","=""0800011""","All Students","District",4292,63.3,4251,60.3,1808,57.4
"Meriden School District","=""0800011""","English Language Learners (EL)","English Learners",1084,54.8,1076,57.1,414,49.9
"Meriden School District","=""0800011""","English Language Learners (EL)","Not English Learners",3208,66.1,3175,61.4,1394,59.7
"Meriden School District","=""0800011""","Gender","Female",2136,65.0,2113,60.0,873,57.7
"Meriden School District","=""0800011""","Gender","Male",2156,61.6,2138,60.7,935,57.2
"Meriden School District","=""0800011""","Grade","03",619,67.3,618,68.1,"N/A","N/A"
"Meriden School District","=""0800011""","Grade","04",615,69.7,610,70.7,"N/A","N/A"
"Meriden School District","=""0800011""","Grade","05",583,70.3,580,72.8,578,66.2
"Meriden School District","=""0800011""","Grade","06",630,67.4,620,61.1,"N/A","N/A"
"Meriden School District","=""0800011""","Grade","07",614,63.1,601,56.1,"N/A","N/A"
"Meriden School District","=""0800011""","Grade","08",646,60.2,637,53.1,639,58.0
"Meriden School District","=""0800011""","Grade","11",585,44.4,585,40.3,591,48.3
"Meriden School District","=""0800011""","High Needs (F/R, EL or SWD)","High Needs",3680,60.8,3641,58.0,1549,55.3
"Meriden School District","=""0800011""","High Needs (F/R, EL or SWD)","Not High Needs",612,78.2,610,74.1,259,70.1
"Meriden School District","=""0800011""","Free/Reduced Price Meal Eligibility (2-level)","Eligible For Free Or Reduced Price Meals",3436,61.4,3403,58.2,1459,55.6
"Meriden School District","=""0800011""","Free/Reduced Price Meal Eligibility (2-level)","Not Eligible For Free Or Reduced Price Meals",856,70.6,848,68.7,349,65.0
"Meriden School District","=""0800011""","Race/Ethnicity","American Indian or Alaska Native",10,"*",10,"*",6,"*"
"Meriden School District","=""0800011""","Race/Ethnicity","Asian",71,75.9,71,73.8,31,67.5
"Meriden School District","=""0800011""","Race/Ethnicity","Black or African American",494,62.1,488,56.2,228,53.9
"Meriden School District","=""0800011""","Race/Ethnicity","Hispanic or Latino",2694,60.3,2670,58.0,1104,54.8
"Meriden School District","=""0800011""","Race/Ethnicity","Two or More Races",253,67.5,250,63.0,101,57.1
"Meriden School District","=""0800011""","Race/Ethnicity","White",770,72.1,762,69.0,338,67.8
"Meriden School District","=""0800011""","Special Education Status (SWD)","Students with Disabilities",864,45.0,844,40.6,337,39.8
"Meriden School District","=""0800011""","Special Education Status (SWD)","Students without Disabilities",3428,67.9,3407,65.2,1471,61.5
"Middletown School District","=""0830011""","All Students","District",2174,57.1,2146,52.1,936,54.7
"Middletown School District","=""0830011""","English Language Learners (EL)","English Learners",206,47.1,205,45.2,82,40.9
"Middletown School District","=""0830011""","English Language Learners (EL)","Not English Learners",1968,58.1,1941,52.8,854,56.0
"Middletown School District","=""0830011""","Gender","Female","*","*","*","*",479,53.9
"Middletown School District","=""0830011""","Gender","Male",1089,55.1,1079,53.1,457,55.5
"Middletown School District","=""0830011""","Gender","Non-Binary","*","*","*","*","N/A","N/A"
"Middletown School District","=""0830011""","Grade","03",314,61.5,314,55.6,"N/A","N/A"
"Middletown School District","=""0830011""","Grade","04",300,63.7,298,59.1,"N/A","N/A"
"Middletown School District","=""0830011""","Grade","05",314,61.6,314,59.0,314,62.3
"Middletown School District","=""0830011""","Grade","06",332,57.0,319,50.3,"N/A","N/A"
"Middletown School District","=""0830011""","Grade","07",311,55.4,305,51.6,"N/A","N/A"
"Middletown School District","=""0830011""","Grade","08",327,52.2,320,46.6,333,54.5
"Middletown School District","=""0830011""","Grade","11",276,47.4,276,41.7,289,46.5
"Middletown School District","=""0830011""","High Needs (F/R, EL or SWD)","High Needs",1235,49.0,1210,44.8,526,47.2
"Middletown School District","=""0830011""","High Needs (F/R, EL or SWD)","Not High Needs",939,67.6,936,61.6,410,64.3
"Middletown School District","=""0830011""","Free/Reduced Price Meal Eligibility (2-level)","Eligible For Free Or Reduced Price Meals",1026,50.4,1007,45.8,443,48.1
"Middletown School District","=""0830011""","Free/Reduced Price Meal Eligibility (2-level)","Not Eligible For Free Or Reduced Price Meals",1148,63.0,1139,57.6,493,60.6
"Middletown School District","=""0830011""","Race/Ethnicity","American Indian or Alaska Native","*","*","*","*","*","*"
"Middletown School District","=""0830011""","Race/Ethnicity","Asian",95,64.9,95,62.5,35,54.8
"Middletown School District","=""0830011""","Race/Ethnicity","Black or African American",450,49.5,443,43.4,182,46.0
"Middletown School District","=""0830011""","Race/Ethnicity","Hispanic or Latino",574,51.2,567,46.5,256,48.9
"Middletown School District","=""0830011""","Race/Ethnicity","Native Hawaiian or Other Pacific Islander","*","*","*","*","*","*"
"Middletown School District","=""0830011""","Race/Ethnicity","Two or More Races",222,59.1,214,54.1,96,58.4
"Middletown School District","=""0830011""","Race/Ethnicity","White",823,64.0,817,59.1,361,62.1
"Middletown School District","=""0830011""","Special Education Status (SWD)","Students with Disabilities",401,39.8,394,34.8,177,38.0
"Middletown School District","=""0830011""","Special Education Status (SWD)","Students without Disabilities",1773,61.0,1752,56.0,759,58.6
"Milford School District","=""0840011""","All Students","District",2579,70.3,2575,69.2,1117,66.1
"Milford School District","=""0840011""","English Language Learners (EL)","English Learners",112,57.1,112,60.5,42,53.6
"Milford School District","=""0840011""","English Language Learners (EL)","Not English Learners",2467,70.9,2463,69.6,1075,66.6
"Milford School District","=""0840011""","Gender","Female","*","*","*","*",543,65.5
"Milford School District","=""0840011""","Gender","Male",1319,68.9,1315,70.9,574,66.8
"Milford School District","=""0840011""","Gender","Non-Binary","*","*","*","*",0,"N/A"
"Milford School District","=""0840011""","Grade","03",365,71.8,365,71.3,"N/A","N/A"
"Milford School District","=""0840011""","Grade","04",367,75.1,367,75.2,"N/A","N/A"
"Milford School District","=""0840011""","Grade","05",366,73.6,365,75.4,365,74.6
"Milford School District","=""0840011""","Grade","06",371,74.1,371,69.2,"N/A","N/A"
"Milford School District","=""0840011""","Grade","07",359,70.4,357,67.7,"N/A","N/A"
"Milford School District","=""0840011""","Grade","08",386,68.8,385,70.1,386,67.5
"Milford School District","=""0840011""","Grade","11",365,58.3,365,55.5,366,56.3
"Milford School District","=""0840011""","High Needs (F/R, EL or SWD)","High Needs",1089,61.9,1086,59.6,447,57.5
"Milford School District","=""0840011""","High Needs (F/R, EL or SWD)","Not High Needs",1490,76.4,1489,76.2,670,71.9
"Milford School District","=""0840011""","Free/Reduced Price Meal Eligibility (2-level)","Eligible For Free Or Reduced Price Meals",750,63.8,748,61.6,321,59.5
"Milford School District","=""0840011""","Free/Reduced Price Meal Eligibility (2-level)","Not Eligible For Free Or Reduced Price Meals",1829,73.0,1827,72.3,796,68.8
"Milford School District","=""0840011""","Race/Ethnicity","American Indian or Alaska Native","*","*","*","*","*","*"
"Milford School District","=""0840011""","Race/Ethnicity","Asian",179,75.3,179,78.1,82,71.2
"Milford School District","=""0840011""","Race/Ethnicity","Black or African American",113,63.8,112,59.2,48,59.1
"Milford School District","=""0840011""","Race/Ethnicity","Hispanic or Latino",453,64.0,452,61.6,184,58.1
"Milford School District","=""0840011""","Race/Ethnicity","Native Hawaiian or Other Pacific Islander","*","*","*","*","*","*"
"Milford School District","=""0840011""","Race/Ethnicity","Two or More Races",125,74.7,125,74.6,42,69.0
"Milford School District","=""0840011""","Race/Ethnicity","White",1707,71.6,1705,70.6,759,67.8
"Milford School District","=""0840011""","Special Education Status (SWD)","Students with Disabilities",518,54.3,516,50.1,202,49.5
"Milford School District","=""0840011""","Special Education Status (SWD)","Students without Disabilities",2061,74.3,2059,74.0,915,69.8
"Monroe School District","=""0850011""","All Students","District",1805,74.9,1804,71.2,748,72.6
"Monroe School District","=""0850011""","English Language Learners (EL)","English Learners",76,62.8,76,61.0,30,60.1
"Monroe School District","=""0850011""","English Language Learners (EL)","Not English Learners",1729,75.4,1728,71.6,718,73.1
"Monroe School District","=""0850011""","Gender","Female","*","*","*","*","*","*"
"Monroe School District","=""0850011""","Gender","Male",927,73.6,925,72.4,380,73.8
"Monroe School District","=""0850011""","Gender","Non-Binary","*","*","*","*","*","*"
"Monroe School District","=""0850011""","Grade","03",248,77.7,248,74.8,"N/A","N/A"
"Monroe School District","=""0850011""","Grade","04",288,77.6,288,74.6,"N/A","N/A"
"Monroe School District","=""0850011""","Grade","05",248,73.6,248,74.4,249,73.8
"Monroe School District","=""0850011""","Grade","06",259,78.6,259,70.4,"N/A","N/A"
"Monroe School District","=""0850011""","Grade","07",263,79.1,263,72.4,"N/A","N/A"
"Monroe School District","=""0850011""","Grade","08",251,74.7,250,70.7,252,74.0
"Monroe School District","=""0850011""","Grade","11",248,62.1,248,60.3,247,69.8
"Monroe School District","=""0850011""","High Needs (F/R, EL or SWD)","High Needs",545,62.5,544,58.8,205,57.7
"Monroe School District","=""0850011""","High Needs (F/R, EL or SWD)","Not High Needs",1260,80.3,1260,76.5,543,78.2
"Monroe School District","=""0850011""","Free/Reduced Price Meal Eligibility (2-level)","Eligible For Free Or Reduced Price Meals",268,66.0,268,61.4,88,62.7
"Monroe School District","=""0850011""","Free/Reduced Price Meal Eligibility (2-level)","Not Eligible For Free Or Reduced Price Meals",1537,76.5,1536,72.9,660,73.9
"Monroe School District","=""0850011""","Race/Ethnicity","American Indian or Alaska Native","*","*","*","*","N/A","N/A"
"Monroe School District","=""0850011""","Race/Ethnicity","Asian",96,84.2,96,82.3,37,89.4
"Monroe School District","=""0850011""","Race/Ethnicity","Black or African American",71,67.9,71,64.7,"*","*"
"Monroe School District","=""0850011""","Race/Ethnicity","Hispanic or Latino",336,71.6,336,66.4,140,69.3
"Monroe School District","=""0850011""","Race/Ethnicity","Native Hawaiian or Other Pacific Islander","*","*","*","*","*","*"
"Monroe School District","=""0850011""","Race/Ethnicity","Two or More Races",72,77.6,72,73.6,34,75.9
"Monroe School District","=""0850011""","Race/Ethnicity","White",1223,75.4,1222,71.9,501,72.9
"Monroe School District","=""0850011""","Special Education Status (SWD)","Students with Disabilities",337,56.2,336,53.0,139,51.6
"Monroe School District","=""0850011""","Special Education Status (SWD)","Students without Disabilities",1468,79.2,1468,75.3,609,77.3
"Montville School District","=""0860011""","All Students","District",989,64.7,989,62.2,404,65.3
"Montville School District","=""0860011""","English Language Learners (EL)","English Learners",73,55.0,73,56.6,32,50.8
"Montville School District","=""0860011""","English Language Learners (EL)","Not English Learners",916,65.5,916,62.7,372,66.6
"Montville School District","=""0860011""","Gender","Female",505,66.0,505,60.8,"*","*"
"Montville School District","=""0860011""","Gender","Male","*","*","*","*",207,65.5
"Montville School District","=""0860011""","Gender","Non-Binary","*","*","*","*","*","*"
"Montville School District","=""0860011""","Grade","03",137,64.6,137,63.6,"N/A","N/A"
"Montville School District","=""0860011""","Grade","04",167,72.8,167,73.3,"N/A","N/A"
"Montville School District","=""0860011""","Grade","05",141,70.8,141,69.9,141,70.4
"Montville School District","=""0860011""","Grade","06",121,67.5,121,65.5,"N/A","N/A"
"Montville School District","=""0860011""","Grade","07",160,62.8,160,53.6,"N/A","N/A"
"Montville School District","=""0860011""","Grade","08",155,59.9,155,60.2,155,66.6
"Montville School District","=""0860011""","Grade","11",108,51.3,108,45.5,108,56.9
"Montville School District","=""0860011""","High Needs (F/R, EL or SWD)","High Needs",554,58.2,554,55.9,236,58.2
"Montville School District","=""0860011""","High Needs (F/R, EL or SWD)","Not High Needs",435,73.0,435,70.3,168,75.3
"Montville School District","=""0860011""","Free/Reduced Price Meal Eligibility (2-level)","Eligible For Free Or Reduced Price Meals",449,59.7,449,58.1,193,60.4
"Montville School District","=""0860011""","Free/Reduced Price Meal Eligibility (2-level)","Not Eligible For Free Or Reduced Price Meals",540,68.9,540,65.7,211,69.8
"Montville School District","=""0860011""","Race/Ethnicity","American Indian or Alaska Native","*","*","*","*","*","*"
"Montville School District","=""0860011""","Race/Ethnicity","Asian",57,71.3,57,74.3,32,69.2
"Montville School District","=""0860011""","Race/Ethnicity","Black or African American",40,59.7,40,56.5,12,"*"
"Montville School District","=""0860011""","Race/Ethnicity","Hispanic or Latino",148,58.6,148,54.7,48,54.6
"Montville School District","=""0860011""","Race/Ethnicity","Native Hawaiian or Other Pacific Islander","*","*","*","*","*","*"
"Montville School District","=""0860011""","Race/Ethnicity","Two or More Races",127,62.0,127,59.6,60,62.5
"Montville School District","=""0860011""","Race/Ethnicity","White",607,66.5,607,63.8,244,67.9
"Montville School District","=""0860011""","Special Education Status (SWD)","Students with Disabilities",195,43.8,195,40.6,85,44.1
"Montville School District","=""0860011""","Special Education Status (SWD)","Students without Disabilities",794,69.9,794,67.6,319,71.0
"Naugatuck School District","=""0880011""","All Students","District",2067,62.1,2066,56.2,863,56.0
"Naugatuck School District","=""0880011""","English Language Learners (EL)","English Learners",341,54.2,341,50.0,117,47.3
"Naugatuck School District","=""0880011""","English Language Learners (EL)","Not English Learners",1726,63.7,1725,57.5,746,57.3
"Naugatuck School District","=""0880011""","Gender","Female","*","*","*","*","*","*"
"Naugatuck School District","=""0880011""","Gender","Male",1045,60.7,1044,56.9,452,56.2
"Naugatuck School District","=""0880011""","Gender","Non-Binary","*","*","*","*","*","*"
"Naugatuck School District","=""0880011""","Grade","03",317,63.7,316,55.7,"N/A","N/A"
"Naugatuck School District","=""0880011""","Grade","04",315,68.6,314,64.8,"N/A","N/A"
"Naugatuck School District","=""0880011""","Grade","05",300,62.8,300,59.3,298,57.3
"Naugatuck School District","=""0880011""","Grade","06",288,69.2,289,61.2,"N/A","N/A"
"Naugatuck School District","=""0880011""","Grade","07",279,63.6,279,56.7,"N/A","N/A"
"Naugatuck School District","=""0880011""","Grade","08",288,57.1,288,50.4,287,56.6
"Naugatuck School District","=""0880011""","Grade","11",280,48.6,280,44.3,278,53.9
"Naugatuck School District","=""0880011""","High Needs (F/R, EL or SWD)","High Needs",1383,57.2,1383,51.2,568,50.8
"Naugatuck School District","=""0880011""","High Needs (F/R, EL or SWD)","Not High Needs",684,72.1,683,66.3,295,65.9
"Naugatuck School District","=""0880011""","Free/Reduced Price Meal Eligibility (2-level)","Eligible For Free Or Reduced Price Meals",1104,59.0,1105,52.6,444,52.6
"Naugatuck School District","=""0880011""","Free/Reduced Price Meal Eligibility (2-level)","Not Eligible For Free Or Reduced Price Meals",963,65.7,961,60.4,419,59.5
"Naugatuck School District","=""0880011""","Race/Ethnicity","American Indian or Alaska Native","*","*","*","*","*","*"
"Naugatuck School District","=""0880011""","Race/Ethnicity","Asian",46,71.3,46,67.0,21,62.1
"Naugatuck School District","=""0880011""","Race/Ethnicity","Black or African American",268,55.8,268,48.2,119,48.1
"Naugatuck School District","=""0880011""","Race/Ethnicity","Hispanic or Latino",872,59.4,871,53.3,357,52.8
"Naugatuck School District","=""0880011""","Race/Ethnicity","Native Hawaiian or Other Pacific Islander","*","*","*","*","*","*"
"Naugatuck School District","=""0880011""","Race/Ethnicity","Two or More Races",105,65.0,104,59.3,41,58.4
"Naugatuck School District","=""0880011""","Race/Ethnicity","White",771,66.5,772,61.2,322,61.7
"Naugatuck School District","=""0880011""","Special Education Status (SWD)","Students with Disabilities",416,44.0,416,38.2,190,38.9
"Naugatuck School District","=""0880011""","Special Education Status (SWD)","Students without Disabilities",1651,66.7,1650,60.8,673,60.8
"New Britain School District","=""0890011""","All Students","District",4642,49.3,4583,44.6,1817,46.5
"New Britain School District","=""0890011""","English Language Learners (EL)","English Learners",1085,43.2,1073,41.5,427,42.8
"New Britain School District","=""0890011""","English Language Learners (EL)","Not English Learners",3557,51.2,3510,45.6,1390,47.6
"New Britain School District","=""0890011""","Gender","Female","*","*","*","*","*","*"
"New Britain School District","=""0890011""","Gender","Male",2367,47.7,2329,45.6,920,45.7
"New Britain School District","=""0890011""","Gender","Non-Binary","*","*","*","*","*","*"
"New Britain School District","=""0890011""","Grade","03",711,54.7,707,48.2,"N/A","N/A"
"New Britain School District","=""0890011""","Grade","04",753,56.3,749,51.3,"N/A","N/A"
"New Britain School District","=""0890011""","Grade","05",701,53.0,695,52.5,699,51.6
"New Britain School District","=""0890011""","Grade","06",648,49.8,637,42.1,"N/A","N/A"
"New Britain School District","=""0890011""","Grade","07",723,46.5,707,39.4,"N/A","N/A"
"New Britain School District","=""0890011""","Grade","08",659,40.0,641,39.4,650,42.2
"New Britain School District","=""0890011""","Grade","11",447,41.1,447,35.1,468,44.9
"New Britain School District","=""0890011""","High Needs (F/R, EL or SWD)","High Needs",3978,47.4,3920,43.0,1530,44.4
"New Britain School District","=""0890011""","High Needs (F/R, EL or SWD)","Not High Needs",664,60.9,663,54.4,287,57.6
"New Britain School District","=""0890011""","Free/Reduced Price Meal Eligibility (2-level)","Eligible For Free Or Reduced Price Meals",3564,47.8,3509,42.9,1353,44.5
"New Britain School District","=""0890011""","Free/Reduced Price Meal Eligibility (2-level)","Not Eligible For Free Or Reduced Price Meals",1078,54.6,1074,50.3,464,52.4
"New Britain School District","=""0890011""","Race/Ethnicity","American Indian or Alaska Native","*","*","*","*","*","*"
"New Britain School District","=""0890011""","Race/Ethnicity","Asian",90,53.4,89,54.8,40,56.8
"New Britain School District","=""0890011""","Race/Ethnicity","Black or African American",482,53.1,476,46.9,189,47.6
"New Britain School District","=""0890011""","Race/Ethnicity","Hispanic or Latino",3243,47.3,3199,42.2,1252,44.3
"New Britain School District","=""0890011""","Race/Ethnicity","Native Hawaiian or Other Pacific Islander","*","*","*","*","*","*"
"New Britain School District","=""0890011""","Race/Ethnicity","Two or More Races",258,51.4,254,47.1,98,49.2
"New Britain School District","=""0890011""","Race/Ethnicity","White",563,56.3,559,54.3,235,55.0
"New Britain School District","=""0890011""","Special Education Status (SWD)","Students with Disabilities",1095,37.5,1069,31.9,430,32.4
"New Britain School District","=""0890011""","Special Education Status (SWD)","Students without Disabilities",3547,53.0,3514,48.5,1387,50.9
"New Canaan School District","=""0900011""","All Students","District",2110,86.0,2109,85.6,885,84.6
"New Canaan School District","=""0900011""","English Language Learners (EL)","English Learners",29,75.2,29,79.3,8,"*"
"New Canaan School District","=""0900011""","English Language Learners (EL)","Not English Learners",2081,86.2,2080,85.7,877,84.7
"New Canaan School District","=""0900011""","Gender","Female",1059,86.7,1059,84.1,466,84.3
"New Canaan School District","=""0900011""","Gender","Male",1051,85.3,1050,87.1,419,85.0
"New Canaan School District","=""0900011""","Grade","03",311,87.8,311,86.5,"N/A","N/A"
"New Canaan School District","=""0900011""","Grade","04",293,92.7,293,90.9,"N/A","N/A"
"New Canaan School District","=""0900011""","Grade","05",295,89.0,295,85.7,295,87.9
"New Canaan School District","=""0900011""","Grade","06",335,85.0,335,85.1,"N/A","N/A"
"New Canaan School District","=""0900011""","Grade","07",293,88.5,292,89.4,"N/A","N/A"
"New Canaan School District","=""0900011""","Grade","08",295,85.9,295,89.5,295,85.6
"New Canaan School District","=""0900011""","Grade","11",288,73.0,288,71.8,295,80.3
"New Canaan School District","=""0900011""","High Needs (F/R, EL or SWD)","High Needs",359,69.8,358,68.1,138,65.6
"New Canaan School District","=""0900011""","High Needs (F/R, EL or SWD)","Not High Needs",1751,89.4,1751,89.2,747,88.1
"New Canaan School District","=""0900011""","Free/Reduced Price Meal Eligibility (2-level)","Eligible For Free Or Reduced Price Meals",75,70.6,75,69.5,35,67.6
"New Canaan School District","=""0900011""","Free/Reduced Price Meal Eligibility (2-level)","Not Eligible For Free Or Reduced Price Meals",2035,86.6,2034,86.2,850,85.3
"New Canaan School District","=""0900011""","Race/Ethnicity","American Indian or Alaska Native","*","*","*","*","N/A","N/A"
"New Canaan School District","=""0900011""","Race/Ethnicity","Asian",157,91.8,157,96.4,67,90.8
"New Canaan School District","=""0900011""","Race/Ethnicity","Black or African American",26,68.9,26,66.2,"*","*"
"New Canaan School District","=""0900011""","Race/Ethnicity","Hispanic or Latino",154,82.5,154,80.8,73,80.6
"New Canaan School District","=""0900011""","Race/Ethnicity","Native Hawaiian or Other Pacific Islander","*","*","*","*","*","*"
"New Canaan School District","=""0900011""","Race/Ethnicity","Two or More Races",128,87.7,128,89.7,60,89.7
"New Canaan School District","=""0900011""","Race/Ethnicity","White",1640,85.9,1639,85.0,668,84.4
"New Canaan School District","=""0900011""","Special Education Status (SWD)","Students with Disabilities",287,67.6,286,64.9,105,62.7
"New Canaan School District","=""0900011""","Special Education Status (SWD)","Students without Disabilities",1823,88.9,1823,88.8,780,87.6
"New Fairfield School District","=""0910011""","All Students","District",1066,71.4,1062,71.1,486,68.0
"New Fairfield School District","=""0910011""","English Language Learners (EL)","English Learners",92,60.2,91,64.4,39,58.0
"New Fairfield School District","=""0910011""","English Language Learners (EL)","Not English Learners",974,72.5,971,71.8,447,68.9
"New Fairfield School District","=""0910011""","Gender","Female",511,74.0,509,70.6,231,71.6
"New Fairfield School District","=""0910011""","Gender","Male",555,69.0,553,71.6,255,64.7
"New Fairfield School District","=""0910011""","Grade","03",131,73.6,131,75.7,"N/A","N/A"
"New Fairfield School District","=""0910011""","Grade","04",144,74.7,144,75.3,"N/A","N/A"
"New Fairfield School District","=""0910011""","Grade","05",148,75.0,148,77.6,148,75.0
"New Fairfield School District","=""0910011""","Grade","06",169,75.2,166,74.5,"N/A","N/A"
"New Fairfield School District","=""0910011""","Grade","07",135,73.5,135,71.8,"N/A","N/A"
"New Fairfield School District","=""0910011""","Grade","08",176,72.3,175,72.1,175,71.6
"New Fairfield School District","=""0910011""","Grade","11",163,57.0,163,52.9,163,57.8
"New Fairfield School District","=""0910011""","High Needs (F/R, EL or SWD)","High Needs",391,59.9,387,59.2,186,53.7
"New Fairfield School District","=""0910011""","High Needs (F/R, EL or SWD)","Not High Needs",675,78.1,675,78.0,300,76.8
"New Fairfield School District","=""0910011""","Free/Reduced Price Meal Eligibility (2-level)","Eligible For Free Or Reduced Price Meals",196,63.1,194,63.5,88,59.7
"New Fairfield School District","=""0910011""","Free/Reduced Price Meal Eligibility (2-level)","Not Eligible For Free Or Reduced Price Meals",870,73.3,868,72.8,398,69.8
"New Fairfield School District","=""0910011""","Race/Ethnicity","American Indian or Alaska Native","*","*","*","*","*","*"
"New Fairfield School District","=""0910011""","Race/Ethnicity","Asian",11,"*",10,"*","*","*"
"New Fairfield School District","=""0910011""","Race/Ethnicity","Black or African American",24,59.4,24,62.2,11,"*"
"New Fairfield School District","=""0910011""","Race/Ethnicity","Hispanic or Latino",225,67.0,224,68.5,103,62.3
"New Fairfield School District","=""0910011""","Race/Ethnicity","Native Hawaiian or Other Pacific Islander","*","*","*","*","*","*"
"New Fairfield School District","=""0910011""","Race/Ethnicity","Two or More Races",34,75.7,34,73.8,15,"*"
"New Fairfield School District","=""0910011""","Race/Ethnicity","White",768,73.0,766,72.0,351,70.7
"New Fairfield School District","=""0910011""","Special Education Status (SWD)","Students with Disabilities",217,52.8,215,50.1,110,46.0
"New Fairfield School District","=""0910011""","Special Education Status (SWD)","Students without Disabilities",849,76.2,847,76.5,376,74.4
"New Hartford School District","=""0920011""","All Students","District",234,74.1,234,70.1,55,76.6
"New Hartford School District","=""0920011""","English Language Learners (EL)","English Learners","*","*","*","*","*","*"
"New Hartford School District","=""0920011""","English Language Learners (EL)","Not English Learners","*","*","*","*","*","*"
"New Hartford School District","=""0920011""","Gender","Female",111,76.2,111,69.6,31,74.7
"New Hartford School District","=""0920011""","Gender","Male",123,72.1,123,70.5,24,79.1
"New Hartford School District","=""0920011""","Grade","03",51,74.9,51,69.3,"N/A","N/A"
"New Hartford School District","=""0920011""","Grade","04",65,76.8,65,73.5,"N/A","N/A"
"New Hartford School District","=""0920011""","Grade","05",55,72.6,55,71.2,55,76.6
"New Hartford School District","=""0920011""","Grade","06",63,71.8,63,66.3,"N/A","N/A"
"New Hartford School District","=""0920011""","High Needs (F/R, EL or SWD)","High Needs",82,63.5,82,60.4,22,69.3
"New Hartford School District","=""0920011""","High Needs (F/R, EL or SWD)","Not High Needs",152,79.8,152,75.3,33,81.5
"New Hartford School District","=""0920011""","Free/Reduced Price Meal Eligibility (2-level)","Eligible For Free Or Reduced Price Meals",46,66.7,46,65.9,12,"*"
"New Hartford School District","=""0920011""","Free/Reduced Price Meal Eligibility (2-level)","Not Eligible For Free Or Reduced Price Meals",188,75.9,188,71.1,43,77.4
"New Hartford School District","=""0920011""","Race/Ethnicity","American Indian or Alaska Native","*","*","*","*","N/A","N/A"
"New Hartford School District","=""0920011""","Race/Ethnicity","Asian","*","*","*","*","*","*"
"New Hartford School District","=""0920011""","Race/Ethnicity","Hispanic or Latino",16,"*",16,"*","N/A","N/A"
"New Hartford School District","=""0920011""","Race/Ethnicity","Two or More Races",6,"*",6,"*","*","*"
"New Hartford School District","=""0920011""","Race/Ethnicity","White",208,74.8,208,70.6,51,76.9
"New Hartford School District","=""0920011""","Special Education Status (SWD)","Students with Disabilities",54,58.4,54,52.1,13,"*"
"New Hartford School District","=""0920011""","Special Education Status (SWD)","Students without Disabilities",180,78.8,180,75.5,42,81.9
"New Haven School District","=""0930011""","All Students","District",8356,52.0,8335,45.8,3364,49.4
"New Haven School District","=""0930011""","English Language Learners (EL)","English Learners",2713,45.8,2708,43.5,977,45.8
"New Haven School District","=""0930011""","English Language Learners (EL)","Not English Learners",5643,55.0,5627,47.0,2387,50.9
"New Haven School District","=""0930011""","Gender","Female",4191,53.4,4181,44.9,1701,49.7
"New Haven School District","=""0930011""","Gender","Male","*","*","*","*","*","*"
"New Haven School District","=""0930011""","Gender","Non-Binary","*","*","*","*","*","*"
"New Haven School District","=""0930011""","Grade","03",1163,52.6,1163,47.3,"N/A","N/A"
"New Haven School District","=""0930011""","Grade","04",1147,54.8,1148,50.3,"N/A","N/A"
"New Haven School District","=""0930011""","Grade","05",1051,51.6,1051,50.1,1042,50.7
"New Haven School District","=""0930011""","Grade","06",1304,55.0,1304,45.7,"N/A","N/A"
"New Haven School District","=""0930011""","Grade","07",1318,52.7,1310,45.3,"N/A","N/A"
"New Haven School District","=""0930011""","Grade","08",1315,52.2,1309,42.8,1304,50.8
"New Haven School District","=""0930011""","Grade","11",1058,43.8,1050,39.8,1018,46.4
"New Haven School District","=""0930011""","High Needs (F/R, EL or SWD)","High Needs",7280,49.3,7260,43.2,2890,46.7
"New Haven School District","=""0930011""","High Needs (F/R, EL or SWD)","Not High Needs",1076,70.3,1075,63.7,474,66.0
"New Haven School District","=""0930011""","Free/Reduced Price Meal Eligibility (2-level)","Eligible For Free Or Reduced Price Meals",6605,49.7,6585,43.0,2622,46.7
"New Haven School District","=""0930011""","Free/Reduced Price Meal Eligibility (2-level)","Not Eligible For Free Or Reduced Price Meals",1751,60.8,1750,56.7,742,59.1
"New Haven School District","=""0930011""","Race/Ethnicity","American Indian or Alaska Native",17,"*",17,"*",8,"*"
"New Haven School District","=""0930011""","Race/Ethnicity","Asian",367,58.6,366,56.9,140,56.2
"New Haven School District","=""0930011""","Race/Ethnicity","Black or African American",2470,51.1,2461,42.8,1009,45.9
"New Haven School District","=""0930011""","Race/Ethnicity","Hispanic or Latino",4403,49.0,4394,43.8,1741,47.7
"New Haven School District","=""0930011""","Race/Ethnicity","Native Hawaiian or Other Pacific Islander",0,"N/A",0,"N/A",0,"N/A"
"New Haven School District","=""0930011""","Race/Ethnicity","Two or More Races",359,58.3,358,50.3,138,56.0
"New Haven School District","=""0930011""","Race/Ethnicity","White",740,66.1,739,59.9,328,63.7
"New Haven School District","=""0930011""","Special Education Status (SWD)","Students with Disabilities",1474,40.5,1463,34.5,554,37.5
"New Haven School District","=""0930011""","Special Education Status (SWD)","Students without Disabilities",6882,54.5,6872,48.3,2810,51.8
"Newington School District","=""0940011""","All Students","District",1999,66.6,1994,63.3,835,64.9
"Newington School District","=""0940011""","English Language Learners (EL)","English Learners",325,59.9,324,59.4,117,55.1
"Newington School District","=""0940011""","English Language Learners (EL)","Not English Learners",1674,67.9,1670,64.0,718,66.5
"Newington School District","=""0940011""","Gender","Female",1026,67.8,1025,61.8,"*","*"
"Newington School District","=""0940011""","Gender","Male","*","*","*","*",433,65.4
"Newington School District","=""0940011""","Gender","Non-Binary","*","*","*","*","*","*"
"Newington School District","=""0940011""","Grade","03",278,71.6,278,66.9,"N/A","N/A"
"Newington School District","=""0940011""","Grade","04",263,73.2,263,68.1,"N/A","N/A"
"Newington School District","=""0940011""","Grade","05",271,64.8,270,64.7,271,66.1
"Newington School District","=""0940011""","Grade","06",293,70.1,290,62.8,"N/A","N/A"
"Newington School District","=""0940011""","Grade","07",329,66.9,330,64.9,"N/A","N/A"
"Newington School District","=""0940011""","Grade","08",276,62.8,274,62.7,274,62.2
"Newington School District","=""0940011""","Grade","11",289,57.1,289,53.2,290,66.3
"Newington School District","=""0940011""","High Needs (F/R, EL or SWD)","High Needs",968,59.4,965,56.3,389,56.5
"Newington School District","=""0940011""","High Needs (F/R, EL or SWD)","Not High Needs",1031,73.3,1029,69.8,446,72.2
"Newington School District","=""0940011""","Free/Reduced Price Meal Eligibility (2-level)","Eligible For Free Or Reduced Price Meals",719,59.5,718,56.1,298,58.0
"Newington School District","=""0940011""","Free/Reduced Price Meal Eligibility (2-level)","Not Eligible For Free Or Reduced Price Meals",1280,70.5,1276,67.3,537,68.7
"Newington School District","=""0940011""","Race/Ethnicity","American Indian or Alaska Native","*","*","*","*","*","*"
"Newington School District","=""0940011""","Race/Ethnicity","Asian",205,71.1,205,70.9,80,70.3
"Newington School District","=""0940011""","Race/Ethnicity","Black or African American",116,64.4,116,57.8,47,61.1
"Newington School District","=""0940011""","Race/Ethnicity","Hispanic or Latino",569,59.4,569,54.9,239,54.8
"Newington School District","=""0940011""","Race/Ethnicity","Native Hawaiian or Other Pacific Islander","*","*","*","*","*","*"
"Newington School District","=""0940011""","Race/Ethnicity","Two or More Races",100,66.5,100,64.1,38,69.2
"Newington School District","=""0940011""","Race/Ethnicity","White",1006,69.9,1001,67.0,429,69.5
"Newington School District","=""0940011""","Special Education Status (SWD)","Students with Disabilities",306,48.8,305,44.6,122,41.5
"Newington School District","=""0940011""","Special Education Status (SWD)","Students without Disabilities",1693,69.8,1689,66.7,713,68.9
"New London School District","=""0950011""","All Students","District",1339,49.5,1333,42.4,516,49.7
"New London School District","=""0950011""","English Language Learners (EL)","English Learners",416,40.7,415,35.1,154,40.9
"New London School District","=""0950011""","English Language Learners (EL)","Not English Learners",923,53.4,918,45.8,362,53.4
"New London School District","=""0950011""","Gender","Female","*","*","*","*","*","*"
"New London School District","=""0950011""","Gender","Male",681,46.9,678,42.3,277,49.2
"New London School District","=""0950011""","Gender","Non-Binary","*","*","*","*","*","*"
"New London School District","=""0950011""","Grade","03",214,54.4,212,46.7,"N/A","N/A"
"New London School District","=""0950011""","Grade","04",214,52.3,214,45.7,"N/A","N/A"
"New London School District","=""0950011""","Grade","05",173,52.7,173,50.5,173,56.8
"New London School District","=""0950011""","Grade","06",194,51.1,194,38.5,"N/A","N/A"
"New London School District","=""0950011""","Grade","07",197,48.0,196,40.4,"N/A","N/A"
"New London School District","=""0950011""","Grade","08",181,44.5,178,36.0,180,49.2
"New London School District","=""0950011""","Grade","11",166,41.4,166,38.1,163,42.6
"New London School District","=""0950011""","High Needs (F/R, EL or SWD)","High Needs",1164,46.8,1158,39.9,451,47.2
"New London School District","=""0950011""","High Needs (F/R, EL or SWD)","Not High Needs",175,67.2,175,58.8,65,67.1
"New London School District","=""0950011""","Free/Reduced Price Meal Eligibility (2-level)","Eligible For Free Or Reduced Price Meals",1118,47.0,1113,40.1,438,47.1
"New London School District","=""0950011""","Free/Reduced Price Meal Eligibility (2-level)","Not Eligible For Free Or Reduced Price Meals",221,62.1,220,54.1,78,64.1
"New London School District","=""0950011""","Race/Ethnicity","American Indian or Alaska Native","*","*","*","*","*","*"
"New London School District","=""0950011""","Race/Ethnicity","Asian",14,"*",14,"*","*","*"
"New London School District","=""0950011""","Race/Ethnicity","Black or African American",242,49.1,242,41.5,102,47.6
"New London School District","=""0950011""","Race/Ethnicity","Hispanic or Latino",743,45.8,739,39.3,279,46.2
"New London School District","=""0950011""","Race/Ethnicity","Native Hawaiian or Other Pacific Islander","*","*","*","*",0,"N/A"
"New London School District","=""0950011""","Race/Ethnicity","Two or More Races",166,52.1,166,44.0,71,52.8
"New London School District","=""0950011""","Race/Ethnicity","White",167,63.2,166,55.2,56,64.5
"New London School District","=""0950011""","Special Education Status (SWD)","Students with Disabilities",327,38.2,323,31.0,116,40.7
"New London School District","=""0950011""","Special Education Status (SWD)","Students without Disabilities",1012,53.1,1010,46.1,400,52.3
"New Milford School District","=""0960011""","All Students","District",1766,61.9,1766,58.2,754,60.7
"New Milford School District","=""0960011""","English Language Learners (EL)","English Learners",235,45.9,237,44.4,92,46.5
"New Milford School District","=""0960011""","English Language Learners (EL)","Not English Learners",1531,64.4,1529,60.3,662,62.7
"New Milford School District","=""0960011""","Gender","Female",862,63.7,862,56.9,366,61.2
"New Milford School District","=""0960011""","Gender","Male",904,60.2,904,59.4,388,60.2
"New Milford School District","=""0960011""","Grade","03",255,62.1,254,56.7,"N/A","N/A"
"New Milford School District","=""0960011""","Grade","04",253,70.3,253,66.5,"N/A","N/A"
"New Milford School District","=""0960011""","Grade","05",236,65.1,233,61.9,235,62.2
"New Milford School District","=""0960011""","Grade","06",251,61.6,252,57.6,"N/A","N/A"
"New Milford School District","=""0960011""","Grade","07",251,61.0,254,57.9,"N/A","N/A"
"New Milford School District","=""0960011""","Grade","08",244,58.0,244,58.1,243,60.8
"New Milford School District","=""0960011""","Grade","11",276,55.9,276,49.7,276,59.3
"New Milford School District","=""0960011""","High Needs (F/R, EL or SWD)","High Needs",923,54.7,925,51.1,379,52.9
"New Milford School District","=""0960011""","High Needs (F/R, EL or SWD)","Not High Needs",843,69.8,841,66.0,375,68.6
"New Milford School District","=""0960011""","Free/Reduced Price Meal Eligibility (2-level)","Eligible For Free Or Reduced Price Meals",670,57.2,669,53.2,275,53.3
"New Milford School District","=""0960011""","Free/Reduced Price Meal Eligibility (2-level)","Not Eligible For Free Or Reduced Price Meals",1096,64.8,1097,61.2,479,64.9
"New Milford School District","=""0960011""","Race/Ethnicity","American Indian or Alaska Native","*","*","*","*",0,"N/A"
"New Milford School District","=""0960011""","Race/Ethnicity","Asian",73,70.5,73,70.3,41,70.2
"New Milford School District","=""0960011""","Race/Ethnicity","Black or African American",55,54.1,55,51.2,32,48.6
"New Milford School District","=""0960011""","Race/Ethnicity","Hispanic or Latino",491,54.7,494,50.8,204,53.2
"New Milford School District","=""0960011""","Race/Ethnicity","Native Hawaiian or Other Pacific Islander","*","*","*","*","N/A","N/A"
"New Milford School District","=""0960011""","Race/Ethnicity","Two or More Races",62,64.7,62,59.4,24,58.4
"New Milford School District","=""0960011""","Race/Ethnicity","White",1083,64.9,1080,61.1,453,64.2
"New Milford School District","=""0960011""","Special Education Status (SWD)","Students with Disabilities",343,47.9,343,44.0,137,48.2
"New Milford School District","=""0960011""","Special Education Status (SWD)","Students without Disabilities",1423,65.3,1423,61.6,617,63.5
"Newtown School District","=""0970011""","All Students","District",1989,74.8,1991,75.2,845,71.2
"Newtown School District","=""0970011""","English Language Learners (EL)","English Learners",57,59.4,57,64.7,17,"*"
"Newtown School District","=""0970011""","English Language Learners (EL)","Not English Learners",1932,75.3,1934,75.5,828,71.6
"Newtown School District","=""0970011""","Gender","Female","*","*","*","*",394,69.9
"Newtown School District","=""0970011""","Gender","Male",1033,73.4,1033,77.0,451,72.4
"Newtown School District","=""0970011""","Gender","Non-Binary","*","*","*","*","N/A","N/A"
"Newtown School District","=""0970011""","Grade","03",256,77.2,256,75.4,"N/A","N/A"
"Newtown School District","=""0970011""","Grade","04",305,77.4,305,77.5,"N/A","N/A"
"Newtown School District","=""0970011""","Grade","05",288,76.5,288,79.4,288,72.9
"Newtown School District","=""0970011""","Grade","06",296,78.6,296,79.4,"N/A","N/A"
"Newtown School District","=""0970011""","Grade","07",285,77.7,285,77.7,"N/A","N/A"
"Newtown School District","=""0970011""","Grade","08",282,71.4,284,74.9,282,70.4
"Newtown School District","=""0970011""","Grade","11",277,64.6,277,61.6,275,70.4
"Newtown School District","=""0970011""","High Needs (F/R, EL or SWD)","High Needs",532,61.9,533,61.3,202,57.5
"Newtown School District","=""0970011""","High Needs (F/R, EL or SWD)","Not High Needs",1457,79.6,1458,80.3,643,75.5
"Newtown School District","=""0970011""","Free/Reduced Price Meal Eligibility (2-level)","Eligible For Free Or Reduced Price Meals",278,64.8,278,64.4,104,59.7
"Newtown School District","=""0970011""","Free/Reduced Price Meal Eligibility (2-level)","Not Eligible For Free Or Reduced Price Meals",1711,76.5,1713,77.0,741,72.8
"Newtown School District","=""0970011""","Race/Ethnicity","American Indian or Alaska Native","*","*","*","*","*","*"
"Newtown School District","=""0970011""","Race/Ethnicity","Asian",50,83.9,50,87.8,24,78.2
"Newtown School District","=""0970011""","Race/Ethnicity","Black or African American",53,69.0,53,65.6,17,"*"
"Newtown School District","=""0970011""","Race/Ethnicity","Hispanic or Latino",284,68.2,284,67.9,122,62.9
"Newtown School District","=""0970011""","Race/Ethnicity","Native Hawaiian or Other Pacific Islander","*","*","*","*","*","*"
"Newtown School District","=""0970011""","Race/Ethnicity","Two or More Races",33,76.5,33,77.2,16,"*"
"Newtown School District","=""0970011""","Race/Ethnicity","White",1563,75.9,1565,76.5,664,72.4
"Newtown School District","=""0970011""","Special Education Status (SWD)","Students with Disabilities",319,56.3,320,54.7,128,53.4
"Newtown School District","=""0970011""","Special Education Status (SWD)","Students without Disabilities",1670,78.4,1671,79.2,717,74.4
"Norfolk School District","=""0980011""","All Students","District",27,69.4,27,71.6,7,"*"
"Norfolk School District","=""0980011""","English Language Learners (EL)","English Learners","*","*","*","*","N/A","N/A"
"Norfolk School District","=""0980011""","English Language Learners (EL)","Not English Learners","*","*","*","*",7,"*"
"Norfolk School District","=""0980011""","Gender","Female",16,"*",16,"*","*","*"
"Norfolk School District","=""0980011""","Gender","Male",11,"*",11,"*","*","*"
"Norfolk School District","=""0980011""","Grade","03","*","*","*","*","N/A","N/A"
"Norfolk School District","=""0980011""","Grade","04",11,"*",11,"*","N/A","N/A"
"Norfolk School District","=""0980011""","Grade","05",7,"*",7,"*",7,"*"
"Norfolk School District","=""0980011""","Grade","06","*","*","*","*","N/A","N/A"
"Norfolk School District","=""0980011""","High Needs (F/R, EL or SWD)","High Needs",8,"*",8,"*","*","*"
"Norfolk School District","=""0980011""","High Needs (F/R, EL or SWD)","Not High Needs",19,"*",19,"*","*","*"
"Norfolk School District","=""0980011""","Free/Reduced Price Meal Eligibility (2-level)","Eligible For Free Or Reduced Price Meals",6,"*",6,"*","*","*"
"Norfolk School District","=""0980011""","Free/Reduced Price Meal Eligibility (2-level)","Not Eligible For Free Or Reduced Price Meals",21,72.6,21,76.2,"*","*"
"Norfolk School District","=""0980011""","Race/Ethnicity","Hispanic or Latino","*","*","*","*","N/A","N/A"
"Norfolk School District","=""0980011""","Race/Ethnicity","Two or More Races","*","*","*","*","*","*"
"Norfolk School District","=""0980011""","Race/Ethnicity","White",23,69.4,23,71.5,"*","*"
"Norfolk School District","=""0980011""","Special Education Status (SWD)","Students with Disabilities",7,"*",7,"*","*","*"
"Norfolk School District","=""0980011""","Special Education Status (SWD)","Students without Disabilities",20,75.6,20,79.9,"*","*"
"North Branford School District","=""0990011""","All Students","District",794,70.2,792,67.5,341,63.6
"North Branford School District","=""0990011""","English Language Learners (EL)","English Learners",22,58.5,21,58.1,9,"*"
"North Branford School District","=""0990011""","English Language Learners (EL)","Not English Learners",772,70.5,771,67.8,332,64.0
"North Branford School District","=""0990011""","Gender","Female",422,72.2,421,67.1,170,64.3
"North Branford School District","=""0990011""","Gender","Male",372,67.9,371,68.0,171,62.8
"North Branford School District","=""0990011""","Grade","03",92,74.8,92,72.7,"N/A","N/A"
"North Branford School District","=""0990011""","Grade","04",136,75.7,136,76.3,"N/A","N/A"
"North Branford School District","=""0990011""","Grade","05",116,74.3,116,73.5,115,71.1
"North Branford School District","=""0990011""","Grade","06",113,73.4,113,66.1,"N/A","N/A"
"North Branford School District","=""0990011""","Grade","07",113,67.0,113,61.7,"N/A","N/A"
"North Branford School District","=""0990011""","Grade","08",106,67.5,104,67.8,108,63.2
"North Branford School District","=""0990011""","Grade","11",118,58.4,118,54.1,118,56.6
"North Branford School District","=""0990011""","High Needs (F/R, EL or SWD)","High Needs",276,61.3,274,57.2,117,52.7
"North Branford School District","=""0990011""","High Needs (F/R, EL or SWD)","Not High Needs",518,74.9,518,73.0,224,69.2
"North Branford School District","=""0990011""","Free/Reduced Price Meal Eligibility (2-level)","Eligible For Free Or Reduced Price Meals",192,64.6,192,60.0,79,52.9
"North Branford School District","=""0990011""","Free/Reduced Price Meal Eligibility (2-level)","Not Eligible For Free Or Reduced Price Meals",602,71.9,600,69.9,262,66.8
"North Branford School District","=""0990011""","Race/Ethnicity","Asian",13,"*",13,"*",7,"*"
"North Branford School District","=""0990011""","Race/Ethnicity","Black or African American",14,"*",14,"*",6,"*"
"North Branford School District","=""0990011""","Race/Ethnicity","Hispanic or Latino",91,69.0,90,65.1,34,55.6
"North Branford School District","=""0990011""","Race/Ethnicity","Two or More Races",23,76.6,23,71.3,9,"*"
"North Branford School District","=""0990011""","Race/Ethnicity","White",653,70.4,652,68.1,285,64.2
"North Branford School District","=""0990011""","Special Education Status (SWD)","Students with Disabilities",122,54.5,121,49.0,51,48.8
"North Branford School District","=""0990011""","Special Education Status (SWD)","Students without Disabilities",672,73.0,671,70.9,290,66.2
"North Canaan School District","=""1000011""","All Students","District",142,69.5,142,67.1,46,76.1
"North Canaan School District","=""1000011""","English Language Learners (EL)","English Learners",14,"*",14,"*",7,"*"
"North Canaan School District","=""1000011""","English Language Learners (EL)","Not English Learners",128,70.7,128,68.4,39,77.6
"North Canaan School District","=""1000011""","Gender","Female",60,70.7,60,66.3,18,"*"
"North Canaan School District","=""1000011""","Gender","Male",82,68.6,82,67.7,28,74.8
"North Canaan School District","=""1000011""","Grade","03",29,66.7,29,66.1,"N/A","N/A"
"North Canaan School District","=""1000011""","Grade","04",28,76.5,28,76.5,"N/A","N/A"
"North Canaan School District","=""1000011""","Grade","05",19,"*",19,"*",19,"*"
"North Canaan School District","=""1000011""","Grade","06",18,"*",18,"*","N/A","N/A"
"North Canaan School District","=""1000011""","Grade","07",21,74.3,21,73.0,"N/A","N/A"
"North Canaan School District","=""1000011""","Grade","08",27,69.9,27,63.8,27,78.5
"North Canaan School District","=""1000011""","High Needs (F/R, EL or SWD)","High Needs",81,63.5,81,60.4,28,72.3
"North Canaan School District","=""1000011""","High Needs (F/R, EL or SWD)","Not High Needs",61,77.4,61,76.0,18,"*"
"North Canaan School District","=""1000011""","Free/Reduced Price Meal Eligibility (2-level)","Eligible For Free Or Reduced Price Meals",62,65.7,62,61.7,23,74.2
"North Canaan School District","=""1000011""","Free/Reduced Price Meal Eligibility (2-level)","Not Eligible For Free Or Reduced Price Meals",80,72.4,80,71.3,23,77.9
"North Canaan School District","=""1000011""","Race/Ethnicity","Black or African American","*","*","*","*","*","*"
"North Canaan School District","=""1000011""","Race/Ethnicity","Hispanic or Latino",30,62.9,30,58.1,14,"*"
"North Canaan School District","=""1000011""","Race/Ethnicity","Two or More Races","*","*","*","*","*","*"
"North Canaan School District","=""1000011""","Race/Ethnicity","White",102,70.4,102,69.1,28,77.8
"North Canaan School District","=""1000011""","Special Education Status (SWD)","Students with Disabilities",31,53.7,31,50.2,8,"*"
"North Canaan School District","=""1000011""","Special Education Status (SWD)","Students without Disabilities",111,73.9,111,71.9,38,80.1
"North Haven School District","=""1010011""","All Students","District",1681,73.7,1682,70.8,714,73.4
"North Haven School District","=""1010011""","English Language Learners (EL)","English Learners",154,66.0,154,67.2,49,60.3
"North Haven School District","=""1010011""","English Language Learners (EL)","Not English Learners",1527,74.5,1528,71.2,665,74.4
"North Haven School District","=""1010011""","Gender","Female","*","*","*","*",358,74.1
"North Haven School District","=""1010011""","Gender","Male",851,71.7,852,71.5,"*","*"
"North Haven School District","=""1010011""","Gender","Non-Binary","*","*","*","*","*","*"
"North Haven School District","=""1010011""","Grade","03",234,76.3,234,75.4,"N/A","N/A"
"North Haven School District","=""1010011""","Grade","04",249,79.5,250,79.3,"N/A","N/A"
"North Haven School District","=""1010011""","Grade","05",217,79.9,217,81.3,217,75.8
"North Haven School District","=""1010011""","Grade","06",260,77.1,260,68.8,"N/A","N/A"
"North Haven School District","=""1010011""","Grade","07",226,74.1,226,66.7,"N/A","N/A"
"North Haven School District","=""1010011""","Grade","08",258,70.1,258,67.5,259,72.4
"North Haven School District","=""1010011""","Grade","11",237,59.4,237,57.4,238,72.4
"North Haven School District","=""1010011""","High Needs (F/R, EL or SWD)","High Needs",601,63.9,602,60.3,251,61.2
"North Haven School District","=""1010011""","High Needs (F/R, EL or SWD)","Not High Needs",1080,79.3,1080,76.7,463,80.1
"North Haven School District","=""1010011""","Free/Reduced Price Meal Eligibility (2-level)","Eligible For Free Or Reduced Price Meals",384,65.4,384,61.7,161,64.3
"North Haven School District","=""1010011""","Free/Reduced Price Meal Eligibility (2-level)","Not Eligible For Free Or Reduced Price Meals",1297,76.2,1298,73.5,553,76.1
"North Haven School District","=""1010011""","Race/Ethnicity","American Indian or Alaska Native","*","*","*","*","*","*"
"North Haven School District","=""1010011""","Race/Ethnicity","Asian",141,80.1,141,81.5,64,85.2
"North Haven School District","=""1010011""","Race/Ethnicity","Black or African American",103,69.6,103,62.8,38,65.9
"North Haven School District","=""1010011""","Race/Ethnicity","Hispanic or Latino",247,68.6,247,63.6,108,66.3
"North Haven School District","=""1010011""","Race/Ethnicity","Two or More Races","*","*","*","*","*","*"
"North Haven School District","=""1010011""","Race/Ethnicity","White",1104,74.2,1105,71.4,471,73.9
"North Haven School District","=""1010011""","Special Education Status (SWD)","Students with Disabilities",239,53.2,240,48.9,107,51.2
"North Haven School District","=""1010011""","Special Education Status (SWD)","Students without Disabilities",1442,77.2,1442,74.5,607,77.4
"North Stonington School District","=""1020011""","All Students","District",359,72.5,356,71.9,157,72.6
"North Stonington School District","=""1020011""","English Language Learners (EL)","English Learners","*","*","*","*","*","*"
"North Stonington School District","=""1020011""","English Language Learners (EL)","Not English Learners","*","*","*","*","*","*"
"North Stonington School District","=""1020011""","Gender","Female",167,71.3,166,69.2,76,69.8
"North Stonington School District","=""1020011""","Gender","Male",192,73.5,190,74.3,81,75.3
"North Stonington School District","=""1020011""","Grade","03",46,77.8,45,81.7,"N/A","N/A"
"North Stonington School District","=""1020011""","Grade","04",52,78.6,52,81.9,"N/A","N/A"
"North Stonington School District","=""1020011""","Grade","05",44,70.8,43,72.5,43,71.3
"North Stonington School District","=""1020011""","Grade","06",53,75.1,52,76.8,"N/A","N/A"
"North Stonington School District","=""1020011""","Grade","07",50,72.1,50,67.5,"N/A","N/A"
"North Stonington School District","=""1020011""","Grade","08",57,71.3,57,70.6,57,77.2
"North Stonington School District","=""1020011""","Grade","11",57,63.0,57,55.5,57,69.1
"North Stonington School District","=""1020011""","High Needs (F/R, EL or SWD)","High Needs",110,64.4,109,65.3,45,62.2
"North Stonington School District","=""1020011""","High Needs (F/R, EL or SWD)","Not High Needs",249,76.1,247,74.9,112,76.8
"North Stonington School District","=""1020011""","Free/Reduced Price Meal Eligibility (2-level)","Eligible For Free Or Reduced Price Meals",77,66.2,76,66.5,35,66.0
"North Stonington School District","=""1020011""","Free/Reduced Price Meal Eligibility (2-level)","Not Eligible For Free Or Reduced Price Meals",282,74.2,280,73.4,122,74.6
"North Stonington School District","=""1020011""","Race/Ethnicity","American Indian or Alaska Native","*","*","*","*","N/A","N/A"
"North Stonington School District","=""1020011""","Race/Ethnicity","Asian","*","*","*","*","*","*"
"North Stonington School District","=""1020011""","Race/Ethnicity","Black or African American","*","*","*","*","N/A","N/A"
"North Stonington School District","=""1020011""","Race/Ethnicity","Hispanic or Latino",20,73.9,19,"*",7,"*"
"North Stonington School District","=""1020011""","Race/Ethnicity","Native Hawaiian or Other Pacific Islander","*","*","*","*","*","*"
"North Stonington School District","=""1020011""","Race/Ethnicity","Two or More Races",7,"*",6,"*","*","*"
"North Stonington School District","=""1020011""","Race/Ethnicity","White",323,72.8,322,72.1,143,73.1
"North Stonington School District","=""1020011""","Special Education Status (SWD)","Students with Disabilities",54,59.1,53,61.0,17,"*"
"North Stonington School District","=""1020011""","Special Education Status (SWD)","Students without Disabilities",305,74.9,303,73.9,140,75.8
"Norwalk School District","=""1030011""","All Students","District",5397,62.3,5384,59.0,2379,58.8
"Norwalk School District","=""1030011""","English Language Learners (EL)","English Learners",1452,49.9,1449,49.4,606,47.7
"Norwalk School District","=""1030011""","English Language Learners (EL)","Not English Learners",3945,66.8,3935,62.6,1773,62.6
"Norwalk School District","=""1030011""","Gender","Female","*","*","*","*","*","*"
"Norwalk School District","=""1030011""","Gender","Male",2728,60.9,2723,60.3,1207,59.1
"Norwalk School District","=""1030011""","Gender","Non-Binary","*","*","*","*","*","*"
"Norwalk School District","=""1030011""","Grade","03",730,65.9,730,63.4,"N/A","N/A"
"Norwalk School District","=""1030011""","Grade","04",733,67.2,733,65.5,"N/A","N/A"
"Norwalk School District","=""1030011""","Grade","05",729,66.5,728,65.3,727,65.3
"Norwalk School District","=""1030011""","Grade","06",764,63.6,761,57.9,"N/A","N/A"
"Norwalk School District","=""1030011""","Grade","07",769,64.9,765,59.1,"N/A","N/A"
"Norwalk School District","=""1030011""","Grade","08",792,60.2,787,57.8,792,61.0
"Norwalk School District","=""1030011""","Grade","11",880,50.2,880,47.0,860,51.3
"Norwalk School District","=""1030011""","High Needs (F/R, EL or SWD)","High Needs",3708,56.3,3699,53.0,1614,53.4
"Norwalk School District","=""1030011""","High Needs (F/R, EL or SWD)","Not High Needs",1689,75.4,1685,72.2,765,70.2
"Norwalk School District","=""1030011""","Free/Reduced Price Meal Eligibility (2-level)","Eligible For Free Or Reduced Price Meals",3026,57.8,3022,54.1,1310,54.8
"Norwalk School District","=""1030011""","Free/Reduced Price Meal Eligibility (2-level)","Not Eligible For Free Or Reduced Price Meals",2371,68.1,2362,65.3,1069,63.7
"Norwalk School District","=""1030011""","Race/Ethnicity","American Indian or Alaska Native","*","*","*","*","*","*"
"Norwalk School District","=""1030011""","Race/Ethnicity","Asian",189,75.4,189,73.2,96,72.8
"Norwalk School District","=""1030011""","Race/Ethnicity","Black or African American",724,58.3,719,51.3,307,53.5
"Norwalk School District","=""1030011""","Race/Ethnicity","Hispanic or Latino",3085,56.9,3081,54.2,1365,53.5
"Norwalk School District","=""1030011""","Race/Ethnicity","Native Hawaiian or Other Pacific Islander","*","*","*","*","*","*"
"Norwalk School District","=""1030011""","Race/Ethnicity","Two or More Races",208,72.3,208,68.4,98,66.3
"Norwalk School District","=""1030011""","Race/Ethnicity","White",1175,75.1,1171,72.7,503,72.1
"Norwalk School District","=""1030011""","Special Education Status (SWD)","Students with Disabilities",1050,45.0,1044,40.5,415,41.0
"Norwalk School District","=""1030011""","Special Education Status (SWD)","Students without Disabilities",4347,66.5,4340,63.5,1964,62.6
"Norwich School District","=""1040011""","All Students","District",1946,53.2,1938,48.4,657,51.1
"Norwich School District","=""1040011""","English Language Learners (EL)","English Learners",578,47.9,577,44.3,191,45.4
"Norwich School District","=""1040011""","English Language Learners (EL)","Not English Learners",1368,55.4,1361,50.2,466,53.5
"Norwich School District","=""1040011""","Gender","Female",936,54.2,935,47.1,309,50.4
"Norwich School District","=""1040011""","Gender","Male",1010,52.2,1003,49.7,348,51.8
"Norwich School District","=""1040011""","Gender","Non-Binary",0,"N/A",0,"N/A",0,"N/A"
"Norwich School District","=""1040011""","Grade","03",331,54.3,330,49.6,"N/A","N/A"
"Norwich School District","=""1040011""","Grade","04",314,55.8,314,51.3,"N/A","N/A"
"Norwich School District","=""1040011""","Grade","05","*","*","*","*",301,52.6
"Norwich School District","=""1040011""","Grade","06",316,55.4,314,49.9,"N/A","N/A"
"Norwich School District","=""1040011""","Grade","07",324,48.8,323,42.9,"N/A","N/A"
"Norwich School District","=""1040011""","Grade","08",357,50.4,354,44.4,356,50.0
"Norwich School District","=""1040011""","Grade","11","*","*","*","*",0,"N/A"
"Norwich School District","=""1040011""","High Needs (F/R, EL or SWD)","High Needs",1574,49.9,1565,45.1,519,47.1
"Norwich School District","=""1040011""","High Needs (F/R, EL or SWD)","Not High Needs",372,66.9,373,62.4,138,66.3
"Norwich School District","=""1040011""","Free/Reduced Price Meal Eligibility (2-level)","Eligible For Free Or Reduced Price Meals",1363,50.6,1355,45.4,452,47.6
"Norwich School District","=""1040011""","Free/Reduced Price Meal Eligibility (2-level)","Not Eligible For Free Or Reduced Price Meals",583,59.3,583,55.5,205,59.0
"Norwich School District","=""1040011""","Race/Ethnicity","American Indian or Alaska Native","*","*","*","*","*","*"
"Norwich School District","=""1040011""","Race/Ethnicity","Asian",127,65.3,127,64.4,48,63.5
"Norwich School District","=""1040011""","Race/Ethnicity","Black or African American",357,50.2,355,43.7,141,48.0
"Norwich School District","=""1040011""","Race/Ethnicity","Hispanic or Latino",790,48.9,788,44.2,269,46.1
"Norwich School District","=""1040011""","Race/Ethnicity","Native Hawaiian or Other Pacific Islander","*","*","*","*","*","*"
"Norwich School District","=""1040011""","Race/Ethnicity","Two or More Races",177,52.3,175,48.2,60,56.0
"Norwich School District","=""1040011""","Race/Ethnicity","White",484,59.3,482,54.8,135,58.5
"Norwich School District","=""1040011""","Special Education Status (SWD)","Students with Disabilities",391,37.2,386,32.6,133,35.3
"Norwich School District","=""1040011""","Special Education Status (SWD)","Students without Disabilities",1555,57.2,1552,52.4,524,55.2
"Old Saybrook School District","=""1060011""","All Students","District",473,73.2,473,68.5,209,66.0
"Old Saybrook School District","=""1060011""","English Language Learners (EL)","English Learners",63,62.2,63,60.7,27,51.3
"Old Saybrook School District","=""1060011""","English Language Learners (EL)","Not English Learners",410,74.9,410,69.7,182,68.1
"Old Saybrook School District","=""1060011""","Gender","Female",231,75.9,231,67.9,98,69.1
"Old Saybrook School District","=""1060011""","Gender","Male",242,70.6,242,69.0,111,63.2
"Old Saybrook School District","=""1060011""","Grade","03",63,74.7,63,71.9,"N/A","N/A"
"Old Saybrook School District","=""1060011""","Grade","04",53,77.4,53,66.7,"N/A","N/A"
"Old Saybrook School District","=""1060011""","Grade","05",51,73.1,51,70.0,51,70.6
"Old Saybrook School District","=""1060011""","Grade","06",63,82.1,63,78.6,"N/A","N/A"
"Old Saybrook School District","=""1060011""","Grade","07",84,77.7,84,73.4,"N/A","N/A"
"Old Saybrook School District","=""1060011""","Grade","08",66,76.3,66,70.2,66,75.6
"Old Saybrook School District","=""1060011""","Grade","11",93,57.5,93,53.9,92,56.5
"Old Saybrook School District","=""1060011""","High Needs (F/R, EL or SWD)","High Needs",194,61.7,194,57.1,83,50.7
"Old Saybrook School District","=""1060011""","High Needs (F/R, EL or SWD)","Not High Needs",279,81.2,279,76.4,126,76.0
"Old Saybrook School District","=""1060011""","Free/Reduced Price Meal Eligibility (2-level)","Eligible For Free Or Reduced Price Meals",126,64.7,126,59.5,55,53.1
"Old Saybrook School District","=""1060011""","Free/Reduced Price Meal Eligibility (2-level)","Not Eligible For Free Or Reduced Price Meals",347,76.3,347,71.8,154,70.6
"Old Saybrook School District","=""1060011""","Race/Ethnicity","Asian",19,"*",19,"*","*","*"
"Old Saybrook School District","=""1060011""","Race/Ethnicity","Black or African American","*","*","*","*","*","*"
"Old Saybrook School District","=""1060011""","Race/Ethnicity","Hispanic or Latino",80,66.3,80,62.1,36,54.9
"Old Saybrook School District","=""1060011""","Race/Ethnicity","Two or More Races","*","*","*","*",8,"*"
"Old Saybrook School District","=""1060011""","Race/Ethnicity","White",355,74.4,355,69.6,157,68.3
"Old Saybrook School District","=""1060011""","Special Education Status (SWD)","Students with Disabilities",86,53.3,86,47.7,35,43.1
"Old Saybrook School District","=""1060011""","Special Education Status (SWD)","Students without Disabilities",387,77.6,387,73.1,174,70.6
"Orange School District","=""1070011""","All Students","District",728,79.0,730,77.7,169,78.7
"Orange School District","=""1070011""","English Language Learners (EL)","English Learners",72,68.2,72,71.0,16,"*"
"Orange School District","=""1070011""","English Language Learners (EL)","Not English Learners",656,80.2,658,78.5,153,79.0
"Orange School District","=""1070011""","Gender","Female",346,79.9,347,74.7,80,79.4
"Orange School District","=""1070011""","Gender","Male",382,78.2,383,80.5,89,78.0
"Orange School District","=""1070011""","Grade","03",193,78.9,193,79.0,"N/A","N/A"
"Orange School District","=""1070011""","Grade","04",175,78.0,176,77.3,"N/A","N/A"
"Orange School District","=""1070011""","Grade","05",169,78.0,169,77.5,169,78.7
"Orange School District","=""1070011""","Grade","06",191,80.9,192,77.1,"N/A","N/A"
"Orange School District","=""1070011""","High Needs (F/R, EL or SWD)","High Needs",209,68.2,211,66.0,52,67.5
"Orange School District","=""1070011""","High Needs (F/R, EL or SWD)","Not High Needs",519,83.4,519,82.5,117,83.6
"Orange School District","=""1070011""","Free/Reduced Price Meal Eligibility (2-level)","Eligible For Free Or Reduced Price Meals",99,70.0,99,67.1,29,66.8
"Orange School District","=""1070011""","Free/Reduced Price Meal Eligibility (2-level)","Not Eligible For Free Or Reduced Price Meals",629,80.4,631,79.4,140,81.1
"Orange School District","=""1070011""","Race/Ethnicity","Asian",104,84.8,104,86.6,23,87.2
"Orange School District","=""1070011""","Race/Ethnicity","Black or African American",17,"*",17,"*",7,"*"
"Orange School District","=""1070011""","Race/Ethnicity","Hispanic or Latino",71,70.2,71,67.3,23,70.0
"Orange School District","=""1070011""","Race/Ethnicity","Two or More Races",40,85.7,40,84.3,9,"*"
"Orange School District","=""1070011""","Race/Ethnicity","White",496,78.8,498,77.1,107,78.4
"Orange School District","=""1070011""","Special Education Status (SWD)","Students with Disabilities",93,59.6,95,56.4,22,57.7
"Orange School District","=""1070011""","Special Education Status (SWD)","Students without Disabilities",635,81.9,635,80.9,147,81.8
"Oxford School District","=""1080011""","All Students","District",838,74.1,836,69.1,343,74.2
"Oxford School District","=""1080011""","English Language Learners (EL)","English Learners",35,65.4,35,63.3,18,"*"
"Oxford School District","=""1080011""","English Language Learners (EL)","Not English Learners",803,74.5,801,69.4,325,74.7
"Oxford School District","=""1080011""","Gender","Female",408,75.2,407,67.4,168,73.5
"Oxford School District","=""1080011""","Gender","Male",430,73.1,429,70.8,175,75.0
"Oxford School District","=""1080011""","Grade","03",119,72.3,119,69.6,"N/A","N/A"
"Oxford School District","=""1080011""","Grade","04",135,78.0,135,77.8,"N/A","N/A"
"Oxford School District","=""1080011""","Grade","05",121,80.8,120,76.9,121,77.9
"Oxford School District","=""1080011""","Grade","06",119,77.8,119,70.8,"N/A","N/A"
"Oxford School District","=""1080011""","Grade","07",122,75.5,121,67.3,"N/A","N/A"
"Oxford School District","=""1080011""","Grade","08",117,72.2,117,64.4,118,71.9
"Oxford School District","=""1080011""","Grade","11",105,59.7,105,54.0,104,72.5
"Oxford School District","=""1080011""","High Needs (F/R, EL or SWD)","High Needs",251,67.1,250,60.9,104,66.6
"Oxford School District","=""1080011""","High Needs (F/R, EL or SWD)","Not High Needs",587,77.1,586,72.6,239,77.6
"Oxford School District","=""1080011""","Free/Reduced Price Meal Eligibility (2-level)","Eligible For Free Or Reduced Price Meals",150,69.6,149,61.6,69,70.4
"Oxford School District","=""1080011""","Free/Reduced Price Meal Eligibility (2-level)","Not Eligible For Free Or Reduced Price Meals",688,75.1,687,70.8,274,75.2
"Oxford School District","=""1080011""","Race/Ethnicity","American Indian or Alaska Native","*","*","*","*","*","*"
"Oxford School District","=""1080011""","Race/Ethnicity","Asian",28,76.5,28,79.7,9,"*"
"Oxford School District","=""1080011""","Race/Ethnicity","Black or African American",18,"*",18,"*",10,"*"
"Oxford School District","=""1080011""","Race/Ethnicity","Hispanic or Latino",123,72.4,122,66.3,54,68.6
"Oxford School District","=""1080011""","Race/Ethnicity","Native Hawaiian or Other Pacific Islander","*","*","*","*","N/A","N/A"
"Oxford School District","=""1080011""","Race/Ethnicity","Two or More Races",12,"*",12,"*","*","*"
"Oxford School District","=""1080011""","Race/Ethnicity","White",652,74.8,651,69.7,260,75.6
"Oxford School District","=""1080011""","Special Education Status (SWD)","Students with Disabilities",114,60.8,113,54.8,39,56.1
"Oxford School District","=""1080011""","Special Education Status (SWD)","Students without Disabilities",724,76.2,723,71.4,304,76.5
"Plainfield School District","=""1090011""","All Students","District",919,60.2,913,57.2,384,61.8
"Plainfield School District","=""1090011""","English Language Learners (EL)","English Learners",15,"*",14,"*","*","*"
"Plainfield School District","=""1090011""","English Language Learners (EL)","Not English Learners",904,60.5,899,57.3,"*","*"
"Plainfield School District","=""1090011""","Gender","Female",483,62.9,481,57.5,195,62.6
"Plainfield School District","=""1090011""","Gender","Male","*","*","*","*","*","*"
"Plainfield School District","=""1090011""","Gender","Non-Binary","*","*","*","*","*","*"
"Plainfield School District","=""1090011""","Grade","03",141,56.5,141,54.6,"N/A","N/A"
"Plainfield School District","=""1090011""","Grade","04",142,65.0,141,64.8,"N/A","N/A"
"Plainfield School District","=""1090011""","Grade","05",145,62.6,145,63.5,145,66.3
"Plainfield School District","=""1090011""","Grade","06",128,65.3,128,65.4,"N/A","N/A"
"Plainfield School District","=""1090011""","Grade","07",125,63.2,123,58.1,"N/A","N/A"
"Plainfield School District","=""1090011""","Grade","08",141,57.0,138,48.3,143,63.8
"Plainfield School District","=""1090011""","Grade","11",97,49.5,97,41.2,96,52.2
"Plainfield School District","=""1090011""","High Needs (F/R, EL or SWD)","High Needs",557,56.1,552,53.4,223,57.8
"Plainfield School District","=""1090011""","High Needs (F/R, EL or SWD)","Not High Needs",362,66.6,361,62.9,161,67.4
"Plainfield School District","=""1090011""","Free/Reduced Price Meal Eligibility (2-level)","Eligible For Free Or Reduced Price Meals",492,57.7,490,55.2,189,60.9
"Plainfield School District","=""1090011""","Free/Reduced Price Meal Eligibility (2-level)","Not Eligible For Free Or Reduced Price Meals",427,63.2,423,59.5,195,62.8
"Plainfield School District","=""1090011""","Race/Ethnicity","American Indian or Alaska Native","*","*","*","*","*","*"
"Plainfield School District","=""1090011""","Race/Ethnicity","Asian",14,"*",14,"*",7,"*"
"Plainfield School District","=""1090011""","Race/Ethnicity","Black or African American",29,62.1,29,59.2,18,"*"
"Plainfield School District","=""1090011""","Race/Ethnicity","Hispanic or Latino",30,60.4,30,59.5,10,"*"
"Plainfield School District","=""1090011""","Race/Ethnicity","Native Hawaiian or Other Pacific Islander","*","*","*","*","*","*"
"Plainfield School District","=""1090011""","Race/Ethnicity","Two or More Races",28,66.0,28,62.4,13,"*"
"Plainfield School District","=""1090011""","Race/Ethnicity","White",810,60.1,804,56.7,331,61.9
"Plainfield School District","=""1090011""","Special Education Status (SWD)","Students with Disabilities",163,41.6,158,36.6,78,39.5
"Plainfield School District","=""1090011""","Special Education Status (SWD)","Students without Disabilities",756,64.3,755,61.5,306,67.5
"Plainville School District","=""1100011""","All Students","District",1065,66.2,1058,63.8,449,65.1
"Plainville School District","=""1100011""","English Language Learners (EL)","English Learners",152,57.5,150,58.2,65,54.0
"Plainville School District","=""1100011""","English Language Learners (EL)","Not English Learners",913,67.7,908,64.7,384,66.9
"Plainville School District","=""1100011""","Gender","Female",493,68.4,492,63.1,202,64.7
"Plainville School District","=""1100011""","Gender","Male",572,64.3,566,64.4,247,65.4
"Plainville School District","=""1100011""","Grade","03",137,66.3,137,59.2,"N/A","N/A"
"Plainville School District","=""1100011""","Grade","04",149,73.0,148,70.3,"N/A","N/A"
"Plainville School District","=""1100011""","Grade","05",139,67.3,139,64.7,139,63.7
"Plainville School District","=""1100011""","Grade","06",167,71.5,167,68.2,"N/A","N/A"
"Plainville School District","=""1100011""","Grade","07",160,68.8,159,64.4,"N/A","N/A"
"Plainville School District","=""1100011""","Grade","08",151,66.1,146,70.5,149,65.8
"Plainville School District","=""1100011""","Grade","11",162,51.2,162,49.8,161,65.6
"Plainville School District","=""1100011""","High Needs (F/R, EL or SWD)","High Needs",566,58.7,560,56.4,239,57.5
"Plainville School District","=""1100011""","High Needs (F/R, EL or SWD)","Not High Needs",499,74.8,498,72.2,210,73.6
"Plainville School District","=""1100011""","Free/Reduced Price Meal Eligibility (2-level)","Eligible For Free Or Reduced Price Meals",438,59.0,433,56.9,194,57.7
"Plainville School District","=""1100011""","Free/Reduced Price Meal Eligibility (2-level)","Not Eligible For Free Or Reduced Price Meals",627,71.3,625,68.6,255,70.7
"Plainville School District","=""1100011""","Race/Ethnicity","American Indian or Alaska Native","*","*","*","*","*","*"
"Plainville School District","=""1100011""","Race/Ethnicity","Asian",18,"*",18,"*","*","*"
"Plainville School District","=""1100011""","Race/Ethnicity","Black or African American",62,59.9,61,55.2,24,59.4
"Plainville School District","=""1100011""","Race/Ethnicity","Hispanic or Latino",277,57.4,275,55.2,122,54.9
"Plainville School District","=""1100011""","Race/Ethnicity","Native Hawaiian or Other Pacific Islander","*","*","*","*","N/A","N/A"
"Plainville School District","=""1100011""","Race/Ethnicity","Two or More Races",44,69.9,43,62.7,16,"*"
"Plainville School District","=""1100011""","Race/Ethnicity","White",659,70.1,656,68.0,278,70.1
"Plainville School District","=""1100011""","Special Education Status (SWD)","Students with Disabilities",178,44.4,173,39.9,73,40.7
"Plainville School District","=""1100011""","Special Education Status (SWD)","Students without Disabilities",887,70.6,885,68.5,376,69.8
"Plymouth School District","=""1110011""","All Students","District",642,59.8,642,55.8,267,57.8
"Plymouth School District","=""1110011""","English Language Learners (EL)","English Learners",31,44.8,31,45.9,14,"*"
"Plymouth School District","=""1110011""","English Language Learners (EL)","Not English Learners",611,60.6,611,56.3,253,58.2
"Plymouth School District","=""1110011""","Gender","Female",311,62.6,311,55.6,132,58.7
"Plymouth School District","=""1110011""","Gender","Male",331,57.2,331,55.9,135,56.9
"Plymouth School District","=""1110011""","Grade","03",76,59.5,76,55.0,"N/A","N/A"
"Plymouth School District","=""1110011""","Grade","04",97,63.9,97,64.9,"N/A","N/A"
"Plymouth School District","=""1110011""","Grade","05",79,63.9,79,62.0,79,60.5
"Plymouth School District","=""1110011""","Grade","06",94,59.2,94,54.3,"N/A","N/A"
"Plymouth School District","=""1110011""","Grade","07",106,61.0,106,58.9,"N/A","N/A"
"Plymouth School District","=""1110011""","Grade","08",106,62.1,106,51.7,106,61.0
"Plymouth School District","=""1110011""","Grade","11",84,47.8,84,42.9,82,50.9
"Plymouth School District","=""1110011""","High Needs (F/R, EL or SWD)","High Needs",376,54.2,376,49.9,152,52.5
"Plymouth School District","=""1110011""","High Needs (F/R, EL or SWD)","Not High Needs",266,67.7,266,64.0,115,64.7
"Plymouth School District","=""1110011""","Free/Reduced Price Meal Eligibility (2-level)","Eligible For Free Or Reduced Price Meals",293,56.3,293,51.5,123,53.6
"Plymouth School District","=""1110011""","Free/Reduced Price Meal Eligibility (2-level)","Not Eligible For Free Or Reduced Price Meals",349,62.8,349,59.4,144,61.4
"Plymouth School District","=""1110011""","Race/Ethnicity","Asian",8,"*",8,"*","*","*"
"Plymouth School District","=""1110011""","Race/Ethnicity","Black or African American",11,"*",11,"*","*","*"
"Plymouth School District","=""1110011""","Race/Ethnicity","Hispanic or Latino",127,54.2,127,49.9,52,50.6
"Plymouth School District","=""1110011""","Race/Ethnicity","Two or More Races",38,66.8,38,63.1,13,"*"
"Plymouth School District","=""1110011""","Race/Ethnicity","White",458,60.7,458,56.8,195,59.6
"Plymouth School District","=""1110011""","Special Education Status (SWD)","Students with Disabilities",171,45.4,171,40.6,65,44.3
"Plymouth School District","=""1110011""","Special Education Status (SWD)","Students without Disabilities",471,65.0,471,61.3,202,62.1
"Pomfret School District","=""1120011""","All Students","District",207,74.3,207,75.1,58,72.1
"Pomfret School District","=""1120011""","English Language Learners (EL)","English Learners",7,"*",7,"*","*","*"
"Pomfret School District","=""1120011""","English Language Learners (EL)","Not English Learners",200,74.9,200,75.6,"*","*"
"Pomfret School District","=""1120011""","Gender","Female",95,76.2,95,72.7,21,68.2
"Pomfret School District","=""1120011""","Gender","Male",112,72.6,112,77.0,37,74.3
"Pomfret School District","=""1120011""","Grade","03",29,74.3,29,80.4,"N/A","N/A"
"Pomfret School District","=""1120011""","Grade","04",33,71.2,33,71.7,"N/A","N/A"
"Pomfret School District","=""1120011""","Grade","05",27,71.4,27,73.3,27,71.4
"Pomfret School District","=""1120011""","Grade","06",45,74.6,45,78.6,"N/A","N/A"
"Pomfret School District","=""1120011""","Grade","07",42,76.6,42,73.0,"N/A","N/A"
"Pomfret School District","=""1120011""","Grade","08",31,76.3,31,73.0,31,72.6
"Pomfret School District","=""1120011""","High Needs (F/R, EL or SWD)","High Needs",83,66.9,83,66.6,26,62.9
"Pomfret School District","=""1120011""","High Needs (F/R, EL or SWD)","Not High Needs",124,79.2,124,80.7,32,79.6
"Pomfret School District","=""1120011""","Free/Reduced Price Meal Eligibility (2-level)","Eligible For Free Or Reduced Price Meals",60,70.4,60,68.9,19,"*"
"Pomfret School District","=""1120011""","Free/Reduced Price Meal Eligibility (2-level)","Not Eligible For Free Or Reduced Price Meals",147,75.9,147,77.6,39,74.1
"Pomfret School District","=""1120011""","Race/Ethnicity","Asian","*","*","*","*","*","*"
"Pomfret School District","=""1120011""","Race/Ethnicity","Black or African American","*","*","*","*","*","*"
"Pomfret School District","=""1120011""","Race/Ethnicity","Hispanic or Latino",14,"*",14,"*","*","*"
"Pomfret School District","=""1120011""","Race/Ethnicity","Two or More Races","*","*","*","*","N/A","N/A"
"Pomfret School District","=""1120011""","Race/Ethnicity","White",182,74.8,182,76.0,52,71.3
"Pomfret School District","=""1120011""","Special Education Status (SWD)","Students with Disabilities",34,53.2,34,52.9,11,"*"
"Pomfret School District","=""1120011""","Special Education Status (SWD)","Students without Disabilities",173,78.4,173,79.4,47,78.2
"Portland School District","=""1130011""","All Students","District",638,73.9,634,68.1,255,66.6
"Portland School District","=""1130011""","English Language Learners (EL)","English Learners",38,58.7,38,48.3,15,"*"
"Portland School District","=""1130011""","English Language Learners (EL)","Not English Learners",600,74.9,596,69.4,240,67.6
"Portland School District","=""1130011""","Gender","Female","*","*","*","*","*","*"
"Portland School District","=""1130011""","Gender","Male",357,73.3,354,69.7,143,67.8
"Portland School District","=""1130011""","Gender","Non-Binary","*","*","*","*","*","*"
"Portland School District","=""1130011""","Grade","03",95,77.0,95,72.6,"N/A","N/A"
"Portland School District","=""1130011""","Grade","04",79,78.9,79,76.1,"N/A","N/A"
"Portland School District","=""1130011""","Grade","05",77,71.0,76,68.3,75,68.2
"Portland School District","=""1130011""","Grade","06",101,79.4,101,72.2,"N/A","N/A"
"Portland School District","=""1130011""","Grade","07",102,80.8,102,70.3,"N/A","N/A"
"Portland School District","=""1130011""","Grade","08",110,69.2,107,62.0,107,67.1
"Portland School District","=""1130011""","Grade","11",74,57.9,74,54.0,73,64.3
"Portland School District","=""1130011""","High Needs (F/R, EL or SWD)","High Needs",258,61.6,255,54.6,107,53.0
"Portland School District","=""1130011""","High Needs (F/R, EL or SWD)","Not High Needs",380,82.3,379,77.2,148,76.4
"Portland School District","=""1130011""","Free/Reduced Price Meal Eligibility (2-level)","Eligible For Free Or Reduced Price Meals",178,61.9,177,54.7,73,50.6
"Portland School District","=""1130011""","Free/Reduced Price Meal Eligibility (2-level)","Not Eligible For Free Or Reduced Price Meals",460,78.6,457,73.3,182,73.0
"Portland School District","=""1130011""","Race/Ethnicity","Asian",7,"*",7,"*","*","*"
"Portland School District","=""1130011""","Race/Ethnicity","Black or African American",25,55.0,25,52.7,"*","*"
"Portland School District","=""1130011""","Race/Ethnicity","Hispanic or Latino",109,65.3,108,55.8,48,56.8
"Portland School District","=""1130011""","Race/Ethnicity","Two or More Races",40,72.1,40,64.3,17,"*"
"Portland School District","=""1130011""","Race/Ethnicity","White",457,77.1,454,72.0,174,71.3
"Portland School District","=""1130011""","Special Education Status (SWD)","Students with Disabilities",141,54.2,138,46.7,56,47.8
"Portland School District","=""1130011""","Special Education Status (SWD)","Students without Disabilities",497,79.6,496,74.1,199,71.9
"Preston School District","=""1140011""","All Students","District",271,72.2,271,67.0,86,70.4
"Preston School District","=""1140011""","English Language Learners (EL)","English Learners",10,"*",10,"*","*","*"
"Preston School District","=""1140011""","English Language Learners (EL)","Not English Learners",261,71.9,261,66.8,"*","*"
"Preston School District","=""1140011""","Gender","Female",135,73.8,135,65.6,39,67.1
"Preston School District","=""1140011""","Gender","Male",136,70.6,136,68.4,47,73.2
"Preston School District","=""1140011""","Grade","03",50,81.8,50,74.2,"N/A","N/A"
"Preston School District","=""1140011""","Grade","04",45,76.4,45,68.9,"N/A","N/A"
"Preston School District","=""1140011""","Grade","05","*","*","*","*","*","*"
"Preston School District","=""1140011""","Grade","06",39,67.7,39,61.6,"N/A","N/A"
"Preston School District","=""1140011""","Grade","07",51,65.6,51,61.9,"N/A","N/A"
"Preston School District","=""1140011""","Grade","08",51,68.2,51,68.6,51,69.1
"Preston School District","=""1140011""","Grade","11","*","*","*","*","*","*"
"Preston School District","=""1140011""","High Needs (F/R, EL or SWD)","High Needs",115,64.1,115,57.7,37,60.0
"Preston School District","=""1140011""","High Needs (F/R, EL or SWD)","Not High Needs",156,78.1,156,73.8,49,78.3
"Preston School District","=""1140011""","Free/Reduced Price Meal Eligibility (2-level)","Eligible For Free Or Reduced Price Meals",89,67.8,89,62.0,29,64.3
"Preston School District","=""1140011""","Free/Reduced Price Meal Eligibility (2-level)","Not Eligible For Free Or Reduced Price Meals",182,74.3,182,69.4,57,73.5
"Preston School District","=""1140011""","Race/Ethnicity","American Indian or Alaska Native","*","*","*","*","N/A","N/A"
"Preston School District","=""1140011""","Race/Ethnicity","Asian",8,"*",8,"*","*","*"
"Preston School District","=""1140011""","Race/Ethnicity","Black or African American",7,"*",7,"*","*","*"
"Preston School District","=""1140011""","Race/Ethnicity","Hispanic or Latino",29,69.6,29,64.3,11,"*"
"Preston School District","=""1140011""","Race/Ethnicity","Native Hawaiian or Other Pacific Islander","*","*","*","*","*","*"
"Preston School District","=""1140011""","Race/Ethnicity","Two or More Races",10,"*",10,"*","*","*"
"Preston School District","=""1140011""","Race/Ethnicity","White",214,73.3,214,68.6,64,74.0
"Preston School District","=""1140011""","Special Education Status (SWD)","Students with Disabilities",43,48.4,43,42.1,13,"*"
"Preston School District","=""1140011""","Special Education Status (SWD)","Students without Disabilities",228,76.6,228,71.7,73,75.9
"Putnam School District","=""1160011""","All Students","District",597,60.8,594,53.9,216,56.8
"Putnam School District","=""1160011""","English Language Learners (EL)","English Learners",37,49.6,37,46.8,12,"*"
"Putnam School District","=""1160011""","English Language Learners (EL)","Not English Learners",560,61.6,557,54.3,204,57.5
"Putnam School District","=""1160011""","Gender","Female",279,61.7,276,51.9,99,54.8
"Putnam School District","=""1160011""","Gender","Male",318,60.0,318,55.6,117,58.4
"Putnam School District","=""1160011""","Grade","03",90,62.0,90,57.3,"N/A","N/A"
"Putnam School District","=""1160011""","Grade","04",104,65.3,104,60.3,"N/A","N/A"
"Putnam School District","=""1160011""","Grade","05",75,63.4,73,55.2,73,63.5
"Putnam School District","=""1160011""","Grade","06",89,63.1,89,54.2,"N/A","N/A"
"Putnam School District","=""1160011""","Grade","07",94,63.5,93,57.5,"N/A","N/A"
"Putnam School District","=""1160011""","Grade","08",84,52.4,84,44.2,84,57.4
"Putnam School District","=""1160011""","Grade","11",61,52.5,61,43.7,59,47.5
"Putnam School District","=""1160011""","High Needs (F/R, EL or SWD)","High Needs",385,55.7,383,48.2,145,51.3
"Putnam School District","=""1160011""","High Needs (F/R, EL or SWD)","Not High Needs",212,70.0,211,64.1,71,67.8
"Putnam School District","=""1160011""","Free/Reduced Price Meal Eligibility (2-level)","Eligible For Free Or Reduced Price Meals",324,57.2,322,50.6,122,53.5
"Putnam School District","=""1160011""","Free/Reduced Price Meal Eligibility (2-level)","Not Eligible For Free Or Reduced Price Meals",273,65.1,272,57.7,94,60.9
"Putnam School District","=""1160011""","Race/Ethnicity","Asian","*","*","*","*","*","*"
"Putnam School District","=""1160011""","Race/Ethnicity","Black or African American",13,"*",13,"*","*","*"
"Putnam School District","=""1160011""","Race/Ethnicity","Hispanic or Latino",113,55.2,113,48.9,43,48.6
"Putnam School District","=""1160011""","Race/Ethnicity","Native Hawaiian or Other Pacific Islander","*","*","*","*","N/A","N/A"
"Putnam School District","=""1160011""","Race/Ethnicity","Two or More Races",47,60.8,47,53.5,18,"*"
"Putnam School District","=""1160011""","Race/Ethnicity","White",414,62.2,411,55.1,147,59.2
"Putnam School District","=""1160011""","Special Education Status (SWD)","Students with Disabilities",126,44.0,125,34.0,50,39.2
"Putnam School District","=""1160011""","Special Education Status (SWD)","Students without Disabilities",471,65.3,469,59.2,166,62.0
"Redding School District","=""1170011""","All Students","District",535,80.0,535,80.6,181,80.6
"Redding School District","=""1170011""","English Language Learners (EL)","English Learners",10,"*",10,"*","*","*"
"Redding School District","=""1170011""","English Language Learners (EL)","Not English Learners",525,80.3,525,80.8,"*","*"
"Redding School District","=""1170011""","Gender","Female",268,81.3,268,78.8,90,80.3
"Redding School District","=""1170011""","Gender","Male","*","*","*","*",91,80.9
"Redding School District","=""1170011""","Gender","Non-Binary","*","*","*","*","N/A","N/A"
"Redding School District","=""1170011""","Grade","03",77,84.1,77,85.5,"N/A","N/A"
"Redding School District","=""1170011""","Grade","04",87,82.0,87,84.7,"N/A","N/A"
"Redding School District","=""1170011""","Grade","05",90,83.9,90,83.9,90,83.1
"Redding School District","=""1170011""","Grade","06",103,78.8,103,76.8,"N/A","N/A"
"Redding School District","=""1170011""","Grade","07",87,77.8,87,77.1,"N/A","N/A"
"Redding School District","=""1170011""","Grade","08",91,74.2,91,77.1,91,78.1
"Redding School District","=""1170011""","High Needs (F/R, EL or SWD)","High Needs",160,66.5,160,67.0,56,65.5
"Redding School District","=""1170011""","High Needs (F/R, EL or SWD)","Not High Needs",375,85.7,375,86.4,125,87.4
"Redding School District","=""1170011""","Free/Reduced Price Meal Eligibility (2-level)","Eligible For Free Or Reduced Price Meals",63,70.7,63,69.8,20,71.1
"Redding School District","=""1170011""","Free/Reduced Price Meal Eligibility (2-level)","Not Eligible For Free Or Reduced Price Meals",472,81.2,472,82.1,161,81.8
"Redding School District","=""1170011""","Race/Ethnicity","American Indian or Alaska Native","*","*","*","*","*","*"
"Redding School District","=""1170011""","Race/Ethnicity","Asian",15,"*",15,"*","*","*"
"Redding School District","=""1170011""","Race/Ethnicity","Black or African American",10,"*",10,"*","*","*"
"Redding School District","=""1170011""","Race/Ethnicity","Hispanic or Latino",70,72.5,70,74.2,27,71.1
"Redding School District","=""1170011""","Race/Ethnicity","Native Hawaiian or Other Pacific Islander","*","*","*","*","*","*"
"Redding School District","=""1170011""","Race/Ethnicity","Two or More Races",17,"*",17,"*","*","*"
"Redding School District","=""1170011""","Race/Ethnicity","White",420,80.9,420,81.0,141,81.9
"Redding School District","=""1170011""","Special Education Status (SWD)","Students with Disabilities",109,62.8,109,62.5,40,61.6
"Redding School District","=""1170011""","Special Education Status (SWD)","Students without Disabilities",426,84.4,426,85.2,141,86.0
"Ridgefield School District","=""1180011""","All Students","District",2340,81.0,2330,79.1,994,81.3
"Ridgefield School District","=""1180011""","English Language Learners (EL)","English Learners",82,71.5,82,72.5,23,64.9
"Ridgefield School District","=""1180011""","English Language Learners (EL)","Not English Learners",2258,81.3,2248,79.3,971,81.7
"Ridgefield School District","=""1180011""","Gender","Female","*","*","*","*","*","*"
"Ridgefield School District","=""1180011""","Gender","Male",1198,80.2,1191,81.0,508,81.4
"Ridgefield School District","=""1180011""","Gender","Non-Binary","*","*","*","*","*","*"
"Ridgefield School District","=""1180011""","Grade","03",309,80.2,309,79.0,"N/A","N/A"
"Ridgefield School District","=""1180011""","Grade","04",332,84.3,331,84.7,"N/A","N/A"
"Ridgefield School District","=""1180011""","Grade","05",327,85.6,326,86.9,327,85.2
"Ridgefield School District","=""1180011""","Grade","06",356,80.9,355,75.0,"N/A","N/A"
"Ridgefield School District","=""1180011""","Grade","07",347,81.3,343,76.4,"N/A","N/A"
"Ridgefield School District","=""1180011""","Grade","08",342,81.5,339,81.9,337,81.5
"Ridgefield School District","=""1180011""","Grade","11",327,73.0,327,70.1,330,77.2
"Ridgefield School District","=""1180011""","High Needs (F/R, EL or SWD)","High Needs",653,69.5,645,66.6,254,67.6
"Ridgefield School District","=""1180011""","High Needs (F/R, EL or SWD)","Not High Needs",1687,85.4,1685,83.9,740,86.0
"Ridgefield School District","=""1180011""","Free/Reduced Price Meal Eligibility (2-level)","Eligible For Free Or Reduced Price Meals",167,74.7,167,71.7,80,71.4
"Ridgefield School District","=""1180011""","Free/Reduced Price Meal Eligibility (2-level)","Not Eligible For Free Or Reduced Price Meals",2173,81.5,2163,79.7,914,82.2
"Ridgefield School District","=""1180011""","Race/Ethnicity","American Indian or Alaska Native",7,"*",7,"*","*","*"
"Ridgefield School District","=""1180011""","Race/Ethnicity","Asian",153,87.2,152,89.1,64,88.9
"Ridgefield School District","=""1180011""","Race/Ethnicity","Black or African American",15,"*",15,"*","*","*"
"Ridgefield School District","=""1180011""","Race/Ethnicity","Hispanic or Latino",205,73.7,203,71.4,90,74.3
"Ridgefield School District","=""1180011""","Race/Ethnicity","Two or More Races",118,79.8,118,79.1,39,83.9
"Ridgefield School District","=""1180011""","Race/Ethnicity","White",1842,81.4,1835,79.2,791,81.5
"Ridgefield School District","=""1180011""","Special Education Status (SWD)","Students with Disabilities",489,65.8,481,62.3,186,63.5
"Ridgefield School District","=""1180011""","Special Education Status (SWD)","Students without Disabilities",1851,85.0,1849,83.5,808,85.4
"Rocky Hill School District","=""1190011""","All Students","District",1282,74.9,1282,73.5,533,74.4
"Rocky Hill School District","=""1190011""","English Language Learners (EL)","English Learners",221,70.0,221,72.5,75,66.5
"Rocky Hill School District","=""1190011""","English Language Learners (EL)","Not English Learners",1061,76.0,1061,73.7,458,75.7
"Rocky Hill School District","=""1190011""","Gender","Female",640,76.6,640,72.6,280,74.2
"Rocky Hill School District","=""1190011""","Gender","Male",642,73.3,642,74.4,253,74.8
"Rocky Hill School District","=""1190011""","Grade","03",174,70.3,174,72.3,"N/A","N/A"
"Rocky Hill School District","=""1190011""","Grade","04",197,78.7,197,76.6,"N/A","N/A"
"Rocky Hill School District","=""1190011""","Grade","05",183,75.1,183,74.3,183,71.5
"Rocky Hill School District","=""1190011""","Grade","06",170,76.5,170,70.9,"N/A","N/A"
"Rocky Hill School District","=""1190011""","Grade","07",209,80.1,209,78.4,"N/A","N/A"
"Rocky Hill School District","=""1190011""","Grade","08",170,79.1,170,76.9,170,79.1
"Rocky Hill School District","=""1190011""","Grade","11",179,63.7,179,64.0,180,73.0
"Rocky Hill School District","=""1190011""","High Needs (F/R, EL or SWD)","High Needs",511,65.4,511,63.0,194,62.5
"Rocky Hill School District","=""1190011""","High Needs (F/R, EL or SWD)","Not High Needs",771,81.3,771,80.5,339,81.3
"Rocky Hill School District","=""1190011""","Free/Reduced Price Meal Eligibility (2-level)","Eligible For Free Or Reduced Price Meals",270,62.5,270,57.1,115,58.8
"Rocky Hill School District","=""1190011""","Free/Reduced Price Meal Eligibility (2-level)","Not Eligible For Free Or Reduced Price Meals",1012,78.3,1012,77.9,418,78.7
"Rocky Hill School District","=""1190011""","Race/Ethnicity","American Indian or Alaska Native","*","*","*","*","*","*"
"Rocky Hill School District","=""1190011""","Race/Ethnicity","Asian",415,81.3,415,84.6,153,82.1
"Rocky Hill School District","=""1190011""","Race/Ethnicity","Black or African American","*","*","*","*",23,60.4
"Rocky Hill School District","=""1190011""","Race/Ethnicity","Hispanic or Latino",139,64.9,139,59.8,61,63.4
"Rocky Hill School District","=""1190011""","Race/Ethnicity","Two or More Races",57,76.1,57,71.5,23,71.9
"Rocky Hill School District","=""1190011""","Race/Ethnicity","White",613,73.3,613,70.5,272,73.9
"Rocky Hill School District","=""1190011""","Special Education Status (SWD)","Students with Disabilities",173,52.2,173,46.3,70,48.7
"Rocky Hill School District","=""1190011""","Special Education Status (SWD)","Students without Disabilities",1109,78.5,1109,77.7,463,78.3
"Salem School District","=""1210011""","All Students","District",248,71.7,248,68.2,79,66.1
"Salem School District","=""1210011""","English Language Learners (EL)","English Learners","*","*","*","*","*","*"
"Salem School District","=""1210011""","English Language Learners (EL)","Not English Learners","*","*","*","*","*","*"
"Salem School District","=""1210011""","Gender","Female",137,74.2,137,67.2,51,66.4
"Salem School District","=""1210011""","Gender","Male",111,68.5,111,69.4,28,65.4
"Salem School District","=""1210011""","Grade","03",30,67.5,30,64.0,"N/A","N/A"
"Salem School District","=""1210011""","Grade","04",46,76.8,46,78.0,"N/A","N/A"
"Salem School District","=""1210011""","Grade","05",40,68.8,40,64.6,40,67.8
"Salem School District","=""1210011""","Grade","06",52,71.8,52,67.3,"N/A","N/A"
"Salem School District","=""1210011""","Grade","07",41,77.8,41,72.1,"N/A","N/A"
"Salem School District","=""1210011""","Grade","08",39,65.0,39,60.8,39,64.2
"Salem School District","=""1210011""","High Needs (F/R, EL or SWD)","High Needs",85,61.5,85,58.0,33,56.2
"Salem School District","=""1210011""","High Needs (F/R, EL or SWD)","Not High Needs",163,76.9,163,73.6,46,73.1
"Salem School District","=""1210011""","Free/Reduced Price Meal Eligibility (2-level)","Eligible For Free Or Reduced Price Meals",60,63.2,60,60.2,25,57.8
"Salem School District","=""1210011""","Free/Reduced Price Meal Eligibility (2-level)","Not Eligible For Free Or Reduced Price Meals",188,74.3,188,70.8,54,69.8
"Salem School District","=""1210011""","Race/Ethnicity","American Indian or Alaska Native","*","*","*","*","*","*"
"Salem School District","=""1210011""","Race/Ethnicity","Asian","*","*","*","*","N/A","N/A"
"Salem School District","=""1210011""","Race/Ethnicity","Black or African American","*","*","*","*","*","*"
"Salem School District","=""1210011""","Race/Ethnicity","Hispanic or Latino",27,73.2,27,64.3,9,"*"
"Salem School District","=""1210011""","Race/Ethnicity","Two or More Races",20,68.8,20,64.6,7,"*"
"Salem School District","=""1210011""","Race/Ethnicity","White",195,72.0,195,69.6,60,67.2
"Salem School District","=""1210011""","Special Education Status (SWD)","Students with Disabilities",41,51.7,41,50.0,13,"*"
"Salem School District","=""1210011""","Special Education Status (SWD)","Students without Disabilities",207,75.6,207,71.8,66,69.9
"Salisbury School District","=""1220011""","All Students","District",176,81.7,175,77.6,66,74.8
"Salisbury School District","=""1220011""","English Language Learners (EL)","English Learners","*","*","*","*","*","*"
"Salisbury School District","=""1220011""","English Language Learners (EL)","Not English Learners","*","*","*","*","*","*"
"Salisbury School District","=""1220011""","Gender","Female",81,82.7,81,77.4,35,75.7
"Salisbury School District","=""1220011""","Gender","Male",95,80.9,94,77.8,31,73.8
"Salisbury School District","=""1220011""","Gender","Non-Binary",0,"N/A",0,"N/A","N/A","N/A"
"Salisbury School District","=""1220011""","Grade","03",29,83.4,29,79.7,"N/A","N/A"
"Salisbury School District","=""1220011""","Grade","04",26,82.7,26,77.9,"N/A","N/A"
"Salisbury School District","=""1220011""","Grade","05",28,80.3,28,72.5,28,73.4
"Salisbury School District","=""1220011""","Grade","06",29,78.9,29,74.0,"N/A","N/A"
"Salisbury School District","=""1220011""","Grade","07",25,88.9,25,88.0,"N/A","N/A"
"Salisbury School District","=""1220011""","Grade","08",39,78.3,38,75.5,38,75.8
"Salisbury School District","=""1220011""","High Needs (F/R, EL or SWD)","High Needs",58,72.3,58,66.4,21,64.6
"Salisbury School District","=""1220011""","High Needs (F/R, EL or SWD)","Not High Needs",118,86.4,117,83.2,45,79.5
"Salisbury School District","=""1220011""","Free/Reduced Price Meal Eligibility (2-level)","Eligible For Free Or Reduced Price Meals",39,75.9,39,71.7,12,"*"
"Salisbury School District","=""1220011""","Free/Reduced Price Meal Eligibility (2-level)","Not Eligible For Free Or Reduced Price Meals",137,83.4,136,79.3,54,75.1
"Salisbury School District","=""1220011""","Race/Ethnicity","Asian","*","*","*","*","*","*"
"Salisbury School District","=""1220011""","Race/Ethnicity","Black or African American","*","*","*","*","N/A","N/A"
"Salisbury School District","=""1220011""","Race/Ethnicity","Hispanic or Latino",19,"*",19,"*","*","*"
"Salisbury School District","=""1220011""","Race/Ethnicity","Two or More Races",12,"*",12,"*","*","*"
"Salisbury School District","=""1220011""","Race/Ethnicity","White",141,80.5,140,76.6,57,74.1
"Salisbury School District","=""1220011""","Special Education Status (SWD)","Students with Disabilities",30,60.1,30,52.9,11,"*"
"Salisbury School District","=""1220011""","Special Education Status (SWD)","Students without Disabilities",146,86.2,145,82.7,55,78.9
"Scotland School District","=""1230011""","All Students","District",39,63.0,39,59.9,9,"*"
"Scotland School District","=""1230011""","English Language Learners (EL)","English Learners","*","*","*","*","N/A","N/A"
"Scotland School District","=""1230011""","English Language Learners (EL)","Not English Learners","*","*","*","*",9,"*"
"Scotland School District","=""1230011""","Gender","Female",20,63.0,20,61.2,"*","*"
"Scotland School District","=""1230011""","Gender","Male",19,"*",19,"*","*","*"
"Scotland School District","=""1230011""","Grade","03",10,"*",10,"*","N/A","N/A"
"Scotland School District","=""1230011""","Grade","04",9,"*",9,"*","N/A","N/A"
"Scotland School District","=""1230011""","Grade","05",9,"*",9,"*",9,"*"
"Scotland School District","=""1230011""","Grade","06",11,"*",11,"*","N/A","N/A"
"Scotland School District","=""1230011""","High Needs (F/R, EL or SWD)","High Needs",26,58.3,26,56.1,"*","*"
"Scotland School District","=""1230011""","High Needs (F/R, EL or SWD)","Not High Needs",13,"*",13,"*","*","*"
"Scotland School District","=""1230011""","Free/Reduced Price Meal Eligibility (2-level)","Eligible For Free Or Reduced Price Meals",16,"*",16,"*","*","*"
"Scotland School District","=""1230011""","Free/Reduced Price Meal Eligibility (2-level)","Not Eligible For Free Or Reduced Price Meals",23,65.3,23,62.0,"*","*"
"Scotland School District","=""1230011""","Race/Ethnicity","Hispanic or Latino","*","*","*","*","N/A","N/A"
"Scotland School District","=""1230011""","Race/Ethnicity","White","*","*","*","*",9,"*"
"Scotland School District","=""1230011""","Special Education Status (SWD)","Students with Disabilities",16,"*",16,"*","*","*"
"Scotland School District","=""1230011""","Special Education Status (SWD)","Students without Disabilities",23,70.5,23,69.1,"*","*"
"Seymour School District","=""1240011""","All Students","District",1126,66.1,1120,64.3,455,64.3
"Seymour School District","=""1240011""","English Language Learners (EL)","English Learners",127,59.1,126,60.5,37,54.3
"Seymour School District","=""1240011""","English Language Learners (EL)","Not English Learners",999,67.0,994,64.7,418,65.2
"Seymour School District","=""1240011""","Gender","Female",572,69.3,570,65.2,234,65.9
"Seymour School District","=""1240011""","Gender","Male",554,62.8,550,63.3,221,62.7
"Seymour School District","=""1240011""","Grade","03",177,71.1,177,64.4,"N/A","N/A"
"Seymour School District","=""1240011""","Grade","04",162,72.8,162,69.9,"N/A","N/A"
"Seymour School District","=""1240011""","Grade","05",152,71.3,152,73.2,152,67.9
"Seymour School District","=""1240011""","Grade","06",165,65.3,163,61.3,"N/A","N/A"
"Seymour School District","=""1240011""","Grade","07",162,64.5,162,62.8,"N/A","N/A"
"Seymour School District","=""1240011""","Grade","08",166,62.4,162,64.7,163,67.1
"Seymour School District","=""1240011""","Grade","11",142,54.1,142,52.8,140,57.2
"Seymour School District","=""1240011""","High Needs (F/R, EL or SWD)","High Needs",636,59.9,631,58.1,243,57.3
"Seymour School District","=""1240011""","High Needs (F/R, EL or SWD)","Not High Needs",490,74.3,489,72.2,212,72.4
"Seymour School District","=""1240011""","Free/Reduced Price Meal Eligibility (2-level)","Eligible For Free Or Reduced Price Meals",555,60.3,552,58.9,213,58.8
"Seymour School District","=""1240011""","Free/Reduced Price Meal Eligibility (2-level)","Not Eligible For Free Or Reduced Price Meals",571,71.8,568,69.5,242,69.1
"Seymour School District","=""1240011""","Race/Ethnicity","Asian",46,71.0,46,73.8,25,73.2
"Seymour School District","=""1240011""","Race/Ethnicity","Black or African American",100,63.5,99,62.6,37,57.5
"Seymour School District","=""1240011""","Race/Ethnicity","Hispanic or Latino",252,59.9,251,56.5,94,58.1
"Seymour School District","=""1240011""","Race/Ethnicity","Two or More Races",31,65.5,31,62.3,9,"*"
"Seymour School District","=""1240011""","Race/Ethnicity","White",697,68.5,693,66.8,290,66.6
"Seymour School District","=""1240011""","Special Education Status (SWD)","Students with Disabilities",183,45.4,178,41.1,69,42.9
"Seymour School District","=""1240011""","Special Education Status (SWD)","Students without Disabilities",943,70.1,942,68.6,386,68.1
"Sharon School District","=""1250011""","All Students","District",49,74.3,49,67.6,13,"*"
"Sharon School District","=""1250011""","English Language Learners (EL)","English Learners","*","*","*","*","N/A","N/A"
"Sharon School District","=""1250011""","English Language Learners (EL)","Not English Learners","*","*","*","*",13,"*"
"Sharon School District","=""1250011""","Gender","Female",21,75.0,21,68.8,6,"*"
"Sharon School District","=""1250011""","Gender","Male",28,73.8,28,66.7,7,"*"
"Sharon School District","=""1250011""","Grade","03",8,"*",8,"*","N/A","N/A"
"Sharon School District","=""1250011""","Grade","04",7,"*",7,"*","N/A","N/A"
"Sharon School District","=""1250011""","Grade","05",10,"*",10,"*","*","*"
"Sharon School District","=""1250011""","Grade","06","*","*","*","*","N/A","N/A"
"Sharon School District","=""1250011""","Grade","07",16,"*",16,"*","N/A","N/A"
"Sharon School District","=""1250011""","Grade","08","*","*","*","*","*","*"
"Sharon School District","=""1250011""","High Needs (F/R, EL or SWD)","High Needs",28,68.1,28,63.5,6,"*"
"Sharon School District","=""1250011""","High Needs (F/R, EL or SWD)","Not High Needs",21,82.5,21,73.1,7,"*"
"Sharon School District","=""1250011""","Free/Reduced Price Meal Eligibility (2-level)","Eligible For Free Or Reduced Price Meals",19,"*",19,"*","*","*"
"Sharon School District","=""1250011""","Free/Reduced Price Meal Eligibility (2-level)","Not Eligible For Free Or Reduced Price Meals",30,76.3,30,71.1,"*","*"
"Sharon School District","=""1250011""","Race/Ethnicity","Hispanic or Latino","*","*","*","*","N/A","N/A"
"Sharon School District","=""1250011""","Race/Ethnicity","Two or More Races","*","*","*","*","N/A","N/A"
"Sharon School District","=""1250011""","Race/Ethnicity","White",43,73.7,43,66.4,13,"*"
"Sharon School District","=""1250011""","Special Education Status (SWD)","Students with Disabilities",11,"*",11,"*","*","*"
"Sharon School District","=""1250011""","Special Education Status (SWD)","Students without Disabilities",38,79.1,38,69.8,"*","*"
"Shelton School District","=""1260011""","All Students","District",2374,67.4,2374,68.2,1000,65.4
"Shelton School District","=""1260011""","English Language Learners (EL)","English Learners",281,59.1,281,61.0,109,55.4
"Shelton School District","=""1260011""","English Language Learners (EL)","Not English Learners",2093,68.5,2093,69.2,891,66.6
"Shelton School District","=""1260011""","Gender","Female",1170,68.9,1170,66.9,477,64.3
"Shelton School District","=""1260011""","Gender","Male",1204,65.8,1204,69.6,523,66.4
"Shelton School District","=""1260011""","Grade","03",341,71.7,341,72.0,"N/A","N/A"
"Shelton School District","=""1260011""","Grade","04",326,74.9,326,75.9,"N/A","N/A"
"Shelton School District","=""1260011""","Grade","05",331,68.5,331,71.5,331,66.9
"Shelton School District","=""1260011""","Grade","06",327,73.8,327,73.8,"N/A","N/A"
"Shelton School District","=""1260011""","Grade","07",381,65.1,381,65.5,"N/A","N/A"
"Shelton School District","=""1260011""","Grade","08",326,61.5,326,64.1,326,62.8
"Shelton School District","=""1260011""","Grade","11",342,56.7,342,55.6,343,66.4
"Shelton School District","=""1260011""","High Needs (F/R, EL or SWD)","High Needs",1155,60.1,1155,60.3,480,57.6
"Shelton School District","=""1260011""","High Needs (F/R, EL or SWD)","Not High Needs",1219,74.2,1219,75.8,520,72.6
"Shelton School District","=""1260011""","Free/Reduced Price Meal Eligibility (2-level)","Eligible For Free Or Reduced Price Meals",854,61.7,854,61.4,358,59.2
"Shelton School District","=""1260011""","Free/Reduced Price Meal Eligibility (2-level)","Not Eligible For Free Or Reduced Price Meals",1520,70.5,1520,72.0,642,68.8
"Shelton School District","=""1260011""","Race/Ethnicity","American Indian or Alaska Native","*","*","*","*","N/A","N/A"
"Shelton School District","=""1260011""","Race/Ethnicity","Asian",112,75.4,112,79.4,50,75.6
"Shelton School District","=""1260011""","Race/Ethnicity","Black or African American",234,61.9,234,62.1,114,60.6
"Shelton School District","=""1260011""","Race/Ethnicity","Hispanic or Latino",602,62.5,602,62.3,247,57.8
"Shelton School District","=""1260011""","Race/Ethnicity","Native Hawaiian or Other Pacific Islander","*","*","*","*","*","*"
"Shelton School District","=""1260011""","Race/Ethnicity","Two or More Races",94,72.3,94,70.6,"*","*"
"Shelton School District","=""1260011""","Race/Ethnicity","White",1326,69.5,1326,70.9,558,68.5
"Shelton School District","=""1260011""","Special Education Status (SWD)","Students with Disabilities",424,48.5,424,47.8,169,46.9
"Shelton School District","=""1260011""","Special Education Status (SWD)","Students without Disabilities",1950,71.5,1950,72.7,831,69.1
"Sherman School District","=""1270011""","All Students","District",133,82.1,133,79.2,46,75.3
"Sherman School District","=""1270011""","English Language Learners (EL)","Not English Learners",133,82.1,133,79.2,46,75.3
"Sherman School District","=""1270011""","Gender","Female",65,82.1,65,76.6,21,75.0
"Sherman School District","=""1270011""","Gender","Male",68,82.1,68,81.7,25,75.6
"Sherman School District","=""1270011""","Grade","03",23,89.4,23,87.1,"N/A","N/A"
"Sherman School District","=""1270011""","Grade","04",22,82.8,22,85.4,"N/A","N/A"
"Sherman School District","=""1270011""","Grade","05",29,81.9,29,82.2,29,76.2
"Sherman School District","=""1270011""","Grade","06",14,"*",14,"*","N/A","N/A"
"Sherman School District","=""1270011""","Grade","07",28,78.3,28,72.5,"N/A","N/A"
"Sherman School District","=""1270011""","Grade","08",17,"*",17,"*",17,"*"
"Sherman School District","=""1270011""","High Needs (F/R, EL or SWD)","High Needs",22,65.9,22,60.2,7,"*"
"Sherman School District","=""1270011""","High Needs (F/R, EL or SWD)","Not High Needs",111,85.3,111,83.0,39,77.9
"Sherman School District","=""1270011""","Free/Reduced Price Meal Eligibility (2-level)","Eligible For Free Or Reduced Price Meals",6,"*",6,"*","*","*"
"Sherman School District","=""1270011""","Free/Reduced Price Meal Eligibility (2-level)","Not Eligible For Free Or Reduced Price Meals",127,83.0,127,80.1,"*","*"
"Sherman School District","=""1270011""","Race/Ethnicity","Asian","*","*","*","*","*","*"
"Sherman School District","=""1270011""","Race/Ethnicity","Black or African American","*","*","*","*","N/A","N/A"
"Sherman School District","=""1270011""","Race/Ethnicity","Hispanic or Latino",14,"*",14,"*","*","*"
"Sherman School District","=""1270011""","Race/Ethnicity","Two or More Races",11,"*",11,"*","*","*"
"Sherman School District","=""1270011""","Race/Ethnicity","White",105,82.6,105,79.3,35,74.0
"Sherman School District","=""1270011""","Special Education Status (SWD)","Students with Disabilities",21,63.8,21,58.2,7,"*"
"Sherman School District","=""1270011""","Special Education Status (SWD)","Students without Disabilities",112,85.5,112,83.2,39,77.9
"Simsbury School District","=""1280011""","All Students","District",2176,79.5,2178,76.8,916,79.1
"Simsbury School District","=""1280011""","English Language Learners (EL)","English Learners",76,68.4,76,71.3,30,60.1
"Simsbury School District","=""1280011""","English Language Learners (EL)","Not English Learners",2100,79.9,2102,77.0,886,79.7
"Simsbury School District","=""1280011""","Gender","Female","*","*","*","*",473,78.8
"Simsbury School District","=""1280011""","Gender","Male",1092,78.1,1094,78.1,"*","*"
"Simsbury School District","=""1280011""","Gender","Non-Binary","*","*","*","*","*","*"
"Simsbury School District","=""1280011""","Grade","03",296,80.6,296,77.9,"N/A","N/A"
"Simsbury School District","=""1280011""","Grade","04",334,84.0,335,82.8,"N/A","N/A"
"Simsbury School District","=""1280011""","Grade","05",303,80.8,303,80.5,303,75.6
"Simsbury School District","=""1280011""","Grade","06",327,83.8,326,78.1,"N/A","N/A"
"Simsbury School District","=""1280011""","Grade","07",308,80.5,308,77.0,"N/A","N/A"
"Simsbury School District","=""1280011""","Grade","08",320,76.8,322,76.0,322,77.0
"Simsbury School District","=""1280011""","Grade","11",288,68.9,288,64.2,291,84.9
"Simsbury School District","=""1280011""","High Needs (F/R, EL or SWD)","High Needs",665,67.5,666,64.0,279,65.7
"Simsbury School District","=""1280011""","High Needs (F/R, EL or SWD)","Not High Needs",1511,84.8,1512,82.5,637,84.9
"Simsbury School District","=""1280011""","Free/Reduced Price Meal Eligibility (2-level)","Eligible For Free Or Reduced Price Meals",369,67.7,370,64.4,153,68.8
"Simsbury School District","=""1280011""","Free/Reduced Price Meal Eligibility (2-level)","Not Eligible For Free Or Reduced Price Meals",1807,81.9,1808,79.4,763,81.1
"Simsbury School District","=""1280011""","Race/Ethnicity","American Indian or Alaska Native","*","*","*","*","N/A","N/A"
"Simsbury School District","=""1280011""","Race/Ethnicity","Asian",141,84.1,141,86.7,56,85.1
"Simsbury School District","=""1280011""","Race/Ethnicity","Black or African American",146,66.7,146,62.9,59,63.7
"Simsbury School District","=""1280011""","Race/Ethnicity","Hispanic or Latino",240,73.5,243,69.8,105,70.9
"Simsbury School District","=""1280011""","Race/Ethnicity","Two or More Races","*","*","*","*",53,86.6
"Simsbury School District","=""1280011""","Race/Ethnicity","White",1531,81.0,1530,78.0,643,80.7
"Simsbury School District","=""1280011""","Special Education Status (SWD)","Students with Disabilities",375,61.9,376,57.1,148,59.0
"Simsbury School District","=""1280011""","Special Education Status (SWD)","Students without Disabilities",1801,83.2,1802,80.9,768,82.9
"Somers School District","=""1290011""","All Students","District",722,72.5,721,70.5,301,72.9
"Somers School District","=""1290011""","English Language Learners (EL)","English Learners",21,59.6,21,54.7,"*","*"
"Somers School District","=""1290011""","English Language Learners (EL)","Not English Learners",701,72.9,700,71.0,"*","*"
"Somers School District","=""1290011""","Gender","Female",361,73.4,"*","*",153,71.8
"Somers School District","=""1290011""","Gender","Male","*","*",360,71.7,"*","*"
"Somers School District","=""1290011""","Gender","Non-Binary","*","*","*","*","*","*"
"Somers School District","=""1290011""","Grade","03",92,68.5,92,68.6,"N/A","N/A"
"Somers School District","=""1290011""","Grade","04",126,75.2,126,73.9,"N/A","N/A"
"Somers School District","=""1290011""","Grade","05",97,77.1,97,77.9,97,73.5
"Somers School District","=""1290011""","Grade","06",93,77.2,93,75.2,"N/A","N/A"
"Somers School District","=""1290011""","Grade","07",107,75.3,107,71.7,"N/A","N/A"
"Somers School District","=""1290011""","Grade","08",104,72.7,103,68.0,103,70.0
"Somers School District","=""1290011""","Grade","11",103,61.3,103,58.2,101,75.2
"Somers School District","=""1290011""","High Needs (F/R, EL or SWD)","High Needs",167,60.0,166,55.3,57,56.0
"Somers School District","=""1290011""","High Needs (F/R, EL or SWD)","Not High Needs",555,76.3,555,75.1,244,76.8
"Somers School District","=""1290011""","Free/Reduced Price Meal Eligibility (2-level)","Eligible For Free Or Reduced Price Meals",63,63.1,63,59.3,21,65.7
"Somers School District","=""1290011""","Free/Reduced Price Meal Eligibility (2-level)","Not Eligible For Free Or Reduced Price Meals",659,73.4,658,71.6,280,73.4
"Somers School District","=""1290011""","Race/Ethnicity","American Indian or Alaska Native","*","*","*","*","N/A","N/A"
"Somers School District","=""1290011""","Race/Ethnicity","Asian","*","*","*","*","*","*"
"Somers School District","=""1290011""","Race/Ethnicity","Black or African American",21,58.2,21,57.0,9,"*"
"Somers School District","=""1290011""","Race/Ethnicity","Hispanic or Latino",49,64.7,49,59.8,20,70.6
"Somers School District","=""1290011""","Race/Ethnicity","Two or More Races",20,78.2,19,"*",9,"*"
"Somers School District","=""1290011""","Race/Ethnicity","White",627,73.5,627,71.6,260,73.7
"Somers School District","=""1290011""","Special Education Status (SWD)","Students with Disabilities",109,56.3,108,50.6,36,50.3
"Somers School District","=""1290011""","Special Education Status (SWD)","Students without Disabilities",613,75.4,613,74.0,265,76.0
"Southington School District","=""1310011""","All Students","District",3241,72.8,3234,72.0,1381,72.5
"Southington School District","=""1310011""","English Language Learners (EL)","English Learners",193,64.4,193,68.3,67,58.3
"Southington School District","=""1310011""","English Language Learners (EL)","Not English Learners",3048,73.3,3041,72.3,1314,73.3
"Southington School District","=""1310011""","Gender","Female","*","*","*","*","*","*"
"Southington School District","=""1310011""","Gender","Male",1637,70.9,1635,72.9,708,73.2
"Southington School District","=""1310011""","Gender","Non-Binary","*","*","*","*","*","*"
"Southington School District","=""1310011""","Grade","03",452,76.3,451,74.5,"N/A","N/A"
"Southington School District","=""1310011""","Grade","04",462,77.3,461,78.0,"N/A","N/A"
"Southington School District","=""1310011""","Grade","05",467,73.3,467,76.4,466,73.0
"Southington School District","=""1310011""","Grade","06",491,75.7,490,73.9,"N/A","N/A"
"Southington School District","=""1310011""","Grade","07",452,76.5,451,75.9,"N/A","N/A"
"Southington School District","=""1310011""","Grade","08",440,71.8,437,71.1,436,75.9
"Southington School District","=""1310011""","Grade","11",477,58.7,477,54.8,479,69.0
"Southington School District","=""1310011""","High Needs (F/R, EL or SWD)","High Needs",1235,63.2,1229,61.6,488,60.6
"Southington School District","=""1310011""","High Needs (F/R, EL or SWD)","Not High Needs",2006,78.6,2005,78.4,893,79.1
"Southington School District","=""1310011""","Free/Reduced Price Meal Eligibility (2-level)","Eligible For Free Or Reduced Price Meals",834,65.4,829,63.2,329,64.3
"Southington School District","=""1310011""","Free/Reduced Price Meal Eligibility (2-level)","Not Eligible For Free Or Reduced Price Meals",2407,75.3,2405,75.1,1052,75.1
"Southington School District","=""1310011""","Race/Ethnicity","Asian",167,79.7,167,83.1,74,82.1
"Southington School District","=""1310011""","Race/Ethnicity","Black or African American","*","*","*","*","*","*"
"Southington School District","=""1310011""","Race/Ethnicity","Hispanic or Latino",420,65.8,419,63.6,157,67.1
"Southington School District","=""1310011""","Race/Ethnicity","Native Hawaiian or Other Pacific Islander","*","*","*","*","*","*"
"Southington School District","=""1310011""","Race/Ethnicity","Two or More Races",171,75.5,171,72.9,64,74.5
"Southington School District","=""1310011""","Race/Ethnicity","White",2403,73.7,2397,73.1,1045,73.1
"Southington School District","=""1310011""","Special Education Status (SWD)","Students with Disabilities",579,54.3,574,51.1,235,51.5
"Southington School District","=""1310011""","Special Education Status (SWD)","Students without Disabilities",2662,76.8,2660,76.5,1146,76.9
"South Windsor School District","=""1320011""","All Students","District",2800,75.3,2794,75.1,1133,77.0
"South Windsor School District","=""1320011""","English Language Learners (EL)","English Learners",459,70.9,458,73.6,134,70.0
"South Windsor School District","=""1320011""","English Language Learners (EL)","Not English Learners",2341,76.2,2336,75.4,999,77.9
"South Windsor School District","=""1320011""","Gender","Female",1358,77.0,1355,73.3,531,76.6
"South Windsor School District","=""1320011""","Gender","Male",1442,73.7,1439,76.8,602,77.4
"South Windsor School District","=""1320011""","Grade","03",412,75.2,412,75.1,"N/A","N/A"
"South Windsor School District","=""1320011""","Grade","04",414,82.6,412,82.1,"N/A","N/A"
"South Windsor School District","=""1320011""","Grade","05",369,78.1,369,78.7,369,77.5
"South Windsor School District","=""1320011""","Grade","06",420,74.8,418,73.4,"N/A","N/A"
"South Windsor School District","=""1320011""","Grade","07",420,77.7,419,76.7,"N/A","N/A"
"South Windsor School District","=""1320011""","Grade","08",407,71.8,406,73.5,407,73.1
"South Windsor School District","=""1320011""","Grade","11",358,65.7,358,65.4,357,80.9
"South Windsor School District","=""1320011""","High Needs (F/R, EL or SWD)","High Needs",981,64.3,979,63.7,360,63.1
"South Windsor School District","=""1320011""","High Needs (F/R, EL or SWD)","Not High Needs",1819,81.2,1815,81.2,773,83.5
"South Windsor School District","=""1320011""","Free/Reduced Price Meal Eligibility (2-level)","Eligible For Free Or Reduced Price Meals",469,61.8,468,59.4,184,62.7
"South Windsor School District","=""1320011""","Free/Reduced Price Meal Eligibility (2-level)","Not Eligible For Free Or Reduced Price Meals",2331,78.0,2326,78.3,949,79.8
"South Windsor School District","=""1320011""","Race/Ethnicity","American Indian or Alaska Native",7,"*",7,"*","*","*"
"South Windsor School District","=""1320011""","Race/Ethnicity","Asian",1033,81.6,1028,86.0,409,83.6
"South Windsor School District","=""1320011""","Race/Ethnicity","Black or African American",153,60.6,153,57.7,59,60.5
"South Windsor School District","=""1320011""","Race/Ethnicity","Hispanic or Latino",306,64.1,306,59.5,131,64.8
"South Windsor School District","=""1320011""","Race/Ethnicity","Two or More Races",119,72.9,119,72.2,"*","*"
"South Windsor School District","=""1320011""","Race/Ethnicity","White",1182,74.9,1181,72.3,487,77.4
"South Windsor School District","=""1320011""","Special Education Status (SWD)","Students with Disabilities",297,49.6,296,45.4,125,50.7
"South Windsor School District","=""1320011""","Special Education Status (SWD)","Students without Disabilities",2503,78.3,2498,78.6,1008,80.3
"Sprague School District","=""1330011""","All Students","District",156,59.1,155,53.0,51,56.0
"Sprague School District","=""1330011""","English Language Learners (EL)","English Learners","*","*","*","*","*","*"
"Sprague School District","=""1330011""","English Language Learners (EL)","Not English Learners","*","*","*","*","*","*"
"Sprague School District","=""1330011""","Gender","Female",78,62.8,78,53.3,23,55.2
"Sprague School District","=""1330011""","Gender","Male",78,55.3,77,52.8,28,56.8
"Sprague School District","=""1330011""","Grade","03",20,59.7,20,51.4,"N/A","N/A"
"Sprague School District","=""1330011""","Grade","04",27,63.8,27,60.4,"N/A","N/A"
"Sprague School District","=""1330011""","Grade","05",21,55.0,21,45.8,20,55.2
"Sprague School District","=""1330011""","Grade","06",26,63.5,26,56.0,"N/A","N/A"
"Sprague School District","=""1330011""","Grade","07",31,55.2,30,54.5,"N/A","N/A"
"Sprague School District","=""1330011""","Grade","08",31,57.5,31,48.8,31,56.6
"Sprague School District","=""1330011""","High Needs (F/R, EL or SWD)","High Needs",92,53.2,92,47.8,32,54.7
"Sprague School District","=""1330011""","High Needs (F/R, EL or SWD)","Not High Needs",64,67.5,63,60.7,19,"*"
"Sprague School District","=""1330011""","Free/Reduced Price Meal Eligibility (2-level)","Eligible For Free Or Reduced Price Meals",80,53.5,80,48.1,30,55.3
"Sprague School District","=""1330011""","Free/Reduced Price Meal Eligibility (2-level)","Not Eligible For Free Or Reduced Price Meals",76,64.9,75,58.3,21,57.1
"Sprague School District","=""1330011""","Race/Ethnicity","American Indian or Alaska Native","*","*","*","*","N/A","N/A"
"Sprague School District","=""1330011""","Race/Ethnicity","Asian","*","*","*","*","N/A","N/A"
"Sprague School District","=""1330011""","Race/Ethnicity","Black or African American","*","*","*","*","*","*"
"Sprague School District","=""1330011""","Race/Ethnicity","Hispanic or Latino",28,58.1,28,51.2,10,"*"
"Sprague School District","=""1330011""","Race/Ethnicity","Two or More Races",17,"*",17,"*","*","*"
"Sprague School District","=""1330011""","Race/Ethnicity","White",106,59.7,105,54.1,34,58.8
"Sprague School District","=""1330011""","Special Education Status (SWD)","Students with Disabilities",25,42.3,25,36.3,8,"*"
"Sprague School District","=""1330011""","Special Education Status (SWD)","Students without Disabilities",131,62.3,130,56.3,43,60.2
"Stafford School District","=""1340011""","All Students","District",629,63.2,627,60.3,272,67.2
"Stafford School District","=""1340011""","English Language Learners (EL)","English Learners",14,"*",14,"*","*","*"
"Stafford School District","=""1340011""","English Language Learners (EL)","Not English Learners",615,63.5,613,60.6,"*","*"
"Stafford School District","=""1340011""","Gender","Female",308,63.8,308,59.5,138,66.8
"Stafford School District","=""1340011""","Gender","Male",321,62.6,319,61.1,134,67.5
"Stafford School District","=""1340011""","Grade","03",81,64.1,81,61.9,"N/A","N/A"
"Stafford School District","=""1340011""","Grade","04",91,61.5,90,63.0,"N/A","N/A"
"Stafford School District","=""1340011""","Grade","05",96,68.7,96,68.7,96,70.0
"Stafford School District","=""1340011""","Grade","06",85,63.5,85,57.8,"N/A","N/A"
"Stafford School District","=""1340011""","Grade","07",98,66.3,98,61.2,"N/A","N/A"
"Stafford School District","=""1340011""","Grade","08",91,63.9,90,60.7,91,70.1
"Stafford School District","=""1340011""","Grade","11",87,53.7,87,48.2,85,60.9
"Stafford School District","=""1340011""","High Needs (F/R, EL or SWD)","High Needs",304,58.2,303,55.1,138,61.8
"Stafford School District","=""1340011""","High Needs (F/R, EL or SWD)","Not High Needs",325,67.9,324,65.3,134,72.8
"Stafford School District","=""1340011""","Free/Reduced Price Meal Eligibility (2-level)","Eligible For Free Or Reduced Price Meals",249,59.7,248,56.9,114,63.6
"Stafford School District","=""1340011""","Free/Reduced Price Meal Eligibility (2-level)","Not Eligible For Free Or Reduced Price Meals",380,65.5,379,62.6,158,69.8
"Stafford School District","=""1340011""","Race/Ethnicity","Asian",8,"*",8,"*","*","*"
"Stafford School District","=""1340011""","Race/Ethnicity","Black or African American",10,"*",10,"*","*","*"
"Stafford School District","=""1340011""","Race/Ethnicity","Hispanic or Latino",65,61.7,65,55.3,31,67.1
"Stafford School District","=""1340011""","Race/Ethnicity","Two or More Races",21,66.8,21,65.5,9,"*"
"Stafford School District","=""1340011""","Race/Ethnicity","White",525,63.5,523,61.0,224,67.1
"Stafford School District","=""1340011""","Special Education Status (SWD)","Students with Disabilities",109,47.2,108,41.5,50,48.1
"Stafford School District","=""1340011""","Special Education Status (SWD)","Students without Disabilities",520,66.6,519,64.3,222,71.5
"Stamford School District","=""1350011""","All Students","District",7601,58.9,7578,55.6,3163,55.3
"Stamford School District","=""1350011""","English Language Learners (EL)","English Learners",1434,45.2,1431,44.1,573,43.3
"Stamford School District","=""1350011""","English Language Learners (EL)","Not English Learners",6167,62.0,6147,58.2,2590,58.0
"Stamford School District","=""1350011""","Gender","Female","*","*","*","*","*","*"
"Stamford School District","=""1350011""","Gender","Male",3919,57.4,3909,56.6,1605,55.6
"Stamford School District","=""1350011""","Gender","Non-Binary","*","*","*","*","*","*"
"Stamford School District","=""1350011""","Grade","03",1126,59.7,1125,57.5,"N/A","N/A"
"Stamford School District","=""1350011""","Grade","04",1118,61.7,1116,60.6,"N/A","N/A"
"Stamford School District","=""1350011""","Grade","05",1072,62.4,1071,62.8,1069,61.2
"Stamford School District","=""1350011""","Grade","06",1155,60.6,1152,55.2,"N/A","N/A"
"Stamford School District","=""1350011""","Grade","07",1116,59.1,1107,53.6,"N/A","N/A"
"Stamford School District","=""1350011""","Grade","08",1073,55.0,1066,50.7,1082,56.5
"Stamford School District","=""1350011""","Grade","11",941,52.4,941,47.3,1012,47.9
"Stamford School District","=""1350011""","High Needs (F/R, EL or SWD)","High Needs",5060,51.7,5040,48.3,2051,48.7
"Stamford School District","=""1350011""","High Needs (F/R, EL or SWD)","Not High Needs",2541,73.1,2538,70.0,1112,67.5
"Stamford School District","=""1350011""","Free/Reduced Price Meal Eligibility (2-level)","Eligible For Free Or Reduced Price Meals",4150,52.9,4134,49.2,1696,50.0
"Stamford School District","=""1350011""","Free/Reduced Price Meal Eligibility (2-level)","Not Eligible For Free Or Reduced Price Meals",3451,66.0,3444,63.2,1467,61.5
"Stamford School District","=""1350011""","Race/Ethnicity","American Indian or Alaska Native","*","*","*","*","*","*"
"Stamford School District","=""1350011""","Race/Ethnicity","Asian",417,71.4,416,70.9,169,67.2
"Stamford School District","=""1350011""","Race/Ethnicity","Black or African American",920,52.2,919,45.5,428,48.0
"Stamford School District","=""1350011""","Race/Ethnicity","Hispanic or Latino",4102,53.2,4088,49.9,1667,50.5
"Stamford School District","=""1350011""","Race/Ethnicity","Native Hawaiian or Other Pacific Islander","*","*","*","*","*","*"
"Stamford School District","=""1350011""","Race/Ethnicity","Two or More Races",285,67.0,284,62.2,99,62.2
"Stamford School District","=""1350011""","Race/Ethnicity","White",1862,70.5,1856,68.4,796,65.8
"Stamford School District","=""1350011""","Special Education Status (SWD)","Students with Disabilities",1458,41.8,1449,37.8,581,38.6
"Stamford School District","=""1350011""","Special Education Status (SWD)","Students without Disabilities",6143,62.9,6129,59.7,2582,59.1
"Sterling School District","=""1360011""","All Students","District",168,64.2,168,59.0,58,64.2
"Sterling School District","=""1360011""","English Language Learners (EL)","English Learners","*","*","*","*","N/A","N/A"
"Sterling School District","=""1360011""","English Language Learners (EL)","Not English Learners","*","*","*","*",58,64.2
"Sterling School District","=""1360011""","Gender","Female",82,64.4,82,55.6,29,61.0
"Sterling School District","=""1360011""","Gender","Male",86,64.0,86,62.3,29,67.5
"Sterling School District","=""1360011""","Grade","03",29,65.7,29,65.0,"N/A","N/A"
"Sterling School District","=""1360011""","Grade","04",29,71.4,29,68.0,"N/A","N/A"
"Sterling School District","=""1360011""","Grade","05",32,56.4,32,49.6,32,59.9
"Sterling School District","=""1360011""","Grade","06",31,57.4,31,48.6,"N/A","N/A"
"Sterling School District","=""1360011""","Grade","07",21,68.2,21,59.0,"N/A","N/A"
"Sterling School District","=""1360011""","Grade","08",26,68.9,26,66.5,26,69.6
"Sterling School District","=""1360011""","High Needs (F/R, EL or SWD)","High Needs",84,59.9,84,53.5,25,59.2
"Sterling School District","=""1360011""","High Needs (F/R, EL or SWD)","Not High Needs",84,68.5,84,64.6,33,68.1
"Sterling School District","=""1360011""","Free/Reduced Price Meal Eligibility (2-level)","Eligible For Free Or Reduced Price Meals",67,63.3,67,56.3,21,63.3
"Sterling School District","=""1360011""","Free/Reduced Price Meal Eligibility (2-level)","Not Eligible For Free Or Reduced Price Meals",101,64.8,101,60.9,37,64.8
"Sterling School District","=""1360011""","Race/Ethnicity","American Indian or Alaska Native","*","*","*","*","N/A","N/A"
"Sterling School District","=""1360011""","Race/Ethnicity","Asian","*","*","*","*","*","*"
"Sterling School District","=""1360011""","Race/Ethnicity","Black or African American","*","*","*","*","*","*"
"Sterling School District","=""1360011""","Race/Ethnicity","Hispanic or Latino",13,"*",13,"*","*","*"
"Sterling School District","=""1360011""","Race/Ethnicity","Two or More Races",17,"*",17,"*",6,"*"
"Sterling School District","=""1360011""","Race/Ethnicity","White",132,63.5,132,58.8,45,61.6
"Sterling School District","=""1360011""","Special Education Status (SWD)","Students with Disabilities",36,46.5,36,39.4,9,"*"
"Sterling School District","=""1360011""","Special Education Status (SWD)","Students without Disabilities",132,69.0,132,64.4,49,69.7
"Stonington School District","=""1370011""","All Students","District",882,74.2,880,72.7,394,73.7
"Stonington School District","=""1370011""","English Language Learners (EL)","English Learners",24,53.9,24,62.7,14,"*"
"Stonington School District","=""1370011""","English Language Learners (EL)","Not English Learners",858,74.7,856,73.0,380,74.5
"Stonington School District","=""1370011""","Gender","Female",447,76.4,446,71.4,192,73.4
"Stonington School District","=""1370011""","Gender","Male",435,71.8,434,74.0,202,74.0
"Stonington School District","=""1370011""","Grade","03",115,77.0,115,73.6,"N/A","N/A"
"Stonington School District","=""1370011""","Grade","04",129,78.0,129,77.9,"N/A","N/A"
"Stonington School District","=""1370011""","Grade","05",134,76.1,134,76.7,134,74.9
"Stonington School District","=""1370011""","Grade","06",125,73.2,125,69.3,"N/A","N/A"
"Stonington School District","=""1370011""","Grade","07",118,78.5,118,77.3,"N/A","N/A"
"Stonington School District","=""1370011""","Grade","08",135,72.4,133,72.6,134,70.7
"Stonington School District","=""1370011""","Grade","11",126,64.3,126,61.4,126,75.7
"Stonington School District","=""1370011""","High Needs (F/R, EL or SWD)","High Needs",300,61.3,298,59.7,142,60.7
"Stonington School District","=""1370011""","High Needs (F/R, EL or SWD)","Not High Needs",582,80.8,582,79.3,252,81.0
"Stonington School District","=""1370011""","Free/Reduced Price Meal Eligibility (2-level)","Eligible For Free Or Reduced Price Meals",212,62.7,210,61.4,104,63.5
"Stonington School District","=""1370011""","Free/Reduced Price Meal Eligibility (2-level)","Not Eligible For Free Or Reduced Price Meals",670,77.8,670,76.2,290,77.4
"Stonington School District","=""1370011""","Race/Ethnicity","American Indian or Alaska Native","*","*","*","*","*","*"
"Stonington School District","=""1370011""","Race/Ethnicity","Asian",20,68.2,20,72.8,13,"*"
"Stonington School District","=""1370011""","Race/Ethnicity","Black or African American",6,"*",6,"*","*","*"
"Stonington School District","=""1370011""","Race/Ethnicity","Hispanic or Latino",75,67.0,75,66.8,27,65.1
"Stonington School District","=""1370011""","Race/Ethnicity","Native Hawaiian or Other Pacific Islander","*","*","*","*","*","*"
"Stonington School District","=""1370011""","Race/Ethnicity","Two or More Races",58,70.1,58,70.3,29,73.9
"Stonington School District","=""1370011""","Race/Ethnicity","White",718,75.6,716,73.7,317,74.9
"Stonington School District","=""1370011""","Special Education Status (SWD)","Students with Disabilities",135,54.3,135,50.0,57,49.7
"Stonington School District","=""1370011""","Special Education Status (SWD)","Students without Disabilities",747,77.7,745,76.8,337,77.8
"Stratford School District","=""1380011""","All Students","District",3212,58.9,3204,53.0,1363,52.8
"Stratford School District","=""1380011""","English Language Learners (EL)","English Learners",488,50.3,487,46.4,192,44.8
"Stratford School District","=""1380011""","English Language Learners (EL)","Not English Learners",2724,60.4,2717,54.2,1171,54.1
"Stratford School District","=""1380011""","Gender","Female",1532,60.3,1530,52.3,653,54.1
"Stratford School District","=""1380011""","Gender","Male",1680,57.5,1674,53.6,710,51.7
"Stratford School District","=""1380011""","Grade","03",417,62.2,415,59.2,"N/A","N/A"
"Stratford School District","=""1380011""","Grade","04",464,61.9,462,57.4,"N/A","N/A"
"Stratford School District","=""1380011""","Grade","05",429,59.3,427,56.8,426,55.9
"Stratford School District","=""1380011""","Grade","06",483,62.3,483,56.9,"N/A","N/A"
"Stratford School District","=""1380011""","Grade","07",484,61.3,483,52.7,"N/A","N/A"
"Stratford School District","=""1380011""","Grade","08",487,57.2,486,47.2,486,51.4
"Stratford School District","=""1380011""","Grade","11",448,47.6,448,41.4,451,51.4
"Stratford School District","=""1380011""","High Needs (F/R, EL or SWD)","High Needs",2068,53.7,2061,47.8,880,47.9
"Stratford School District","=""1380011""","High Needs (F/R, EL or SWD)","Not High Needs",1144,68.2,1143,62.3,483,61.9
"Stratford School District","=""1380011""","Free/Reduced Price Meal Eligibility (2-level)","Eligible For Free Or Reduced Price Meals",1742,54.5,1736,48.5,755,48.9
"Stratford School District","=""1380011""","Free/Reduced Price Meal Eligibility (2-level)","Not Eligible For Free Or Reduced Price Meals",1470,64.1,1468,58.3,608,57.7
"Stratford School District","=""1380011""","Race/Ethnicity","American Indian or Alaska Native","*","*","*","*","*","*"
"Stratford School District","=""1380011""","Race/Ethnicity","Asian",65,69.9,65,63.8,31,61.3
"Stratford School District","=""1380011""","Race/Ethnicity","Black or African American",845,56.0,843,48.6,388,48.8
"Stratford School District","=""1380011""","Race/Ethnicity","Hispanic or Latino",1425,55.6,1421,50.0,592,50.2
"Stratford School District","=""1380011""","Race/Ethnicity","Native Hawaiian or Other Pacific Islander","*","*","*","*","*","*"
"Stratford School District","=""1380011""","Race/Ethnicity","Two or More Races",129,61.3,128,56.1,56,57.7
"Stratford School District","=""1380011""","Race/Ethnicity","White",741,66.8,740,62.2,293,61.4
"Stratford School District","=""1380011""","Special Education Status (SWD)","Students with Disabilities",642,42.6,635,35.9,258,36.7
"Stratford School District","=""1380011""","Special Education Status (SWD)","Students without Disabilities",2570,62.9,2569,57.2,1105,56.6
"Suffield School District","=""1390011""","All Students","District",1081,69.4,1082,69.3,466,73.5
"Suffield School District","=""1390011""","English Language Learners (EL)","English Learners",59,63.7,59,66.7,17,"*"
"Suffield School District","=""1390011""","English Language Learners (EL)","Not English Learners",1022,69.8,1023,69.4,449,74.1
"Suffield School District","=""1390011""","Gender","Female","*","*","*","*","*","*"
"Suffield School District","=""1390011""","Gender","Male",560,67.4,560,70.4,249,72.5
"Suffield School District","=""1390011""","Gender","Non-Binary","*","*","*","*","*","*"
"Suffield School District","=""1390011""","Grade","03",144,66.9,145,67.4,"N/A","N/A"
"Suffield School District","=""1390011""","Grade","04",157,74.6,157,73.8,"N/A","N/A"
"Suffield School District","=""1390011""","Grade","05",162,72.9,162,74.1,162,70.0
"Suffield School District","=""1390011""","Grade","06",164,75.0,164,72.3,"N/A","N/A"
"Suffield School District","=""1390011""","Grade","07",150,67.6,150,71.5,"N/A","N/A"
"Suffield School District","=""1390011""","Grade","08",146,67.2,146,68.3,146,71.5
"Suffield School District","=""1390011""","Grade","11",158,61.1,158,57.1,158,79.1
"Suffield School District","=""1390011""","High Needs (F/R, EL or SWD)","High Needs",369,59.1,370,57.4,155,59.0
"Suffield School District","=""1390011""","High Needs (F/R, EL or SWD)","Not High Needs",712,74.8,712,75.4,311,80.8
"Suffield School District","=""1390011""","Free/Reduced Price Meal Eligibility (2-level)","Eligible For Free Or Reduced Price Meals",194,60.1,195,57.6,86,64.6
"Suffield School District","=""1390011""","Free/Reduced Price Meal Eligibility (2-level)","Not Eligible For Free Or Reduced Price Meals",887,71.5,887,71.8,380,75.5
"Suffield School District","=""1390011""","Race/Ethnicity","American Indian or Alaska Native","*","*","*","*","*","*"
"Suffield School District","=""1390011""","Race/Ethnicity","Asian",50,79.2,50,81.3,21,86.9
"Suffield School District","=""1390011""","Race/Ethnicity","Black or African American",48,52.9,48,47.7,25,58.0
"Suffield School District","=""1390011""","Race/Ethnicity","Hispanic or Latino",104,63.2,104,60.6,40,69.0
"Suffield School District","=""1390011""","Race/Ethnicity","Native Hawaiian or Other Pacific Islander","*","*","*","*","*","*"
"Suffield School District","=""1390011""","Race/Ethnicity","Two or More Races","*","*","*","*","N/A","N/A"
"Suffield School District","=""1390011""","Race/Ethnicity","White",873,70.4,874,70.6,377,74.2
"Suffield School District","=""1390011""","Special Education Status (SWD)","Students with Disabilities",203,53.6,204,51.0,86,50.6
"Suffield School District","=""1390011""","Special Education Status (SWD)","Students without Disabilities",878,73.1,878,73.5,380,78.7
"Thomaston School District","=""1400011""","All Students","District",399,62.2,400,58.0,163,56.2
"Thomaston School District","=""1400011""","English Language Learners (EL)","English Learners",10,"*",10,"*","*","*"
"Thomaston School District","=""1400011""","English Language Learners (EL)","Not English Learners",389,62.3,390,58.1,"*","*"
"Thomaston School District","=""1400011""","Gender","Female",194,62.7,194,56.2,80,56.9
"Thomaston School District","=""1400011""","Gender","Male",205,61.7,206,59.8,83,55.5
"Thomaston School District","=""1400011""","Grade","03",42,58.1,42,53.0,"N/A","N/A"
"Thomaston School District","=""1400011""","Grade","04",61,64.3,61,57.5,"N/A","N/A"
"Thomaston School District","=""1400011""","Grade","05",59,57.5,59,54.3,59,62.6
"Thomaston School District","=""1400011""","Grade","06",75,67.1,75,58.6,"N/A","N/A"
"Thomaston School District","=""1400011""","Grade","07",60,68.6,60,66.3,"N/A","N/A"
"Thomaston School District","=""1400011""","Grade","08",56,63.0,57,67.1,57,62.2
"Thomaston School District","=""1400011""","Grade","11",46,51.8,46,45.2,47,40.9
"Thomaston School District","=""1400011""","High Needs (F/R, EL or SWD)","High Needs",184,54.9,185,50.7,69,47.5
"Thomaston School District","=""1400011""","High Needs (F/R, EL or SWD)","Not High Needs",215,68.4,215,64.4,94,62.5
"Thomaston School District","=""1400011""","Free/Reduced Price Meal Eligibility (2-level)","Eligible For Free Or Reduced Price Meals",142,56.5,143,51.7,56,47.9
"Thomaston School District","=""1400011""","Free/Reduced Price Meal Eligibility (2-level)","Not Eligible For Free Or Reduced Price Meals",257,65.4,257,61.6,107,60.5
"Thomaston School District","=""1400011""","Race/Ethnicity","Asian",10,"*",10,"*","*","*"
"Thomaston School District","=""1400011""","Race/Ethnicity","Black or African American",8,"*",8,"*","*","*"
"Thomaston School District","=""1400011""","Race/Ethnicity","Hispanic or Latino",49,59.3,49,54.1,25,53.1
"Thomaston School District","=""1400011""","Race/Ethnicity","Two or More Races",20,67.1,20,59.5,11,"*"
"Thomaston School District","=""1400011""","Race/Ethnicity","White",312,62.1,313,58.5,122,57.6
"Thomaston School District","=""1400011""","Special Education Status (SWD)","Students with Disabilities",70,44.7,71,41.7,25,38.3
"Thomaston School District","=""1400011""","Special Education Status (SWD)","Students without Disabilities",329,65.9,329,61.6,138,59.4
"Thompson School District","=""1410011""","All Students","District",423,64.1,422,60.0,175,60.4
"Thompson School District","=""1410011""","English Language Learners (EL)","English Learners",12,"*",12,"*","*","*"
"Thompson School District","=""1410011""","English Language Learners (EL)","Not English Learners",411,64.4,410,60.0,"*","*"
"Thompson School District","=""1410011""","Gender","Female",209,66.8,208,59.6,90,60.9
"Thompson School District","=""1410011""","Gender","Male",214,61.4,214,60.4,85,59.9
"Thompson School District","=""1410011""","Grade","03",60,65.2,60,67.8,"N/A","N/A"
"Thompson School District","=""1410011""","Grade","04",59,72.2,59,74.0,"N/A","N/A"
"Thompson School District","=""1410011""","Grade","05",75,64.6,75,57.4,74,65.0
"Thompson School District","=""1410011""","Grade","06",56,63.7,55,57.8,"N/A","N/A"
"Thompson School District","=""1410011""","Grade","07",72,63.4,72,56.2,"N/A","N/A"
"Thompson School District","=""1410011""","Grade","08",69,58.6,69,54.8,69,63.3
"Thompson School District","=""1410011""","Grade","11",32,59.5,32,48.9,32,43.6
"Thompson School District","=""1410011""","High Needs (F/R, EL or SWD)","High Needs",234,60.2,233,56.0,88,54.1
"Thompson School District","=""1410011""","High Needs (F/R, EL or SWD)","Not High Needs",189,68.9,189,64.9,87,66.7
"Thompson School District","=""1410011""","Free/Reduced Price Meal Eligibility (2-level)","Eligible For Free Or Reduced Price Meals",192,61.5,191,56.9,74,53.3
"Thompson School District","=""1410011""","Free/Reduced Price Meal Eligibility (2-level)","Not Eligible For Free Or Reduced Price Meals",231,66.2,231,62.5,101,65.6
"Thompson School District","=""1410011""","Race/Ethnicity","Asian",7,"*",7,"*","*","*"
"Thompson School District","=""1410011""","Race/Ethnicity","Black or African American",6,"*",6,"*","*","*"
"Thompson School District","=""1410011""","Race/Ethnicity","Hispanic or Latino",30,57.1,30,50.8,13,"*"
"Thompson School District","=""1410011""","Race/Ethnicity","Two or More Races",13,"*",13,"*",8,"*"
"Thompson School District","=""1410011""","Race/Ethnicity","White",367,64.4,366,60.3,147,60.5
"Thompson School District","=""1410011""","Special Education Status (SWD)","Students with Disabilities",84,51.0,83,46.6,31,46.5
"Thompson School District","=""1410011""","Special Education Status (SWD)","Students without Disabilities",339,67.3,339,63.3,144,63.4
"Tolland School District","=""1420011""","All Students","District",1126,74.7,1124,72.4,481,72.6
"Tolland School District","=""1420011""","English Language Learners (EL)","English Learners",39,71.2,39,71.5,12,"*"
"Tolland School District","=""1420011""","English Language Learners (EL)","Not English Learners",1087,74.8,1085,72.4,469,72.9
"Tolland School District","=""1420011""","Gender","Female","*","*","*","*","*","*"
"Tolland School District","=""1420011""","Gender","Male",568,73.5,567,74.1,243,72.1
"Tolland School District","=""1420011""","Gender","Non-Binary","*","*","*","*","*","*"
"Tolland School District","=""1420011""","Grade","03",179,73.9,178,76.1,"N/A","N/A"
"Tolland School District","=""1420011""","Grade","04",157,79.5,157,77.7,"N/A","N/A"
"Tolland School District","=""1420011""","Grade","05",159,81.2,159,82.7,159,80.4
"Tolland School District","=""1420011""","Grade","06",166,79.9,166,71.3,"N/A","N/A"
"Tolland School District","=""1420011""","Grade","07",144,74.8,144,67.6,"N/A","N/A"
"Tolland School District","=""1420011""","Grade","08",150,72.8,149,73.8,151,74.6
"Tolland School District","=""1420011""","Grade","11",171,61.5,171,57.8,171,63.5
"Tolland School District","=""1420011""","High Needs (F/R, EL or SWD)","High Needs",326,63.7,325,59.7,128,60.1
"Tolland School District","=""1420011""","High Needs (F/R, EL or SWD)","Not High Needs",800,79.1,799,77.5,353,77.1
"Tolland School District","=""1420011""","Free/Reduced Price Meal Eligibility (2-level)","Eligible For Free Or Reduced Price Meals",182,67.6,182,63.7,75,63.5
"Tolland School District","=""1420011""","Free/Reduced Price Meal Eligibility (2-level)","Not Eligible For Free Or Reduced Price Meals",944,76.0,942,74.1,406,74.2
"Tolland School District","=""1420011""","Race/Ethnicity","American Indian or Alaska Native","*","*","*","*","N/A","N/A"
"Tolland School District","=""1420011""","Race/Ethnicity","Asian",33,80.2,33,80.8,16,"*"
"Tolland School District","=""1420011""","Race/Ethnicity","Black or African American","*","*","*","*",11,"*"
"Tolland School District","=""1420011""","Race/Ethnicity","Hispanic or Latino",123,72.5,123,69.0,42,68.0
"Tolland School District","=""1420011""","Race/Ethnicity","Two or More Races",51,79.4,51,76.3,15,"*"
"Tolland School District","=""1420011""","Race/Ethnicity","White",886,74.7,884,72.7,397,72.8
"Tolland School District","=""1420011""","Special Education Status (SWD)","Students with Disabilities",169,54.5,168,48.3,65,51.2
"Tolland School District","=""1420011""","Special Education Status (SWD)","Students without Disabilities",957,78.2,956,76.6,416,75.9
"Torrington School District","=""1430011""","All Students","District",1992,61.8,1990,56.2,789,57.1
"Torrington School District","=""1430011""","English Language Learners (EL)","English Learners",425,52.4,425,50.9,169,49.9
"Torrington School District","=""1430011""","English Language Learners (EL)","Not English Learners",1567,64.3,1565,57.6,620,59.0
"Torrington School District","=""1430011""","Gender","Female","*","*","*","*","*","*"
"Torrington School District","=""1430011""","Gender","Male",1041,60.5,1039,57.2,410,57.0
"Torrington School District","=""1430011""","Gender","Non-Binary","*","*","*","*","*","*"
"Torrington School District","=""1430011""","Grade","03",282,60.5,282,55.8,"N/A","N/A"
"Torrington School District","=""1430011""","Grade","04",326,68.5,326,64.7,"N/A","N/A"
"Torrington School District","=""1430011""","Grade","05",270,66.3,271,65.2,274,64.2
"Torrington School District","=""1430011""","Grade","06",298,69.5,298,61.9,"N/A","N/A"
"Torrington School District","=""1430011""","Grade","07",306,61.8,306,53.1,"N/A","N/A"
"Torrington School District","=""1430011""","Grade","08",305,54.3,303,46.8,309,56.1
"Torrington School District","=""1430011""","Grade","11",205,46.9,204,41.7,206,49.1
"Torrington School District","=""1430011""","High Needs (F/R, EL or SWD)","High Needs",1465,57.7,1464,52.3,578,53.2
"Torrington School District","=""1430011""","High Needs (F/R, EL or SWD)","Not High Needs",527,73.2,526,67.0,211,67.8
"Torrington School District","=""1430011""","Free/Reduced Price Meal Eligibility (2-level)","Eligible For Free Or Reduced Price Meals",1249,59.4,1250,53.3,494,54.7
"Torrington School District","=""1430011""","Free/Reduced Price Meal Eligibility (2-level)","Not Eligible For Free Or Reduced Price Meals",743,65.9,740,61.1,295,61.1
"Torrington School District","=""1430011""","Race/Ethnicity","American Indian or Alaska Native","*","*","*","*","*","*"
"Torrington School District","=""1430011""","Race/Ethnicity","Asian",83,68.9,83,68.1,39,65.0
"Torrington School District","=""1430011""","Race/Ethnicity","Black or African American",141,63.5,141,54.3,55,54.0
"Torrington School District","=""1430011""","Race/Ethnicity","Hispanic or Latino",871,56.2,869,51.2,370,52.6
"Torrington School District","=""1430011""","Race/Ethnicity","Native Hawaiian or Other Pacific Islander","*","*","*","*","N/A","N/A"
"Torrington School District","=""1430011""","Race/Ethnicity","Two or More Races",41,57.7,41,54.1,"*","*"
"Torrington School District","=""1430011""","Race/Ethnicity","White",851,66.7,851,60.6,305,62.1
"Torrington School District","=""1430011""","Special Education Status (SWD)","Students with Disabilities",410,41.7,408,36.7,174,38.7
"Torrington School District","=""1430011""","Special Education Status (SWD)","Students without Disabilities",1582,67.0,1582,61.2,615,62.3
"Trumbull School District","=""1440011""","All Students","District",3665,76.8,3660,75.6,1529,77.2
"Trumbull School District","=""1440011""","English Language Learners (EL)","English Learners",334,66.4,334,66.2,117,64.5
"Trumbull School District","=""1440011""","English Language Learners (EL)","Not English Learners",3331,77.9,3326,76.6,1412,78.3
"Trumbull School District","=""1440011""","Gender","Female",1734,78.4,1732,74.5,710,76.8
"Trumbull School District","=""1440011""","Gender","Male",1931,75.4,1928,76.6,819,77.6
"Trumbull School District","=""1440011""","Grade","03",516,73.6,514,75.2,"N/A","N/A"
"Trumbull School District","=""1440011""","Grade","04",529,81.7,529,82.3,"N/A","N/A"
"Trumbull School District","=""1440011""","Grade","05",489,78.5,489,79.9,489,80.4
"Trumbull School District","=""1440011""","Grade","06",528,79.5,527,75.6,"N/A","N/A"
"Trumbull School District","=""1440011""","Grade","07",568,82.4,567,78.0,"N/A","N/A"
"Trumbull School District","=""1440011""","Grade","08",528,76.9,527,75.5,530,75.1
"Trumbull School District","=""1440011""","Grade","11",507,64.4,507,62.4,510,76.3
"Trumbull School District","=""1440011""","High Needs (F/R, EL or SWD)","High Needs",1274,66.6,1272,64.2,544,65.7
"Trumbull School District","=""1440011""","High Needs (F/R, EL or SWD)","Not High Needs",2391,82.3,2388,81.7,985,83.6
"Trumbull School District","=""1440011""","Free/Reduced Price Meal Eligibility (2-level)","Eligible For Free Or Reduced Price Meals",767,69.0,766,66.5,335,69.1
"Trumbull School District","=""1440011""","Free/Reduced Price Meal Eligibility (2-level)","Not Eligible For Free Or Reduced Price Meals",2898,78.9,2894,78.0,1194,79.5
"Trumbull School District","=""1440011""","Race/Ethnicity","American Indian or Alaska Native","*","*","*","*","*","*"
"Trumbull School District","=""1440011""","Race/Ethnicity","Asian",413,84.6,413,86.7,167,87.0
"Trumbull School District","=""1440011""","Race/Ethnicity","Black or African American",259,70.5,259,66.8,118,69.0
"Trumbull School District","=""1440011""","Race/Ethnicity","Hispanic or Latino",769,70.4,769,68.5,312,70.5
"Trumbull School District","=""1440011""","Race/Ethnicity","Native Hawaiian or Other Pacific Islander","*","*","*","*","*","*"
"Trumbull School District","=""1440011""","Race/Ethnicity","Two or More Races",120,80.6,119,79.2,42,81.7
"Trumbull School District","=""1440011""","Race/Ethnicity","White",2097,78.2,2093,76.9,886,78.6
"Trumbull School District","=""1440011""","Special Education Status (SWD)","Students with Disabilities",541,56.6,540,52.3,227,53.5
"Trumbull School District","=""1440011""","Special Education Status (SWD)","Students without Disabilities",3124,80.3,3120,79.6,1302,81.3
"Union School District","=""1450011""","All Students","District",13,"*",13,"*","*","*"
"Union School District","=""1450011""","English Language Learners (EL)","Not English Learners",13,"*",13,"*","*","*"
"Union School District","=""1450011""","Gender","Female","*","*","*","*","*","*"
"Union School District","=""1450011""","Gender","Male","*","*","*","*","*","*"
"Union School District","=""1450011""","Grade","03","*","*","*","*","N/A","N/A"
"Union School District","=""1450011""","Grade","04","*","*","*","*","N/A","N/A"
"Union School District","=""1450011""","Grade","05","*","*","*","*","*","*"
"Union School District","=""1450011""","Grade","06","*","*","*","*","N/A","N/A"
"Union School District","=""1450011""","Grade","07","*","*","*","*","N/A","N/A"
"Union School District","=""1450011""","Grade","08","*","*","*","*","*","*"
"Union School District","=""1450011""","High Needs (F/R, EL or SWD)","High Needs","*","*","*","*","*","*"
"Union School District","=""1450011""","High Needs (F/R, EL or SWD)","Not High Needs","*","*","*","*","*","*"
"Union School District","=""1450011""","Free/Reduced Price Meal Eligibility (2-level)","Eligible For Free Or Reduced Price Meals","*","*","*","*","N/A","N/A"
"Union School District","=""1450011""","Free/Reduced Price Meal Eligibility (2-level)","Not Eligible For Free Or Reduced Price Meals","*","*","*","*","*","*"
"Union School District","=""1450011""","Race/Ethnicity","White",13,"*",13,"*","*","*"
"Union School District","=""1450011""","Special Education Status (SWD)","Students with Disabilities","*","*","*","*","*","*"
"Union School District","=""1450011""","Special Education Status (SWD)","Students without Disabilities","*","*","*","*","*","*"
"Vernon School District","=""1460011""","All Students","District",1543,68.1,1546,63.8,621,62.7
"Vernon School District","=""1460011""","English Language Learners (EL)","English Learners",112,63.7,112,62.3,46,59.2
"Vernon School District","=""1460011""","English Language Learners (EL)","Not English Learners",1431,68.4,1434,63.9,575,63.0
"Vernon School District","=""1460011""","Gender","Female",744,69.5,746,62.1,294,62.2
"Vernon School District","=""1460011""","Gender","Male",799,66.8,800,65.4,327,63.2
"Vernon School District","=""1460011""","Grade","03",230,69.4,230,64.2,"N/A","N/A"
"Vernon School District","=""1460011""","Grade","04",247,71.6,247,67.9,"N/A","N/A"
"Vernon School District","=""1460011""","Grade","05",210,74.8,211,72.6,212,69.8
"Vernon School District","=""1460011""","Grade","06",246,68.8,246,64.9,"N/A","N/A"
"Vernon School District","=""1460011""","Grade","07",207,70.1,208,65.7,"N/A","N/A"
"Vernon School District","=""1460011""","Grade","08",204,68.7,205,62.8,205,65.2
"Vernon School District","=""1460011""","Grade","11",199,51.4,199,46.6,204,52.9
"Vernon School District","=""1460011""","High Needs (F/R, EL or SWD)","High Needs",967,62.1,970,57.1,382,55.9
"Vernon School District","=""1460011""","High Needs (F/R, EL or SWD)","Not High Needs",576,78.2,576,75.0,239,73.6
"Vernon School District","=""1460011""","Free/Reduced Price Meal Eligibility (2-level)","Eligible For Free Or Reduced Price Meals",860,62.9,863,57.9,336,56.8
"Vernon School District","=""1460011""","Free/Reduced Price Meal Eligibility (2-level)","Not Eligible For Free Or Reduced Price Meals",683,74.6,683,71.3,285,69.7
"Vernon School District","=""1460011""","Race/Ethnicity","Asian","*","*","*","*","*","*"
"Vernon School District","=""1460011""","Race/Ethnicity","Black or African American",171,64.1,171,59.5,65,53.9
"Vernon School District","=""1460011""","Race/Ethnicity","Hispanic or Latino",394,62.2,396,56.6,151,57.6
"Vernon School District","=""1460011""","Race/Ethnicity","Native Hawaiian or Other Pacific Islander","*","*","*","*","*","*"
"Vernon School District","=""1460011""","Race/Ethnicity","Two or More Races",127,66.4,127,61.0,50,57.1
"Vernon School District","=""1460011""","Race/Ethnicity","White",738,71.3,739,67.2,310,67.5
"Vernon School District","=""1460011""","Special Education Status (SWD)","Students with Disabilities",275,45.2,275,40.2,102,41.4
"Vernon School District","=""1460011""","Special Education Status (SWD)","Students without Disabilities",1268,73.0,1271,68.9,519,66.9
"Voluntown School District","=""1470011""","All Students","District",116,65.0,116,60.5,49,63.2
"Voluntown School District","=""1470011""","English Language Learners (EL)","English Learners","*","*","*","*","*","*"
"Voluntown School District","=""1470011""","English Language Learners (EL)","Not English Learners","*","*","*","*","*","*"
"Voluntown School District","=""1470011""","Gender","Female",59,67.2,59,59.4,21,61.9
"Voluntown School District","=""1470011""","Gender","Male",57,62.7,57,61.7,28,64.2
"Voluntown School District","=""1470011""","Grade","03",19,"*",19,"*","N/A","N/A"
"Voluntown School District","=""1470011""","Grade","04",13,"*",13,"*","N/A","N/A"
"Voluntown School District","=""1470011""","Grade","05",20,64.0,20,64.4,20,67.9
"Voluntown School District","=""1470011""","Grade","06",20,64.0,20,60.0,"N/A","N/A"
"Voluntown School District","=""1470011""","Grade","07",15,"*",15,"*","N/A","N/A"
"Voluntown School District","=""1470011""","Grade","08",29,57.3,29,49.9,29,60.0
"Voluntown School District","=""1470011""","High Needs (F/R, EL or SWD)","High Needs",56,55.9,56,51.3,27,58.7
"Voluntown School District","=""1470011""","High Needs (F/R, EL or SWD)","Not High Needs",60,73.4,60,69.2,22,68.8
"Voluntown School District","=""1470011""","Free/Reduced Price Meal Eligibility (2-level)","Eligible For Free Or Reduced Price Meals",42,56.9,42,52.8,20,60.0
"Voluntown School District","=""1470011""","Free/Reduced Price Meal Eligibility (2-level)","Not Eligible For Free Or Reduced Price Meals",74,69.6,74,64.9,29,65.5
"Voluntown School District","=""1470011""","Race/Ethnicity","Asian","*","*","*","*","*","*"
"Voluntown School District","=""1470011""","Race/Ethnicity","Black or African American","*","*","*","*","*","*"
"Voluntown School District","=""1470011""","Race/Ethnicity","Hispanic or Latino",6,"*",6,"*","*","*"
"Voluntown School District","=""1470011""","Race/Ethnicity","Native Hawaiian or Other Pacific Islander","*","*","*","*","*","*"
"Voluntown School District","=""1470011""","Race/Ethnicity","Two or More Races","*","*","*","*","N/A","N/A"
"Voluntown School District","=""1470011""","Race/Ethnicity","White",102,64.8,102,60.9,42,62.1
"Voluntown School District","=""1470011""","Special Education Status (SWD)","Students with Disabilities",24,46.7,24,42.7,11,"*"
"Voluntown School District","=""1470011""","Special Education Status (SWD)","Students without Disabilities",92,69.8,92,65.2,38,67.9
"Wallingford School District","=""1480011""","All Students","District",2591,66.5,2587,63.4,1098,67.3
"Wallingford School District","=""1480011""","English Language Learners (EL)","English Learners",311,56.7,311,54.8,103,53.7
"Wallingford School District","=""1480011""","English Language Learners (EL)","Not English Learners",2280,67.8,2276,64.6,995,68.7
"Wallingford School District","=""1480011""","Gender","Female",1240,68.0,1238,61.7,516,67.0
"Wallingford School District","=""1480011""","Gender","Male",1351,65.1,1349,65.0,582,67.5
"Wallingford School District","=""1480011""","Grade","03",378,69.3,378,67.2,"N/A","N/A"
"Wallingford School District","=""1480011""","Grade","04",380,72.7,379,69.8,"N/A","N/A"
"Wallingford School District","=""1480011""","Grade","05",347,69.5,346,70.3,347,69.8
"Wallingford School District","=""1480011""","Grade","06",349,69.1,349,61.7,"N/A","N/A"
"Wallingford School District","=""1480011""","Grade","07",386,66.5,385,62.3,"N/A","N/A"
"Wallingford School District","=""1480011""","Grade","08",354,64.0,353,62.6,353,67.8
"Wallingford School District","=""1480011""","Grade","11",397,55.2,397,51.3,398,64.7
"Wallingford School District","=""1480011""","High Needs (F/R, EL or SWD)","High Needs",1194,58.3,1191,55.1,478,57.3
"Wallingford School District","=""1480011""","High Needs (F/R, EL or SWD)","Not High Needs",1397,73.5,1396,70.6,620,75.0
"Wallingford School District","=""1480011""","Free/Reduced Price Meal Eligibility (2-level)","Eligible For Free Or Reduced Price Meals",888,59.8,886,56.4,354,58.3
"Wallingford School District","=""1480011""","Free/Reduced Price Meal Eligibility (2-level)","Not Eligible For Free Or Reduced Price Meals",1703,70.0,1701,67.1,744,71.6
"Wallingford School District","=""1480011""","Race/Ethnicity","American Indian or Alaska Native","*","*","*","*","N/A","N/A"
"Wallingford School District","=""1480011""","Race/Ethnicity","Asian",116,71.1,116,69.5,51,75.5
"Wallingford School District","=""1480011""","Race/Ethnicity","Black or African American",37,61.0,37,53.1,"*","*"
"Wallingford School District","=""1480011""","Race/Ethnicity","Hispanic or Latino",584,59.8,583,56.0,240,60.7
"Wallingford School District","=""1480011""","Race/Ethnicity","Native Hawaiian or Other Pacific Islander","*","*","*","*","*","*"
"Wallingford School District","=""1480011""","Race/Ethnicity","Two or More Races",98,69.3,98,66.4,51,67.9
"Wallingford School District","=""1480011""","Race/Ethnicity","White",1749,68.4,1746,65.6,736,68.8
"Wallingford School District","=""1480011""","Special Education Status (SWD)","Students with Disabilities",482,47.7,479,44.1,202,47.6
"Wallingford School District","=""1480011""","Special Education Status (SWD)","Students without Disabilities",2109,70.8,2108,67.8,896,71.7
"Waterbury School District","=""1510011""","All Students","District",9046,53.0,9032,46.7,3763,49.1
"Waterbury School District","=""1510011""","English Language Learners (EL)","English Learners",2190,45.7,2188,43.5,863,43.1
"Waterbury School District","=""1510011""","English Language Learners (EL)","Not English Learners",6856,55.4,6844,47.8,2900,50.9
"Waterbury School District","=""1510011""","Gender","Female",4426,55.4,4421,46.6,1865,49.9
"Waterbury School District","=""1510011""","Gender","Male",4620,50.8,4611,46.9,1898,48.4
"Waterbury School District","=""1510011""","Grade","03",1364,54.2,1362,50.9,"N/A","N/A"
"Waterbury School District","=""1510011""","Grade","04",1384,58.4,1382,55.0,"N/A","N/A"
"Waterbury School District","=""1510011""","Grade","05",1241,55.9,1239,55.1,1240,56.9
"Waterbury School District","=""1510011""","Grade","06",1236,56.8,1232,46.2,"N/A","N/A"
"Waterbury School District","=""1510011""","Grade","07",1282,52.5,1278,43.6,"N/A","N/A"
"Waterbury School District","=""1510011""","Grade","08",1343,51.6,1343,38.7,1337,48.6
"Waterbury School District","=""1510011""","Grade","11",1196,40.7,1196,36.5,1186,41.4
"Waterbury School District","=""1510011""","High Needs (F/R, EL or SWD)","High Needs",7994,51.2,7981,45.1,3312,47.6
"Waterbury School District","=""1510011""","High Needs (F/R, EL or SWD)","Not High Needs",1052,66.7,1051,59.4,451,60.4
"Waterbury School District","=""1510011""","Free/Reduced Price Meal Eligibility (2-level)","Eligible For Free Or Reduced Price Meals",7385,51.8,7372,45.1,3073,48.1
"Waterbury School District","=""1510011""","Free/Reduced Price Meal Eligibility (2-level)","Not Eligible For Free Or Reduced Price Meals",1661,58.6,1660,53.8,690,53.7
"Waterbury School District","=""1510011""","Race/Ethnicity","American Indian or Alaska Native",35,60.4,35,59.1,18,"*"
"Waterbury School District","=""1510011""","Race/Ethnicity","Asian",151,68.3,151,64.1,57,61.9
"Waterbury School District","=""1510011""","Race/Ethnicity","Black or African American",1897,52.6,1893,44.2,872,47.7
"Waterbury School District","=""1510011""","Race/Ethnicity","Hispanic or Latino",5825,51.2,5819,45.6,2340,47.8
"Waterbury School District","=""1510011""","Race/Ethnicity","Two or More Races",346,56.8,344,49.1,136,51.6
"Waterbury School District","=""1510011""","Race/Ethnicity","White",792,62.6,790,56.0,340,57.8
"Waterbury School District","=""1510011""","Special Education Status (SWD)","Students with Disabilities",2047,38.0,2039,31.5,817,35.6
"Waterbury School District","=""1510011""","Special Education Status (SWD)","Students without Disabilities",6999,57.4,6993,51.2,2946,52.8
"Waterford School District","=""1520011""","All Students","District",1142,70.5,1141,69.8,489,66.8
"Waterford School District","=""1520011""","English Language Learners (EL)","English Learners",121,63.8,120,63.5,38,57.1
"Waterford School District","=""1520011""","English Language Learners (EL)","Not English Learners",1021,71.3,1021,70.6,451,67.6
"Waterford School District","=""1520011""","Gender","Female",540,71.3,540,67.7,239,66.4
"Waterford School District","=""1520011""","Gender","Male",602,69.8,601,71.8,250,67.1
"Waterford School District","=""1520011""","Grade","03",147,72.3,147,70.6,"N/A","N/A"
"Waterford School District","=""1520011""","Grade","04",176,73.1,175,75.0,"N/A","N/A"
"Waterford School District","=""1520011""","Grade","05",162,69.5,162,71.0,161,68.5
"Waterford School District","=""1520011""","Grade","06",149,75.1,149,69.2,"N/A","N/A"
"Waterford School District","=""1520011""","Grade","07",176,71.4,176,72.9,"N/A","N/A"
"Waterford School District","=""1520011""","Grade","08",171,72.3,171,71.5,171,70.2
"Waterford School District","=""1520011""","Grade","11",161,60.0,161,57.8,157,61.3
"Waterford School District","=""1520011""","High Needs (F/R, EL or SWD)","High Needs",516,63.4,515,62.4,216,58.1
"Waterford School District","=""1520011""","High Needs (F/R, EL or SWD)","Not High Needs",626,76.4,626,75.9,273,73.6
"Waterford School District","=""1520011""","Free/Reduced Price Meal Eligibility (2-level)","Eligible For Free Or Reduced Price Meals",357,66.0,356,64.9,160,60.0
"Waterford School District","=""1520011""","Free/Reduced Price Meal Eligibility (2-level)","Not Eligible For Free Or Reduced Price Meals",785,72.6,785,72.1,329,70.0
"Waterford School District","=""1520011""","Race/Ethnicity","American Indian or Alaska Native","*","*","*","*","N/A","N/A"
"Waterford School District","=""1520011""","Race/Ethnicity","Asian",69,71.3,68,73.0,36,69.1
"Waterford School District","=""1520011""","Race/Ethnicity","Black or African American",31,60.1,31,57.7,"*","*"
"Waterford School District","=""1520011""","Race/Ethnicity","Hispanic or Latino",195,64.3,195,62.6,77,57.6
"Waterford School District","=""1520011""","Race/Ethnicity","Native Hawaiian or Other Pacific Islander","*","*","*","*","*","*"
"Waterford School District","=""1520011""","Race/Ethnicity","Two or More Races",73,70.3,73,70.2,35,65.7
"Waterford School District","=""1520011""","Race/Ethnicity","White",767,72.6,767,71.9,324,69.1
"Waterford School District","=""1520011""","Special Education Status (SWD)","Students with Disabilities",213,54.3,213,52.3,87,47.7
"Waterford School District","=""1520011""","Special Education Status (SWD)","Students without Disabilities",929,74.2,928,73.9,402,70.9
"Watertown School District","=""1530011""","All Students","District",1352,63.6,1349,60.4,567,61.7
"Watertown School District","=""1530011""","English Language Learners (EL)","English Learners",113,57.9,113,56.2,44,57.1
"Watertown School District","=""1530011""","English Language Learners (EL)","Not English Learners",1239,64.1,1236,60.8,523,62.1
"Watertown School District","=""1530011""","Gender","Female",628,65.5,628,59.8,258,61.3
"Watertown School District","=""1530011""","Gender","Male",724,61.9,721,60.9,309,62.0
"Watertown School District","=""1530011""","Grade","03",198,66.3,198,62.4,"N/A","N/A"
"Watertown School District","=""1530011""","Grade","04",194,71.4,194,73.2,"N/A","N/A"
"Watertown School District","=""1530011""","Grade","05",188,67.4,187,63.2,192,67.8
"Watertown School District","=""1530011""","Grade","06",210,65.9,210,58.9,"N/A","N/A"
"Watertown School District","=""1530011""","Grade","07",191,62.9,190,59.8,"N/A","N/A"
"Watertown School District","=""1530011""","Grade","08",203,56.0,202,54.4,206,59.5
"Watertown School District","=""1530011""","Grade","11",168,54.0,168,49.8,169,57.4
"Watertown School District","=""1530011""","High Needs (F/R, EL or SWD)","High Needs",698,57.2,696,53.7,305,55.3
"Watertown School District","=""1530011""","High Needs (F/R, EL or SWD)","Not High Needs",654,70.3,653,67.5,262,69.1
"Watertown School District","=""1530011""","Free/Reduced Price Meal Eligibility (2-level)","Eligible For Free Or Reduced Price Meals",560,58.6,559,55.3,250,57.1
"Watertown School District","=""1530011""","Free/Reduced Price Meal Eligibility (2-level)","Not Eligible For Free Or Reduced Price Meals",792,67.1,790,63.9,317,65.3
"Watertown School District","=""1530011""","Race/Ethnicity","American Indian or Alaska Native","*","*","*","*","*","*"
"Watertown School District","=""1530011""","Race/Ethnicity","Asian",20,69.8,20,74.5,"*","*"
"Watertown School District","=""1530011""","Race/Ethnicity","Black or African American",70,58.5,70,50.9,37,53.4
"Watertown School District","=""1530011""","Race/Ethnicity","Hispanic or Latino",186,60.1,186,54.9,73,55.9
"Watertown School District","=""1530011""","Race/Ethnicity","Native Hawaiian or Other Pacific Islander","*","*","*","*","N/A","N/A"
"Watertown School District","=""1530011""","Race/Ethnicity","Two or More Races",60,63.2,60,57.8,27,63.1
"Watertown School District","=""1530011""","Race/Ethnicity","White",1011,64.5,1008,62.0,420,63.3
"Watertown School District","=""1530011""","Special Education Status (SWD)","Students with Disabilities",241,45.1,239,39.2,107,43.5
"Watertown School District","=""1530011""","Special Education Status (SWD)","Students without Disabilities",1111,67.6,1110,64.9,460,65.9
"Westbrook School District","=""1540011""","All Students","District",264,74.4,264,74.0,112,68.1
"Westbrook School District","=""1540011""","English Language Learners (EL)","English Learners",53,59.7,53,60.8,27,52.9
"Westbrook School District","=""1540011""","English Language Learners (EL)","Not English Learners",211,78.1,211,77.4,85,73.0
"Westbrook School District","=""1540011""","Gender","Female",137,75.8,137,72.2,56,68.5
"Westbrook School District","=""1540011""","Gender","Male",127,72.9,127,76.0,56,67.8
"Westbrook School District","=""1540011""","Grade","03",41,70.9,41,71.2,"N/A","N/A"
"Westbrook School District","=""1540011""","Grade","04",38,80.8,38,75.0,"N/A","N/A"
"Westbrook School District","=""1540011""","Grade","05",48,76.8,48,77.1,48,74.7
"Westbrook School District","=""1540011""","Grade","06",36,78.4,36,80.2,"N/A","N/A"
"Westbrook School District","=""1540011""","Grade","07",37,79.5,37,78.6,"N/A","N/A"
"Westbrook School District","=""1540011""","Grade","08",27,74.4,27,78.4,27,72.1
"Westbrook School District","=""1540011""","Grade","11",37,59.7,37,58.5,37,56.8
"Westbrook School District","=""1540011""","High Needs (F/R, EL or SWD)","High Needs",133,63.2,133,63.1,60,56.5
"Westbrook School District","=""1540011""","High Needs (F/R, EL or SWD)","Not High Needs",131,85.8,131,85.1,52,81.6
"Westbrook School District","=""1540011""","Free/Reduced Price Meal Eligibility (2-level)","Eligible For Free Or Reduced Price Meals",92,65.8,92,66.2,41,56.7
"Westbrook School District","=""1540011""","Free/Reduced Price Meal Eligibility (2-level)","Not Eligible For Free Or Reduced Price Meals",172,79.0,172,78.2,71,74.8
"Westbrook School District","=""1540011""","Race/Ethnicity","Asian","*","*","*","*","N/A","N/A"
"Westbrook School District","=""1540011""","Race/Ethnicity","Black or African American","*","*","*","*","N/A","N/A"
"Westbrook School District","=""1540011""","Race/Ethnicity","Hispanic or Latino",66,64.2,66,65.3,"*","*"
"Westbrook School District","=""1540011""","Race/Ethnicity","Two or More Races",6,"*",6,"*","*","*"
"Westbrook School District","=""1540011""","Race/Ethnicity","White",188,78.0,188,77.1,74,73.0
"Westbrook School District","=""1540011""","Special Education Status (SWD)","Students with Disabilities",51,58.1,51,56.0,20,55.3
"Westbrook School District","=""1540011""","Special Education Status (SWD)","Students without Disabilities",213,78.3,213,78.3,92,70.9
"West Hartford School District","=""1550011""","All Students","District",4646,74.5,4628,71.5,1991,72.7
"West Hartford School District","=""1550011""","English Language Learners (EL)","English Learners",625,58.6,620,58.8,232,54.9
"West Hartford School District","=""1550011""","English Language Learners (EL)","Not English Learners",4021,77.0,4008,73.4,1759,75.1
"West Hartford School District","=""1550011""","Gender","Female","*","*","*","*",1008,71.4
"West Hartford School District","=""1550011""","Gender","Male",2325,73.2,2314,72.8,"*","*"
"West Hartford School District","=""1550011""","Gender","Non-Binary","*","*","*","*","*","*"
"West Hartford School District","=""1550011""","Grade","03",642,74.6,639,72.7,"N/A","N/A"
"West Hartford School District","=""1550011""","Grade","04",687,79.6,687,78.0,"N/A","N/A"
"West Hartford School District","=""1550011""","Grade","05",675,77.5,675,77.6,676,75.1
"West Hartford School District","=""1550011""","Grade","06",653,75.5,650,71.5,"N/A","N/A"
"West Hartford School District","=""1550011""","Grade","07",677,76.7,673,73.0,"N/A","N/A"
"West Hartford School District","=""1550011""","Grade","08",647,71.6,639,66.3,649,70.4
"West Hartford School District","=""1550011""","Grade","11",665,65.8,665,60.8,666,72.6
"West Hartford School District","=""1550011""","High Needs (F/R, EL or SWD)","High Needs",1887,61.0,1876,57.9,771,58.5
"West Hartford School District","=""1550011""","High Needs (F/R, EL or SWD)","Not High Needs",2759,83.7,2752,80.7,1220,81.7
"West Hartford School District","=""1550011""","Free/Reduced Price Meal Eligibility (2-level)","Eligible For Free Or Reduced Price Meals",1214,59.5,1208,55.9,503,57.2
"West Hartford School District","=""1550011""","Free/Reduced Price Meal Eligibility (2-level)","Not Eligible For Free Or Reduced Price Meals",3432,79.8,3420,77.0,1488,78.0
"West Hartford School District","=""1550011""","Race/Ethnicity","American Indian or Alaska Native",10,"*",10,"*","*","*"
"West Hartford School District","=""1550011""","Race/Ethnicity","Asian",496,74.5,492,76.0,214,73.6
"West Hartford School District","=""1550011""","Race/Ethnicity","Black or African American",358,62.1,357,57.0,153,58.9
"West Hartford School District","=""1550011""","Race/Ethnicity","Hispanic or Latino",941,61.8,937,57.4,407,59.8
"West Hartford School District","=""1550011""","Race/Ethnicity","Native Hawaiian or Other Pacific Islander",6,"*",6,"*","*","*"
"West Hartford School District","=""1550011""","Race/Ethnicity","Two or More Races",327,78.3,326,75.1,139,76.2
"West Hartford School District","=""1550011""","Race/Ethnicity","White",2508,80.6,2500,77.5,1075,78.9
"West Hartford School District","=""1550011""","Special Education Status (SWD)","Students with Disabilities",898,55.1,890,50.9,375,52.2
"West Hartford School District","=""1550011""","Special Education Status (SWD)","Students without Disabilities",3748,79.2,3738,76.4,1616,77.5
"West Haven School District","=""1560011""","All Students","District",2844,61.0,2848,57.2,1214,61.2
"West Haven School District","=""1560011""","English Language Learners (EL)","English Learners",860,55.5,858,53.8,319,54.7
"West Haven School District","=""1560011""","English Language Learners (EL)","Not English Learners",1984,63.4,1990,58.7,895,63.6
"West Haven School District","=""1560011""","Gender","Female","*","*","*","*","*","*"
"West Haven School District","=""1560011""","Gender","Male",1501,59.8,1498,57.9,661,61.7
"West Haven School District","=""1560011""","Gender","Non-Binary","*","*","*","*","*","*"
"West Haven School District","=""1560011""","Grade","03",402,63.1,402,59.3,"N/A","N/A"
"West Haven School District","=""1560011""","Grade","04",432,67.3,433,66.7,"N/A","N/A"
"West Haven School District","=""1560011""","Grade","05",399,59.1,397,58.7,400,61.2
"West Haven School District","=""1560011""","Grade","06",377,65.2,376,57.8,"N/A","N/A"
"West Haven School District","=""1560011""","Grade","07",413,63.5,418,54.9,"N/A","N/A"
"West Haven School District","=""1560011""","Grade","08",414,64.9,415,62.4,412,65.7
"West Haven School District","=""1560011""","Grade","11",407,43.9,407,40.2,402,56.6
"West Haven School District","=""1560011""","High Needs (F/R, EL or SWD)","High Needs",2091,57.7,2096,54.0,865,57.6
"West Haven School District","=""1560011""","High Needs (F/R, EL or SWD)","Not High Needs",753,70.1,752,66.3,349,70.3
"West Haven School District","=""1560011""","Free/Reduced Price Meal Eligibility (2-level)","Eligible For Free Or Reduced Price Meals",1702,59.3,1705,55.1,707,59.3
"West Haven School District","=""1560011""","Free/Reduced Price Meal Eligibility (2-level)","Not Eligible For Free Or Reduced Price Meals",1142,63.6,1143,60.5,507,64.0
"West Haven School District","=""1560011""","Race/Ethnicity","American Indian or Alaska Native","*","*","*","*","*","*"
"West Haven School District","=""1560011""","Race/Ethnicity","Asian",186,62.4,186,61.2,78,62.1
"West Haven School District","=""1560011""","Race/Ethnicity","Black or African American",671,60.6,671,55.2,311,58.9
"West Haven School District","=""1560011""","Race/Ethnicity","Hispanic or Latino",1156,58.3,1158,54.6,496,60.0
"West Haven School District","=""1560011""","Race/Ethnicity","Native Hawaiian or Other Pacific Islander","*","*","*","*","N/A","N/A"
"West Haven School District","=""1560011""","Race/Ethnicity","Two or More Races",151,64.5,151,60.7,"*","*"
"West Haven School District","=""1560011""","Race/Ethnicity","White",671,65.2,673,62.0,265,65.6
"West Haven School District","=""1560011""","Special Education Status (SWD)","Students with Disabilities",564,46.4,567,41.4,211,45.2
"West Haven School District","=""1560011""","Special Education Status (SWD)","Students without Disabilities",2280,64.6,2281,61.2,1003,64.6
"Weston School District","=""1570011""","All Students","District",1052,82.2,1051,80.3,465,86.4
"Weston School District","=""1570011""","English Language Learners (EL)","English Learners",24,69.8,24,70.7,"*","*"
"Weston School District","=""1570011""","English Language Learners (EL)","Not English Learners",1028,82.5,1027,80.6,"*","*"
"Weston School District","=""1570011""","Gender","Female",499,82.7,498,78.2,213,84.1
"Weston School District","=""1570011""","Gender","Male",553,81.9,553,82.2,252,88.2
"Weston School District","=""1570011""","Grade","03",134,86.0,134,82.7,"N/A","N/A"
"Weston School District","=""1570011""","Grade","04",144,84.0,144,82.9,"N/A","N/A"
"Weston School District","=""1570011""","Grade","05",158,85.3,157,82.7,157,85.8
"Weston School District","=""1570011""","Grade","06",171,80.9,171,78.9,"N/A","N/A"
"Weston School District","=""1570011""","Grade","07",139,86.4,139,82.3,"N/A","N/A"
"Weston School District","=""1570011""","Grade","08",145,80.7,145,83.7,145,84.0
"Weston School District","=""1570011""","Grade","11",161,73.7,161,70.6,163,89.0
"Weston School District","=""1570011""","High Needs (F/R, EL or SWD)","High Needs",169,65.0,169,63.3,71,66.2
"Weston School District","=""1570011""","High Needs (F/R, EL or SWD)","Not High Needs",883,85.5,882,83.6,394,90.0
"Weston School District","=""1570011""","Free/Reduced Price Meal Eligibility (2-level)","Eligible For Free Or Reduced Price Meals",22,62.2,22,62.4,8,"*"
"Weston School District","=""1570011""","Free/Reduced Price Meal Eligibility (2-level)","Not Eligible For Free Or Reduced Price Meals",1030,82.7,1029,80.7,457,86.8
"Weston School District","=""1570011""","Race/Ethnicity","American Indian or Alaska Native","*","*","*","*","N/A","N/A"
"Weston School District","=""1570011""","Race/Ethnicity","Asian",67,90.0,67,91.0,"*","*"
"Weston School District","=""1570011""","Race/Ethnicity","Black or African American","*","*","*","*","*","*"
"Weston School District","=""1570011""","Race/Ethnicity","Hispanic or Latino",102,78.4,102,76.1,39,80.6
"Weston School District","=""1570011""","Race/Ethnicity","Two or More Races",88,83.3,88,83.2,35,88.8
"Weston School District","=""1570011""","Race/Ethnicity","White",781,82.0,780,79.8,359,85.8
"Weston School District","=""1570011""","Special Education Status (SWD)","Students with Disabilities",139,63.7,139,61.5,65,65.8
"Weston School District","=""1570011""","Special Education Status (SWD)","Students without Disabilities",913,85.1,912,83.2,400,89.7
"Westport School District","=""1580011""","All Students","District",2831,80.9,2830,79.8,1201,80.3
"Westport School District","=""1580011""","English Language Learners (EL)","English Learners",68,69.1,68,73.8,24,70.4
"Westport School District","=""1580011""","English Language Learners (EL)","Not English Learners",2763,81.2,2762,79.9,1177,80.5
"Westport School District","=""1580011""","Gender","Female",1418,81.8,1417,77.6,619,80.0
"Westport School District","=""1580011""","Gender","Male","*","*","*","*","*","*"
"Westport School District","=""1580011""","Gender","Non-Binary","*","*","*","*","*","*"
"Westport School District","=""1580011""","Grade","03",407,78.9,407,77.9,"N/A","N/A"
"Westport School District","=""1580011""","Grade","04",444,84.3,443,82.8,"N/A","N/A"
"Westport School District","=""1580011""","Grade","05",411,81.8,411,82.2,408,79.8
"Westport School District","=""1580011""","Grade","06",373,81.4,373,80.7,"N/A","N/A"
"Westport School District","=""1580011""","Grade","07",400,84.7,400,83.2,"N/A","N/A"
"Westport School District","=""1580011""","Grade","08",403,80.4,403,80.0,402,78.4
"Westport School District","=""1580011""","Grade","11",393,74.2,393,71.1,391,82.7
"Westport School District","=""1580011""","High Needs (F/R, EL or SWD)","High Needs",520,62.6,520,59.9,225,59.4
"Westport School District","=""1580011""","High Needs (F/R, EL or SWD)","Not High Needs",2311,85.0,2310,84.2,976,85.1
"Westport School District","=""1580011""","Free/Reduced Price Meal Eligibility (2-level)","Eligible For Free Or Reduced Price Meals",99,56.6,98,54.9,50,51.1
"Westport School District","=""1580011""","Free/Reduced Price Meal Eligibility (2-level)","Not Eligible For Free Or Reduced Price Meals",2732,81.8,2732,80.7,1151,81.5
"Westport School District","=""1580011""","Race/Ethnicity","American Indian or Alaska Native","*","*","*","*","*","*"
"Westport School District","=""1580011""","Race/Ethnicity","Asian",181,89.5,181,91.3,84,90.1
"Westport School District","=""1580011""","Race/Ethnicity","Black or African American",68,63.1,68,60.8,"*","*"
"Westport School District","=""1580011""","Race/Ethnicity","Hispanic or Latino",266,74.0,266,71.7,110,69.5
"Westport School District","=""1580011""","Race/Ethnicity","Native Hawaiian or Other Pacific Islander","*","*","*","*","N/A","N/A"
"Westport School District","=""1580011""","Race/Ethnicity","Two or More Races",213,82.6,212,83.0,88,79.9
"Westport School District","=""1580011""","Race/Ethnicity","White",2100,81.4,2100,80.1,889,81.5
"Westport School District","=""1580011""","Special Education Status (SWD)","Students with Disabilities",425,60.9,425,57.3,184,57.3
"Westport School District","=""1580011""","Special Education Status (SWD)","Students without Disabilities",2406,84.4,2405,83.7,1017,84.4
"Wethersfield School District","=""1590011""","All Students","District",1761,69.4,1759,65.0,770,65.1
"Wethersfield School District","=""1590011""","English Language Learners (EL)","English Learners",296,59.3,296,56.1,105,54.7
"Wethersfield School District","=""1590011""","English Language Learners (EL)","Not English Learners",1465,71.5,1463,66.8,665,66.8
"Wethersfield School District","=""1590011""","Gender","Female",876,71.1,875,63.9,368,64.8
"Wethersfield School District","=""1590011""","Gender","Male",885,67.8,884,66.0,402,65.3
"Wethersfield School District","=""1590011""","Grade","03",235,69.7,234,65.5,"N/A","N/A"
"Wethersfield School District","=""1590011""","Grade","04",253,75.6,252,74.8,"N/A","N/A"
"Wethersfield School District","=""1590011""","Grade","05",230,71.4,230,70.6,231,70.5
"Wethersfield School District","=""1590011""","Grade","06",252,75.6,252,71.0,"N/A","N/A"
"Wethersfield School District","=""1590011""","Grade","07",252,72.1,252,65.6,"N/A","N/A"
"Wethersfield School District","=""1590011""","Grade","08",275,66.7,275,58.4,275,66.1
"Wethersfield School District","=""1590011""","Grade","11",264,56.0,264,50.7,264,59.4
"Wethersfield School District","=""1590011""","High Needs (F/R, EL or SWD)","High Needs",759,59.8,757,54.7,316,54.0
"Wethersfield School District","=""1590011""","High Needs (F/R, EL or SWD)","Not High Needs",1002,76.7,1002,72.7,454,72.9
"Wethersfield School District","=""1590011""","Free/Reduced Price Meal Eligibility (2-level)","Eligible For Free Or Reduced Price Meals",540,60.8,540,55.0,233,54.6
"Wethersfield School District","=""1590011""","Free/Reduced Price Meal Eligibility (2-level)","Not Eligible For Free Or Reduced Price Meals",1221,73.2,1219,69.3,537,69.7
"Wethersfield School District","=""1590011""","Race/Ethnicity","American Indian or Alaska Native","*","*","*","*","*","*"
"Wethersfield School District","=""1590011""","Race/Ethnicity","Asian",120,70.0,120,67.8,46,68.9
"Wethersfield School District","=""1590011""","Race/Ethnicity","Black or African American",85,65.6,85,54.4,34,53.2
"Wethersfield School District","=""1590011""","Race/Ethnicity","Hispanic or Latino",372,60.4,372,55.1,170,55.8
"Wethersfield School District","=""1590011""","Race/Ethnicity","Native Hawaiian or Other Pacific Islander","*","*","*","*","N/A","N/A"
"Wethersfield School District","=""1590011""","Race/Ethnicity","Two or More Races",81,74.4,81,65.7,"*","*"
"Wethersfield School District","=""1590011""","Race/Ethnicity","White",1098,72.4,1096,68.8,487,68.7
"Wethersfield School District","=""1590011""","Special Education Status (SWD)","Students with Disabilities",251,47.9,249,42.4,109,43.0
"Wethersfield School District","=""1590011""","Special Education Status (SWD)","Students without Disabilities",1510,73.0,1510,68.7,661,68.8
"Willington School District","=""1600011""","All Students","District",241,65.3,238,66.5,71,60.1
"Willington School District","=""1600011""","English Language Learners (EL)","English Learners",8,"*",8,"*","*","*"
"Willington School District","=""1600011""","English Language Learners (EL)","Not English Learners",233,65.3,230,66.6,"*","*"
"Willington School District","=""1600011""","Gender","Female",122,66.4,122,64.8,35,59.4
"Willington School District","=""1600011""","Gender","Male",119,64.1,116,68.3,36,60.8
"Willington School District","=""1600011""","Grade","03",44,70.6,43,69.4,"N/A","N/A"
"Willington School District","=""1600011""","Grade","04",39,64.8,39,67.1,"N/A","N/A"
"Willington School District","=""1600011""","Grade","05",34,58.8,33,61.6,33,59.2
"Willington School District","=""1600011""","Grade","06",40,68.3,40,68.8,"N/A","N/A"
"Willington School District","=""1600011""","Grade","07",45,67.8,44,66.8,"N/A","N/A"
"Willington School District","=""1600011""","Grade","08",39,59.5,39,64.4,38,60.9
"Willington School District","=""1600011""","High Needs (F/R, EL or SWD)","High Needs",121,60.9,118,59.2,34,54.5
"Willington School District","=""1600011""","High Needs (F/R, EL or SWD)","Not High Needs",120,69.7,120,73.7,37,65.3
"Willington School District","=""1600011""","Free/Reduced Price Meal Eligibility (2-level)","Eligible For Free Or Reduced Price Meals",89,62.6,87,61.9,25,60.9
"Willington School District","=""1600011""","Free/Reduced Price Meal Eligibility (2-level)","Not Eligible For Free Or Reduced Price Meals",152,66.9,151,69.2,46,59.6
"Willington School District","=""1600011""","Race/Ethnicity","American Indian or Alaska Native","*","*","*","*","*","*"
"Willington School District","=""1600011""","Race/Ethnicity","Asian","*","*","*","*","*","*"
"Willington School District","=""1600011""","Race/Ethnicity","Black or African American","*","*","*","*",0,"N/A"
"Willington School District","=""1600011""","Race/Ethnicity","Hispanic or Latino",26,62.1,26,59.3,6,"*"
"Willington School District","=""1600011""","Race/Ethnicity","Two or More Races",13,"*",13,"*","*","*"
"Willington School District","=""1600011""","Race/Ethnicity","White",191,65.9,188,68.0,59,59.1
"Willington School District","=""1600011""","Special Education Status (SWD)","Students with Disabilities",53,51.1,50,45.7,17,"*"
"Willington School District","=""1600011""","Special Education Status (SWD)","Students without Disabilities",188,69.3,188,72.1,54,64.4
"Wilton School District","=""1610011""","All Students","District",1935,79.9,1929,81.0,879,81.6
"Wilton School District","=""1610011""","English Language Learners (EL)","English Learners",62,73.2,62,79.7,20,75.0
"Wilton School District","=""1610011""","English Language Learners (EL)","Not English Learners",1873,80.1,1867,81.1,859,81.8
"Wilton School District","=""1610011""","Gender","Female","*","*","*","*",440,79.9
"Wilton School District","=""1610011""","Gender","Male",989,78.4,986,82.6,"*","*"
"Wilton School District","=""1610011""","Gender","Non-Binary","*","*","*","*","*","*"
"Wilton School District","=""1610011""","Grade","03",250,78.4,248,75.3,"N/A","N/A"
"Wilton School District","=""1610011""","Grade","04",281,80.1,281,83.4,"N/A","N/A"
"Wilton School District","=""1610011""","Grade","05",293,81.2,293,82.3,291,77.7
"Wilton School District","=""1610011""","Grade","06",243,82.4,240,83.3,"N/A","N/A"
"Wilton School District","=""1610011""","Grade","07",275,83.1,275,84.9,"N/A","N/A"
"Wilton School District","=""1610011""","Grade","08",263,81.7,262,87.1,260,83.5
"Wilton School District","=""1610011""","Grade","11",330,74.0,330,72.6,328,83.6
"Wilton School District","=""1610011""","High Needs (F/R, EL or SWD)","High Needs",464,65.7,462,67.2,216,66.1
"Wilton School District","=""1610011""","High Needs (F/R, EL or SWD)","Not High Needs",1471,84.4,1467,85.4,663,86.7
"Wilton School District","=""1610011""","Free/Reduced Price Meal Eligibility (2-level)","Eligible For Free Or Reduced Price Meals",123,68.2,124,71.0,58,73.9
"Wilton School District","=""1610011""","Free/Reduced Price Meal Eligibility (2-level)","Not Eligible For Free Or Reduced Price Meals",1812,80.7,1805,81.7,821,82.2
"Wilton School District","=""1610011""","Race/Ethnicity","American Indian or Alaska Native","*","*","*","*","*","*"
"Wilton School District","=""1610011""","Race/Ethnicity","Asian",226,88.6,224,94.2,98,92.3
"Wilton School District","=""1610011""","Race/Ethnicity","Black or African American","*","*","*","*","*","*"
"Wilton School District","=""1610011""","Race/Ethnicity","Hispanic or Latino",127,74.7,126,74.0,67,76.3
"Wilton School District","=""1610011""","Race/Ethnicity","Two or More Races",116,84.2,116,85.5,52,85.8
"Wilton School District","=""1610011""","Race/Ethnicity","White",1445,78.8,1443,79.4,656,80.3
"Wilton School District","=""1610011""","Special Education Status (SWD)","Students with Disabilities",344,62.1,342,62.2,164,61.2
"Wilton School District","=""1610011""","Special Education Status (SWD)","Students without Disabilities",1591,83.8,1587,85.1,715,86.3
"Winchester School District","=""1620011""","All Students","District",321,62.4,321,59.0,67,71.2
"Winchester School District","=""1620011""","English Language Learners (EL)","English Learners",22,56.0,22,54.6,"*","*"
"Winchester School District","=""1620011""","English Language Learners (EL)","Not English Learners",299,62.9,299,59.4,"*","*"
"Winchester School District","=""1620011""","Gender","Female",163,64.9,163,59.0,33,70.0
"Winchester School District","=""1620011""","Gender","Male",158,59.9,158,59.1,34,72.4
"Winchester School District","=""1620011""","Grade","03",76,60.2,76,55.2,"N/A","N/A"
"Winchester School District","=""1620011""","Grade","04",99,60.7,99,54.0,"N/A","N/A"
"Winchester School District","=""1620011""","Grade","05","*","*","*","*",67,71.2
"Winchester School District","=""1620011""","Grade","06",77,65.8,77,60.8,"N/A","N/A"
"Winchester School District","=""1620011""","Grade","07","*","*","*","*","N/A","N/A"
"Winchester School District","=""1620011""","High Needs (F/R, EL or SWD)","High Needs",210,58.3,210,53.7,38,64.7
"Winchester School District","=""1620011""","High Needs (F/R, EL or SWD)","Not High Needs",111,70.2,111,69.1,29,79.8
"Winchester School District","=""1620011""","Free/Reduced Price Meal Eligibility (2-level)","Eligible For Free Or Reduced Price Meals",178,60.3,178,55.7,34,67.5
"Winchester School District","=""1620011""","Free/Reduced Price Meal Eligibility (2-level)","Not Eligible For Free Or Reduced Price Meals",143,65.0,143,63.2,33,75.0
"Winchester School District","=""1620011""","Race/Ethnicity","American Indian or Alaska Native",0,"N/A",0,"N/A","N/A","N/A"
"Winchester School District","=""1620011""","Race/Ethnicity","Asian","*","*","*","*","N/A","N/A"
"Winchester School District","=""1620011""","Race/Ethnicity","Black or African American",8,"*",8,"*","*","*"
"Winchester School District","=""1620011""","Race/Ethnicity","Hispanic or Latino",41,54.8,41,50.2,6,"*"
"Winchester School District","=""1620011""","Race/Ethnicity","Native Hawaiian or Other Pacific Islander","*","*","*","*","N/A","N/A"
"Winchester School District","=""1620011""","Race/Ethnicity","Two or More Races",12,"*",12,"*","*","*"
"Winchester School District","=""1620011""","Race/Ethnicity","White",255,63.7,255,60.5,55,72.3
"Winchester School District","=""1620011""","Special Education Status (SWD)","Students with Disabilities",77,44.4,77,36.9,14,"*"
"Winchester School District","=""1620011""","Special Education Status (SWD)","Students without Disabilities",244,68.1,244,66.0,53,78.5
"Windham School District","=""1630011""","All Students","District",1564,54.1,1553,50.6,588,54.5
"Windham School District","=""1630011""","English Language Learners (EL)","English Learners",633,47.4,626,45.2,242,47.3
"Windham School District","=""1630011""","English Language Learners (EL)","Not English Learners",931,58.7,927,54.2,346,59.5
"Windham School District","=""1630011""","Gender","Female",795,54.7,787,49.0,299,53.8
"Windham School District","=""1630011""","Gender","Male",769,53.5,766,52.2,289,55.2
"Windham School District","=""1630011""","Grade","03",228,51.3,226,48.9,"N/A","N/A"
"Windham School District","=""1630011""","Grade","04",255,56.7,254,56.1,"N/A","N/A"
"Windham School District","=""1630011""","Grade","05",245,55.3,244,58.5,245,57.4
"Windham School District","=""1630011""","Grade","06",248,56.8,247,47.6,"N/A","N/A"
"Windham School District","=""1630011""","Grade","07",244,58.0,241,51.3,"N/A","N/A"
"Windham School District","=""1630011""","Grade","08",236,55.0,233,48.4,236,57.6
"Windham School District","=""1630011""","Grade","11",108,34.7,108,33.1,107,41.0
"Windham School District","=""1630011""","High Needs (F/R, EL or SWD)","High Needs",1295,50.6,1284,47.3,474,50.5
"Windham School District","=""1630011""","High Needs (F/R, EL or SWD)","Not High Needs",269,71.1,269,66.2,114,71.2
"Windham School District","=""1630011""","Free/Reduced Price Meal Eligibility (2-level)","Eligible For Free Or Reduced Price Meals",1145,50.9,1135,47.3,418,50.9
"Windham School District","=""1630011""","Free/Reduced Price Meal Eligibility (2-level)","Not Eligible For Free Or Reduced Price Meals",419,63.0,418,59.4,170,63.3
"Windham School District","=""1630011""","Race/Ethnicity","American Indian or Alaska Native","*","*","*","*","N/A","N/A"
"Windham School District","=""1630011""","Race/Ethnicity","Asian","*","*","*","*","*","*"
"Windham School District","=""1630011""","Race/Ethnicity","Black or African American",57,56.0,57,48.6,17,"*"
"Windham School District","=""1630011""","Race/Ethnicity","Hispanic or Latino",1091,50.5,1086,47.0,427,50.7
"Windham School District","=""1630011""","Race/Ethnicity","Two or More Races",33,64.9,32,60.4,"*","*"
"Windham School District","=""1630011""","Race/Ethnicity","White",363,63.6,360,60.6,128,66.9
"Windham School District","=""1630011""","Special Education Status (SWD)","Students with Disabilities",315,38.4,308,33.8,116,36.4
"Windham School District","=""1630011""","Special Education Status (SWD)","Students without Disabilities",1249,58.1,1245,54.7,472,58.9
"Windsor School District","=""1640011""","All Students","District",1645,62.3,1639,59.3,713,63.1
"Windsor School District","=""1640011""","English Language Learners (EL)","English Learners",93,52.7,93,51.2,36,55.4
"Windsor School District","=""1640011""","English Language Learners (EL)","Not English Learners",1552,62.9,1546,59.7,677,63.5
"Windsor School District","=""1640011""","Gender","Female","*","*","*","*","*","*"
"Windsor School District","=""1640011""","Gender","Male",841,60.3,838,59.2,368,63.4
"Windsor School District","=""1640011""","Gender","Non-Binary","*","*","*","*","*","*"
"Windsor School District","=""1640011""","Grade","03",227,63.1,226,60.6,"N/A","N/A"
"Windsor School District","=""1640011""","Grade","04",236,63.8,235,62.7,"N/A","N/A"
"Windsor School District","=""1640011""","Grade","05",205,63.1,205,59.2,206,61.6
"Windsor School District","=""1640011""","Grade","06",241,66.6,239,60.1,"N/A","N/A"
"Windsor School District","=""1640011""","Grade","07",227,68.7,227,63.6,"N/A","N/A"
"Windsor School District","=""1640011""","Grade","08",237,61.8,235,61.1,234,60.5
"Windsor School District","=""1640011""","Grade","11",272,51.2,272,49.2,273,66.5
"Windsor School District","=""1640011""","High Needs (F/R, EL or SWD)","High Needs",901,55.5,896,51.7,386,55.8
"Windsor School District","=""1640011""","High Needs (F/R, EL or SWD)","Not High Needs",744,70.7,743,68.4,327,71.8
"Windsor School District","=""1640011""","Free/Reduced Price Meal Eligibility (2-level)","Eligible For Free Or Reduced Price Meals",771,56.2,768,52.4,332,56.4
"Windsor School District","=""1640011""","Free/Reduced Price Meal Eligibility (2-level)","Not Eligible For Free Or Reduced Price Meals",874,67.7,871,65.3,381,69.0
"Windsor School District","=""1640011""","Race/Ethnicity","American Indian or Alaska Native","*","*","*","*","N/A","N/A"
"Windsor School District","=""1640011""","Race/Ethnicity","Asian",43,71.3,43,70.0,"*","*"
"Windsor School District","=""1640011""","Race/Ethnicity","Black or African American",665,57.5,663,54.1,309,58.3
"Windsor School District","=""1640011""","Race/Ethnicity","Hispanic or Latino",422,59.3,420,55.6,185,60.0
"Windsor School District","=""1640011""","Race/Ethnicity","Native Hawaiian or Other Pacific Islander","*","*","*","*","*","*"
"Windsor School District","=""1640011""","Race/Ethnicity","Two or More Races",157,67.6,156,64.6,72,69.9
"Windsor School District","=""1640011""","Race/Ethnicity","White",355,71.7,354,69.8,127,74.6
"Windsor School District","=""1640011""","Special Education Status (SWD)","Students with Disabilities",300,45.6,297,40.8,126,44.2
"Windsor School District","=""1640011""","Special Education Status (SWD)","Students without Disabilities",1345,66.1,1342,63.3,587,67.2
"Windsor Locks School District","=""1650011""","All Students","District",697,60.0,696,56.1,261,57.5
"Windsor Locks School District","=""1650011""","English Language Learners (EL)","English Learners",101,57.0,101,54.6,34,55.1
"Windsor Locks School District","=""1650011""","English Language Learners (EL)","Not English Learners",596,60.6,595,56.4,227,57.9
"Windsor Locks School District","=""1650011""","Gender","Female",364,61.4,363,55.6,143,55.1
"Windsor Locks School District","=""1650011""","Gender","Male",333,58.6,333,56.7,118,60.5
"Windsor Locks School District","=""1650011""","Grade","03",112,57.7,112,54.5,"N/A","N/A"
"Windsor Locks School District","=""1650011""","Grade","04",101,60.9,101,58.5,"N/A","N/A"
"Windsor Locks School District","=""1650011""","Grade","05",83,59.9,83,62.1,83,63.2
"Windsor Locks School District","=""1650011""","Grade","06",101,58.6,101,54.4,"N/A","N/A"
"Windsor Locks School District","=""1650011""","Grade","07",124,66.2,124,60.2,"N/A","N/A"
"Windsor Locks School District","=""1650011""","Grade","08",100,61.8,99,53.2,98,54.9
"Windsor Locks School District","=""1650011""","Grade","11",76,52.0,76,48.6,80,54.9
"Windsor Locks School District","=""1650011""","High Needs (F/R, EL or SWD)","High Needs",423,54.9,422,50.2,163,52.5
"Windsor Locks School District","=""1650011""","High Needs (F/R, EL or SWD)","Not High Needs",274,68.1,274,65.2,98,65.9
"Windsor Locks School District","=""1650011""","Free/Reduced Price Meal Eligibility (2-level)","Eligible For Free Or Reduced Price Meals",348,54.7,346,49.8,138,52.4
"Windsor Locks School District","=""1650011""","Free/Reduced Price Meal Eligibility (2-level)","Not Eligible For Free Or Reduced Price Meals",349,65.4,350,62.4,123,63.3
"Windsor Locks School District","=""1650011""","Race/Ethnicity","American Indian or Alaska Native","*","*","*","*","N/A","N/A"
"Windsor Locks School District","=""1650011""","Race/Ethnicity","Asian",43,67.3,44,66.9,20,67.9
"Windsor Locks School District","=""1650011""","Race/Ethnicity","Black or African American",86,52.2,85,46.5,30,48.4
"Windsor Locks School District","=""1650011""","Race/Ethnicity","Hispanic or Latino",128,55.2,128,49.9,56,51.3
"Windsor Locks School District","=""1650011""","Race/Ethnicity","Native Hawaiian or Other Pacific Islander","*","*","*","*","*","*"
"Windsor Locks School District","=""1650011""","Race/Ethnicity","Two or More Races",43,60.2,42,57.9,"*","*"
"Windsor Locks School District","=""1650011""","Race/Ethnicity","White",395,62.4,395,58.7,138,60.9
"Windsor Locks School District","=""1650011""","Special Education Status (SWD)","Students with Disabilities",148,41.6,147,36.1,47,39.0
"Windsor Locks School District","=""1650011""","Special Education Status (SWD)","Students without Disabilities",549,65.0,549,61.5,214,61.6
"Wolcott School District","=""1660011""","All Students","District",1070,71.1,1070,67.0,448,64.0
"Wolcott School District","=""1660011""","English Language Learners (EL)","English Learners",80,65.2,80,63.3,33,55.6
"Wolcott School District","=""1660011""","English Language Learners (EL)","Not English Learners",990,71.6,990,67.3,415,64.7
"Wolcott School District","=""1660011""","Gender","Female","*","*","*","*",213,65.1
"Wolcott School District","=""1660011""","Gender","Male",552,68.7,552,67.8,235,63.1
"Wolcott School District","=""1660011""","Gender","Non-Binary","*","*","*","*","N/A","N/A"
"Wolcott School District","=""1660011""","Grade","03",152,75.0,152,70.3,"N/A","N/A"
"Wolcott School District","=""1660011""","Grade","04",160,75.6,160,74.3,"N/A","N/A"
"Wolcott School District","=""1660011""","Grade","05",142,75.4,142,77.4,142,75.5
"Wolcott School District","=""1660011""","Grade","06",152,71.0,152,65.6,"N/A","N/A"
"Wolcott School District","=""1660011""","Grade","07",157,72.1,157,63.4,"N/A","N/A"
"Wolcott School District","=""1660011""","Grade","08",161,72.5,161,67.3,160,66.9
"Wolcott School District","=""1660011""","Grade","11",146,55.9,146,50.3,146,49.7
"Wolcott School District","=""1660011""","High Needs (F/R, EL or SWD)","High Needs",472,63.3,472,58.8,196,56.1
"Wolcott School District","=""1660011""","High Needs (F/R, EL or SWD)","Not High Needs",598,77.3,598,73.5,252,70.2
"Wolcott School District","=""1660011""","Free/Reduced Price Meal Eligibility (2-level)","Eligible For Free Or Reduced Price Meals",348,66.9,348,62.2,155,58.0
"Wolcott School District","=""1660011""","Free/Reduced Price Meal Eligibility (2-level)","Not Eligible For Free Or Reduced Price Meals",722,73.1,722,69.3,293,67.2
"Wolcott School District","=""1660011""","Race/Ethnicity","American Indian or Alaska Native","*","*","*","*","*","*"
"Wolcott School District","=""1660011""","Race/Ethnicity","Asian",31,79.0,31,76.0,15,"*"
"Wolcott School District","=""1660011""","Race/Ethnicity","Black or African American",37,68.3,37,60.9,13,"*"
"Wolcott School District","=""1660011""","Race/Ethnicity","Hispanic or Latino",205,67.9,205,61.5,80,56.3
"Wolcott School District","=""1660011""","Race/Ethnicity","Native Hawaiian or Other Pacific Islander","*","*","*","*","*","*"
"Wolcott School District","=""1660011""","Race/Ethnicity","Two or More Races",30,67.7,30,67.0,11,"*"
"Wolcott School District","=""1660011""","Race/Ethnicity","White",764,71.9,764,68.4,327,65.9
"Wolcott School District","=""1660011""","Special Education Status (SWD)","Students with Disabilities",176,49.1,176,44.7,61,40.5
"Wolcott School District","=""1660011""","Special Education Status (SWD)","Students without Disabilities",894,75.5,894,71.4,387,67.7
"Woodbridge School District","=""1670011""","All Students","District",503,84.8,503,83.8,120,82.2
"Woodbridge School District","=""1670011""","English Language Learners (EL)","English Learners",45,78.5,45,83.3,7,"*"
"Woodbridge School District","=""1670011""","English Language Learners (EL)","Not English Learners",458,85.5,458,83.8,113,82.3
"Woodbridge School District","=""1670011""","Gender","Female",227,85.0,227,80.5,52,78.7
"Woodbridge School District","=""1670011""","Gender","Male",276,84.7,276,86.5,68,84.8
"Woodbridge School District","=""1670011""","Grade","03",120,82.1,120,79.4,"N/A","N/A"
"Woodbridge School District","=""1670011""","Grade","04",140,87.8,140,87.9,"N/A","N/A"
"Woodbridge School District","=""1670011""","Grade","05",120,84.9,120,82.6,120,82.2
"Woodbridge School District","=""1670011""","Grade","06",123,84.1,123,84.5,"N/A","N/A"
"Woodbridge School District","=""1670011""","High Needs (F/R, EL or SWD)","High Needs",148,72.1,148,73.9,30,71.3
"Woodbridge School District","=""1670011""","High Needs (F/R, EL or SWD)","Not High Needs",355,90.2,355,87.9,90,85.8
"Woodbridge School District","=""1670011""","Free/Reduced Price Meal Eligibility (2-level)","Eligible For Free Or Reduced Price Meals",61,78.6,61,79.0,17,"*"
"Woodbridge School District","=""1670011""","Free/Reduced Price Meal Eligibility (2-level)","Not Eligible For Free Or Reduced Price Meals",442,85.7,442,84.4,103,84.2
"Woodbridge School District","=""1670011""","Race/Ethnicity","American Indian or Alaska Native","*","*","*","*","N/A","N/A"
"Woodbridge School District","=""1670011""","Race/Ethnicity","Asian",118,90.0,118,92.3,26,84.7
"Woodbridge School District","=""1670011""","Race/Ethnicity","Black or African American",13,"*",13,"*","*","*"
"Woodbridge School District","=""1670011""","Race/Ethnicity","Hispanic or Latino",35,82.1,35,75.9,7,"*"
"Woodbridge School District","=""1670011""","Race/Ethnicity","Two or More Races","*","*","*","*","*","*"
"Woodbridge School District","=""1670011""","Race/Ethnicity","White",333,83.9,333,82.2,81,81.3
"Woodbridge School District","=""1670011""","Special Education Status (SWD)","Students with Disabilities",78,63.1,78,63.7,16,"*"
"Woodbridge School District","=""1670011""","Special Education Status (SWD)","Students without Disabilities",425,88.8,425,87.5,104,85.1
"Woodstock School District","=""1690011""","All Students","District",498,72.7,496,67.2,175,71.3
"Woodstock School District","=""1690011""","English Language Learners (EL)","English Learners",6,"*",6,"*","*","*"
"Woodstock School District","=""1690011""","English Language Learners (EL)","Not English Learners",492,72.8,490,67.3,"*","*"
"Woodstock School District","=""1690011""","Gender","Female",269,72.5,267,65.0,92,69.6
"Woodstock School District","=""1690011""","Gender","Male",229,73.0,229,69.8,83,73.2
"Woodstock School District","=""1690011""","Grade","03",64,69.0,64,64.3,"N/A","N/A"
"Woodstock School District","=""1690011""","Grade","04",81,73.3,81,69.4,"N/A","N/A"
"Woodstock School District","=""1690011""","Grade","05",81,73.5,81,68.2,81,74.2
"Woodstock School District","=""1690011""","Grade","06",97,78.6,97,68.5,"N/A","N/A"
"Woodstock School District","=""1690011""","Grade","07",81,74.0,80,64.3,"N/A","N/A"
"Woodstock School District","=""1690011""","Grade","08",94,66.9,93,67.6,94,68.8
"Woodstock School District","=""1690011""","High Needs (F/R, EL or SWD)","High Needs",183,65.3,182,58.3,62,62.0
"Woodstock School District","=""1690011""","High Needs (F/R, EL or SWD)","Not High Needs",315,77.0,314,72.4,113,76.4
"Woodstock School District","=""1690011""","Free/Reduced Price Meal Eligibility (2-level)","Eligible For Free Or Reduced Price Meals",140,68.5,139,63.2,46,67.0
"Woodstock School District","=""1690011""","Free/Reduced Price Meal Eligibility (2-level)","Not Eligible For Free Or Reduced Price Meals",358,74.4,357,68.8,129,72.8
"Woodstock School District","=""1690011""","Race/Ethnicity","Asian","*","*","*","*","*","*"
"Woodstock School District","=""1690011""","Race/Ethnicity","Black or African American","*","*","*","*","N/A","N/A"
"Woodstock School District","=""1690011""","Race/Ethnicity","Hispanic or Latino",27,62.4,27,52.4,10,"*"
"Woodstock School District","=""1690011""","Race/Ethnicity","Two or More Races",22,75.1,22,68.3,"*","*"
"Woodstock School District","=""1690011""","Race/Ethnicity","White",444,73.3,442,68.1,157,72.8
"Woodstock School District","=""1690011""","Special Education Status (SWD)","Students with Disabilities",69,52.0,68,42.2,23,49.6
"Woodstock School District","=""1690011""","Special Education Status (SWD)","Students without Disabilities",429,76.1,428,71.2,152,74.6
"Regional School District 01","=""2010012""","All Students","District",64,57.3,64,54.0,65,69.0
"Regional School District 01","=""2010012""","English Language Learners (EL)","English Learners","*","*","*","*","*","*"
"Regional School District 01","=""2010012""","English Language Learners (EL)","Not English Learners","*","*","*","*","*","*"
"Regional School District 01","=""2010012""","Gender","Female","*","*","*","*","*","*"
"Regional School District 01","=""2010012""","Gender","Male",38,55.0,38,52.9,38,67.3
"Regional School District 01","=""2010012""","Gender","Non-Binary","*","*","*","*","*","*"
"Regional School District 01","=""2010012""","Grade","08","*","*","*","*","*","*"
"Regional School District 01","=""2010012""","Grade","11","*","*","*","*","*","*"
"Regional School District 01","=""2010012""","High Needs (F/R, EL or SWD)","High Needs",26,44.1,26,42.7,25,53.8
"Regional School District 01","=""2010012""","High Needs (F/R, EL or SWD)","Not High Needs",38,66.3,38,61.8,40,78.5
"Regional School District 01","=""2010012""","Free/Reduced Price Meal Eligibility (2-level)","Eligible For Free Or Reduced Price Meals",19,"*",19,"*",19,"*"
"Regional School District 01","=""2010012""","Free/Reduced Price Meal Eligibility (2-level)","Not Eligible For Free Or Reduced Price Meals",45,61.4,45,57.4,46,73.8
"Regional School District 01","=""2010012""","Race/Ethnicity","Asian","*","*","*","*","*","*"
"Regional School District 01","=""2010012""","Race/Ethnicity","Black or African American","*","*","*","*","*","*"
"Regional School District 01","=""2010012""","Race/Ethnicity","Hispanic or Latino",9,"*",9,"*",9,"*"
"Regional School District 01","=""2010012""","Race/Ethnicity","Two or More Races","*","*","*","*","*","*"
"Regional School District 01","=""2010012""","Race/Ethnicity","White",48,59.1,48,54.8,49,71.8
"Regional School District 01","=""2010012""","Special Education Status (SWD)","Students with Disabilities",10,"*",10,"*",10,"*"
"Regional School District 01","=""2010012""","Special Education Status (SWD)","Students without Disabilities",54,62.2,54,58.3,55,74.4
"Regional School District 04","=""2040012""","All Students","District",275,63.9,275,59.6,193,65.8
"Regional School District 04","=""2040012""","English Language Learners (EL)","English Learners",13,"*",13,"*",11,"*"
"Regional School District 04","=""2040012""","English Language Learners (EL)","Not English Learners",262,64.7,262,60.6,182,66.6
"Regional School District 04","=""2040012""","Gender","Female",144,65.3,144,57.3,107,65.2
"Regional School District 04","=""2040012""","Gender","Male","*","*","*","*","*","*"
"Regional School District 04","=""2040012""","Gender","Non-Binary","*","*","*","*","*","*"
"Regional School District 04","=""2040012""","Grade","07",84,66.0,84,65.0,"N/A","N/A"
"Regional School District 04","=""2040012""","Grade","08",86,67.9,86,64.5,87,64.6
"Regional School District 04","=""2040012""","Grade","11",105,58.9,105,51.4,106,66.7
"Regional School District 04","=""2040012""","High Needs (F/R, EL or SWD)","High Needs",107,54.1,107,49.0,71,55.2
"Regional School District 04","=""2040012""","High Needs (F/R, EL or SWD)","Not High Needs",168,70.2,168,66.4,122,72.0
"Regional School District 04","=""2040012""","Free/Reduced Price Meal Eligibility (2-level)","Eligible For Free Or Reduced Price Meals",70,59.0,70,53.0,46,60.1
"Regional School District 04","=""2040012""","Free/Reduced Price Meal Eligibility (2-level)","Not Eligible For Free Or Reduced Price Meals",205,65.6,205,61.9,147,67.6
"Regional School District 04","=""2040012""","Race/Ethnicity","American Indian or Alaska Native","*","*","*","*","*","*"
"Regional School District 04","=""2040012""","Race/Ethnicity","Asian",6,"*",6,"*",6,"*"
"Regional School District 04","=""2040012""","Race/Ethnicity","Black or African American","*","*","*","*","*","*"
"Regional School District 04","=""2040012""","Race/Ethnicity","Hispanic or Latino",24,56.6,24,51.5,15,"*"
"Regional School District 04","=""2040012""","Race/Ethnicity","Two or More Races",14,"*",14,"*",9,"*"
"Regional School District 04","=""2040012""","Race/Ethnicity","White",228,65.1,228,60.9,160,66.4
"Regional School District 04","=""2040012""","Special Education Status (SWD)","Students with Disabilities",55,44.2,55,39.3,34,45.7
"Regional School District 04","=""2040012""","Special Education Status (SWD)","Students without Disabilities",220,68.8,220,64.7,159,70.1
"Regional School District 05","=""2050012""","All Students","District",1085,75.8,1079,74.1,724,74.2
"Regional School District 05","=""2050012""","English Language Learners (EL)","English Learners",64,67.5,62,70.5,34,59.1
"Regional School District 05","=""2050012""","English Language Learners (EL)","Not English Learners",1021,76.3,1017,74.3,690,74.9
"Regional School District 05","=""2050012""","Gender","Female","*","*","*","*",350,75.4
"Regional School District 05","=""2050012""","Gender","Male",541,73.7,538,74.2,374,73.1
"Regional School District 05","=""2050012""","Gender","Non-Binary","*","*","*","*","N/A","N/A"
"Regional School District 05","=""2050012""","Grade","07",361,83.2,359,81.7,"N/A","N/A"
"Regional School District 05","=""2050012""","Grade","08",380,77.3,376,77.1,380,78.1
"Regional School District 05","=""2050012""","Grade","11",344,66.3,344,62.9,344,69.8
"Regional School District 05","=""2050012""","High Needs (F/R, EL or SWD)","High Needs",307,61.5,303,59.8,213,58.7
"Regional School District 05","=""2050012""","High Needs (F/R, EL or SWD)","Not High Needs",778,81.4,776,79.7,511,80.6
"Regional School District 05","=""2050012""","Free/Reduced Price Meal Eligibility (2-level)","Eligible For Free Or Reduced Price Meals",174,63.3,173,62.0,120,61.2
"Regional School District 05","=""2050012""","Free/Reduced Price Meal Eligibility (2-level)","Not Eligible For Free Or Reduced Price Meals",911,78.2,906,76.4,604,76.8
"Regional School District 05","=""2050012""","Race/Ethnicity","American Indian or Alaska Native","*","*","*","*","*","*"
"Regional School District 05","=""2050012""","Race/Ethnicity","Asian",165,85.9,164,89.3,110,84.7
"Regional School District 05","=""2050012""","Race/Ethnicity","Black or African American","*","*","*","*","*","*"
"Regional School District 05","=""2050012""","Race/Ethnicity","Hispanic or Latino",132,67.6,130,66.0,91,60.7
"Regional School District 05","=""2050012""","Race/Ethnicity","Two or More Races",61,84.1,61,82.6,44,85.1
"Regional School District 05","=""2050012""","Race/Ethnicity","White",689,75.0,687,72.1,454,73.8
"Regional School District 05","=""2050012""","Special Education Status (SWD)","Students with Disabilities",139,53.1,137,49.9,98,52.1
"Regional School District 05","=""2050012""","Special Education Status (SWD)","Students without Disabilities",946,79.1,942,77.6,626,77.6
"Regional School District 07","=""2070012""","All Students","District",333,68.1,329,64.0,230,73.6
"Regional School District 07","=""2070012""","English Language Learners (EL)","English Learners","*","*","*","*","*","*"
"Regional School District 07","=""2070012""","English Language Learners (EL)","Not English Learners","*","*","*","*","*","*"
"Regional School District 07","=""2070012""","Gender","Female",165,70.4,163,62.2,123,74.6
"Regional School District 07","=""2070012""","Gender","Male",168,65.8,166,65.8,107,72.5
"Regional School District 07","=""2070012""","Grade","07",103,70.8,99,66.2,"N/A","N/A"
"Regional School District 07","=""2070012""","Grade","08",123,71.6,123,65.1,124,74.4
"Regional School District 07","=""2070012""","Grade","11",107,61.5,107,60.8,106,72.7
"Regional School District 07","=""2070012""","High Needs (F/R, EL or SWD)","High Needs",138,59.0,134,55.1,87,63.5
"Regional School District 07","=""2070012""","High Needs (F/R, EL or SWD)","Not High Needs",195,74.5,195,70.2,143,79.7
"Regional School District 07","=""2070012""","Free/Reduced Price Meal Eligibility (2-level)","Eligible For Free Or Reduced Price Meals",82,61.5,80,56.3,53,65.0
"Regional School District 07","=""2070012""","Free/Reduced Price Meal Eligibility (2-level)","Not Eligible For Free Or Reduced Price Meals",251,70.3,249,66.5,177,76.2
"Regional School District 07","=""2070012""","Race/Ethnicity","Asian","*","*","*","*","*","*"
"Regional School District 07","=""2070012""","Race/Ethnicity","Black or African American",7,"*",7,"*","*","*"
"Regional School District 07","=""2070012""","Race/Ethnicity","Hispanic or Latino",24,60.3,23,55.5,16,"*"
"Regional School District 07","=""2070012""","Race/Ethnicity","Two or More Races","*","*","*","*","*","*"
"Regional School District 07","=""2070012""","Race/Ethnicity","White",295,68.6,292,65.0,207,74.2
"Regional School District 07","=""2070012""","Special Education Status (SWD)","Students with Disabilities",74,50.6,73,46.4,44,53.9
"Regional School District 07","=""2070012""","Special Education Status (SWD)","Students without Disabilities",259,73.1,256,69.1,186,78.3
"Regional School District 08","=""2080012""","All Students","District",489,66.2,487,63.6,330,63.0
"Regional School District 08","=""2080012""","English Language Learners (EL)","English Learners",7,"*",7,"*","*","*"
"Regional School District 08","=""2080012""","English Language Learners (EL)","Not English Learners",482,66.4,480,63.8,"*","*"
"Regional School District 08","=""2080012""","Gender","Female",252,68.5,250,62.4,172,63.1
"Regional School District 08","=""2080012""","Gender","Male",237,63.7,237,64.8,"*","*"
"Regional School District 08","=""2080012""","Gender","Non-Binary",0,"N/A",0,"N/A","*","*"
"Regional School District 08","=""2080012""","Grade","07",160,70.1,159,67.5,"N/A","N/A"
"Regional School District 08","=""2080012""","Grade","08",175,66.6,174,63.5,176,65.0
"Regional School District 08","=""2080012""","Grade","11",154,61.8,154,59.6,154,60.8
"Regional School District 08","=""2080012""","High Needs (F/R, EL or SWD)","High Needs",146,54.7,146,51.1,96,53.5
"Regional School District 08","=""2080012""","High Needs (F/R, EL or SWD)","Not High Needs",343,71.1,341,68.9,234,67.0
"Regional School District 08","=""2080012""","Free/Reduced Price Meal Eligibility (2-level)","Eligible For Free Or Reduced Price Meals",90,59.8,90,55.1,65,57.9
"Regional School District 08","=""2080012""","Free/Reduced Price Meal Eligibility (2-level)","Not Eligible For Free Or Reduced Price Meals",399,67.7,397,65.5,265,64.3
"Regional School District 08","=""2080012""","Race/Ethnicity","American Indian or Alaska Native","*","*","*","*","N/A","N/A"
"Regional School District 08","=""2080012""","Race/Ethnicity","Asian",6,"*",6,"*","*","*"
"Regional School District 08","=""2080012""","Race/Ethnicity","Black or African American","*","*","*","*","*","*"
"Regional School District 08","=""2080012""","Race/Ethnicity","Hispanic or Latino",44,64.5,44,58.7,30,56.9
"Regional School District 08","=""2080012""","Race/Ethnicity","Native Hawaiian or Other Pacific Islander","*","*","*","*","*","*"
"Regional School District 08","=""2080012""","Race/Ethnicity","Two or More Races",21,53.9,21,51.6,15,"*"
"Regional School District 08","=""2080012""","Race/Ethnicity","White",414,66.9,412,64.7,277,64.4
"Regional School District 08","=""2080012""","Special Education Status (SWD)","Students with Disabilities",78,45.5,78,42.7,44,44.8
"Regional School District 08","=""2080012""","Special Education Status (SWD)","Students without Disabilities",411,70.1,409,67.5,286,65.8
"Regional School District 09","=""2090012""","All Students","District",175,71.5,175,67.5,177,87.6
"Regional School District 09","=""2090012""","English Language Learners (EL)","English Learners","*","*","*","*","*","*"
"Regional School District 09","=""2090012""","English Language Learners (EL)","Not English Learners","*","*","*","*","*","*"
"Regional School District 09","=""2090012""","Gender","Female",86,73.8,86,68.4,87,88.2
"Regional School District 09","=""2090012""","Gender","Male",89,69.2,89,66.7,90,87.1
"Regional School District 09","=""2090012""","Grade","11",175,71.5,175,67.5,177,87.6
"Regional School District 09","=""2090012""","High Needs (F/R, EL or SWD)","High Needs",42,60.3,42,54.8,42,72.1
"Regional School District 09","=""2090012""","High Needs (F/R, EL or SWD)","Not High Needs",133,75.0,133,71.6,135,92.5
"Regional School District 09","=""2090012""","Free/Reduced Price Meal Eligibility (2-level)","Eligible For Free Or Reduced Price Meals",16,"*",16,"*",16,"*"
"Regional School District 09","=""2090012""","Free/Reduced Price Meal Eligibility (2-level)","Not Eligible For Free Or Reduced Price Meals",159,72.5,159,68.8,161,88.5
"Regional School District 09","=""2090012""","Race/Ethnicity","Asian",11,"*",11,"*",11,"*"
"Regional School District 09","=""2090012""","Race/Ethnicity","Black or African American","*","*","*","*","*","*"
"Regional School District 09","=""2090012""","Race/Ethnicity","Hispanic or Latino",16,"*",16,"*",16,"*"
"Regional School District 09","=""2090012""","Race/Ethnicity","Two or More Races","*","*","*","*","*","*"
"Regional School District 09","=""2090012""","Race/Ethnicity","White",135,72.1,135,68.6,137,87.6
"Regional School District 09","=""2090012""","Special Education Status (SWD)","Students with Disabilities",31,57.3,31,51.6,31,66.6
"Regional School District 09","=""2090012""","Special Education Status (SWD)","Students without Disabilities",144,74.5,144,71.0,146,92.1
"Regional School District 10","=""2100012""","All Students","District",1086,73.5,1083,71.4,460,71.9
"Regional School District 10","=""2100012""","English Language Learners (EL)","English Learners",35,70.9,35,70.6,13,"*"
"Regional School District 10","=""2100012""","English Language Learners (EL)","Not English Learners",1051,73.6,1048,71.4,447,72.2
"Regional School District 10","=""2100012""","Gender","Female",502,74.9,499,69.9,204,70.5
"Regional School District 10","=""2100012""","Gender","Male",584,72.4,584,72.6,256,73.0
"Regional School District 10","=""2100012""","Grade","03",161,76.4,161,76.7,"N/A","N/A"
"Regional School District 10","=""2100012""","Grade","04",146,78.4,146,80.8,"N/A","N/A"
"Regional School District 10","=""2100012""","Grade","05",170,72.8,169,71.4,169,71.3
"Regional School District 10","=""2100012""","Grade","06",157,77.0,156,74.0,"N/A","N/A"
"Regional School District 10","=""2100012""","Grade","07",158,72.4,158,66.1,"N/A","N/A"
"Regional School District 10","=""2100012""","Grade","08",165,73.6,164,69.2,163,72.8
"Regional School District 10","=""2100012""","Grade","11",129,62.7,129,60.0,128,71.6
"Regional School District 10","=""2100012""","High Needs (F/R, EL or SWD)","High Needs",354,64.1,353,60.0,133,58.5
"Regional School District 10","=""2100012""","High Needs (F/R, EL or SWD)","Not High Needs",732,78.1,730,76.9,327,77.3
"Regional School District 10","=""2100012""","Free/Reduced Price Meal Eligibility (2-level)","Eligible For Free Or Reduced Price Meals",187,65.6,187,62.2,79,60.8
"Regional School District 10","=""2100012""","Free/Reduced Price Meal Eligibility (2-level)","Not Eligible For Free Or Reduced Price Meals",899,75.2,896,73.3,381,74.2
"Regional School District 10","=""2100012""","Race/Ethnicity","American Indian or Alaska Native","*","*","*","*","N/A","N/A"
"Regional School District 10","=""2100012""","Race/Ethnicity","Asian",8,"*",8,"*","*","*"
"Regional School District 10","=""2100012""","Race/Ethnicity","Black or African American","*","*","*","*","N/A","N/A"
"Regional School District 10","=""2100012""","Race/Ethnicity","Hispanic or Latino",84,68.8,84,66.0,"*","*"
"Regional School District 10","=""2100012""","Race/Ethnicity","Two or More Races",102,73.4,102,71.0,67,71.7
"Regional School District 10","=""2100012""","Race/Ethnicity","White",884,74.1,881,72.1,355,71.9
"Regional School District 10","=""2100012""","Special Education Status (SWD)","Students with Disabilities",207,58.5,206,52.7,78,51.2
"Regional School District 10","=""2100012""","Special Education Status (SWD)","Students without Disabilities",879,77.1,877,75.8,382,76.1
"Regional School District 11","=""2110012""","All Students","District",105,60.1,105,50.6,69,61.0
"Regional School District 11","=""2110012""","English Language Learners (EL)","Not English Learners",105,60.1,105,50.6,69,61.0
"Regional School District 11","=""2110012""","Gender","Female",49,61.8,49,48.8,31,64.1
"Regional School District 11","=""2110012""","Gender","Male",56,58.7,56,52.1,38,58.5
"Regional School District 11","=""2110012""","Grade","07",36,63.4,36,57.6,"N/A","N/A"
"Regional School District 11","=""2110012""","Grade","08",40,58.8,40,48.4,40,59.0
"Regional School District 11","=""2110012""","Grade","11",29,57.8,29,44.8,29,63.7
"Regional School District 11","=""2110012""","High Needs (F/R, EL or SWD)","High Needs",49,54.3,49,46.4,32,56.0
"Regional School District 11","=""2110012""","High Needs (F/R, EL or SWD)","Not High Needs",56,65.3,56,54.2,37,65.3
"Regional School District 11","=""2110012""","Free/Reduced Price Meal Eligibility (2-level)","Eligible For Free Or Reduced Price Meals",40,59.5,40,50.3,25,61.3
"Regional School District 11","=""2110012""","Free/Reduced Price Meal Eligibility (2-level)","Not Eligible For Free Or Reduced Price Meals",65,60.5,65,50.8,44,60.8
"Regional School District 11","=""2110012""","Race/Ethnicity","Asian","*","*","*","*","*","*"
"Regional School District 11","=""2110012""","Race/Ethnicity","Black or African American","*","*","*","*","N/A","N/A"
"Regional School District 11","=""2110012""","Race/Ethnicity","Hispanic or Latino",6,"*",6,"*","*","*"
"Regional School District 11","=""2110012""","Race/Ethnicity","Two or More Races","*","*","*","*","*","*"
"Regional School District 11","=""2110012""","Race/Ethnicity","White",91,60.6,91,51.4,60,60.2
"Regional School District 11","=""2110012""","Special Education Status (SWD)","Students with Disabilities",14,"*",14,"*",10,"*"
"Regional School District 11","=""2110012""","Special Education Status (SWD)","Students without Disabilities",91,64.3,91,54.1,59,65.2
"Regional School District 12","=""2120012""","All Students","District",358,75.4,358,72.1,164,72.7
"Regional School District 12","=""2120012""","English Language Learners (EL)","English Learners",15,"*",15,"*",6,"*"
"Regional School District 12","=""2120012""","English Language Learners (EL)","Not English Learners",343,76.2,343,72.9,158,73.8
"Regional School District 12","=""2120012""","Gender","Female",203,76.3,203,70.8,94,74.5
"Regional School District 12","=""2120012""","Gender","Male","*","*","*","*","*","*"
"Regional School District 12","=""2120012""","Gender","Non-Binary","*","*","*","*","*","*"
"Regional School District 12","=""2120012""","Grade","03",48,73.2,48,74.3,"N/A","N/A"
"Regional School District 12","=""2120012""","Grade","04",59,76.8,59,72.3,"N/A","N/A"
"Regional School District 12","=""2120012""","Grade","05",53,85.6,53,87.2,53,82.6
"Regional School District 12","=""2120012""","Grade","06",43,78.9,43,74.8,"N/A","N/A"
"Regional School District 12","=""2120012""","Grade","07",44,77.6,44,76.3,"N/A","N/A"
"Regional School District 12","=""2120012""","Grade","08",42,79.2,42,71.5,42,77.3
"Regional School District 12","=""2120012""","Grade","11",69,62.1,69,55.1,69,62.3
"Regional School District 12","=""2120012""","High Needs (F/R, EL or SWD)","High Needs",119,64.0,119,60.0,52,56.7
"Regional School District 12","=""2120012""","High Needs (F/R, EL or SWD)","Not High Needs",239,81.1,239,78.2,112,80.1
"Regional School District 12","=""2120012""","Free/Reduced Price Meal Eligibility (2-level)","Eligible For Free Or Reduced Price Meals",80,68.5,80,64.9,31,60.4
"Regional School District 12","=""2120012""","Free/Reduced Price Meal Eligibility (2-level)","Not Eligible For Free Or Reduced Price Meals",278,77.4,278,74.2,133,75.5
"Regional School District 12","=""2120012""","Race/Ethnicity","Black or African American","*","*","*","*","*","*"
"Regional School District 12","=""2120012""","Race/Ethnicity","Hispanic or Latino",45,70.8,45,65.4,22,69.3
"Regional School District 12","=""2120012""","Race/Ethnicity","Two or More Races","*","*","*","*","*","*"
"Regional School District 12","=""2120012""","Race/Ethnicity","White",297,76.1,297,73.5,135,73.6
"Regional School District 12","=""2120012""","Special Education Status (SWD)","Students with Disabilities",50,55.8,50,48.4,25,49.6
"Regional School District 12","=""2120012""","Special Education Status (SWD)","Students without Disabilities",308,78.6,308,76.0,139,76.8
"Regional School District 13","=""2130012""","All Students","District",694,71.4,692,64.1,283,70.5
"Regional School District 13","=""2130012""","English Language Learners (EL)","English Learners",18,"*",18,"*",8,"*"
"Regional School District 13","=""2130012""","English Language Learners (EL)","Not English Learners",676,71.6,674,64.4,275,70.9
"Regional School District 13","=""2130012""","Gender","Female",360,73.1,359,63.0,151,72.5
"Regional School District 13","=""2130012""","Gender","Male",334,69.4,333,65.3,132,68.1
"Regional School District 13","=""2130012""","Grade","03",108,69.3,108,63.0,"N/A","N/A"
"Regional School District 13","=""2130012""","Grade","04",98,75.5,98,65.5,"N/A","N/A"
"Regional School District 13","=""2130012""","Grade","05",100,74.1,100,64.5,99,74.5
"Regional School District 13","=""2130012""","Grade","06",99,75.4,99,67.5,"N/A","N/A"
"Regional School District 13","=""2130012""","Grade","07",108,74.0,106,66.3,"N/A","N/A"
"Regional School District 13","=""2130012""","Grade","08",90,67.6,90,63.6,90,64.3
"Regional School District 13","=""2130012""","Grade","11",91,62.6,91,57.3,94,72.1
"Regional School District 13","=""2130012""","High Needs (F/R, EL or SWD)","High Needs",208,58.4,207,50.4,87,55.4
"Regional School District 13","=""2130012""","High Needs (F/R, EL or SWD)","Not High Needs",486,76.9,485,69.9,196,77.2
"Regional School District 13","=""2130012""","Free/Reduced Price Meal Eligibility (2-level)","Eligible For Free Or Reduced Price Meals",101,61.7,101,51.9,48,56.4
"Regional School District 13","=""2130012""","Free/Reduced Price Meal Eligibility (2-level)","Not Eligible For Free Or Reduced Price Meals",593,73.0,591,66.2,235,73.3
"Regional School District 13","=""2130012""","Race/Ethnicity","American Indian or Alaska Native","*","*","*","*","N/A","N/A"
"Regional School District 13","=""2130012""","Race/Ethnicity","Asian",8,"*",8,"*","*","*"
"Regional School District 13","=""2130012""","Race/Ethnicity","Black or African American","*","*","*","*","*","*"
"Regional School District 13","=""2130012""","Race/Ethnicity","Hispanic or Latino",59,64.2,59,55.1,27,62.3
"Regional School District 13","=""2130012""","Race/Ethnicity","Two or More Races",18,"*",18,"*",6,"*"
"Regional School District 13","=""2130012""","Race/Ethnicity","White",606,71.6,604,64.5,243,70.6
"Regional School District 13","=""2130012""","Special Education Status (SWD)","Students with Disabilities",134,53.9,133,45.9,50,47.9
"Regional School District 13","=""2130012""","Special Education Status (SWD)","Students without Disabilities",560,75.5,559,68.4,233,75.3
"Regional School District 14","=""2140012""","All Students","District",700,70.7,699,69.7,332,74.2
"Regional School District 14","=""2140012""","English Language Learners (EL)","English Learners",17,"*",17,"*","*","*"
"Regional School District 14","=""2140012""","English Language Learners (EL)","Not English Learners",683,71.0,682,70.1,"*","*"
"Regional School District 14","=""2140012""","Gender","Female",362,73.3,361,70.1,177,75.6
"Regional School District 14","=""2140012""","Gender","Male","*","*","*","*","*","*"
"Regional School District 14","=""2140012""","Gender","Non-Binary","*","*","*","*","*","*"
"Regional School District 14","=""2140012""","Grade","03",95,75.6,95,73.5,"N/A","N/A"
"Regional School District 14","=""2140012""","Grade","04",92,78.2,92,79.2,"N/A","N/A"
"Regional School District 14","=""2140012""","Grade","05",89,71.9,89,77.7,89,79.0
"Regional School District 14","=""2140012""","Grade","06",97,72.5,97,68.1,"N/A","N/A"
"Regional School District 14","=""2140012""","Grade","07",84,72.3,83,69.6,"N/A","N/A"
"Regional School District 14","=""2140012""","Grade","08",106,67.8,106,65.9,106,67.1
"Regional School District 14","=""2140012""","Grade","11",137,61.5,137,59.7,137,76.6
"Regional School District 14","=""2140012""","High Needs (F/R, EL or SWD)","High Needs",254,62.1,253,59.3,115,63.1
"Regional School District 14","=""2140012""","High Needs (F/R, EL or SWD)","Not High Needs",446,75.6,446,75.7,217,80.1
"Regional School District 14","=""2140012""","Free/Reduced Price Meal Eligibility (2-level)","Eligible For Free Or Reduced Price Meals",161,65.9,161,64.7,80,68.0
"Regional School District 14","=""2140012""","Free/Reduced Price Meal Eligibility (2-level)","Not Eligible For Free Or Reduced Price Meals",539,72.2,538,71.2,252,76.2
"Regional School District 14","=""2140012""","Race/Ethnicity","American Indian or Alaska Native","*","*","*","*","*","*"
"Regional School District 14","=""2140012""","Race/Ethnicity","Asian","*","*","*","*","*","*"
"Regional School District 14","=""2140012""","Race/Ethnicity","Black or African American",9,"*",9,"*","*","*"
"Regional School District 14","=""2140012""","Race/Ethnicity","Hispanic or Latino",90,69.9,90,66.6,39,69.3
"Regional School District 14","=""2140012""","Race/Ethnicity","Native Hawaiian or Other Pacific Islander","*","*","*","*","N/A","N/A"
"Regional School District 14","=""2140012""","Race/Ethnicity","Two or More Races",26,73.7,26,71.2,10,"*"
"Regional School District 14","=""2140012""","Race/Ethnicity","White",567,71.0,566,70.3,274,75.6
"Regional School District 14","=""2140012""","Special Education Status (SWD)","Students with Disabilities",140,54.2,139,49.0,62,53.1
"Regional School District 14","=""2140012""","Special Education Status (SWD)","Students without Disabilities",560,74.9,560,74.9,270,79.0
"Regional School District 15","=""2150012""","All Students","District",1838,71.3,1833,70.5,755,72.0
"Regional School District 15","=""2150012""","English Language Learners (EL)","English Learners",64,64.7,64,62.4,18,"*"
"Regional School District 15","=""2150012""","English Language Learners (EL)","Not English Learners",1774,71.5,1769,70.8,737,72.2
"Regional School District 15","=""2150012""","Gender","Female","*","*","*","*",377,72.8
"Regional School District 15","=""2150012""","Gender","Male",966,69.1,964,71.5,378,71.1
"Regional School District 15","=""2150012""","Gender","Non-Binary","*","*","*","*",0,"N/A"
"Regional School District 15","=""2150012""","Grade","03",237,76.3,237,76.1,"N/A","N/A"
"Regional School District 15","=""2150012""","Grade","04",282,75.5,281,73.6,"N/A","N/A"
"Regional School District 15","=""2150012""","Grade","05",234,76.9,234,78.7,234,77.4
"Regional School District 15","=""2150012""","Grade","06",272,73.1,270,70.9,"N/A","N/A"
"Regional School District 15","=""2150012""","Grade","07",288,67.5,286,67.0,"N/A","N/A"
"Regional School District 15","=""2150012""","Grade","08",273,68.2,273,69.3,273,74.4
"Regional School District 15","=""2150012""","Grade","11",252,62.2,252,58.9,248,64.2
"Regional School District 15","=""2150012""","High Needs (F/R, EL or SWD)","High Needs",557,59.3,555,56.9,223,58.6
"Regional School District 15","=""2150012""","High Needs (F/R, EL or SWD)","Not High Needs",1281,76.5,1278,76.4,532,77.6
"Regional School District 15","=""2150012""","Free/Reduced Price Meal Eligibility (2-level)","Eligible For Free Or Reduced Price Meals",283,62.9,281,59.8,121,60.5
"Regional School District 15","=""2150012""","Free/Reduced Price Meal Eligibility (2-level)","Not Eligible For Free Or Reduced Price Meals",1555,72.8,1552,72.4,634,74.2
"Regional School District 15","=""2150012""","Race/Ethnicity","American Indian or Alaska Native","*","*","*","*","N/A","N/A"
"Regional School District 15","=""2150012""","Race/Ethnicity","Asian",89,75.5,89,78.0,40,77.0
"Regional School District 15","=""2150012""","Race/Ethnicity","Black or African American","*","*","*","*",19,"*"
"Regional School District 15","=""2150012""","Race/Ethnicity","Hispanic or Latino",186,67.1,185,64.3,79,66.5
"Regional School District 15","=""2150012""","Race/Ethnicity","Two or More Races",68,71.6,68,71.6,26,78.8
"Regional School District 15","=""2150012""","Race/Ethnicity","White",1449,71.6,1445,70.9,591,72.1
"Regional School District 15","=""2150012""","Special Education Status (SWD)","Students with Disabilities",341,52.9,339,50.0,129,53.1
"Regional School District 15","=""2150012""","Special Education Status (SWD)","Students without Disabilities",1497,75.5,1494,75.1,626,75.9
"Regional School District 16","=""2160012""","All Students","District",996,73.3,996,72.4,410,75.9
"Regional School District 16","=""2160012""","English Language Learners (EL)","English Learners",55,62.0,55,65.2,19,"*"
"Regional School District 16","=""2160012""","English Language Learners (EL)","Not English Learners",941,74.0,941,72.8,391,76.7
"Regional School District 16","=""2160012""","Gender","Female",507,74.6,507,71.9,203,77.5
"Regional School District 16","=""2160012""","Gender","Male",489,71.9,489,72.9,207,74.4
"Regional School District 16","=""2160012""","Grade","03",146,75.2,146,76.5,"N/A","N/A"
"Regional School District 16","=""2160012""","Grade","04",144,78.1,144,75.2,"N/A","N/A"
"Regional School District 16","=""2160012""","Grade","05",143,77.1,143,76.0,143,75.8
"Regional School District 16","=""2160012""","Grade","06",138,70.9,138,70.9,"N/A","N/A"
"Regional School District 16","=""2160012""","Grade","07",155,75.0,155,70.1,"N/A","N/A"
"Regional School District 16","=""2160012""","Grade","08",139,74.4,139,74.3,138,75.4
"Regional School District 16","=""2160012""","Grade","11",131,61.2,131,63.3,129,76.7
"Regional School District 16","=""2160012""","High Needs (F/R, EL or SWD)","High Needs",346,63.6,346,61.3,123,65.1
"Regional School District 16","=""2160012""","High Needs (F/R, EL or SWD)","Not High Needs",650,78.5,650,78.4,287,80.6
"Regional School District 16","=""2160012""","Free/Reduced Price Meal Eligibility (2-level)","Eligible For Free Or Reduced Price Meals",222,67.8,222,65.4,82,67.9
"Regional School District 16","=""2160012""","Free/Reduced Price Meal Eligibility (2-level)","Not Eligible For Free Or Reduced Price Meals",774,74.9,774,74.4,328,77.9
"Regional School District 16","=""2160012""","Race/Ethnicity","Asian","*","*","*","*",10,"*"
"Regional School District 16","=""2160012""","Race/Ethnicity","Black or African American",39,70.6,39,70.1,13,"*"
"Regional School District 16","=""2160012""","Race/Ethnicity","Hispanic or Latino",119,66.7,119,64.9,44,68.9
"Regional School District 16","=""2160012""","Race/Ethnicity","Native Hawaiian or Other Pacific Islander","*","*","*","*","*","*"
"Regional School District 16","=""2160012""","Race/Ethnicity","Two or More Races",36,72.4,36,67.5,"*","*"
"Regional School District 16","=""2160012""","Race/Ethnicity","White",781,74.6,781,73.7,335,77.0
"Regional School District 16","=""2160012""","Special Education Status (SWD)","Students with Disabilities",155,52.3,155,49.5,54,54.0
"Regional School District 16","=""2160012""","Special Education Status (SWD)","Students without Disabilities",841,77.2,841,76.6,356,79.3
"Regional School District 17","=""2170012""","All Students","District",913,73.1,912,70.6,372,72.8
"Regional School District 17","=""2170012""","English Language Learners (EL)","English Learners",7,"*",7,"*","*","*"
"Regional School District 17","=""2170012""","English Language Learners (EL)","Not English Learners",906,73.4,905,70.8,"*","*"
"Regional School District 17","=""2170012""","Gender","Female",469,75.0,468,70.1,189,73.7
"Regional School District 17","=""2170012""","Gender","Male",444,71.1,444,71.2,183,71.9
"Regional School District 17","=""2170012""","Grade","03",129,73.3,129,69.1,"N/A","N/A"
"Regional School District 17","=""2170012""","Grade","04",142,79.3,142,81.0,"N/A","N/A"
"Regional School District 17","=""2170012""","Grade","05",129,76.0,128,71.5,128,73.6
"Regional School District 17","=""2170012""","Grade","06",139,74.4,139,72.9,"N/A","N/A"
"Regional School District 17","=""2170012""","Grade","07",130,70.4,130,68.0,"N/A","N/A"
"Regional School District 17","=""2170012""","Grade","08",128,69.9,128,67.0,128,68.0
"Regional School District 17","=""2170012""","Grade","11",116,67.3,116,62.9,116,77.1
"Regional School District 17","=""2170012""","High Needs (F/R, EL or SWD)","High Needs",252,61.3,251,58.4,89,58.7
"Regional School District 17","=""2170012""","High Needs (F/R, EL or SWD)","Not High Needs",661,77.6,661,75.3,283,77.2
"Regional School District 17","=""2170012""","Free/Reduced Price Meal Eligibility (2-level)","Eligible For Free Or Reduced Price Meals",143,67.2,142,64.1,50,70.0
"Regional School District 17","=""2170012""","Free/Reduced Price Meal Eligibility (2-level)","Not Eligible For Free Or Reduced Price Meals",770,74.2,770,71.8,322,73.2
"Regional School District 17","=""2170012""","Race/Ethnicity","American Indian or Alaska Native","*","*","*","*","*","*"
"Regional School District 17","=""2170012""","Race/Ethnicity","Asian","*","*","*","*","*","*"
"Regional School District 17","=""2170012""","Race/Ethnicity","Black or African American",9,"*",9,"*","*","*"
"Regional School District 17","=""2170012""","Race/Ethnicity","Hispanic or Latino",54,70.4,54,69.7,26,72.3
"Regional School District 17","=""2170012""","Race/Ethnicity","Two or More Races",32,72.2,32,64.6,15,"*"
"Regional School District 17","=""2170012""","Race/Ethnicity","White",808,73.3,807,70.9,322,72.9
"Regional School District 17","=""2170012""","Special Education Status (SWD)","Students with Disabilities",136,52.5,135,49.0,46,46.4
"Regional School District 17","=""2170012""","Special Education Status (SWD)","Students without Disabilities",777,76.7,777,74.4,326,76.5
"Regional School District 18","=""2180012""","All Students","District",634,76.9,632,75.6,263,79.1
"Regional School District 18","=""2180012""","English Language Learners (EL)","English Learners",27,60.1,27,59.0,"*","*"
"Regional School District 18","=""2180012""","English Language Learners (EL)","Not English Learners",607,77.7,605,76.3,"*","*"
"Regional School District 18","=""2180012""","Gender","Female",287,79.5,285,75.7,113,80.1
"Regional School District 18","=""2180012""","Gender","Male",347,74.8,347,75.5,150,78.3
"Regional School District 18","=""2180012""","Grade","03",91,79.0,91,76.0,"N/A","N/A"
"Regional School District 18","=""2180012""","Grade","04",99,85.2,99,83.2,"N/A","N/A"
"Regional School District 18","=""2180012""","Grade","05",84,83.7,84,82.4,84,83.9
"Regional School District 18","=""2180012""","Grade","06",97,77.9,95,74.5,"N/A","N/A"
"Regional School District 18","=""2180012""","Grade","07",85,69.8,85,70.5,"N/A","N/A"
"Regional School District 18","=""2180012""","Grade","08",94,74.9,94,76.6,94,82.1
"Regional School District 18","=""2180012""","Grade","11",84,66.7,84,64.5,85,70.9
"Regional School District 18","=""2180012""","High Needs (F/R, EL or SWD)","High Needs",199,66.3,197,63.7,66,67.7
"Regional School District 18","=""2180012""","High Needs (F/R, EL or SWD)","Not High Needs",435,81.8,435,81.0,197,82.9
"Regional School District 18","=""2180012""","Free/Reduced Price Meal Eligibility (2-level)","Eligible For Free Or Reduced Price Meals",99,70.3,99,66.2,31,72.8
"Regional School District 18","=""2180012""","Free/Reduced Price Meal Eligibility (2-level)","Not Eligible For Free Or Reduced Price Meals",535,78.2,533,77.3,232,79.9
"Regional School District 18","=""2180012""","Race/Ethnicity","Asian","*","*","*","*",8,"*"
"Regional School District 18","=""2180012""","Race/Ethnicity","Black or African American","*","*","*","*","N/A","N/A"
"Regional School District 18","=""2180012""","Race/Ethnicity","Hispanic or Latino",46,68.5,46,68.0,14,"*"
"Regional School District 18","=""2180012""","Race/Ethnicity","Two or More Races",24,76.6,24,75.6,7,"*"
"Regional School District 18","=""2180012""","Race/Ethnicity","White",546,77.9,544,76.3,234,80.1
"Regional School District 18","=""2180012""","Special Education Status (SWD)","Students with Disabilities",110,61.2,108,59.0,39,62.1
"Regional School District 18","=""2180012""","Special Education Status (SWD)","Students without Disabilities",524,80.3,524,79.0,224,82.0
"Regional School District 19","=""2190012""","All Students","District",240,62.5,240,56.5,240,67.5
"Regional School District 19","=""2190012""","English Language Learners (EL)","English Learners",10,"*",10,"*",9,"*"
"Regional School District 19","=""2190012""","English Language Learners (EL)","Not English Learners",230,63.3,230,56.8,231,68.2
"Regional School District 19","=""2190012""","Gender","Female",125,62.8,125,54.7,127,66.5
"Regional School District 19","=""2190012""","Gender","Male",115,62.2,115,58.5,113,68.7
"Regional School District 19","=""2190012""","Grade","11",240,62.5,240,56.5,240,67.5
"Regional School District 19","=""2190012""","High Needs (F/R, EL or SWD)","High Needs",85,54.0,85,48.9,86,60.1
"Regional School District 19","=""2190012""","High Needs (F/R, EL or SWD)","Not High Needs",155,67.2,155,60.7,154,71.6
"Regional School District 19","=""2190012""","Free/Reduced Price Meal Eligibility (2-level)","Eligible For Free Or Reduced Price Meals",60,56.4,60,51.9,62,64.1
"Regional School District 19","=""2190012""","Free/Reduced Price Meal Eligibility (2-level)","Not Eligible For Free Or Reduced Price Meals",180,64.5,180,58.0,178,68.7
"Regional School District 19","=""2190012""","Race/Ethnicity","American Indian or Alaska Native","*","*","*","*","*","*"
"Regional School District 19","=""2190012""","Race/Ethnicity","Asian",11,"*",11,"*",12,"*"
"Regional School District 19","=""2190012""","Race/Ethnicity","Black or African American","*","*","*","*",6,"*"
"Regional School District 19","=""2190012""","Race/Ethnicity","Hispanic or Latino",34,51.8,34,48.0,35,55.9
"Regional School District 19","=""2190012""","Race/Ethnicity","Two or More Races",6,"*",6,"*",6,"*"
"Regional School District 19","=""2190012""","Race/Ethnicity","White",182,64.1,182,57.1,180,68.7
"Regional School District 19","=""2190012""","Special Education Status (SWD)","Students with Disabilities",36,42.1,36,35.4,35,44.6
"Regional School District 19","=""2190012""","Special Education Status (SWD)","Students without Disabilities",204,66.1,204,60.2,205,71.4
"Regional School District 20","=""2200012""","All Students","District",790,71.2,791,67.3,351,64.5
"Regional School District 20","=""2200012""","English Language Learners (EL)","English Learners",20,60.5,20,57.9,6,"*"
"Regional School District 20","=""2200012""","English Language Learners (EL)","Not English Learners",770,71.4,771,67.5,345,64.6
"Regional School District 20","=""2200012""","Gender","Female",385,72.5,386,65.9,170,65.2
"Regional School District 20","=""2200012""","Gender","Male",405,69.9,405,68.6,181,63.8
"Regional School District 20","=""2200012""","Grade","03",90,72.2,90,69.7,"N/A","N/A"
"Regional School District 20","=""2200012""","Grade","04",129,78.8,129,73.9,"N/A","N/A"
"Regional School District 20","=""2200012""","Grade","05",98,75.9,98,72.6,98,73.6
"Regional School District 20","=""2200012""","Grade","06",105,74.0,105,69.2,"N/A","N/A"
"Regional School District 20","=""2200012""","Grade","07",116,72.8,117,68.7,"N/A","N/A"
"Regional School District 20","=""2200012""","Grade","08",102,68.3,102,69.7,104,73.5
"Regional School District 20","=""2200012""","Grade","11",150,59.6,150,52.7,149,52.2
"Regional School District 20","=""2200012""","High Needs (F/R, EL or SWD)","High Needs",325,61.8,326,56.8,134,53.6
"Regional School District 20","=""2200012""","High Needs (F/R, EL or SWD)","Not High Needs",465,77.7,465,74.7,217,71.2
"Regional School District 20","=""2200012""","Free/Reduced Price Meal Eligibility (2-level)","Eligible For Free Or Reduced Price Meals",210,64.2,210,59.0,81,52.2
"Regional School District 20","=""2200012""","Free/Reduced Price Meal Eligibility (2-level)","Not Eligible For Free Or Reduced Price Meals",580,73.7,581,70.3,270,68.2
"Regional School District 20","=""2200012""","Race/Ethnicity","American Indian or Alaska Native","*","*","*","*","N/A","N/A"
"Regional School District 20","=""2200012""","Race/Ethnicity","Asian","*","*","*","*","*","*"
"Regional School District 20","=""2200012""","Race/Ethnicity","Black or African American",9,"*",9,"*","*","*"
"Regional School District 20","=""2200012""","Race/Ethnicity","Hispanic or Latino",55,61.2,55,60.2,26,60.7
"Regional School District 20","=""2200012""","Race/Ethnicity","Two or More Races",22,72.3,22,65.9,9,"*"
"Regional School District 20","=""2200012""","Race/Ethnicity","White",696,72.0,697,68.0,311,64.6
"Regional School District 20","=""2200012""","Special Education Status (SWD)","Students with Disabilities",168,55.2,169,49.3,67,50.2
"Regional School District 20","=""2200012""","Special Education Status (SWD)","Students without Disabilities",622,75.5,622,72.2,284,67.8
"Goodwin University Educational Services (GUES)","=""2310018""","All Students","District",528,48.9,527,44.3,253,48.1
"Goodwin University Educational Services (GUES)","=""2310018""","English Language Learners (EL)","English Learners",123,42.1,123,40.0,60,37.7
"Goodwin University Educational Services (GUES)","=""2310018""","English Language Learners (EL)","Not English Learners",405,51.0,404,45.6,193,51.3
"Goodwin University Educational Services (GUES)","=""2310018""","Gender","Female",270,50.0,269,42.6,132,47.4
"Goodwin University Educational Services (GUES)","=""2310018""","Gender","Male",258,47.7,258,46.0,121,48.9
"Goodwin University Educational Services (GUES)","=""2310018""","Grade","03",63,50.8,63,43.7,"N/A","N/A"
"Goodwin University Educational Services (GUES)","=""2310018""","Grade","04",63,57.8,63,52.7,"N/A","N/A"
"Goodwin University Educational Services (GUES)","=""2310018""","Grade","05",58,49.8,57,49.6,58,47.6
"Goodwin University Educational Services (GUES)","=""2310018""","Grade","06",79,48.6,79,39.8,"N/A","N/A"
"Goodwin University Educational Services (GUES)","=""2310018""","Grade","07",77,47.5,77,45.0,"N/A","N/A"
"Goodwin University Educational Services (GUES)","=""2310018""","Grade","08",76,41.0,76,37.7,76,48.1
"Goodwin University Educational Services (GUES)","=""2310018""","Grade","11",112,48.9,112,44.3,119,48.3
"Goodwin University Educational Services (GUES)","=""2310018""","High Needs (F/R, EL or SWD)","High Needs",382,45.6,381,41.0,182,44.2
"Goodwin University Educational Services (GUES)","=""2310018""","High Needs (F/R, EL or SWD)","Not High Needs",146,57.6,146,52.8,71,58.0
"Goodwin University Educational Services (GUES)","=""2310018""","Free/Reduced Price Meal Eligibility (2-level)","Eligible For Free Or Reduced Price Meals",322,45.2,321,40.0,150,45.5
"Goodwin University Educational Services (GUES)","=""2310018""","Free/Reduced Price Meal Eligibility (2-level)","Not Eligible For Free Or Reduced Price Meals",206,54.7,206,51.0,103,52.0
"Goodwin University Educational Services (GUES)","=""2310018""","Race/Ethnicity","American Indian or Alaska Native",0,"N/A",0,"N/A",0,"N/A"
"Goodwin University Educational Services (GUES)","=""2310018""","Race/Ethnicity","Asian","*","*","*","*","*","*"
"Goodwin University Educational Services (GUES)","=""2310018""","Race/Ethnicity","Black or African American",169,49.9,169,42.3,75,47.4
"Goodwin University Educational Services (GUES)","=""2310018""","Race/Ethnicity","Hispanic or Latino",272,44.2,272,41.2,132,44.2
"Goodwin University Educational Services (GUES)","=""2310018""","Race/Ethnicity","Native Hawaiian or Other Pacific Islander","*","*","*","*","*","*"
"Goodwin University Educational Services (GUES)","=""2310018""","Race/Ethnicity","Two or More Races",23,57.1,22,52.4,13,"*"
"Goodwin University Educational Services (GUES)","=""2310018""","Race/Ethnicity","White",45,63.1,45,58.5,23,63.9
"Goodwin University Educational Services (GUES)","=""2310018""","Special Education Status (SWD)","Students with Disabilities",115,33.3,115,26.5,53,30.7
"Goodwin University Educational Services (GUES)","=""2310018""","Special Education Status (SWD)","Students without Disabilities",413,53.3,412,49.2,200,52.7
"Capitol Region Education Council","=""2410014""","All Students","District",4155,54.0,4140,47.3,1679,50.0
"Capitol Region Education Council","=""2410014""","English Language Learners (EL)","English Learners",718,47.3,717,42.8,254,44.2
"Capitol Region Education Council","=""2410014""","English Language Learners (EL)","Not English Learners",3437,55.5,3423,48.2,1425,51.1
"Capitol Region Education Council","=""2410014""","Gender","Female",2066,54.7,2058,46.0,824,49.4
"Capitol Region Education Council","=""2410014""","Gender","Male",2071,53.4,2064,48.6,844,50.4
"Capitol Region Education Council","=""2410014""","Gender","Non-Binary",18,"*",18,"*",11,"*"
"Capitol Region Education Council","=""2410014""","Grade","03",601,60.3,598,52.9,"N/A","N/A"
"Capitol Region Education Council","=""2410014""","Grade","04",563,61.1,560,56.7,"N/A","N/A"
"Capitol Region Education Council","=""2410014""","Grade","05",548,57.8,548,54.7,548,56.1
"Capitol Region Education Council","=""2410014""","Grade","06",643,54.7,640,46.3,"N/A","N/A"
"Capitol Region Education Council","=""2410014""","Grade","07",667,50.3,666,42.8,"N/A","N/A"
"Capitol Region Education Council","=""2410014""","Grade","08",639,48.4,634,39.3,636,45.9
"Capitol Region Education Council","=""2410014""","Grade","11",494,45.7,494,38.9,495,48.7
"Capitol Region Education Council","=""2410014""","High Needs (F/R, EL or SWD)","High Needs",3181,49.7,3168,42.9,1272,46.2
"Capitol Region Education Council","=""2410014""","High Needs (F/R, EL or SWD)","Not High Needs",974,68.1,972,61.6,407,62.0
"Capitol Region Education Council","=""2410014""","Free/Reduced Price Meal Eligibility (2-level)","Eligible For Free Or Reduced Price Meals",2735,50.0,2725,42.6,1100,46.2
"Capitol Region Education Council","=""2410014""","Free/Reduced Price Meal Eligibility (2-level)","Not Eligible For Free Or Reduced Price Meals",1420,61.9,1415,56.3,579,57.3
"Capitol Region Education Council","=""2410014""","Race/Ethnicity","American Indian or Alaska Native","*","*","*","*","*","*"
"Capitol Region Education Council","=""2410014""","Race/Ethnicity","Asian",152,74.7,153,74.1,63,69.4
"Capitol Region Education Council","=""2410014""","Race/Ethnicity","Black or African American",1358,52.3,1355,44.3,548,46.8
"Capitol Region Education Council","=""2410014""","Race/Ethnicity","Hispanic or Latino",1941,50.2,1934,43.7,775,46.5
"Capitol Region Education Council","=""2410014""","Race/Ethnicity","Native Hawaiian or Other Pacific Islander","*","*","*","*","*","*"
"Capitol Region Education Council","=""2410014""","Race/Ethnicity","Two or More Races",242,58.0,241,50.1,104,54.4
"Capitol Region Education Council","=""2410014""","Race/Ethnicity","White",453,66.9,448,61.2,187,65.1
"Capitol Region Education Council","=""2410014""","Special Education Status (SWD)","Students with Disabilities",1107,39.3,1101,33.0,452,37.6
"Capitol Region Education Council","=""2410014""","Special Education Status (SWD)","Students without Disabilities",3048,59.4,3039,52.4,1227,54.6
"EdAdvance","=""2420014""","All Students","District",26,43.2,23,33.4,14,"*"
"EdAdvance","=""2420014""","English Language Learners (EL)","English Learners","*","*","*","*","*","*"
"EdAdvance","=""2420014""","English Language Learners (EL)","Not English Learners","*","*","*","*","*","*"
"EdAdvance","=""2420014""","Gender","Female","*","*","*","*","*","*"
"EdAdvance","=""2420014""","Gender","Male","*","*","*","*","*","*"
"EdAdvance","=""2420014""","Grade","03","*","*","*","*","N/A","N/A"
"EdAdvance","=""2420014""","Grade","04","*","*","*","*","N/A","N/A"
"EdAdvance","=""2420014""","Grade","05","*","*","*","*","*","*"
"EdAdvance","=""2420014""","Grade","06","*","*","*","*","N/A","N/A"
"EdAdvance","=""2420014""","Grade","07","*","*","*","*","N/A","N/A"
"EdAdvance","=""2420014""","Grade","08","*","*","*","*","*","*"
"EdAdvance","=""2420014""","Grade","11","*","*","*","*","*","*"
"EdAdvance","=""2420014""","High Needs (F/R, EL or SWD)","High Needs",26,43.2,23,33.4,14,"*"
"EdAdvance","=""2420014""","High Needs (F/R, EL or SWD)","Not High Needs",0,"N/A",0,"N/A","N/A","N/A"
"EdAdvance","=""2420014""","Free/Reduced Price Meal Eligibility (2-level)","Eligible For Free Or Reduced Price Meals",18,"*","*","*",8,"*"
"EdAdvance","=""2420014""","Free/Reduced Price Meal Eligibility (2-level)","Not Eligible For Free Or Reduced Price Meals",8,"*","*","*",6,"*"
"EdAdvance","=""2420014""","Race/Ethnicity","Black or African American","*","*","*","*","*","*"
"EdAdvance","=""2420014""","Race/Ethnicity","Hispanic or Latino","*","*","*","*","*","*"
"EdAdvance","=""2420014""","Race/Ethnicity","White",18,"*",15,"*",11,"*"
"EdAdvance","=""2420014""","Special Education Status (SWD)","Students with Disabilities","*","*","*","*",14,"*"
"EdAdvance","=""2420014""","Special Education Status (SWD)","Students without Disabilities","*","*","*","*","N/A","N/A"
"Cooperative Educational Services","=""2430014""","All Students","District",320,59.3,320,58.0,110,50.2
"Cooperative Educational Services","=""2430014""","English Language Learners (EL)","English Learners",24,57.6,24,60.8,7,"*"
"Cooperative Educational Services","=""2430014""","English Language Learners (EL)","Not English Learners",296,59.4,296,57.8,103,50.0
"Cooperative Educational Services","=""2430014""","Gender","Female",136,61.3,136,60.2,41,50.7
"Cooperative Educational Services","=""2430014""","Gender","Male",184,57.8,184,56.4,69,49.9
"Cooperative Educational Services","=""2430014""","Grade","03",54,59.9,54,58.2,"N/A","N/A"
"Cooperative Educational Services","=""2430014""","Grade","04",66,64.3,66,60.1,"N/A","N/A"
"Cooperative Educational Services","=""2430014""","Grade","05",49,56.4,49,61.1,49,58.0
"Cooperative Educational Services","=""2430014""","Grade","06",52,61.5,52,62.2,"N/A","N/A"
"Cooperative Educational Services","=""2430014""","Grade","07",40,59.1,40,53.7,"N/A","N/A"
"Cooperative Educational Services","=""2430014""","Grade","08",44,52.8,44,53.9,44,47.4
"Cooperative Educational Services","=""2430014""","Grade","11",15,"*",15,"*",17,"*"
"Cooperative Educational Services","=""2430014""","High Needs (F/R, EL or SWD)","High Needs",229,54.2,229,52.8,81,44.4
"Cooperative Educational Services","=""2430014""","High Needs (F/R, EL or SWD)","Not High Needs",91,72.2,91,71.3,29,66.5
"Cooperative Educational Services","=""2430014""","Free/Reduced Price Meal Eligibility (2-level)","Eligible For Free Or Reduced Price Meals",154,55.7,154,56.1,55,48.7
"Cooperative Educational Services","=""2430014""","Free/Reduced Price Meal Eligibility (2-level)","Not Eligible For Free Or Reduced Price Meals",166,62.6,166,59.9,55,51.7
"Cooperative Educational Services","=""2430014""","Race/Ethnicity","American Indian or Alaska Native","*","*","*","*","N/A","N/A"
"Cooperative Educational Services","=""2430014""","Race/Ethnicity","Asian",20,70.6,20,75.6,6,"*"
"Cooperative Educational Services","=""2430014""","Race/Ethnicity","Black or African American",76,55.4,76,51.4,24,44.4
"Cooperative Educational Services","=""2430014""","Race/Ethnicity","Hispanic or Latino",125,59.1,125,59.5,41,49.6
"Cooperative Educational Services","=""2430014""","Race/Ethnicity","Two or More Races","*","*","*","*",6,"*"
"Cooperative Educational Services","=""2430014""","Race/Ethnicity","White",82,59.5,82,58.1,33,55.2
"Cooperative Educational Services","=""2430014""","Special Education Status (SWD)","Students with Disabilities",132,49.1,132,45.8,52,33.2
"Cooperative Educational Services","=""2430014""","Special Education Status (SWD)","Students without Disabilities",188,66.5,188,66.6,58,65.5
"Area Cooperative Educational Services","=""2440014""","All Students","District",956,53.1,954,46.2,368,48.9
"Area Cooperative Educational Services","=""2440014""","English Language Learners (EL)","English Learners",81,51.1,80,44.0,28,45.0
"Area Cooperative Educational Services","=""2440014""","English Language Learners (EL)","Not English Learners",875,53.3,874,46.4,340,49.2
"Area Cooperative Educational Services","=""2440014""","Gender","Female",385,56.9,385,45.7,148,52.7
"Area Cooperative Educational Services","=""2440014""","Gender","Male",571,50.6,569,46.5,220,46.3
"Area Cooperative Educational Services","=""2440014""","Grade","03",102,47.2,101,36.7,"N/A","N/A"
"Area Cooperative Educational Services","=""2440014""","Grade","04",100,52.8,100,44.8,"N/A","N/A"
"Area Cooperative Educational Services","=""2440014""","Grade","05",99,48.4,99,46.8,99,44.7
"Area Cooperative Educational Services","=""2440014""","Grade","06",167,57.5,166,48.0,"N/A","N/A"
"Area Cooperative Educational Services","=""2440014""","Grade","07",219,54.9,219,47.1,"N/A","N/A"
"Area Cooperative Educational Services","=""2440014""","Grade","08",239,54.7,239,50.6,238,54.0
"Area Cooperative Educational Services","=""2440014""","Grade","11",30,39.8,30,30.6,31,22.9
"Area Cooperative Educational Services","=""2440014""","High Needs (F/R, EL or SWD)","High Needs",689,48.4,687,41.7,264,42.1
"Area Cooperative Educational Services","=""2440014""","High Needs (F/R, EL or SWD)","Not High Needs",267,65.2,267,57.9,104,66.0
"Area Cooperative Educational Services","=""2440014""","Free/Reduced Price Meal Eligibility (2-level)","Eligible For Free Or Reduced Price Meals",515,49.0,514,42.2,189,46.5
"Area Cooperative Educational Services","=""2440014""","Free/Reduced Price Meal Eligibility (2-level)","Not Eligible For Free Or Reduced Price Meals",441,57.9,440,50.9,179,51.4
"Area Cooperative Educational Services","=""2440014""","Race/Ethnicity","American Indian or Alaska Native","*","*","*","*","*","*"
"Area Cooperative Educational Services","=""2440014""","Race/Ethnicity","Asian",25,62.0,25,55.8,"*","*"
"Area Cooperative Educational Services","=""2440014""","Race/Ethnicity","Black or African American",315,49.4,315,41.5,117,44.3
"Area Cooperative Educational Services","=""2440014""","Race/Ethnicity","Hispanic or Latino",341,49.9,339,43.0,123,48.0
"Area Cooperative Educational Services","=""2440014""","Race/Ethnicity","Native Hawaiian or Other Pacific Islander","*","*","*","*","N/A","N/A"
"Area Cooperative Educational Services","=""2440014""","Race/Ethnicity","Two or More Races",61,57.4,61,51.3,19,"*"
"Area Cooperative Educational Services","=""2440014""","Race/Ethnicity","White",210,61.6,210,55.7,93,53.3
"Area Cooperative Educational Services","=""2440014""","Special Education Status (SWD)","Students with Disabilities",395,42.5,394,36.4,159,30.4
"Area Cooperative Educational Services","=""2440014""","Special Education Status (SWD)","Students without Disabilities",561,60.6,560,53.1,209,62.9
"Learn","=""2450014""","All Students","District",407,59.3,404,53.0,183,60.7
"Learn","=""2450014""","English Language Learners (EL)","English Learners",80,51.4,80,47.2,23,47.7
"Learn","=""2450014""","English Language Learners (EL)","Not English Learners",327,61.3,324,54.4,160,62.5
"Learn","=""2450014""","Gender","Female",212,59.5,211,50.8,102,55.5
"Learn","=""2450014""","Gender","Male","*","*","*","*","*","*"
"Learn","=""2450014""","Gender","Non-Binary","*","*","*","*","*","*"
"Learn","=""2450014""","Grade","03",87,56.9,87,48.7,"N/A","N/A"
"Learn","=""2450014""","Grade","04",83,62.5,82,56.6,"N/A","N/A"
"Learn","=""2450014""","Grade","05",70,56.4,69,54.4,"*","*"
"Learn","=""2450014""","Grade","06",51,60.6,51,51.0,"N/A","N/A"
"Learn","=""2450014""","Grade","07","*","*","*","*","N/A","N/A"
"Learn","=""2450014""","Grade","08","*","*","*","*","*","*"
"Learn","=""2450014""","Grade","11",105,62.5,105,53.8,108,67.1
"Learn","=""2450014""","High Needs (F/R, EL or SWD)","High Needs",286,54.5,283,48.7,110,53.1
"Learn","=""2450014""","High Needs (F/R, EL or SWD)","Not High Needs",121,70.7,121,63.0,73,72.1
"Learn","=""2450014""","Free/Reduced Price Meal Eligibility (2-level)","Eligible For Free Or Reduced Price Meals",241,55.4,238,49.1,92,54.2
"Learn","=""2450014""","Free/Reduced Price Meal Eligibility (2-level)","Not Eligible For Free Or Reduced Price Meals",166,65.0,166,58.5,91,67.2
"Learn","=""2450014""","Race/Ethnicity","American Indian or Alaska Native","*","*","*","*","N/A","N/A"
"Learn","=""2450014""","Race/Ethnicity","Asian","*","*","*","*",6,"*"
"Learn","=""2450014""","Race/Ethnicity","Black or African American",33,53.1,33,49.0,9,"*"
"Learn","=""2450014""","Race/Ethnicity","Hispanic or Latino",181,55.1,180,47.9,64,52.8
"Learn","=""2450014""","Race/Ethnicity","Two or More Races",56,63.7,55,55.0,23,55.8
"Learn","=""2450014""","Race/Ethnicity","White",127,65.1,126,60.2,81,68.4
"Learn","=""2450014""","Special Education Status (SWD)","Students with Disabilities",108,45.3,105,40.3,42,44.1
"Learn","=""2450014""","Special Education Status (SWD)","Students without Disabilities",299,64.4,299,57.4,141,65.6
"Eastern Connecticut Regional Educational Service Center (EASTCONN)","=""2530014""","All Students","District",85,53.4,79,41.9,73,50.5
"Eastern Connecticut Regional Educational Service Center (EASTCONN)","=""2530014""","English Language Learners (EL)","English Learners","*","*","*","*","*","*"
"Eastern Connecticut Regional Educational Service Center (EASTCONN)","=""2530014""","English Language Learners (EL)","Not English Learners","*","*","*","*","*","*"
"Eastern Connecticut Regional Educational Service Center (EASTCONN)","=""2530014""","Gender","Female",53,58.9,51,43.4,49,53.3
"Eastern Connecticut Regional Educational Service Center (EASTCONN)","=""2530014""","Gender","Male",32,44.4,28,39.3,24,44.8
"Eastern Connecticut Regional Educational Service Center (EASTCONN)","=""2530014""","Grade","03","*","*","*","*","N/A","N/A"
"Eastern Connecticut Regional Educational Service Center (EASTCONN)","=""2530014""","Grade","04","*","*","*","*","N/A","N/A"
"Eastern Connecticut Regional Educational Service Center (EASTCONN)","=""2530014""","Grade","05","*","*","*","*","*","*"
"Eastern Connecticut Regional Educational Service Center (EASTCONN)","=""2530014""","Grade","06","*","*","*","*","N/A","N/A"
"Eastern Connecticut Regional Educational Service Center (EASTCONN)","=""2530014""","Grade","07","*","*","*","*","N/A","N/A"
"Eastern Connecticut Regional Educational Service Center (EASTCONN)","=""2530014""","Grade","08","*","*","*","*","*","*"
"Eastern Connecticut Regional Educational Service Center (EASTCONN)","=""2530014""","Grade","11",67,58.4,67,43.8,68,51.7
"Eastern Connecticut Regional Educational Service Center (EASTCONN)","=""2530014""","High Needs (F/R, EL or SWD)","High Needs",51,42.9,45,33.8,39,34.8
"Eastern Connecticut Regional Educational Service Center (EASTCONN)","=""2530014""","High Needs (F/R, EL or SWD)","Not High Needs",34,69.3,34,52.7,34,68.5
"Eastern Connecticut Regional Educational Service Center (EASTCONN)","=""2530014""","Free/Reduced Price Meal Eligibility (2-level)","Eligible For Free Or Reduced Price Meals",37,44.7,36,35.1,32,33.9
"Eastern Connecticut Regional Educational Service Center (EASTCONN)","=""2530014""","Free/Reduced Price Meal Eligibility (2-level)","Not Eligible For Free Or Reduced Price Meals",48,60.1,43,47.7,41,63.5
"Eastern Connecticut Regional Educational Service Center (EASTCONN)","=""2530014""","Race/Ethnicity","Black or African American","*","*","*","*","*","*"
"Eastern Connecticut Regional Educational Service Center (EASTCONN)","=""2530014""","Race/Ethnicity","Hispanic or Latino",17,"*",16,"*",15,"*"
"Eastern Connecticut Regional Educational Service Center (EASTCONN)","=""2530014""","Race/Ethnicity","Two or More Races","*","*","*","*","*","*"
"Eastern Connecticut Regional Educational Service Center (EASTCONN)","=""2530014""","Race/Ethnicity","White",57,54.7,52,43.8,46,50.8
"Eastern Connecticut Regional Educational Service Center (EASTCONN)","=""2530014""","Special Education Status (SWD)","Students with Disabilities",33,37.5,27,30.0,22,28.6
"Eastern Connecticut Regional Educational Service Center (EASTCONN)","=""2530014""","Special Education Status (SWD)","Students without Disabilities",52,63.6,52,48.2,51,60.0
"Jumoke Academy District","=""2610013""","All Students","District",320,52.3,320,44.1,111,49.6
"Jumoke Academy District","=""2610013""","English Language Learners (EL)","English Learners",10,"*",10,"*","*","*"
"Jumoke Academy District","=""2610013""","English Language Learners (EL)","Not English Learners",310,52.6,310,44.2,"*","*"
"Jumoke Academy District","=""2610013""","Gender","Female",171,54.1,171,44.2,55,52.6
"Jumoke Academy District","=""2610013""","Gender","Male",149,50.2,149,44.0,56,46.7
"Jumoke Academy District","=""2610013""","Grade","03",41,57.7,41,50.5,"N/A","N/A"
"Jumoke Academy District","=""2610013""","Grade","04",47,58.5,47,49.4,"N/A","N/A"
"Jumoke Academy District","=""2610013""","Grade","05",58,44.1,58,41.8,58,45.9
"Jumoke Academy District","=""2610013""","Grade","06",61,53.6,61,41.5,"N/A","N/A"
"Jumoke Academy District","=""2610013""","Grade","07",59,50.1,59,40.5,"N/A","N/A"
"Jumoke Academy District","=""2610013""","Grade","08",47,53.3,47,44.0,46,55.2
"Jumoke Academy District","=""2610013""","Grade","11",7,"*",7,"*",7,"*"
"Jumoke Academy District","=""2610013""","High Needs (F/R, EL or SWD)","High Needs",313,52.4,313,44.1,104,50.0
"Jumoke Academy District","=""2610013""","High Needs (F/R, EL or SWD)","Not High Needs",7,"*",7,"*",7,"*"
"Jumoke Academy District","=""2610013""","Free/Reduced Price Meal Eligibility (2-level)","Eligible For Free Or Reduced Price Meals",313,52.4,313,44.1,104,50.0
"Jumoke Academy District","=""2610013""","Free/Reduced Price Meal Eligibility (2-level)","Not Eligible For Free Or Reduced Price Meals",7,"*",7,"*",7,"*"
"Jumoke Academy District","=""2610013""","Race/Ethnicity","Black or African American",306,52.6,306,44.1,109,49.7
"Jumoke Academy District","=""2610013""","Race/Ethnicity","Hispanic or Latino","*","*","*","*","*","*"
"Jumoke Academy District","=""2610013""","Race/Ethnicity","Two or More Races","*","*","*","*","*","*"
"Jumoke Academy District","=""2610013""","Special Education Status (SWD)","Students with Disabilities",36,38.1,36,32.2,11,"*"
"Jumoke Academy District","=""2610013""","Special Education Status (SWD)","Students without Disabilities",284,54.1,284,45.6,100,51.5
"Odyssey Community School District","=""2630013""","All Students","District",228,69.2,228,66.1,78,66.7
"Odyssey Community School District","=""2630013""","English Language Learners (EL)","English Learners",38,64.1,38,67.8,19,"*"
"Odyssey Community School District","=""2630013""","English Language Learners (EL)","Not English Learners",190,70.2,190,65.8,59,67.8
"Odyssey Community School District","=""2630013""","Gender","Female",118,71.3,118,64.6,41,65.5
"Odyssey Community School District","=""2630013""","Gender","Male",110,66.9,110,67.7,37,68.0
"Odyssey Community School District","=""2630013""","Grade","03",34,66.0,34,63.0,"N/A","N/A"
"Odyssey Community School District","=""2630013""","Grade","04",38,76.0,38,76.7,"N/A","N/A"
"Odyssey Community School District","=""2630013""","Grade","05",39,68.1,39,66.5,39,64.7
"Odyssey Community School District","=""2630013""","Grade","06",39,69.3,39,61.4,"N/A","N/A"
"Odyssey Community School District","=""2630013""","Grade","07",39,68.6,39,64.6,"N/A","N/A"
"Odyssey Community School District","=""2630013""","Grade","08",39,67.0,39,64.3,39,68.6
"Odyssey Community School District","=""2630013""","High Needs (F/R, EL or SWD)","High Needs",144,63.6,144,61.2,52,62.7
"Odyssey Community School District","=""2630013""","High Needs (F/R, EL or SWD)","Not High Needs",84,78.8,84,74.6,26,74.6
"Odyssey Community School District","=""2630013""","Free/Reduced Price Meal Eligibility (2-level)","Eligible For Free Or Reduced Price Meals",110,63.8,110,58.9,37,61.3
"Odyssey Community School District","=""2630013""","Free/Reduced Price Meal Eligibility (2-level)","Not Eligible For Free Or Reduced Price Meals",118,74.3,118,72.9,41,71.5
"Odyssey Community School District","=""2630013""","Race/Ethnicity","American Indian or Alaska Native","*","*","*","*","*","*"
"Odyssey Community School District","=""2630013""","Race/Ethnicity","Asian",42,75.5,42,77.5,14,"*"
"Odyssey Community School District","=""2630013""","Race/Ethnicity","Black or African American",54,67.4,54,60.1,23,66.3
"Odyssey Community School District","=""2630013""","Race/Ethnicity","Hispanic or Latino",49,58.9,49,53.8,18,"*"
"Odyssey Community School District","=""2630013""","Race/Ethnicity","Two or More Races","*","*","*","*","*","*"
"Odyssey Community School District","=""2630013""","Race/Ethnicity","White",65,73.4,65,73.7,17,"*"
"Odyssey Community School District","=""2630013""","Special Education Status (SWD)","Students with Disabilities",40,45.8,40,41.8,13,"*"
"Odyssey Community School District","=""2630013""","Special Education Status (SWD)","Students without Disabilities",188,74.2,188,71.3,65,71.1
"Integrated Day Charter School District","=""2640013""","All Students","District",230,64.3,230,60.4,77,65.8
"Integrated Day Charter School District","=""2640013""","English Language Learners (EL)","English Learners",26,63.0,26,56.0,7,"*"
"Integrated Day Charter School District","=""2640013""","English Language Learners (EL)","Not English Learners",204,64.5,204,60.9,70,65.9
"Integrated Day Charter School District","=""2640013""","Gender","Female",112,65.1,112,56.3,38,63.2
"Integrated Day Charter School District","=""2640013""","Gender","Male",118,63.6,118,64.2,39,68.3
"Integrated Day Charter School District","=""2640013""","Grade","03",32,67.8,32,65.0,"N/A","N/A"
"Integrated Day Charter School District","=""2640013""","Grade","04",34,57.8,34,59.7,"N/A","N/A"
"Integrated Day Charter School District","=""2640013""","Grade","05",32,64.0,32,63.0,32,63.6
"Integrated Day Charter School District","=""2640013""","Grade","06",44,65.1,44,61.0,"N/A","N/A"
"Integrated Day Charter School District","=""2640013""","Grade","07",43,63.7,43,55.9,"N/A","N/A"
"Integrated Day Charter School District","=""2640013""","Grade","08",45,67.0,45,59.1,45,67.4
"Integrated Day Charter School District","=""2640013""","High Needs (F/R, EL or SWD)","High Needs",143,61.0,143,55.3,48,62.5
"Integrated Day Charter School District","=""2640013""","High Needs (F/R, EL or SWD)","Not High Needs",87,69.7,87,68.7,29,71.3
"Integrated Day Charter School District","=""2640013""","Free/Reduced Price Meal Eligibility (2-level)","Eligible For Free Or Reduced Price Meals",131,61.5,131,55.7,42,63.3
"Integrated Day Charter School District","=""2640013""","Free/Reduced Price Meal Eligibility (2-level)","Not Eligible For Free Or Reduced Price Meals",99,68.0,99,66.5,35,68.8
"Integrated Day Charter School District","=""2640013""","Race/Ethnicity","American Indian or Alaska Native","*","*","*","*","*","*"
"Integrated Day Charter School District","=""2640013""","Race/Ethnicity","Asian",28,73.8,28,76.6,13,"*"
"Integrated Day Charter School District","=""2640013""","Race/Ethnicity","Black or African American",30,62.9,30,52.4,8,"*"
"Integrated Day Charter School District","=""2640013""","Race/Ethnicity","Hispanic or Latino",57,55.7,57,47.5,16,"*"
"Integrated Day Charter School District","=""2640013""","Race/Ethnicity","Two or More Races","*","*","*","*","*","*"
"Integrated Day Charter School District","=""2640013""","Race/Ethnicity","White",93,66.6,93,64.6,32,65.5
"Integrated Day Charter School District","=""2640013""","Special Education Status (SWD)","Students with Disabilities",39,44.8,39,37.8,14,"*"
"Integrated Day Charter School District","=""2640013""","Special Education Status (SWD)","Students without Disabilities",191,68.3,191,65.0,63,70.3
"Interdistrict School for Arts and Comm District","=""2650013""","All Students","District",318,65.9,318,60.6,119,66.1
"Interdistrict School for Arts and Comm District","=""2650013""","English Language Learners (EL)","English Learners",79,60.6,79,57.5,31,64.4
"Interdistrict School for Arts and Comm District","=""2650013""","English Language Learners (EL)","Not English Learners",239,67.7,239,61.7,88,66.7
"Interdistrict School for Arts and Comm District","=""2650013""","Gender","Female",171,69.6,171,61.3,63,63.2
"Interdistrict School for Arts and Comm District","=""2650013""","Gender","Male","*","*","*","*",56,69.4
"Interdistrict School for Arts and Comm District","=""2650013""","Gender","Non-Binary","*","*","*","*","N/A","N/A"
"Interdistrict School for Arts and Comm District","=""2650013""","Grade","04",26,70.5,26,61.8,"N/A","N/A"
"Interdistrict School for Arts and Comm District","=""2650013""","Grade","05",27,70.1,27,68.9,27,74.9
"Interdistrict School for Arts and Comm District","=""2650013""","Grade","06",85,69.2,85,66.4,"N/A","N/A"
"Interdistrict School for Arts and Comm District","=""2650013""","Grade","07",88,66.4,88,55.8,"N/A","N/A"
"Interdistrict School for Arts and Comm District","=""2650013""","Grade","08",92,60.0,92,57.1,92,63.6
"Interdistrict School for Arts and Comm District","=""2650013""","High Needs (F/R, EL or SWD)","High Needs",233,61.9,233,56.5,91,62.6
"Interdistrict School for Arts and Comm District","=""2650013""","High Needs (F/R, EL or SWD)","Not High Needs",85,77.0,85,71.9,28,77.7
"Interdistrict School for Arts and Comm District","=""2650013""","Free/Reduced Price Meal Eligibility (2-level)","Eligible For Free Or Reduced Price Meals",198,62.6,198,56.7,80,62.8
"Interdistrict School for Arts and Comm District","=""2650013""","Free/Reduced Price Meal Eligibility (2-level)","Not Eligible For Free Or Reduced Price Meals",120,71.5,120,67.1,39,73.0
"Interdistrict School for Arts and Comm District","=""2650013""","Race/Ethnicity","American Indian or Alaska Native","*","*","*","*","N/A","N/A"
"Interdistrict School for Arts and Comm District","=""2650013""","Race/Ethnicity","Asian","*","*","*","*","*","*"
"Interdistrict School for Arts and Comm District","=""2650013""","Race/Ethnicity","Black or African American",37,61.3,37,54.6,20,59.2
"Interdistrict School for Arts and Comm District","=""2650013""","Race/Ethnicity","Hispanic or Latino",188,62.5,188,57.5,74,64.8
"Interdistrict School for Arts and Comm District","=""2650013""","Race/Ethnicity","Two or More Races",39,66.5,39,59.5,"*","*"
"Interdistrict School for Arts and Comm District","=""2650013""","Race/Ethnicity","White",49,81.0,49,76.1,13,"*"
"Interdistrict School for Arts and Comm District","=""2650013""","Special Education Status (SWD)","Students with Disabilities",69,50.5,69,45.3,26,50.6
"Interdistrict School for Arts and Comm District","=""2650013""","Special Education Status (SWD)","Students without Disabilities",249,70.2,249,64.9,93,70.5
"Common Ground High School District","=""2680013""","All Students","District",47,46.6,47,37.8,43,53.8
"Common Ground High School District","=""2680013""","English Language Learners (EL)","English Learners","*","*","*","*","*","*"
"Common Ground High School District","=""2680013""","English Language Learners (EL)","Not English Learners","*","*","*","*","*","*"
"Common Ground High School District","=""2680013""","Gender","Female",22,43.2,22,35.6,20,55.0
"Common Ground High School District","=""2680013""","Gender","Male",25,49.6,25,39.8,23,52.8
"Common Ground High School District","=""2680013""","Grade","11",47,46.6,47,37.8,43,53.8
"Common Ground High School District","=""2680013""","High Needs (F/R, EL or SWD)","High Needs",32,41.5,32,33.4,28,49.8
"Common Ground High School District","=""2680013""","High Needs (F/R, EL or SWD)","Not High Needs",15,"*",15,"*",15,"*"
"Common Ground High School District","=""2680013""","Free/Reduced Price Meal Eligibility (2-level)","Eligible For Free Or Reduced Price Meals",25,40.1,25,33.6,21,48.8
"Common Ground High School District","=""2680013""","Free/Reduced Price Meal Eligibility (2-level)","Not Eligible For Free Or Reduced Price Meals",22,53.9,22,42.7,22,58.6
"Common Ground High School District","=""2680013""","Race/Ethnicity","Black or African American",16,"*",16,"*",15,"*"
"Common Ground High School District","=""2680013""","Race/Ethnicity","Hispanic or Latino",21,47.3,21,37.0,20,55.7
"Common Ground High School District","=""2680013""","Race/Ethnicity","Two or More Races","*","*","*","*","*","*"
"Common Ground High School District","=""2680013""","Race/Ethnicity","White","*","*","*","*","*","*"
"Common Ground High School District","=""2680013""","Special Education Status (SWD)","Students with Disabilities",16,"*",16,"*",14,"*"
"Common Ground High School District","=""2680013""","Special Education Status (SWD)","Students without Disabilities",31,49.3,31,42.7,29,55.9
"The Bridge Academy District","=""2690013""","All Students","District",141,55.8,141,49.7,92,53.3
"The Bridge Academy District","=""2690013""","English Language Learners (EL)","English Learners",27,49.9,27,50.5,18,"*"
"The Bridge Academy District","=""2690013""","English Language Learners (EL)","Not English Learners",114,57.2,114,49.5,74,53.9
"The Bridge Academy District","=""2690013""","Gender","Female",71,57.3,71,49.3,51,54.8
"The Bridge Academy District","=""2690013""","Gender","Male",70,54.3,70,50.1,41,51.4
"The Bridge Academy District","=""2690013""","Grade","07",49,60.6,49,53.5,"N/A","N/A"
"The Bridge Academy District","=""2690013""","Grade","08",47,59.6,47,50.7,47,55.1
"The Bridge Academy District","=""2690013""","Grade","11",45,46.6,45,44.5,45,51.4
"The Bridge Academy District","=""2690013""","High Needs (F/R, EL or SWD)","High Needs",124,54.5,124,48.7,79,51.3
"The Bridge Academy District","=""2690013""","High Needs (F/R, EL or SWD)","Not High Needs",17,"*",17,"*",13,"*"
"The Bridge Academy District","=""2690013""","Free/Reduced Price Meal Eligibility (2-level)","Eligible For Free Or Reduced Price Meals",115,56.0,115,49.4,73,52.5
"The Bridge Academy District","=""2690013""","Free/Reduced Price Meal Eligibility (2-level)","Not Eligible For Free Or Reduced Price Meals",26,54.8,26,50.8,19,"*"
"The Bridge Academy District","=""2690013""","Race/Ethnicity","American Indian or Alaska Native","*","*","*","*","*","*"
"The Bridge Academy District","=""2690013""","Race/Ethnicity","Asian","*","*","*","*","*","*"
"The Bridge Academy District","=""2690013""","Race/Ethnicity","Black or African American",64,54.1,64,47.2,43,51.9
"The Bridge Academy District","=""2690013""","Race/Ethnicity","Hispanic or Latino",71,57.3,71,51.1,45,54.8
"The Bridge Academy District","=""2690013""","Race/Ethnicity","Native Hawaiian or Other Pacific Islander","*","*","*","*","*","*"
"The Bridge Academy District","=""2690013""","Race/Ethnicity","Two or More Races","*","*","*","*","N/A","N/A"
"The Bridge Academy District","=""2690013""","Special Education Status (SWD)","Students with Disabilities",21,45.7,21,36.8,13,"*"
"The Bridge Academy District","=""2690013""","Special Education Status (SWD)","Students without Disabilities",120,57.6,120,52.0,79,56.0
"Side By Side Charter School District","=""2700013""","All Students","District",129,63.3,129,63.8,43,60.5
"Side By Side Charter School District","=""2700013""","English Language Learners (EL)","English Learners",34,50.3,34,53.3,11,"*"
"Side By Side Charter School District","=""2700013""","English Language Learners (EL)","Not English Learners",95,67.9,95,67.5,32,63.8
"Side By Side Charter School District","=""2700013""","Gender","Female",66,65.9,66,63.5,21,60.5
"Side By Side Charter School District","=""2700013""","Gender","Male",63,60.6,63,64.0,22,60.5
"Side By Side Charter School District","=""2700013""","Grade","03",22,61.3,22,60.2,"N/A","N/A"
"Side By Side Charter School District","=""2700013""","Grade","04",21,61.3,21,59.8,"N/A","N/A"
"Side By Side Charter School District","=""2700013""","Grade","05",22,59.3,22,63.3,22,57.4
"Side By Side Charter School District","=""2700013""","Grade","06",23,66.1,23,64.7,"N/A","N/A"
"Side By Side Charter School District","=""2700013""","Grade","07",20,64.4,20,66.8,"N/A","N/A"
"Side By Side Charter School District","=""2700013""","Grade","08",21,67.3,21,68.0,21,63.8
"Side By Side Charter School District","=""2700013""","High Needs (F/R, EL or SWD)","High Needs",89,58.7,89,59.5,32,58.2
"Side By Side Charter School District","=""2700013""","High Needs (F/R, EL or SWD)","Not High Needs",40,73.6,40,73.2,11,"*"
"Side By Side Charter School District","=""2700013""","Free/Reduced Price Meal Eligibility (2-level)","Eligible For Free Or Reduced Price Meals",80,59.7,80,60.4,30,59.1
"Side By Side Charter School District","=""2700013""","Free/Reduced Price Meal Eligibility (2-level)","Not Eligible For Free Or Reduced Price Meals",49,69.1,49,69.3,13,"*"
"Side By Side Charter School District","=""2700013""","Race/Ethnicity","Asian","*","*","*","*","*","*"
"Side By Side Charter School District","=""2700013""","Race/Ethnicity","Black or African American",30,57.3,30,57.6,12,"*"
"Side By Side Charter School District","=""2700013""","Race/Ethnicity","Hispanic or Latino",82,62.9,82,64.2,24,61.3
"Side By Side Charter School District","=""2700013""","Race/Ethnicity","Two or More Races",8,"*",8,"*","*","*"
"Side By Side Charter School District","=""2700013""","Race/Ethnicity","White","*","*","*","*","*","*"
"Side By Side Charter School District","=""2700013""","Special Education Status (SWD)","Students with Disabilities",13,"*",13,"*","*","*"
"Side By Side Charter School District","=""2700013""","Special Education Status (SWD)","Students without Disabilities",116,65.5,116,66.0,"*","*"
"Explorations District","=""2720013""","All Students","District",19,"*",19,"*",18,"*"
"Explorations District","=""2720013""","English Language Learners (EL)","Not English Learners",19,"*",19,"*",18,"*"
"Explorations District","=""2720013""","Gender","Female",7,"*",7,"*",6,"*"
"Explorations District","=""2720013""","Gender","Male",12,"*",12,"*",12,"*"
"Explorations District","=""2720013""","Grade","11",19,"*",19,"*",18,"*"
"Explorations District","=""2720013""","High Needs (F/R, EL or SWD)","High Needs","*","*","*","*","*","*"
"Explorations District","=""2720013""","High Needs (F/R, EL or SWD)","Not High Needs","*","*","*","*","*","*"
"Explorations District","=""2720013""","Free/Reduced Price Meal Eligibility (2-level)","Eligible For Free Or Reduced Price Meals",10,"*",10,"*",9,"*"
"Explorations District","=""2720013""","Free/Reduced Price Meal Eligibility (2-level)","Not Eligible For Free Or Reduced Price Meals",9,"*",9,"*",9,"*"
"Explorations District","=""2720013""","Race/Ethnicity","Black or African American","*","*","*","*","*","*"
"Explorations District","=""2720013""","Race/Ethnicity","Hispanic or Latino","*","*","*","*","*","*"
"Explorations District","=""2720013""","Race/Ethnicity","Two or More Races","*","*","*","*","*","*"
"Explorations District","=""2720013""","Race/Ethnicity","White",15,"*",15,"*",14,"*"
"Explorations District","=""2720013""","Special Education Status (SWD)","Students with Disabilities",7,"*",7,"*",6,"*"
"Explorations District","=""2720013""","Special Education Status (SWD)","Students without Disabilities",12,"*",12,"*",12,"*"
"Amistad Academy District","=""2790013""","All Students","District",582,56.8,580,50.8,227,52.4
"Amistad Academy District","=""2790013""","English Language Learners (EL)","English Learners",99,55.0,99,51.8,33,55.5
"Amistad Academy District","=""2790013""","English Language Learners (EL)","Not English Learners",483,57.1,481,50.6,194,51.8
"Amistad Academy District","=""2790013""","Gender","Female",312,57.7,311,50.5,125,50.1
"Amistad Academy District","=""2790013""","Gender","Male",270,55.6,269,51.1,102,55.1
"Amistad Academy District","=""2790013""","Grade","03",89,52.2,89,50.7,"N/A","N/A"
"Amistad Academy District","=""2790013""","Grade","04",91,59.8,90,53.8,"N/A","N/A"
"Amistad Academy District","=""2790013""","Grade","05",92,53.8,92,54.5,92,55.8
"Amistad Academy District","=""2790013""","Grade","06",83,62.6,83,57.8,"N/A","N/A"
"Amistad Academy District","=""2790013""","Grade","07",95,60.3,94,50.1,"N/A","N/A"
"Amistad Academy District","=""2790013""","Grade","08",83,57.1,83,43.0,83,54.2
"Amistad Academy District","=""2790013""","Grade","11",49,47.7,49,41.2,52,43.3
"Amistad Academy District","=""2790013""","High Needs (F/R, EL or SWD)","High Needs",498,55.0,496,49.2,192,50.8
"Amistad Academy District","=""2790013""","High Needs (F/R, EL or SWD)","Not High Needs",84,67.2,84,60.2,35,60.8
"Amistad Academy District","=""2790013""","Free/Reduced Price Meal Eligibility (2-level)","Eligible For Free Or Reduced Price Meals",477,55.5,475,49.6,186,51.3
"Amistad Academy District","=""2790013""","Free/Reduced Price Meal Eligibility (2-level)","Not Eligible For Free Or Reduced Price Meals",105,62.2,105,56.4,41,57.0
"Amistad Academy District","=""2790013""","Race/Ethnicity","American Indian or Alaska Native","*","*","*","*","*","*"
"Amistad Academy District","=""2790013""","Race/Ethnicity","Asian",8,"*",8,"*","*","*"
"Amistad Academy District","=""2790013""","Race/Ethnicity","Black or African American",357,57.0,357,49.5,140,52.2
"Amistad Academy District","=""2790013""","Race/Ethnicity","Hispanic or Latino",200,56.6,198,53.8,76,53.6
"Amistad Academy District","=""2790013""","Race/Ethnicity","Two or More Races",9,"*",9,"*","*","*"
"Amistad Academy District","=""2790013""","Race/Ethnicity","White","*","*","*","*","*","*"
"Amistad Academy District","=""2790013""","Special Education Status (SWD)","Students with Disabilities",55,33.9,54,32.3,24,37.1
"Amistad Academy District","=""2790013""","Special Education Status (SWD)","Students without Disabilities",527,59.1,526,52.7,203,54.2
"New Beginnings Inc Family Academy District","=""2800013""","All Students","District",137,55.0,137,47.1,31,44.8
"New Beginnings Inc Family Academy District","=""2800013""","English Language Learners (EL)","English Learners",30,52.5,30,48.4,7,"*"
"New Beginnings Inc Family Academy District","=""2800013""","English Language Learners (EL)","Not English Learners",107,55.7,107,46.7,24,44.6
"New Beginnings Inc Family Academy District","=""2800013""","Gender","Female",66,57.0,66,44.9,15,"*"
"New Beginnings Inc Family Academy District","=""2800013""","Gender","Male",71,53.1,71,49.1,16,"*"
"New Beginnings Inc Family Academy District","=""2800013""","Grade","03",56,53.6,56,42.0,"N/A","N/A"
"New Beginnings Inc Family Academy District","=""2800013""","Grade","04",33,67.6,33,65.5,"N/A","N/A"
"New Beginnings Inc Family Academy District","=""2800013""","Grade","05",31,44.4,31,37.8,31,44.8
"New Beginnings Inc Family Academy District","=""2800013""","Grade","06",17,"*",17,"*","N/A","N/A"
"New Beginnings Inc Family Academy District","=""2800013""","High Needs (F/R, EL or SWD)","High Needs",115,52.8,115,46.1,"*","*"
"New Beginnings Inc Family Academy District","=""2800013""","High Needs (F/R, EL or SWD)","Not High Needs",22,66.3,22,52.4,"*","*"
"New Beginnings Inc Family Academy District","=""2800013""","Free/Reduced Price Meal Eligibility (2-level)","Eligible For Free Or Reduced Price Meals",95,52.9,95,45.6,24,43.2
"New Beginnings Inc Family Academy District","=""2800013""","Free/Reduced Price Meal Eligibility (2-level)","Not Eligible For Free Or Reduced Price Meals",42,59.8,42,50.3,7,"*"
"New Beginnings Inc Family Academy District","=""2800013""","Race/Ethnicity","Black or African American","*","*","*","*",14,"*"
"New Beginnings Inc Family Academy District","=""2800013""","Race/Ethnicity","Hispanic or Latino",66,55.6,66,49.9,17,"*"
"New Beginnings Inc Family Academy District","=""2800013""","Race/Ethnicity","Two or More Races","*","*","*","*","N/A","N/A"
"New Beginnings Inc Family Academy District","=""2800013""","Special Education Status (SWD)","Students with Disabilities",25,46.9,25,36.9,"*","*"
"New Beginnings Inc Family Academy District","=""2800013""","Special Education Status (SWD)","Students without Disabilities",112,56.8,112,49.3,"*","*"
"Park City Prep Charter School District","=""2830013""","All Students","District",410,64.3,410,57.2,174,59.2
"Park City Prep Charter School District","=""2830013""","English Language Learners (EL)","English Learners",123,58.6,123,55.1,55,55.5
"Park City Prep Charter School District","=""2830013""","English Language Learners (EL)","Not English Learners",287,66.7,287,58.1,119,60.9
"Park City Prep Charter School District","=""2830013""","Gender","Female",207,65.8,207,55.7,92,58.7
"Park City Prep Charter School District","=""2830013""","Gender","Male",203,62.7,203,58.7,82,59.8
"Park City Prep Charter School District","=""2830013""","Grade","04",68,65.5,68,56.6,"N/A","N/A"
"Park City Prep Charter School District","=""2830013""","Grade","05",93,63.3,93,57.7,93,56.7
"Park City Prep Charter School District","=""2830013""","Grade","06",90,58.7,90,50.1,"N/A","N/A"
"Park City Prep Charter School District","=""2830013""","Grade","07",78,68.4,78,63.4,"N/A","N/A"
"Park City Prep Charter School District","=""2830013""","Grade","08",81,66.5,81,59.0,81,62.0
"Park City Prep Charter School District","=""2830013""","High Needs (F/R, EL or SWD)","High Needs",326,62.2,326,55.7,137,57.1
"Park City Prep Charter School District","=""2830013""","High Needs (F/R, EL or SWD)","Not High Needs",84,72.1,84,62.8,37,67.1
"Park City Prep Charter School District","=""2830013""","Free/Reduced Price Meal Eligibility (2-level)","Eligible For Free Or Reduced Price Meals",284,63.3,284,56.8,119,58.1
"Park City Prep Charter School District","=""2830013""","Free/Reduced Price Meal Eligibility (2-level)","Not Eligible For Free Or Reduced Price Meals",126,66.4,126,58.2,55,61.5
"Park City Prep Charter School District","=""2830013""","Race/Ethnicity","American Indian or Alaska Native","*","*","*","*","*","*"
"Park City Prep Charter School District","=""2830013""","Race/Ethnicity","Asian","*","*","*","*","N/A","N/A"
"Park City Prep Charter School District","=""2830013""","Race/Ethnicity","Black or African American",154,65.9,154,56.1,70,56.2
"Park City Prep Charter School District","=""2830013""","Race/Ethnicity","Hispanic or Latino",218,63.5,218,57.8,90,61.8
"Park City Prep Charter School District","=""2830013""","Race/Ethnicity","Two or More Races",8,"*",8,"*","*","*"
"Park City Prep Charter School District","=""2830013""","Race/Ethnicity","White",23,61.7,23,58.0,7,"*"
"Park City Prep Charter School District","=""2830013""","Special Education Status (SWD)","Students with Disabilities",41,43.0,41,33.8,19,"*"
"Park City Prep Charter School District","=""2830013""","Special Education Status (SWD)","Students without Disabilities",369,66.6,369,59.8,155,61.9
"Achievement First Bridgeport Academy District","=""2850013""","All Students","District",578,61.7,576,51.6,227,55.1
"Achievement First Bridgeport Academy District","=""2850013""","English Language Learners (EL)","English Learners",112,60.8,112,51.2,49,56.1
"Achievement First Bridgeport Academy District","=""2850013""","English Language Learners (EL)","Not English Learners",466,61.9,464,51.7,178,54.8
"Achievement First Bridgeport Academy District","=""2850013""","Gender","Female",274,61.2,272,50.0,102,55.2
"Achievement First Bridgeport Academy District","=""2850013""","Gender","Male",304,62.1,304,53.1,125,55.0
"Achievement First Bridgeport Academy District","=""2850013""","Grade","03",93,59.3,93,61.8,"N/A","N/A"
"Achievement First Bridgeport Academy District","=""2850013""","Grade","04",88,64.9,87,55.1,"N/A","N/A"
"Achievement First Bridgeport Academy District","=""2850013""","Grade","05",85,59.8,85,53.3,85,55.9
"Achievement First Bridgeport Academy District","=""2850013""","Grade","06",82,58.9,81,47.2,"N/A","N/A"
"Achievement First Bridgeport Academy District","=""2850013""","Grade","07",91,66.9,91,50.0,"N/A","N/A"
"Achievement First Bridgeport Academy District","=""2850013""","Grade","08",88,71.3,88,50.6,88,62.4
"Achievement First Bridgeport Academy District","=""2850013""","Grade","11",51,42.3,51,36.2,54,41.8
"Achievement First Bridgeport Academy District","=""2850013""","High Needs (F/R, EL or SWD)","High Needs",488,60.9,486,50.7,188,55.0
"Achievement First Bridgeport Academy District","=""2850013""","High Needs (F/R, EL or SWD)","Not High Needs",90,65.8,90,56.5,39,55.3
"Achievement First Bridgeport Academy District","=""2850013""","Free/Reduced Price Meal Eligibility (2-level)","Eligible For Free Or Reduced Price Meals",466,60.9,464,50.9,178,55.5
"Achievement First Bridgeport Academy District","=""2850013""","Free/Reduced Price Meal Eligibility (2-level)","Not Eligible For Free Or Reduced Price Meals",112,64.9,112,54.7,49,53.7
"Achievement First Bridgeport Academy District","=""2850013""","Race/Ethnicity","American Indian or Alaska Native","*","*","*","*","N/A","N/A"
"Achievement First Bridgeport Academy District","=""2850013""","Race/Ethnicity","Asian",7,"*",7,"*","*","*"
"Achievement First Bridgeport Academy District","=""2850013""","Race/Ethnicity","Black or African American",299,60.9,298,50.9,117,51.9
"Achievement First Bridgeport Academy District","=""2850013""","Race/Ethnicity","Hispanic or Latino",257,62.3,256,52.1,102,58.0
"Achievement First Bridgeport Academy District","=""2850013""","Race/Ethnicity","Two or More Races",8,"*",8,"*","*","*"
"Achievement First Bridgeport Academy District","=""2850013""","Race/Ethnicity","White","*","*","*","*","*","*"
"Achievement First Bridgeport Academy District","=""2850013""","Special Education Status (SWD)","Students with Disabilities",77,43.9,77,34.1,25,36.0
"Achievement First Bridgeport Academy District","=""2850013""","Special Education Status (SWD)","Students without Disabilities",501,64.4,499,54.3,202,57.4
"Highville Charter School District","=""2860013""","All Students","District",248,53.7,248,50.7,85,50.4
"Highville Charter School District","=""2860013""","English Language Learners (EL)","English Learners",6,"*",6,"*","*","*"
"Highville Charter School District","=""2860013""","English Language Learners (EL)","Not English Learners",242,53.9,242,50.9,"*","*"
"Highville Charter School District","=""2860013""","Gender","Female",146,54.5,146,50.0,57,50.3
"Highville Charter School District","=""2860013""","Gender","Male",102,52.7,102,51.5,28,50.5
"Highville Charter School District","=""2860013""","Grade","03",37,61.0,37,59.4,"N/A","N/A"
"Highville Charter School District","=""2860013""","Grade","04",49,53.2,49,52.8,"N/A","N/A"
"Highville Charter School District","=""2860013""","Grade","05",39,51.9,39,54.7,38,47.5
"Highville Charter School District","=""2860013""","Grade","06",43,53.5,43,46.8,"N/A","N/A"
"Highville Charter School District","=""2860013""","Grade","07",33,49.4,33,45.5,"N/A","N/A"
"Highville Charter School District","=""2860013""","Grade","08",37,56.0,37,47.1,37,52.3
"Highville Charter School District","=""2860013""","Grade","11",10,"*",10,"*",10,"*"
"Highville Charter School District","=""2860013""","High Needs (F/R, EL or SWD)","High Needs",177,51.1,177,47.7,60,48.4
"Highville Charter School District","=""2860013""","High Needs (F/R, EL or SWD)","Not High Needs",71,60.3,71,58.1,25,55.2
"Highville Charter School District","=""2860013""","Free/Reduced Price Meal Eligibility (2-level)","Eligible For Free Or Reduced Price Meals",160,52.2,160,48.8,55,48.7
"Highville Charter School District","=""2860013""","Free/Reduced Price Meal Eligibility (2-level)","Not Eligible For Free Or Reduced Price Meals",88,56.6,88,54.1,30,53.5
"Highville Charter School District","=""2860013""","Race/Ethnicity","American Indian or Alaska Native","*","*","*","*","*","*"
"Highville Charter School District","=""2860013""","Race/Ethnicity","Black or African American",207,53.6,207,50.5,72,49.4
"Highville Charter School District","=""2860013""","Race/Ethnicity","Hispanic or Latino",34,54.6,34,51.9,"*","*"
"Highville Charter School District","=""2860013""","Race/Ethnicity","Two or More Races","*","*","*","*","N/A","N/A"
"Highville Charter School District","=""2860013""","Special Education Status (SWD)","Students with Disabilities",36,38.4,36,34.4,12,"*"
"Highville Charter School District","=""2860013""","Special Education Status (SWD)","Students without Disabilities",212,56.3,212,53.4,73,52.8
"Achievement First Hartford Academy District","=""2880013""","All Students","District",505,60.2,505,49.4,185,50.4
"Achievement First Hartford Academy District","=""2880013""","English Language Learners (EL)","English Learners",38,52.5,39,40.5,14,"*"
"Achievement First Hartford Academy District","=""2880013""","English Language Learners (EL)","Not English Learners",467,60.9,466,50.2,171,50.7
"Achievement First Hartford Academy District","=""2880013""","Gender","Female","*","*","*","*",98,51.0
"Achievement First Hartford Academy District","=""2880013""","Gender","Male",257,59.1,256,51.4,"*","*"
"Achievement First Hartford Academy District","=""2880013""","Gender","Non-Binary","*","*","*","*","*","*"
"Achievement First Hartford Academy District","=""2880013""","Grade","03",81,60.0,81,52.8,"N/A","N/A"
"Achievement First Hartford Academy District","=""2880013""","Grade","04",73,67.6,74,59.7,"N/A","N/A"
"Achievement First Hartford Academy District","=""2880013""","Grade","05",61,60.8,61,57.5,61,50.1
"Achievement First Hartford Academy District","=""2880013""","Grade","06",80,63.8,80,52.0,"N/A","N/A"
"Achievement First Hartford Academy District","=""2880013""","Grade","07",86,61.0,86,41.0,"N/A","N/A"
"Achievement First Hartford Academy District","=""2880013""","Grade","08",80,57.4,79,44.6,80,54.5
"Achievement First Hartford Academy District","=""2880013""","Grade","11",44,45.0,44,34.9,44,43.2
"Achievement First Hartford Academy District","=""2880013""","High Needs (F/R, EL or SWD)","High Needs",447,59.7,447,49.0,160,50.2
"Achievement First Hartford Academy District","=""2880013""","High Needs (F/R, EL or SWD)","Not High Needs",58,64.6,58,52.5,25,51.5
"Achievement First Hartford Academy District","=""2880013""","Free/Reduced Price Meal Eligibility (2-level)","Eligible For Free Or Reduced Price Meals",437,59.9,437,49.4,156,50.2
"Achievement First Hartford Academy District","=""2880013""","Free/Reduced Price Meal Eligibility (2-level)","Not Eligible For Free Or Reduced Price Meals",68,62.3,68,49.7,29,51.3
"Achievement First Hartford Academy District","=""2880013""","Race/Ethnicity","American Indian or Alaska Native",9,"*",9,"*","*","*"
"Achievement First Hartford Academy District","=""2880013""","Race/Ethnicity","Black or African American",372,61.8,371,50.5,132,50.6
"Achievement First Hartford Academy District","=""2880013""","Race/Ethnicity","Hispanic or Latino",114,55.1,115,45.3,47,47.6
"Achievement First Hartford Academy District","=""2880013""","Race/Ethnicity","Two or More Races","*","*","*","*","*","*"
"Achievement First Hartford Academy District","=""2880013""","Race/Ethnicity","White","*","*","*","*","*","*"
"Achievement First Hartford Academy District","=""2880013""","Special Education Status (SWD)","Students with Disabilities",70,42.4,69,34.4,19,"*"
"Achievement First Hartford Academy District","=""2880013""","Special Education Status (SWD)","Students without Disabilities",435,63.1,436,51.8,166,51.9
"Elm City College Preparatory School District","=""2890013""","All Students","District",404,54.7,404,50.1,152,48.6
"Elm City College Preparatory School District","=""2890013""","English Language Learners (EL)","English Learners",75,56.8,75,57.6,18,"*"
"Elm City College Preparatory School District","=""2890013""","English Language Learners (EL)","Not English Learners",329,54.2,329,48.4,134,47.9
"Elm City College Preparatory School District","=""2890013""","Gender","Female",215,55.8,215,48.8,83,49.6
"Elm City College Preparatory School District","=""2890013""","Gender","Male",189,53.3,189,51.7,69,47.5
"Elm City College Preparatory School District","=""2890013""","Grade","03",65,53.2,65,56.1,"N/A","N/A"
"Elm City College Preparatory School District","=""2890013""","Grade","04",68,58.2,68,61.6,"N/A","N/A"
"Elm City College Preparatory School District","=""2890013""","Grade","05",68,54.8,68,48.6,68,50.5
"Elm City College Preparatory School District","=""2890013""","Grade","06",64,52.8,64,39.3,"N/A","N/A"
"Elm City College Preparatory School District","=""2890013""","Grade","07",63,56.6,63,51.7,"N/A","N/A"
"Elm City College Preparatory School District","=""2890013""","Grade","08",50,59.3,50,49.8,50,53.2
"Elm City College Preparatory School District","=""2890013""","Grade","11",26,39.6,26,32.8,34,38.1
"Elm City College Preparatory School District","=""2890013""","High Needs (F/R, EL or SWD)","High Needs",367,53.9,367,49.2,138,49.2
"Elm City College Preparatory School District","=""2890013""","High Needs (F/R, EL or SWD)","Not High Needs",37,62.4,37,59.7,14,"*"
"Elm City College Preparatory School District","=""2890013""","Free/Reduced Price Meal Eligibility (2-level)","Eligible For Free Or Reduced Price Meals",350,53.9,350,49.0,136,49.5
"Elm City College Preparatory School District","=""2890013""","Free/Reduced Price Meal Eligibility (2-level)","Not Eligible For Free Or Reduced Price Meals",54,59.7,54,57.8,16,"*"
"Elm City College Preparatory School District","=""2890013""","Race/Ethnicity","Black or African American",236,53.4,236,46.7,101,46.5
"Elm City College Preparatory School District","=""2890013""","Race/Ethnicity","Hispanic or Latino",160,56.5,160,55.2,49,52.5
"Elm City College Preparatory School District","=""2890013""","Race/Ethnicity","Two or More Races","*","*","*","*","*","*"
"Elm City College Preparatory School District","=""2890013""","Race/Ethnicity","White","*","*","*","*","*","*"
"Elm City College Preparatory School District","=""2890013""","Special Education Status (SWD)","Students with Disabilities",52,45.2,52,42.6,17,"*"
"Elm City College Preparatory School District","=""2890013""","Special Education Status (SWD)","Students without Disabilities",352,56.1,352,51.3,135,48.9
"Brass City Charter School District","=""2900013""","All Students","District",243,66.3,242,58.8,81,57.2
"Brass City Charter School District","=""2900013""","English Language Learners (EL)","English Learners",16,"*",16,"*","*","*"
"Brass City Charter School District","=""2900013""","English Language Learners (EL)","Not English Learners",227,67.1,226,59.6,"*","*"
"Brass City Charter School District","=""2900013""","Gender","Female",127,65.5,126,55.8,40,53.9
"Brass City Charter School District","=""2900013""","Gender","Male",116,67.2,116,62.0,41,60.4
"Brass City Charter School District","=""2900013""","Grade","03",39,65.9,39,61.0,"N/A","N/A"
"Brass City Charter School District","=""2900013""","Grade","04",40,71.5,40,67.8,"N/A","N/A"
"Brass City Charter School District","=""2900013""","Grade","05",41,75.1,41,65.9,41,62.9
"Brass City Charter School District","=""2900013""","Grade","06",39,57.2,39,48.6,"N/A","N/A"
"Brass City Charter School District","=""2900013""","Grade","07",43,64.8,43,58.7,"N/A","N/A"
"Brass City Charter School District","=""2900013""","Grade","08",41,63.0,40,50.3,40,51.4
"Brass City Charter School District","=""2900013""","High Needs (F/R, EL or SWD)","High Needs",193,63.5,192,56.0,68,56.5
"Brass City Charter School District","=""2900013""","High Needs (F/R, EL or SWD)","Not High Needs",50,77.1,50,69.3,13,"*"
"Brass City Charter School District","=""2900013""","Free/Reduced Price Meal Eligibility (2-level)","Eligible For Free Or Reduced Price Meals",173,64.3,172,56.9,61,56.5
"Brass City Charter School District","=""2900013""","Free/Reduced Price Meal Eligibility (2-level)","Not Eligible For Free Or Reduced Price Meals",70,71.3,70,63.4,20,59.3
"Brass City Charter School District","=""2900013""","Race/Ethnicity","Asian","*","*","*","*","*","*"
"Brass City Charter School District","=""2900013""","Race/Ethnicity","Black or African American",81,67.6,81,55.8,29,57.8
"Brass City Charter School District","=""2900013""","Race/Ethnicity","Hispanic or Latino",128,65.6,128,59.6,37,58.2
"Brass City Charter School District","=""2900013""","Race/Ethnicity","Two or More Races",17,"*",17,"*",9,"*"
"Brass City Charter School District","=""2900013""","Race/Ethnicity","White","*","*","*","*","*","*"
"Brass City Charter School District","=""2900013""","Special Education Status (SWD)","Students with Disabilities",50,48.9,49,39.6,14,"*"
"Brass City Charter School District","=""2900013""","Special Education Status (SWD)","Students without Disabilities",193,70.8,193,63.7,67,58.7
"Elm City Montessori School District","=""2910013""","All Students","District",135,62.5,135,51.9,42,54.4
"Elm City Montessori School District","=""2910013""","English Language Learners (EL)","English Learners",6,"*",6,"*","*","*"
"Elm City Montessori School District","=""2910013""","English Language Learners (EL)","Not English Learners",129,62.9,129,52.6,"*","*"
"Elm City Montessori School District","=""2910013""","Gender","Female",75,61.6,75,48.8,22,50.8
"Elm City Montessori School District","=""2910013""","Gender","Male",60,63.5,60,55.8,20,58.4
"Elm City Montessori School District","=""2910013""","Grade","03",29,63.2,29,51.0,"N/A","N/A"
"Elm City Montessori School District","=""2910013""","Grade","04",34,64.7,34,53.1,"N/A","N/A"
"Elm City Montessori School District","=""2910013""","Grade","05",26,55.6,26,47.6,26,51.9
"Elm City Montessori School District","=""2910013""","Grade","06",17,"*",17,"*","N/A","N/A"
"Elm City Montessori School District","=""2910013""","Grade","07",13,"*",13,"*","N/A","N/A"
"Elm City Montessori School District","=""2910013""","Grade","08",16,"*",16,"*",16,"*"
"Elm City Montessori School District","=""2910013""","High Needs (F/R, EL or SWD)","High Needs",76,51.5,76,40.8,24,45.5
"Elm City Montessori School District","=""2910013""","High Needs (F/R, EL or SWD)","Not High Needs",59,76.6,59,66.3,18,"*"
"Elm City Montessori School District","=""2910013""","Free/Reduced Price Meal Eligibility (2-level)","Eligible For Free Or Reduced Price Meals",59,48.6,59,39.4,18,"*"
"Elm City Montessori School District","=""2910013""","Free/Reduced Price Meal Eligibility (2-level)","Not Eligible For Free Or Reduced Price Meals",76,73.2,76,61.6,24,62.5
"Elm City Montessori School District","=""2910013""","Race/Ethnicity","Asian","*","*","*","*","N/A","N/A"
"Elm City Montessori School District","=""2910013""","Race/Ethnicity","Black or African American",31,47.9,31,35.4,12,"*"
"Elm City Montessori School District","=""2910013""","Race/Ethnicity","Hispanic or Latino",44,58.2,44,48.9,14,"*"
"Elm City Montessori School District","=""2910013""","Race/Ethnicity","Two or More Races","*","*","*","*",7,"*"
"Elm City Montessori School District","=""2910013""","Race/Ethnicity","White",41,77.6,41,65.0,9,"*"
"Elm City Montessori School District","=""2910013""","Special Education Status (SWD)","Students with Disabilities",38,46.3,38,33.8,15,"*"
"Elm City Montessori School District","=""2910013""","Special Education Status (SWD)","Students without Disabilities",97,68.8,97,59.1,27,61.6
"Great Oaks Charter School District","=""2940013""","All Students","District",320,48.1,317,36.6,175,44.5
"Great Oaks Charter School District","=""2940013""","English Language Learners (EL)","English Learners",79,41.0,77,35.2,41,40.4
"Great Oaks Charter School District","=""2940013""","English Language Learners (EL)","Not English Learners",241,50.5,240,37.1,134,45.7
"Great Oaks Charter School District","=""2940013""","Gender","Female",159,49.7,158,35.4,91,42.8
"Great Oaks Charter School District","=""2940013""","Gender","Male",161,46.5,159,37.9,84,46.3
"Great Oaks Charter School District","=""2940013""","Grade","06",50,53.8,50,40.0,"N/A","N/A"
"Great Oaks Charter School District","=""2940013""","Grade","07",99,49.4,95,38.4,"N/A","N/A"
"Great Oaks Charter School District","=""2940013""","Grade","08",96,51.0,97,36.7,97,46.1
"Great Oaks Charter School District","=""2940013""","Grade","11",75,39.0,75,32.0,78,42.5
"Great Oaks Charter School District","=""2940013""","High Needs (F/R, EL or SWD)","High Needs",269,47.1,268,35.9,147,44.3
"Great Oaks Charter School District","=""2940013""","High Needs (F/R, EL or SWD)","Not High Needs",51,53.6,49,40.6,28,45.6
"Great Oaks Charter School District","=""2940013""","Free/Reduced Price Meal Eligibility (2-level)","Eligible For Free Or Reduced Price Meals",238,48.6,237,37.1,132,45.3
"Great Oaks Charter School District","=""2940013""","Free/Reduced Price Meal Eligibility (2-level)","Not Eligible For Free Or Reduced Price Meals",82,46.8,80,35.3,43,42.0
"Great Oaks Charter School District","=""2940013""","Race/Ethnicity","American Indian or Alaska Native","*","*","*","*","N/A","N/A"
"Great Oaks Charter School District","=""2940013""","Race/Ethnicity","Asian","*","*","*","*","*","*"
"Great Oaks Charter School District","=""2940013""","Race/Ethnicity","Black or African American",120,49.8,119,35.8,68,42.0
"Great Oaks Charter School District","=""2940013""","Race/Ethnicity","Hispanic or Latino",179,47.5,177,36.9,96,46.0
"Great Oaks Charter School District","=""2940013""","Race/Ethnicity","Two or More Races","*","*","*","*","*","*"
"Great Oaks Charter School District","=""2940013""","Race/Ethnicity","White",10,"*",10,"*",7,"*"
"Great Oaks Charter School District","=""2940013""","Special Education Status (SWD)","Students with Disabilities",56,34.9,56,23.8,29,34.7
"Great Oaks Charter School District","=""2940013""","Special Education Status (SWD)","Students without Disabilities",264,50.9,261,39.4,146,46.4
"Booker T. Washington Academy District","=""2950013""","All Students","District",257,60.0,253,55.2,82,41.9
"Booker T. Washington Academy District","=""2950013""","English Language Learners (EL)","English Learners",18,"*",18,"*",8,"*"
"Booker T. Washington Academy District","=""2950013""","English Language Learners (EL)","Not English Learners",239,59.9,235,55.1,74,41.9
"Booker T. Washington Academy District","=""2950013""","Gender","Female",131,61.0,130,53.8,40,37.2
"Booker T. Washington Academy District","=""2950013""","Gender","Male",126,58.8,123,56.8,42,46.4
"Booker T. Washington Academy District","=""2950013""","Grade","03",42,60.0,41,56.1,"N/A","N/A"
"Booker T. Washington Academy District","=""2950013""","Grade","04",44,61.9,44,59.5,"N/A","N/A"
"Booker T. Washington Academy District","=""2950013""","Grade","05",43,50.0,41,46.2,42,41.0
"Booker T. Washington Academy District","=""2950013""","Grade","06",46,71.2,46,61.2,"N/A","N/A"
"Booker T. Washington Academy District","=""2950013""","Grade","07",42,63.6,41,61.7,"N/A","N/A"
"Booker T. Washington Academy District","=""2950013""","Grade","08",40,51.8,40,45.2,40,42.9
"Booker T. Washington Academy District","=""2950013""","High Needs (F/R, EL or SWD)","High Needs",242,59.1,238,54.2,"*","*"
"Booker T. Washington Academy District","=""2950013""","High Needs (F/R, EL or SWD)","Not High Needs",15,"*",15,"*","*","*"
"Booker T. Washington Academy District","=""2950013""","Free/Reduced Price Meal Eligibility (2-level)","Eligible For Free Or Reduced Price Meals",241,59.0,237,54.1,"*","*"
"Booker T. Washington Academy District","=""2950013""","Free/Reduced Price Meal Eligibility (2-level)","Not Eligible For Free Or Reduced Price Meals",16,"*",16,"*","*","*"
"Booker T. Washington Academy District","=""2950013""","Race/Ethnicity","Asian","*","*","*","*","*","*"
"Booker T. Washington Academy District","=""2950013""","Race/Ethnicity","Black or African American",188,59.4,185,54.5,57,42.2
"Booker T. Washington Academy District","=""2950013""","Race/Ethnicity","Hispanic or Latino",52,61.7,51,57.6,22,42.0
"Booker T. Washington Academy District","=""2950013""","Race/Ethnicity","Native Hawaiian or Other Pacific Islander","*","*","*","*","*","*"
"Booker T. Washington Academy District","=""2950013""","Race/Ethnicity","Two or More Races",10,"*",10,"*","*","*"
"Booker T. Washington Academy District","=""2950013""","Race/Ethnicity","White","*","*","*","*","N/A","N/A"
"Booker T. Washington Academy District","=""2950013""","Special Education Status (SWD)","Students with Disabilities",28,43.6,25,45.4,11,"*"
"Booker T. Washington Academy District","=""2950013""","Special Education Status (SWD)","Students without Disabilities",229,62.0,228,56.3,71,42.3
"Stamford Charter School for Excellence District","=""2960013""","All Students","District",329,81.0,327,75.1,101,68.7
"Stamford Charter School for Excellence District","=""2960013""","English Language Learners (EL)","English Learners",56,72.6,54,68.7,15,"*"
"Stamford Charter School for Excellence District","=""2960013""","English Language Learners (EL)","Not English Learners",273,82.7,273,76.4,86,70.5
"Stamford Charter School for Excellence District","=""2960013""","Gender","Female",177,81.3,176,73.7,51,65.4
"Stamford Charter School for Excellence District","=""2960013""","Gender","Male",152,80.7,151,76.7,50,72.0
"Stamford Charter School for Excellence District","=""2960013""","Grade","03",57,84.1,57,82.2,"N/A","N/A"
"Stamford Charter School for Excellence District","=""2960013""","Grade","04",63,87.3,62,87.4,"N/A","N/A"
"Stamford Charter School for Excellence District","=""2960013""","Grade","05",59,77.6,59,68.7,57,68.8
"Stamford Charter School for Excellence District","=""2960013""","Grade","06",54,80.3,54,69.3,"N/A","N/A"
"Stamford Charter School for Excellence District","=""2960013""","Grade","07",51,77.5,51,70.1,"N/A","N/A"
"Stamford Charter School for Excellence District","=""2960013""","Grade","08",45,77.4,44,70.2,44,68.6
"Stamford Charter School for Excellence District","=""2960013""","High Needs (F/R, EL or SWD)","High Needs",205,75.7,203,68.6,55,63.3
"Stamford Charter School for Excellence District","=""2960013""","High Needs (F/R, EL or SWD)","Not High Needs",124,89.7,124,85.8,46,75.1
"Stamford Charter School for Excellence District","=""2960013""","Free/Reduced Price Meal Eligibility (2-level)","Eligible For Free Or Reduced Price Meals",191,76.7,190,68.8,51,64.9
"Stamford Charter School for Excellence District","=""2960013""","Free/Reduced Price Meal Eligibility (2-level)","Not Eligible For Free Or Reduced Price Meals",138,87.0,137,83.8,50,72.5
"Stamford Charter School for Excellence District","=""2960013""","Race/Ethnicity","American Indian or Alaska Native","*","*","*","*","N/A","N/A"
"Stamford Charter School for Excellence District","=""2960013""","Race/Ethnicity","Asian",64,96.2,63,96.2,"*","*"
"Stamford Charter School for Excellence District","=""2960013""","Race/Ethnicity","Black or African American",131,79.8,131,71.6,49,65.0
"Stamford Charter School for Excellence District","=""2960013""","Race/Ethnicity","Hispanic or Latino",116,73.2,115,67.0,32,64.3
"Stamford Charter School for Excellence District","=""2960013""","Race/Ethnicity","Native Hawaiian or Other Pacific Islander","*","*","*","*","N/A","N/A"
"Stamford Charter School for Excellence District","=""2960013""","Race/Ethnicity","Two or More Races",10,"*",10,"*","*","*"
"Stamford Charter School for Excellence District","=""2960013""","Race/Ethnicity","White","*","*","*","*","N/A","N/A"
"Stamford Charter School for Excellence District","=""2960013""","Special Education Status (SWD)","Students with Disabilities",21,56.9,21,48.9,"*","*"
"Stamford Charter School for Excellence District","=""2960013""","Special Education Status (SWD)","Students without Disabilities",308,82.6,306,76.9,"*","*"
"Capital Preparatory Harbor School District","=""2970013""","All Students","District",410,57.9,409,48.0,177,55.3
"Capital Preparatory Harbor School District","=""2970013""","English Language Learners (EL)","English Learners",57,51.9,57,47.2,20,55.6
"Capital Preparatory Harbor School District","=""2970013""","English Language Learners (EL)","Not English Learners",353,58.9,352,48.2,157,55.3
"Capital Preparatory Harbor School District","=""2970013""","Gender","Female",216,59.3,215,47.9,86,54.7
"Capital Preparatory Harbor School District","=""2970013""","Gender","Male",194,56.3,194,48.2,91,55.9
"Capital Preparatory Harbor School District","=""2970013""","Grade","03",63,53.8,63,48.7,"N/A","N/A"
"Capital Preparatory Harbor School District","=""2970013""","Grade","04",49,62.3,49,58.2,"N/A","N/A"
"Capital Preparatory Harbor School District","=""2970013""","Grade","05",57,62.0,57,52.1,57,59.9
"Capital Preparatory Harbor School District","=""2970013""","Grade","06",62,58.5,62,45.8,"N/A","N/A"
"Capital Preparatory Harbor School District","=""2970013""","Grade","07",59,64.4,59,50.5,"N/A","N/A"
"Capital Preparatory Harbor School District","=""2970013""","Grade","08",56,60.1,55,45.3,56,58.8
"Capital Preparatory Harbor School District","=""2970013""","Grade","11",64,46.4,64,38.1,64,48.2
"Capital Preparatory Harbor School District","=""2970013""","High Needs (F/R, EL or SWD)","High Needs",313,56.1,312,46.5,135,53.9
"Capital Preparatory Harbor School District","=""2970013""","High Needs (F/R, EL or SWD)","Not High Needs",97,63.6,97,53.0,42,59.9
"Capital Preparatory Harbor School District","=""2970013""","Free/Reduced Price Meal Eligibility (2-level)","Eligible For Free Or Reduced Price Meals",287,57.0,286,46.6,127,53.7
"Capital Preparatory Harbor School District","=""2970013""","Free/Reduced Price Meal Eligibility (2-level)","Not Eligible For Free Or Reduced Price Meals",123,60.0,123,51.3,50,59.4
"Capital Preparatory Harbor School District","=""2970013""","Race/Ethnicity","Asian","*","*","*","*","N/A","N/A"
"Capital Preparatory Harbor School District","=""2970013""","Race/Ethnicity","Black or African American",261,59.4,260,49.0,120,56.5
"Capital Preparatory Harbor School District","=""2970013""","Race/Ethnicity","Hispanic or Latino",145,55.7,145,46.5,"*","*"
"Capital Preparatory Harbor School District","=""2970013""","Race/Ethnicity","White","*","*","*","*","*","*"
"Capital Preparatory Harbor School District","=""2970013""","Special Education Status (SWD)","Students with Disabilities",43,38.9,43,28.5,21,39.1
"Capital Preparatory Harbor School District","=""2970013""","Special Education Status (SWD)","Students without Disabilities",367,60.1,366,50.3,156,57.5
"Edmonds Cofield Preparatory Academy for Young Men, Inc. District","=""2980013""","All Students","District",37,53.9,37,43.9,17,"*"
"Edmonds Cofield Preparatory Academy for Young Men, Inc. District","=""2980013""","English Language Learners (EL)","English Learners","*","*","*","*","N/A","N/A"
"Edmonds Cofield Preparatory Academy for Young Men, Inc. District","=""2980013""","English Language Learners (EL)","Not English Learners","*","*","*","*",17,"*"
"Edmonds Cofield Preparatory Academy for Young Men, Inc. District","=""2980013""","Gender","Male",37,53.9,37,43.9,17,"*"
"Edmonds Cofield Preparatory Academy for Young Men, Inc. District","=""2980013""","Grade","05",18,"*",18,"*",17,"*"
"Edmonds Cofield Preparatory Academy for Young Men, Inc. District","=""2980013""","Grade","06",19,"*",19,"*","N/A","N/A"
"Edmonds Cofield Preparatory Academy for Young Men, Inc. District","=""2980013""","High Needs (F/R, EL or SWD)","High Needs","*","*","*","*",17,"*"
"Edmonds Cofield Preparatory Academy for Young Men, Inc. District","=""2980013""","High Needs (F/R, EL or SWD)","Not High Needs","*","*","*","*","N/A","N/A"
"Edmonds Cofield Preparatory Academy for Young Men, Inc. District","=""2980013""","Free/Reduced Price Meal Eligibility (2-level)","Eligible For Free Or Reduced Price Meals","*","*","*","*",17,"*"
"Edmonds Cofield Preparatory Academy for Young Men, Inc. District","=""2980013""","Free/Reduced Price Meal Eligibility (2-level)","Not Eligible For Free Or Reduced Price Meals","*","*","*","*","N/A","N/A"
"Edmonds Cofield Preparatory Academy for Young Men, Inc. District","=""2980013""","Race/Ethnicity","Asian","*","*","*","*","N/A","N/A"
"Edmonds Cofield Preparatory Academy for Young Men, Inc. District","=""2980013""","Race/Ethnicity","Black or African American",24,45.8,24,40.1,11,"*"
"Edmonds Cofield Preparatory Academy for Young Men, Inc. District","=""2980013""","Race/Ethnicity","Hispanic or Latino",11,"*",11,"*","*","*"
"Edmonds Cofield Preparatory Academy for Young Men, Inc. District","=""2980013""","Race/Ethnicity","Two or More Races","*","*","*","*","*","*"
"Edmonds Cofield Preparatory Academy for Young Men, Inc. District","=""2980013""","Special Education Status (SWD)","Students with Disabilities",8,"*",8,"*","*","*"
"Edmonds Cofield Preparatory Academy for Young Men, Inc. District","=""2980013""","Special Education Status (SWD)","Students without Disabilities",29,53.3,29,44.9,"*","*"
"Unified School District #2","=""3470015""","All Students","District",17,"*",15,"*",11,"*"
"Unified School District #2","=""3470015""","English Language Learners (EL)","English Learners",0,"N/A",0,"N/A",0,"N/A"
"Unified School District #2","=""3470015""","English Language Learners (EL)","Not English Learners",17,"*",15,"*",11,"*"
"Unified School District #2","=""3470015""","Gender","Female",10,"*",8,"*","*","*"
"Unified School District #2","=""3470015""","Gender","Male",7,"*",7,"*","*","*"
"Unified School District #2","=""3470015""","Grade","05",0,"N/A",0,"N/A",0,"N/A"
"Unified School District #2","=""3470015""","Grade","06","*","*","*","*","N/A","N/A"
"Unified School District #2","=""3470015""","Grade","07","*","*","*","*","N/A","N/A"
"Unified School District #2","=""3470015""","Grade","08","*","*","*","*","*","*"
"Unified School District #2","=""3470015""","Grade","11",8,"*",8,"*","*","*"
"Unified School District #2","=""3470015""","High Needs (F/R, EL or SWD)","High Needs",17,"*",15,"*",11,"*"
"Unified School District #2","=""3470015""","Free/Reduced Price Meal Eligibility (2-level)","Eligible For Free Or Reduced Price Meals",17,"*",15,"*",11,"*"
"Unified School District #2","=""3470015""","Race/Ethnicity","Black or African American","*","*","*","*","*","*"
"Unified School District #2","=""3470015""","Race/Ethnicity","Hispanic or Latino",8,"*",6,"*","*","*"
"Unified School District #2","=""3470015""","Race/Ethnicity","Two or More Races","*","*","*","*","*","*"
"Unified School District #2","=""3470015""","Race/Ethnicity","White",6,"*",6,"*","*","*"
"Unified School District #2","=""3470015""","Special Education Status (SWD)","Students with Disabilities","*","*","*","*","*","*"
"Unified School District #2","=""3470015""","Special Education Status (SWD)","Students without Disabilities","*","*","*","*","*","*"
"Connecticut Technical Education and Career System","=""9000016""","All Students","District",2712,43.6,2712,39.3,2730,52.4
"Connecticut Technical Education and Career System","=""9000016""","English Language Learners (EL)","English Learners",294,34.3,294,32.3,294,41.1
"Connecticut Technical Education and Career System","=""9000016""","English Language Learners (EL)","Not English Learners",2418,44.7,2418,40.1,2436,53.8
"Connecticut Technical Education and Career System","=""9000016""","Gender","Female",1077,43.6,1077,38.2,1081,49.7
"Connecticut Technical Education and Career System","=""9000016""","Gender","Male",1618,43.5,1618,40.0,1632,54.1
"Connecticut Technical Education and Career System","=""9000016""","Gender","Non-Binary",17,"*",17,"*",17,"*"
"Connecticut Technical Education and Career System","=""9000016""","Grade","11",2712,43.6,2712,39.3,2730,52.4
"Connecticut Technical Education and Career System","=""9000016""","High Needs (F/R, EL or SWD)","High Needs",1641,40.4,1641,36.4,1659,48.3
"Connecticut Technical Education and Career System","=""9000016""","High Needs (F/R, EL or SWD)","Not High Needs",1071,48.5,1071,43.7,1071,58.8
"Connecticut Technical Education and Career System","=""9000016""","Free/Reduced Price Meal Eligibility (2-level)","Eligible For Free Or Reduced Price Meals",1355,41.8,1355,37.5,1370,49.8
"Connecticut Technical Education and Career System","=""9000016""","Free/Reduced Price Meal Eligibility (2-level)","Not Eligible For Free Or Reduced Price Meals",1357,45.5,1357,41.1,1360,55.1
"Connecticut Technical Education and Career System","=""9000016""","Race/Ethnicity","American Indian or Alaska Native","*","*","*","*","*","*"
"Connecticut Technical Education and Career System","=""9000016""","Race/Ethnicity","Asian","*","*","*","*","*","*"
"Connecticut Technical Education and Career System","=""9000016""","Race/Ethnicity","Black or African American",332,42.6,332,37.9,330,46.5
"Connecticut Technical Education and Career System","=""9000016""","Race/Ethnicity","Hispanic or Latino",1210,41.8,1210,38.0,1226,49.0
"Connecticut Technical Education and Career System","=""9000016""","Race/Ethnicity","Two or More Races",134,45.2,134,41.1,132,56.0
"Connecticut Technical Education and Career System","=""9000016""","Race/Ethnicity","White",1016,45.8,1016,40.9,1022,57.9
"Connecticut Technical Education and Career System","=""9000016""","Special Education Status (SWD)","Students with Disabilities",448,31.8,448,27.9,450,38.3
"Connecticut Technical Education and Career System","=""9000016""","Special Education Status (SWD)","Students without Disabilities",2264,46.0,2264,41.6,2280,55.2
"Norwich Free Academy District","=""9010022""","All Students","District",445,49.7,445,44.1,438,51.4
"Norwich Free Academy District","=""9010022""","English Language Learners (EL)","English Learners",60,31.7,60,29.2,61,33.1
"Norwich Free Academy District","=""9010022""","English Language Learners (EL)","Not English Learners",385,52.6,385,46.4,377,54.4
"Norwich Free Academy District","=""9010022""","Gender","Female","*","*","*","*",210,53.3
"Norwich Free Academy District","=""9010022""","Gender","Male",220,47.8,220,44.1,222,49.8
"Norwich Free Academy District","=""9010022""","Gender","Non-Binary","*","*","*","*",6,"*"
"Norwich Free Academy District","=""9010022""","Grade","11",445,49.7,445,44.1,438,51.4
"Norwich Free Academy District","=""9010022""","High Needs (F/R, EL or SWD)","High Needs",271,43.7,271,38.6,264,46.1
"Norwich Free Academy District","=""9010022""","High Needs (F/R, EL or SWD)","Not High Needs",174,59.2,174,52.8,174,59.5
"Norwich Free Academy District","=""9010022""","Free/Reduced Price Meal Eligibility (2-level)","Eligible For Free Or Reduced Price Meals",249,44.3,249,39.3,242,47.4
"Norwich Free Academy District","=""9010022""","Free/Reduced Price Meal Eligibility (2-level)","Not Eligible For Free Or Reduced Price Meals",196,56.6,196,50.2,196,56.4
"Norwich Free Academy District","=""9010022""","Race/Ethnicity","American Indian or Alaska Native","*","*","*","*","*","*"
"Norwich Free Academy District","=""9010022""","Race/Ethnicity","Asian",26,59.9,26,59.3,25,67.4
"Norwich Free Academy District","=""9010022""","Race/Ethnicity","Black or African American",78,38.5,78,33.6,77,37.9
"Norwich Free Academy District","=""9010022""","Race/Ethnicity","Hispanic or Latino",126,44.0,126,38.2,123,45.1
"Norwich Free Academy District","=""9010022""","Race/Ethnicity","Native Hawaiian or Other Pacific Islander","*","*","*","*","*","*"
"Norwich Free Academy District","=""9010022""","Race/Ethnicity","Two or More Races",27,48.8,27,45.4,25,49.5
"Norwich Free Academy District","=""9010022""","Race/Ethnicity","White",184,57.4,184,50.5,185,59.6
"Norwich Free Academy District","=""9010022""","Special Education Status (SWD)","Students with Disabilities",57,30.0,57,23.6,57,27.7
"Norwich Free Academy District","=""9010022""","Special Education Status (SWD)","Students without Disabilities",388,52.6,388,47.1,381,55.0
"The Gilbert School District","=""9020022""","All Students","District",209,57.0,209,53.5,138,51.4
"The Gilbert School District","=""9020022""","English Language Learners (EL)","English Learners",11,"*",11,"*",6,"*"
"The Gilbert School District","=""9020022""","English Language Learners (EL)","Not English Learners",198,57.9,198,54.1,132,51.8
"The Gilbert School District","=""9020022""","Gender","Female",98,61.8,98,55.2,63,52.1
"The Gilbert School District","=""9020022""","Gender","Male",111,52.8,111,51.9,75,50.8
"The Gilbert School District","=""9020022""","Grade","07",70,60.9,70,57.1,"N/A","N/A"
"The Gilbert School District","=""9020022""","Grade","08",87,56.8,87,56.4,87,53.4
"The Gilbert School District","=""9020022""","Grade","11",52,52.3,52,43.6,51,47.9
"The Gilbert School District","=""9020022""","High Needs (F/R, EL or SWD)","High Needs",127,55.0,127,50.1,79,48.8
"The Gilbert School District","=""9020022""","High Needs (F/R, EL or SWD)","Not High Needs",82,60.2,82,58.6,59,54.8
"The Gilbert School District","=""9020022""","Free/Reduced Price Meal Eligibility (2-level)","Eligible For Free Or Reduced Price Meals",112,57.9,112,52.3,70,50.2
"The Gilbert School District","=""9020022""","Free/Reduced Price Meal Eligibility (2-level)","Not Eligible For Free Or Reduced Price Meals",97,56.0,97,54.8,68,52.6
"The Gilbert School District","=""9020022""","Race/Ethnicity","American Indian or Alaska Native","*","*","*","*","*","*"
"The Gilbert School District","=""9020022""","Race/Ethnicity","Asian","*","*","*","*","*","*"
"The Gilbert School District","=""9020022""","Race/Ethnicity","Black or African American",7,"*",7,"*","*","*"
"The Gilbert School District","=""9020022""","Race/Ethnicity","Hispanic or Latino",38,50.3,38,45.9,29,45.8
"The Gilbert School District","=""9020022""","Race/Ethnicity","Native Hawaiian or Other Pacific Islander","*","*","*","*","N/A","N/A"
"The Gilbert School District","=""9020022""","Race/Ethnicity","Two or More Races",12,"*",12,"*",7,"*"
"The Gilbert School District","=""9020022""","Race/Ethnicity","White",144,59.5,144,56.1,93,54.1
"The Gilbert School District","=""9020022""","Special Education Status (SWD)","Students with Disabilities",33,34.1,33,31.4,21,37.4
"The Gilbert School District","=""9020022""","Special Education Status (SWD)","Students without Disabilities",176,61.3,176,57.6,117,53.9
"The Woodstock Academy District","=""9030022""","All Students","District",242,57.7,242,53.2,234,56.2
"The Woodstock Academy District","=""9030022""","English Language Learners (EL)","Not English Learners",242,57.7,242,53.2,234,56.2
"The Woodstock Academy District","=""9030022""","Gender","Female",102,59.5,102,51.7,97,55.7
"The Woodstock Academy District","=""9030022""","Gender","Male",140,56.3,140,54.4,137,56.6
"The Woodstock Academy District","=""9030022""","Grade","11",242,57.7,242,53.2,234,56.2
"The Woodstock Academy District","=""9030022""","High Needs (F/R, EL or SWD)","High Needs",27,56.3,27,45.6,27,54.8
"The Woodstock Academy District","=""9030022""","High Needs (F/R, EL or SWD)","Not High Needs",215,57.8,215,54.2,207,56.4
"The Woodstock Academy District","=""9030022""","Free/Reduced Price Meal Eligibility (2-level)","Eligible For Free Or Reduced Price Meals",10,"*",10,"*",11,"*"
"The Woodstock Academy District","=""9030022""","Free/Reduced Price Meal Eligibility (2-level)","Not Eligible For Free Or Reduced Price Meals",232,57.9,232,53.6,223,56.3
"The Woodstock Academy District","=""9030022""","Race/Ethnicity","American Indian or Alaska Native","*","*","*","*","*","*"
"The Woodstock Academy District","=""9030022""","Race/Ethnicity","Asian",16,"*",16,"*",15,"*"
"The Woodstock Academy District","=""9030022""","Race/Ethnicity","Black or African American","*","*","*","*","*","*"
"The Woodstock Academy District","=""9030022""","Race/Ethnicity","Hispanic or Latino",29,49.2,29,48.7,30,46.1
"The Woodstock Academy District","=""9030022""","Race/Ethnicity","Native Hawaiian or Other Pacific Islander","*","*","*","*","*","*"
"The Woodstock Academy District","=""9030022""","Race/Ethnicity","Two or More Races","*","*","*","*","*","*"
"The Woodstock Academy District","=""9030022""","Race/Ethnicity","White",186,60.0,186,53.3,179,58.6
"The Woodstock Academy District","=""9030022""","Special Education Status (SWD)","Students with Disabilities",19,"*",19,"*",19,"*"
"The Woodstock Academy District","=""9030022""","Special Education Status (SWD)","Students without Disabilities",223,57.7,223,53.8,215,56.2

