"Performance Index, 2022-23"
"All Districts"
"Notes:"
"The Performance Index is the average performance of students in a subject area (i.e., ELA, Mathematics or Science) on the state summative assessments."
"The Performance Index ranges from 0-100 and is reported for all students and for students in each individual student group."
"Connecticut's ultimate target for a Performance Index is 75."
"Starting with 2018-19, Connecticut began implementation of new science assessments aligned to the Next Generation Science Standards."
"Therefore, 2018-19 science performance index scores cannot be compared to those from prior years; they can serve as a baseline for future years."

"District Name","District Code","Category","Student Group","ELACount","ELAPerformanceIndex","MathCount","MathPerformanceIndex","ScienceCount","SciencePerformanceIndex"
"Andover School District","=""0010011""","All Students","District",81,73.4,81,70.7,18,"*"
"Andover School District","=""0010011""","English Language Learners (EL)","English Learners","*","*","*","*","N/A","N/A"
"Andover School District","=""0010011""","English Language Learners (EL)","Not English Learners","*","*","*","*",18,"*"
"Andover School District","=""0010011""","Gender","Female",42,77.6,42,72.2,9,"*"
"Andover School District","=""0010011""","Gender","Male",39,68.7,39,69.1,9,"*"
"Andover School District","=""0010011""","Grade","03",24,72.8,24,70.5,"N/A","N/A"
"Andover School District","=""0010011""","Grade","04",22,75.1,22,69.8,"N/A","N/A"
"Andover School District","=""0010011""","Grade","05",18,"*",18,"*",18,"*"
"Andover School District","=""0010011""","Grade","06",17,"*",17,"*","N/A","N/A"
"Andover School District","=""0010011""","High Needs (F/R, EL or SWD)","High Needs",29,61.4,29,57.5,7,"*"
"Andover School District","=""0010011""","High Needs (F/R, EL or SWD)","Not High Needs",52,80.0,52,78.1,11,"*"
"Andover School District","=""0010011""","Free/Reduced Price Meal Eligibility (2-level)","Eligible For Free Or Reduced Price Meals",21,62.7,21,60.1,"*","*"
"Andover School District","=""0010011""","Free/Reduced Price Meal Eligibility (2-level)","Not Eligible For Free Or Reduced Price Meals",60,77.1,60,74.5,"*","*"
"Andover School District","=""0010011""","Race/Ethnicity","Black or African American","*","*","*","*","N/A","N/A"
"Andover School District","=""0010011""","Race/Ethnicity","Hispanic or Latino",13,"*",13,"*","*","*"
"Andover School District","=""0010011""","Race/Ethnicity","Two or More Races","*","*","*","*","N/A","N/A"
"Andover School District","=""0010011""","Race/Ethnicity","White",65,74.8,65,72.2,"*","*"
"Andover School District","=""0010011""","Special Education Status (SWD)","Students with Disabilities",12,"*",12,"*","*","*"
"Andover School District","=""0010011""","Special Education Status (SWD)","Students without Disabilities",69,77.3,69,75.7,"*","*"
"Ansonia School District","=""0020011""","All Students","District",1153,49.8,1146,45.6,475,47.6
"Ansonia School District","=""0020011""","English Language Learners (EL)","English Learners",107,47.8,107,45.6,33,46.6
"Ansonia School District","=""0020011""","English Language Learners (EL)","Not English Learners",1046,50.0,1039,45.6,442,47.6
"Ansonia School District","=""0020011""","Gender","Female",564,52.0,562,45.1,244,48.8
"Ansonia School District","=""0020011""","Gender","Male",589,47.7,584,46.0,231,46.3
"Ansonia School District","=""0020011""","Grade","03",166,52.8,165,49.6,"N/A","N/A"
"Ansonia School District","=""0020011""","Grade","04",165,55.9,165,55.1,"N/A","N/A"
"Ansonia School District","=""0020011""","Grade","05",179,49.7,179,47.9,178,47.4
"Ansonia School District","=""0020011""","Grade","06",175,51.2,175,42.2,"N/A","N/A"
"Ansonia School District","=""0020011""","Grade","07",169,50.1,166,44.0,"N/A","N/A"
"Ansonia School District","=""0020011""","Grade","08",164,43.9,161,37.3,162,45.0
"Ansonia School District","=""0020011""","Grade","11",135,44.2,135,42.2,135,50.9
"Ansonia School District","=""0020011""","High Needs (F/R, EL or SWD)","High Needs",836,47.2,831,42.7,329,45.1
"Ansonia School District","=""0020011""","High Needs (F/R, EL or SWD)","Not High Needs",317,56.8,315,53.3,146,53.1
"Ansonia School District","=""0020011""","Free/Reduced Price Meal Eligibility (2-level)","Eligible For Free Or Reduced Price Meals",748,47.8,745,43.3,295,45.8
"Ansonia School District","=""0020011""","Free/Reduced Price Meal Eligibility (2-level)","Not Eligible For Free Or Reduced Price Meals",405,53.7,401,49.8,180,50.4
"Ansonia School District","=""0020011""","Race/Ethnicity","American Indian or Alaska Native","*","*","*","*","*","*"
"Ansonia School District","=""0020011""","Race/Ethnicity","Asian",22,54.4,22,50.1,"*","*"
"Ansonia School District","=""0020011""","Race/Ethnicity","Black or African American",239,47.4,238,41.4,103,45.0
"Ansonia School District","=""0020011""","Race/Ethnicity","Hispanic or Latino",549,48.5,546,44.8,208,45.0
"Ansonia School District","=""0020011""","Race/Ethnicity","Native Hawaiian or Other Pacific Islander","*","*","*","*","N/A","N/A"
"Ansonia School District","=""0020011""","Race/Ethnicity","Two or More Races",69,50.7,67,44.1,28,41.2
"Ansonia School District","=""0020011""","Race/Ethnicity","White",267,54.6,266,51.3,120,54.1
"Ansonia School District","=""0020011""","Special Education Status (SWD)","Students with Disabilities",195,34.8,193,28.4,71,33.7
"Ansonia School District","=""0020011""","Special Education Status (SWD)","Students without Disabilities",958,52.9,953,49.1,404,50.0
"Ashford School District","=""0030011""","All Students","District",212,68.6,211,64.4,66,72.4
"Ashford School District","=""0030011""","English Language Learners (EL)","English Learners",6,"*",6,"*","*","*"
"Ashford School District","=""0030011""","English Language Learners (EL)","Not English Learners",206,68.6,205,64.4,"*","*"
"Ashford School District","=""0030011""","Gender","Female",94,68.9,94,62.7,29,66.1
"Ashford School District","=""0030011""","Gender","Male",118,68.3,117,65.8,37,77.3
"Ashford School District","=""0030011""","Grade","03",37,67.9,37,67.3,"N/A","N/A"
"Ashford School District","=""0030011""","Grade","04",43,66.3,43,62.3,"N/A","N/A"
"Ashford School District","=""0030011""","Grade","05",38,70.5,38,65.0,38,74.0
"Ashford School District","=""0030011""","Grade","06",30,76.4,29,69.0,"N/A","N/A"
"Ashford School District","=""0030011""","Grade","07",36,62.1,36,57.5,"N/A","N/A"
"Ashford School District","=""0030011""","Grade","08",28,70.4,28,67.1,28,70.1
"Ashford School District","=""0030011""","High Needs (F/R, EL or SWD)","High Needs",99,62.6,98,57.2,33,65.3
"Ashford School District","=""0030011""","High Needs (F/R, EL or SWD)","Not High Needs",113,73.8,113,70.6,33,79.5
"Ashford School District","=""0030011""","Free/Reduced Price Meal Eligibility (2-level)","Eligible For Free Or Reduced Price Meals",76,65.4,75,60.4,27,66.8
"Ashford School District","=""0030011""","Free/Reduced Price Meal Eligibility (2-level)","Not Eligible For Free Or Reduced Price Meals",136,70.3,136,66.6,39,76.2
"Ashford School District","=""0030011""","Race/Ethnicity","Asian","*","*","*","*","N/A","N/A"
"Ashford School District","=""0030011""","Race/Ethnicity","Black or African American","*","*","*","*","*","*"
"Ashford School District","=""0030011""","Race/Ethnicity","Hispanic or Latino",14,"*",14,"*","*","*"
"Ashford School District","=""0030011""","Race/Ethnicity","Two or More Races",8,"*",8,"*","*","*"
"Ashford School District","=""0030011""","Race/Ethnicity","White",182,69.3,181,64.7,59,71.3
"Ashford School District","=""0030011""","Special Education Status (SWD)","Students with Disabilities",38,53.3,38,47.9,12,"*"
"Ashford School District","=""0030011""","Special Education Status (SWD)","Students without Disabilities",174,71.9,173,68.0,54,74.8
"Avon School District","=""0040011""","All Students","District",1658,75.7,1657,71.7,678,74.9
"Avon School District","=""0040011""","English Language Learners (EL)","English Learners",105,68.8,105,67.3,31,73.1
"Avon School District","=""0040011""","English Language Learners (EL)","Not English Learners",1553,76.1,1552,72.0,647,75.0
"Avon School District","=""0040011""","Gender","Female",870,77.3,869,70.2,350,75.0
"Avon School District","=""0040011""","Gender","Male","*","*","*","*","*","*"
"Avon School District","=""0040011""","Gender","Non-Binary","*","*","*","*","*","*"
"Avon School District","=""0040011""","Grade","03",246,76.2,245,72.5,"N/A","N/A"
"Avon School District","=""0040011""","Grade","04",231,77.5,231,70.8,"N/A","N/A"
"Avon School District","=""0040011""","Grade","05",200,72.2,200,69.8,195,72.0
"Avon School District","=""0040011""","Grade","06",251,79.8,251,75.5,"N/A","N/A"
"Avon School District","=""0040011""","Grade","07",242,76.0,242,70.6,"N/A","N/A"
"Avon School District","=""0040011""","Grade","08",274,75.9,274,71.1,274,75.4
"Avon School District","=""0040011""","Grade","11",214,70.8,214,70.8,209,77.2
"Avon School District","=""0040011""","High Needs (F/R, EL or SWD)","High Needs",380,60.0,380,55.0,138,59.0
"Avon School District","=""0040011""","High Needs (F/R, EL or SWD)","Not High Needs",1278,80.3,1277,76.6,540,79.0
"Avon School District","=""0040011""","Free/Reduced Price Meal Eligibility (2-level)","Eligible For Free Or Reduced Price Meals",177,59.8,177,54.4,78,59.1
"Avon School District","=""0040011""","Free/Reduced Price Meal Eligibility (2-level)","Not Eligible For Free Or Reduced Price Meals",1481,77.6,1480,73.7,600,77.0
"Avon School District","=""0040011""","Race/Ethnicity","American Indian or Alaska Native","*","*","*","*","*","*"
"Avon School District","=""0040011""","Race/Ethnicity","Asian",351,83.9,351,85.6,164,86.3
"Avon School District","=""0040011""","Race/Ethnicity","Black or African American",80,56.6,80,49.0,31,51.0
"Avon School District","=""0040011""","Race/Ethnicity","Hispanic or Latino",122,65.7,122,60.6,54,62.8
"Avon School District","=""0040011""","Race/Ethnicity","Native Hawaiian or Other Pacific Islander","*","*","*","*","N/A","N/A"
"Avon School District","=""0040011""","Race/Ethnicity","Two or More Races",64,81.1,64,75.1,"*","*"
"Avon School District","=""0040011""","Race/Ethnicity","White",1036,75.2,1035,69.8,406,73.6
"Avon School District","=""0040011""","Special Education Status (SWD)","Students with Disabilities",193,48.7,193,41.8,66,42.9
"Avon School District","=""0040011""","Special Education Status (SWD)","Students without Disabilities",1465,79.2,1464,75.6,612,78.4
"Barkhamsted School District","=""0050011""","All Students","District",104,72.7,104,70.4,31,73.7
"Barkhamsted School District","=""0050011""","English Language Learners (EL)","Not English Learners",104,72.7,104,70.4,31,73.7
"Barkhamsted School District","=""0050011""","Gender","Female",56,75.0,56,71.9,17,"*"
"Barkhamsted School District","=""0050011""","Gender","Male",48,70.1,48,68.6,14,"*"
"Barkhamsted School District","=""0050011""","Grade","03",27,72.5,27,68.4,"N/A","N/A"
"Barkhamsted School District","=""0050011""","Grade","04",23,73.2,23,70.9,"N/A","N/A"
"Barkhamsted School District","=""0050011""","Grade","05",30,73.0,30,68.2,31,73.7
"Barkhamsted School District","=""0050011""","Grade","06",24,72.0,24,74.7,"N/A","N/A"
"Barkhamsted School District","=""0050011""","High Needs (F/R, EL or SWD)","High Needs",50,63.4,50,62.2,17,"*"
"Barkhamsted School District","=""0050011""","High Needs (F/R, EL or SWD)","Not High Needs",54,81.3,54,77.9,14,"*"
"Barkhamsted School District","=""0050011""","Free/Reduced Price Meal Eligibility (2-level)","Eligible For Free Or Reduced Price Meals",27,64.5,27,63.6,9,"*"
"Barkhamsted School District","=""0050011""","Free/Reduced Price Meal Eligibility (2-level)","Not Eligible For Free Or Reduced Price Meals",77,75.6,77,72.7,22,80.8
"Barkhamsted School District","=""0050011""","Race/Ethnicity","Black or African American","*","*","*","*","*","*"
"Barkhamsted School District","=""0050011""","Race/Ethnicity","Hispanic or Latino","*","*","*","*","*","*"
"Barkhamsted School District","=""0050011""","Race/Ethnicity","Two or More Races",6,"*",6,"*","*","*"
"Barkhamsted School District","=""0050011""","Race/Ethnicity","White",92,73.2,92,71.5,24,74.4
"Barkhamsted School District","=""0050011""","Special Education Status (SWD)","Students with Disabilities",32,58.8,32,55.0,11,"*"
"Barkhamsted School District","=""0050011""","Special Education Status (SWD)","Students without Disabilities",72,78.9,72,77.2,20,83.2
"Berlin School District","=""0070011""","All Students","District",1330,70.5,1322,68.8,584,68.7
"Berlin School District","=""0070011""","English Language Learners (EL)","English Learners",99,64.3,98,64.7,33,56.4
"Berlin School District","=""0070011""","English Language Learners (EL)","Not English Learners",1231,71.0,1224,69.1,551,69.4
"Berlin School District","=""0070011""","Gender","Female",640,72.2,635,67.3,287,68.2
"Berlin School District","=""0070011""","Gender","Male",690,69.0,687,70.1,297,69.1
"Berlin School District","=""0070011""","Grade","03",175,76.5,174,72.8,"N/A","N/A"
"Berlin School District","=""0070011""","Grade","04",194,72.5,194,71.5,"N/A","N/A"
"Berlin School District","=""0070011""","Grade","05",195,76.9,195,73.0,195,73.3
"Berlin School District","=""0070011""","Grade","06",182,73.5,180,70.0,"N/A","N/A"
"Berlin School District","=""0070011""","Grade","07",197,71.4,195,73.1,"N/A","N/A"
"Berlin School District","=""0070011""","Grade","08",197,64.3,194,64.2,199,62.5
"Berlin School District","=""0070011""","Grade","11",190,59.2,190,56.9,190,70.3
"Berlin School District","=""0070011""","High Needs (F/R, EL or SWD)","High Needs",466,60.8,461,58.2,181,57.6
"Berlin School District","=""0070011""","High Needs (F/R, EL or SWD)","Not High Needs",864,75.7,861,74.4,403,73.6
"Berlin School District","=""0070011""","Free/Reduced Price Meal Eligibility (2-level)","Eligible For Free Or Reduced Price Meals",311,61.9,307,59.2,126,59.4
"Berlin School District","=""0070011""","Free/Reduced Price Meal Eligibility (2-level)","Not Eligible For Free Or Reduced Price Meals",1019,73.2,1015,71.7,458,71.2
"Berlin School District","=""0070011""","Race/Ethnicity","Asian",58,74.3,57,78.4,24,72.8
"Berlin School District","=""0070011""","Race/Ethnicity","Black or African American","*","*","*","*",17,"*"
"Berlin School District","=""0070011""","Race/Ethnicity","Hispanic or Latino",169,60.5,167,58.1,79,57.2
"Berlin School District","=""0070011""","Race/Ethnicity","Native Hawaiian or Other Pacific Islander","*","*","*","*","N/A","N/A"
"Berlin School District","=""0070011""","Race/Ethnicity","Two or More Races",42,74.4,41,75.4,21,76.4
"Berlin School District","=""0070011""","Race/Ethnicity","White",1023,72.1,1019,70.1,443,70.6
"Berlin School District","=""0070011""","Special Education Status (SWD)","Students with Disabilities",184,49.7,182,45.4,69,45.2
"Berlin School District","=""0070011""","Special Education Status (SWD)","Students without Disabilities",1146,73.9,1140,72.5,515,71.8
"Bethany School District","=""0080011""","All Students","District",244,79.3,243,74.9,63,80.7
"Bethany School District","=""0080011""","English Language Learners (EL)","English Learners",23,70.4,23,68.8,8,"*"
"Bethany School District","=""0080011""","English Language Learners (EL)","Not English Learners",221,80.2,220,75.5,55,83.2
"Bethany School District","=""0080011""","Gender","Female",119,80.2,118,73.1,31,79.8
"Bethany School District","=""0080011""","Gender","Male",125,78.5,125,76.5,32,81.5
"Bethany School District","=""0080011""","Grade","03",72,77.0,72,71.5,"N/A","N/A"
"Bethany School District","=""0080011""","Grade","04",63,83.1,63,79.9,"N/A","N/A"
"Bethany School District","=""0080011""","Grade","05",63,77.3,62,72.8,63,80.7
"Bethany School District","=""0080011""","Grade","06",46,80.6,46,76.0,"N/A","N/A"
"Bethany School District","=""0080011""","High Needs (F/R, EL or SWD)","High Needs",78,66.6,77,62.8,23,66.4
"Bethany School District","=""0080011""","High Needs (F/R, EL or SWD)","Not High Needs",166,85.3,166,80.5,40,88.9
"Bethany School District","=""0080011""","Free/Reduced Price Meal Eligibility (2-level)","Eligible For Free Or Reduced Price Meals",35,68.4,34,63.7,10,"*"
"Bethany School District","=""0080011""","Free/Reduced Price Meal Eligibility (2-level)","Not Eligible For Free Or Reduced Price Meals",209,81.2,209,76.7,53,82.4
"Bethany School District","=""0080011""","Race/Ethnicity","American Indian or Alaska Native","*","*","*","*","*","*"
"Bethany School District","=""0080011""","Race/Ethnicity","Asian",19,"*",19,"*","*","*"
"Bethany School District","=""0080011""","Race/Ethnicity","Black or African American","*","*","*","*","*","*"
"Bethany School District","=""0080011""","Race/Ethnicity","Hispanic or Latino",24,73.0,24,65.4,10,"*"
"Bethany School District","=""0080011""","Race/Ethnicity","Two or More Races","*","*","*","*","*","*"
"Bethany School District","=""0080011""","Race/Ethnicity","White",191,79.5,190,74.4,45,82.5
"Bethany School District","=""0080011""","Special Education Status (SWD)","Students with Disabilities",36,59.1,36,55.0,11,"*"
"Bethany School District","=""0080011""","Special Education Status (SWD)","Students without Disabilities",208,82.8,207,78.3,52,85.1
"Bethel School District","=""0090011""","All Students","District",1625,68.4,1623,65.9,716,72.4
"Bethel School District","=""0090011""","English Language Learners (EL)","English Learners",193,58.4,194,57.5,70,61.7
"Bethel School District","=""0090011""","English Language Learners (EL)","Not English Learners",1432,69.8,1429,67.1,646,73.5
"Bethel School District","=""0090011""","Gender","Female",803,69.9,803,64.4,371,71.7
"Bethel School District","=""0090011""","Gender","Male",822,66.9,820,67.4,345,73.1
"Bethel School District","=""0090011""","Grade","03",219,69.0,220,66.9,"N/A","N/A"
"Bethel School District","=""0090011""","Grade","04",210,73.4,211,73.1,"N/A","N/A"
"Bethel School District","=""0090011""","Grade","05",232,70.4,232,70.6,232,74.6
"Bethel School District","=""0090011""","Grade","06",241,67.5,240,60.7,"N/A","N/A"
"Bethel School District","=""0090011""","Grade","07",244,69.9,241,64.6,"N/A","N/A"
"Bethel School District","=""0090011""","Grade","08",247,69.0,247,70.8,247,71.5
"Bethel School District","=""0090011""","Grade","11",232,60.2,232,55.4,237,71.2
"Bethel School District","=""0090011""","High Needs (F/R, EL or SWD)","High Needs",649,58.0,650,55.0,270,60.3
"Bethel School District","=""0090011""","High Needs (F/R, EL or SWD)","Not High Needs",976,75.3,973,73.2,446,79.7
"Bethel School District","=""0090011""","Free/Reduced Price Meal Eligibility (2-level)","Eligible For Free Or Reduced Price Meals",444,60.0,446,56.4,184,61.8
"Bethel School District","=""0090011""","Free/Reduced Price Meal Eligibility (2-level)","Not Eligible For Free Or Reduced Price Meals",1181,71.6,1177,69.5,532,76.0
"Bethel School District","=""0090011""","Race/Ethnicity","American Indian or Alaska Native","*","*","*","*","*","*"
"Bethel School District","=""0090011""","Race/Ethnicity","Asian",125,79.1,124,82.6,60,86.0
"Bethel School District","=""0090011""","Race/Ethnicity","Black or African American",69,65.5,69,62.6,32,65.1
"Bethel School District","=""0090011""","Race/Ethnicity","Hispanic or Latino",404,62.4,405,58.9,157,62.3
"Bethel School District","=""0090011""","Race/Ethnicity","Native Hawaiian or Other Pacific Islander","*","*","*","*","*","*"
"Bethel School District","=""0090011""","Race/Ethnicity","Two or More Races",65,73.4,64,69.8,27,83.4
"Bethel School District","=""0090011""","Race/Ethnicity","White",937,69.7,936,67.0,431,74.0
"Bethel School District","=""0090011""","Special Education Status (SWD)","Students with Disabilities",237,48.1,236,44.3,104,50.2
"Bethel School District","=""0090011""","Special Education Status (SWD)","Students without Disabilities",1388,71.9,1387,69.6,612,76.1
"Bloomfield School District","=""0110011""","All Students","District",856,55.9,855,49.0,374,51.3
"Bloomfield School District","=""0110011""","English Language Learners (EL)","English Learners",64,47.4,64,41.1,25,35.9
"Bloomfield School District","=""0110011""","English Language Learners (EL)","Not English Learners",792,56.5,791,49.6,349,52.4
"Bloomfield School District","=""0110011""","Gender","Female","*","*","*","*","*","*"
"Bloomfield School District","=""0110011""","Gender","Male",438,53.4,437,49.0,187,49.6
"Bloomfield School District","=""0110011""","Gender","Non-Binary","*","*","*","*","*","*"
"Bloomfield School District","=""0110011""","Grade","03",99,66.5,99,60.6,"N/A","N/A"
"Bloomfield School District","=""0110011""","Grade","04",108,66.9,108,61.4,"N/A","N/A"
"Bloomfield School District","=""0110011""","Grade","05",109,55.6,109,48.7,109,56.2
"Bloomfield School District","=""0110011""","Grade","06",119,57.1,118,44.2,"N/A","N/A"
"Bloomfield School District","=""0110011""","Grade","07",154,53.1,154,48.9,"N/A","N/A"
"Bloomfield School District","=""0110011""","Grade","08",149,53.2,149,43.5,149,49.9
"Bloomfield School District","=""0110011""","Grade","11",118,42.7,118,39.9,116,48.6
"Bloomfield School District","=""0110011""","High Needs (F/R, EL or SWD)","High Needs",586,51.4,585,44.8,244,47.5
"Bloomfield School District","=""0110011""","High Needs (F/R, EL or SWD)","Not High Needs",270,65.4,270,57.9,130,58.5
"Bloomfield School District","=""0110011""","Free/Reduced Price Meal Eligibility (2-level)","Eligible For Free Or Reduced Price Meals",518,52.2,517,45.5,215,48.2
"Bloomfield School District","=""0110011""","Free/Reduced Price Meal Eligibility (2-level)","Not Eligible For Free Or Reduced Price Meals",338,61.5,338,54.3,159,55.6
"Bloomfield School District","=""0110011""","Race/Ethnicity","American Indian or Alaska Native","*","*","*","*","*","*"
"Bloomfield School District","=""0110011""","Race/Ethnicity","Asian",11,"*",11,"*","*","*"
"Bloomfield School District","=""0110011""","Race/Ethnicity","Black or African American",633,56.2,632,49.5,283,52.2
"Bloomfield School District","=""0110011""","Race/Ethnicity","Hispanic or Latino",138,51.2,138,43.9,57,44.1
"Bloomfield School District","=""0110011""","Race/Ethnicity","Native Hawaiian or Other Pacific Islander","*","*","*","*","N/A","N/A"
"Bloomfield School District","=""0110011""","Race/Ethnicity","Two or More Races",38,58.7,38,51.5,14,"*"
"Bloomfield School District","=""0110011""","Race/Ethnicity","White",31,63.1,31,57.2,13,"*"
"Bloomfield School District","=""0110011""","Special Education Status (SWD)","Students with Disabilities",181,39.3,180,33.1,72,37.7
"Bloomfield School District","=""0110011""","Special Education Status (SWD)","Students without Disabilities",675,60.3,675,53.2,302,54.6
"Bolton School District","=""0120011""","All Students","District",355,69.7,351,65.5,151,70.3
"Bolton School District","=""0120011""","English Language Learners (EL)","English Learners","*","*","*","*","*","*"
"Bolton School District","=""0120011""","English Language Learners (EL)","Not English Learners","*","*","*","*","*","*"
"Bolton School District","=""0120011""","Gender","Female",183,73.9,181,66.3,80,72.7
"Bolton School District","=""0120011""","Gender","Male","*","*","*","*","*","*"
"Bolton School District","=""0120011""","Gender","Non-Binary","*","*","*","*","*","*"
"Bolton School District","=""0120011""","Grade","03",45,75.0,45,69.6,"N/A","N/A"
"Bolton School District","=""0120011""","Grade","04",55,67.3,54,64.1,"N/A","N/A"
"Bolton School District","=""0120011""","Grade","05",55,67.0,54,64.7,54,67.2
"Bolton School District","=""0120011""","Grade","06",49,75.4,48,70.9,"N/A","N/A"
"Bolton School District","=""0120011""","Grade","07",57,71.0,56,67.3,"N/A","N/A"
"Bolton School District","=""0120011""","Grade","08",49,71.2,49,66.1,49,72.0
"Bolton School District","=""0120011""","Grade","11",45,61.3,45,55.5,48,72.2
"Bolton School District","=""0120011""","High Needs (F/R, EL or SWD)","High Needs",101,54.6,99,49.6,42,56.3
"Bolton School District","=""0120011""","High Needs (F/R, EL or SWD)","Not High Needs",254,75.7,252,71.8,109,75.7
"Bolton School District","=""0120011""","Free/Reduced Price Meal Eligibility (2-level)","Eligible For Free Or Reduced Price Meals",84,55.7,82,50.7,33,59.6
"Bolton School District","=""0120011""","Free/Reduced Price Meal Eligibility (2-level)","Not Eligible For Free Or Reduced Price Meals",271,74.0,269,70.0,118,73.3
"Bolton School District","=""0120011""","Race/Ethnicity","Asian",8,"*",8,"*","*","*"
"Bolton School District","=""0120011""","Race/Ethnicity","Black or African American",21,49.6,21,42.6,10,"*"
"Bolton School District","=""0120011""","Race/Ethnicity","Hispanic or Latino",43,63.2,41,60.1,12,"*"
"Bolton School District","=""0120011""","Race/Ethnicity","Two or More Races",23,64.9,22,60.6,10,"*"
"Bolton School District","=""0120011""","Race/Ethnicity","White",260,72.7,259,68.5,115,74.4
"Bolton School District","=""0120011""","Special Education Status (SWD)","Students with Disabilities",38,43.5,37,38.9,13,"*"
"Bolton School District","=""0120011""","Special Education Status (SWD)","Students without Disabilities",317,72.8,314,68.7,138,72.8
"Bozrah School District","=""0130011""","All Students","District",94,68.5,94,66.8,36,66.9
"Bozrah School District","=""0130011""","English Language Learners (EL)","English Learners","*","*","*","*","*","*"
"Bozrah School District","=""0130011""","English Language Learners (EL)","Not English Learners","*","*","*","*","*","*"
"Bozrah School District","=""0130011""","Gender","Female",39,72.1,39,67.1,13,"*"
"Bozrah School District","=""0130011""","Gender","Male",55,66.0,55,66.5,23,65.2
"Bozrah School District","=""0130011""","Grade","03",12,"*",12,"*","N/A","N/A"
"Bozrah School District","=""0130011""","Grade","04",13,"*",13,"*","N/A","N/A"
"Bozrah School District","=""0130011""","Grade","05",17,"*",17,"*",17,"*"
"Bozrah School District","=""0130011""","Grade","06",18,"*",18,"*","N/A","N/A"
"Bozrah School District","=""0130011""","Grade","07",15,"*",15,"*","N/A","N/A"
"Bozrah School District","=""0130011""","Grade","08",19,"*",19,"*",19,"*"
"Bozrah School District","=""0130011""","High Needs (F/R, EL or SWD)","High Needs",50,64.3,50,62.8,16,"*"
"Bozrah School District","=""0130011""","High Needs (F/R, EL or SWD)","Not High Needs",44,73.2,44,71.2,20,73.2
"Bozrah School District","=""0130011""","Free/Reduced Price Meal Eligibility (2-level)","Eligible For Free Or Reduced Price Meals",43,64.6,43,63.6,14,"*"
"Bozrah School District","=""0130011""","Free/Reduced Price Meal Eligibility (2-level)","Not Eligible For Free Or Reduced Price Meals",51,71.8,51,69.4,22,73.2
"Bozrah School District","=""0130011""","Race/Ethnicity","Black or African American","*","*","*","*","N/A","N/A"
"Bozrah School District","=""0130011""","Race/Ethnicity","Hispanic or Latino",15,"*",15,"*","*","*"
"Bozrah School District","=""0130011""","Race/Ethnicity","Two or More Races","*","*","*","*","*","*"
"Bozrah School District","=""0130011""","Race/Ethnicity","White",69,71.0,69,69.1,30,70.0
"Bozrah School District","=""0130011""","Special Education Status (SWD)","Students with Disabilities",13,"*",13,"*","*","*"
"Bozrah School District","=""0130011""","Special Education Status (SWD)","Students without Disabilities",81,70.7,81,69.6,"*","*"
"Branford School District","=""0140011""","All Students","District",1327,66.1,1326,63.9,563,62.4
"Branford School District","=""0140011""","English Language Learners (EL)","English Learners",128,63.3,128,62.2,42,54.5
"Branford School District","=""0140011""","English Language Learners (EL)","Not English Learners",1199,66.4,1198,64.0,521,63.1
"Branford School District","=""0140011""","Gender","Female","*","*","*","*","*","*"
"Branford School District","=""0140011""","Gender","Male",694,64.1,693,64.2,302,62.0
"Branford School District","=""0140011""","Gender","Non-Binary","*","*","*","*","*","*"
"Branford School District","=""0140011""","Grade","03",171,69.2,171,65.8,"N/A","N/A"
"Branford School District","=""0140011""","Grade","04",197,74.5,197,70.5,"N/A","N/A"
"Branford School District","=""0140011""","Grade","05",171,73.2,172,73.9,171,68.4
"Branford School District","=""0140011""","Grade","06",197,67.7,197,64.4,"N/A","N/A"
"Branford School District","=""0140011""","Grade","07",196,67.8,195,62.5,"N/A","N/A"
"Branford School District","=""0140011""","Grade","08",188,57.6,187,56.1,187,62.7
"Branford School District","=""0140011""","Grade","11",207,54.4,207,55.3,205,57.3
"Branford School District","=""0140011""","High Needs (F/R, EL or SWD)","High Needs",595,58.5,594,55.8,246,55.2
"Branford School District","=""0140011""","High Needs (F/R, EL or SWD)","Not High Needs",732,72.3,732,70.4,317,68.1
"Branford School District","=""0140011""","Free/Reduced Price Meal Eligibility (2-level)","Eligible For Free Or Reduced Price Meals",460,60.3,460,57.5,200,56.9
"Branford School District","=""0140011""","Free/Reduced Price Meal Eligibility (2-level)","Not Eligible For Free Or Reduced Price Meals",867,69.2,866,67.2,363,65.5
"Branford School District","=""0140011""","Race/Ethnicity","American Indian or Alaska Native","*","*","*","*","*","*"
"Branford School District","=""0140011""","Race/Ethnicity","Asian",85,73.4,85,75.4,42,72.3
"Branford School District","=""0140011""","Race/Ethnicity","Black or African American","*","*","*","*",27,54.5
"Branford School District","=""0140011""","Race/Ethnicity","Hispanic or Latino",197,61.8,197,57.3,73,52.5
"Branford School District","=""0140011""","Race/Ethnicity","Native Hawaiian or Other Pacific Islander",0,"N/A",0,"N/A","N/A","N/A"
"Branford School District","=""0140011""","Race/Ethnicity","Two or More Races",66,67.4,66,65.7,"*","*"
"Branford School District","=""0140011""","Race/Ethnicity","White",918,66.8,917,64.6,399,63.2
"Branford School District","=""0140011""","Special Education Status (SWD)","Students with Disabilities",189,47.6,188,42.3,60,44.2
"Branford School District","=""0140011""","Special Education Status (SWD)","Students without Disabilities",1138,69.2,1138,67.4,503,64.6
"Bridgeport School District","=""0150011""","All Students","District",8727,49.5,8709,41.8,3622,45.4
"Bridgeport School District","=""0150011""","English Language Learners (EL)","English Learners",2346,43.3,2344,38.5,907,39.7
"Bridgeport School District","=""0150011""","English Language Learners (EL)","Not English Learners",6381,51.7,6365,43.1,2715,47.3
"Bridgeport School District","=""0150011""","Gender","Female","*","*","*","*","*","*"
"Bridgeport School District","=""0150011""","Gender","Male",4486,48.1,4473,42.4,1823,45.1
"Bridgeport School District","=""0150011""","Gender","Non-Binary","*","*","*","*","*","*"
"Bridgeport School District","=""0150011""","Grade","03",1327,52.2,1326,43.5,"N/A","N/A"
"Bridgeport School District","=""0150011""","Grade","04",1291,54.5,1288,45.9,"N/A","N/A"
"Bridgeport School District","=""0150011""","Grade","05",1326,49.2,1324,44.9,1326,48.6
"Bridgeport School District","=""0150011""","Grade","06",1256,53.6,1255,42.6,"N/A","N/A"
"Bridgeport School District","=""0150011""","Grade","07",1191,48.8,1186,40.6,"N/A","N/A"
"Bridgeport School District","=""0150011""","Grade","08",1343,44.6,1337,37.4,1346,46.1
"Bridgeport School District","=""0150011""","Grade","11",993,42.0,993,36.7,950,40.0
"Bridgeport School District","=""0150011""","High Needs (F/R, EL or SWD)","High Needs",7775,48.0,7759,40.6,3169,43.8
"Bridgeport School District","=""0150011""","High Needs (F/R, EL or SWD)","Not High Needs",952,61.5,950,52.3,453,56.5
"Bridgeport School District","=""0150011""","Free/Reduced Price Meal Eligibility (2-level)","Eligible For Free Or Reduced Price Meals",7272,48.3,7256,40.7,2942,44.0
"Bridgeport School District","=""0150011""","Free/Reduced Price Meal Eligibility (2-level)","Not Eligible For Free Or Reduced Price Meals",1455,55.3,1453,47.6,680,51.7
"Bridgeport School District","=""0150011""","Race/Ethnicity","American Indian or Alaska Native",66,54.7,66,46.2,"*","*"
"Bridgeport School District","=""0150011""","Race/Ethnicity","Asian",171,61.7,171,56.1,79,59.8
"Bridgeport School District","=""0150011""","Race/Ethnicity","Black or African American",2668,48.9,2658,39.9,1136,43.7
"Bridgeport School District","=""0150011""","Race/Ethnicity","Hispanic or Latino",4687,48.1,4680,41.1,1932,44.1
"Bridgeport School District","=""0150011""","Race/Ethnicity","Native Hawaiian or Other Pacific Islander",14,"*",14,"*","*","*"
"Bridgeport School District","=""0150011""","Race/Ethnicity","Two or More Races",145,51.9,145,43.1,54,52.4
"Bridgeport School District","=""0150011""","Race/Ethnicity","White",976,54.8,975,47.6,393,52.5
"Bridgeport School District","=""0150011""","Special Education Status (SWD)","Students with Disabilities",1875,37.1,1869,30.1,776,35.3
"Bridgeport School District","=""0150011""","Special Education Status (SWD)","Students without Disabilities",6852,52.8,6840,45.0,2846,48.2
"Bristol School District","=""0170011""","All Students","District",3757,63.5,3739,58.5,1623,59.6
"Bristol School District","=""0170011""","English Language Learners (EL)","English Learners",306,54.3,305,50.5,133,47.4
"Bristol School District","=""0170011""","English Language Learners (EL)","Not English Learners",3451,64.3,3434,59.2,1490,60.7
"Bristol School District","=""0170011""","Gender","Female","*","*",1869,57.2,817,59.8
"Bristol School District","=""0170011""","Gender","Male",1878,62.6,"*","*","*","*"
"Bristol School District","=""0170011""","Gender","Non-Binary","*","*","*","*","*","*"
"Bristol School District","=""0170011""","Grade","03",550,69.4,549,63.1,"N/A","N/A"
"Bristol School District","=""0170011""","Grade","04",478,69.6,477,64.8,"N/A","N/A"
"Bristol School District","=""0170011""","Grade","05",536,68.0,536,66.0,534,63.7
"Bristol School District","=""0170011""","Grade","06",546,66.9,540,60.0,"N/A","N/A"
"Bristol School District","=""0170011""","Grade","07",566,61.1,564,53.3,"N/A","N/A"
"Bristol School District","=""0170011""","Grade","08",549,60.2,542,56.4,547,60.9
"Bristol School District","=""0170011""","Grade","11",532,50.1,531,46.7,542,54.3
"Bristol School District","=""0170011""","High Needs (F/R, EL or SWD)","High Needs",2357,58.5,2341,53.0,978,54.3
"Bristol School District","=""0170011""","High Needs (F/R, EL or SWD)","Not High Needs",1400,71.9,1398,67.8,645,67.7
"Bristol School District","=""0170011""","Free/Reduced Price Meal Eligibility (2-level)","Eligible For Free Or Reduced Price Meals",2076,59.5,2062,53.7,856,55.4
"Bristol School District","=""0170011""","Free/Reduced Price Meal Eligibility (2-level)","Not Eligible For Free Or Reduced Price Meals",1681,68.5,1677,64.5,767,64.3
"Bristol School District","=""0170011""","Race/Ethnicity","American Indian or Alaska Native","*","*","*","*","*","*"
"Bristol School District","=""0170011""","Race/Ethnicity","Asian",114,67.1,114,65.6,53,68.6
"Bristol School District","=""0170011""","Race/Ethnicity","Black or African American",310,60.3,307,52.7,139,54.7
"Bristol School District","=""0170011""","Race/Ethnicity","Hispanic or Latino",1361,57.8,1352,51.8,560,52.9
"Bristol School District","=""0170011""","Race/Ethnicity","Native Hawaiian or Other Pacific Islander","*","*","*","*","*","*"
"Bristol School District","=""0170011""","Race/Ethnicity","Two or More Races",185,63.1,184,55.3,65,60.4
"Bristol School District","=""0170011""","Race/Ethnicity","White",1781,68.3,1776,64.5,803,64.5
"Bristol School District","=""0170011""","Special Education Status (SWD)","Students with Disabilities",739,44.4,729,39.1,313,42.0
"Bristol School District","=""0170011""","Special Education Status (SWD)","Students without Disabilities",3018,68.2,3010,63.2,1310,63.8
"Brookfield School District","=""0180011""","All Students","District",1302,70.2,1294,66.9,585,65.9
"Brookfield School District","=""0180011""","English Language Learners (EL)","English Learners",103,58.3,102,58.3,36,55.5
"Brookfield School District","=""0180011""","English Language Learners (EL)","Not English Learners",1199,71.2,1192,67.6,549,66.5
"Brookfield School District","=""0180011""","Gender","Female",634,72.0,631,65.9,291,66.1
"Brookfield School District","=""0180011""","Gender","Male",668,68.5,663,67.8,294,65.6
"Brookfield School District","=""0180011""","Gender","Non-Binary",0,"N/A",0,"N/A",0,"N/A"
"Brookfield School District","=""0180011""","Grade","03",173,71.0,173,67.9,"N/A","N/A"
"Brookfield School District","=""0180011""","Grade","04",168,73.1,167,71.7,"N/A","N/A"
"Brookfield School District","=""0180011""","Grade","05",175,74.8,175,67.7,175,75.8
"Brookfield School District","=""0180011""","Grade","06",189,75.2,188,71.6,"N/A","N/A"
"Brookfield School District","=""0180011""","Grade","07",179,73.7,177,69.6,"N/A","N/A"
"Brookfield School District","=""0180011""","Grade","08",194,67.7,190,64.7,190,66.3
"Brookfield School District","=""0180011""","Grade","11",224,59.0,224,57.7,220,57.5
"Brookfield School District","=""0180011""","High Needs (F/R, EL or SWD)","High Needs",409,58.9,406,56.4,175,56.3
"Brookfield School District","=""0180011""","High Needs (F/R, EL or SWD)","Not High Needs",893,75.4,888,71.7,410,69.9
"Brookfield School District","=""0180011""","Free/Reduced Price Meal Eligibility (2-level)","Eligible For Free Or Reduced Price Meals",270,61.0,268,58.1,113,58.3
"Brookfield School District","=""0180011""","Free/Reduced Price Meal Eligibility (2-level)","Not Eligible For Free Or Reduced Price Meals",1032,72.6,1026,69.2,472,67.7
"Brookfield School District","=""0180011""","Race/Ethnicity","American Indian or Alaska Native","*","*","*","*","*","*"
"Brookfield School District","=""0180011""","Race/Ethnicity","Asian",94,78.0,93,80.9,42,78.2
"Brookfield School District","=""0180011""","Race/Ethnicity","Black or African American",34,66.3,34,59.6,16,"*"
"Brookfield School District","=""0180011""","Race/Ethnicity","Hispanic or Latino",181,63.9,178,59.9,88,62.9
"Brookfield School District","=""0180011""","Race/Ethnicity","Native Hawaiian or Other Pacific Islander","*","*","*","*","*","*"
"Brookfield School District","=""0180011""","Race/Ethnicity","Two or More Races",18,"*",16,"*","*","*"
"Brookfield School District","=""0180011""","Race/Ethnicity","White",959,71.0,957,67.2,428,65.9
"Brookfield School District","=""0180011""","Special Education Status (SWD)","Students with Disabilities",168,49.2,166,45.6,74,46.6
"Brookfield School District","=""0180011""","Special Education Status (SWD)","Students without Disabilities",1134,73.3,1128,70.0,511,68.6
"Brooklyn School District","=""0190011""","All Students","District",531,68.4,531,62.8,168,69.5
"Brooklyn School District","=""0190011""","English Language Learners (EL)","English Learners",13,"*",13,"*","*","*"
"Brooklyn School District","=""0190011""","English Language Learners (EL)","Not English Learners",518,68.9,518,63.0,"*","*"
"Brooklyn School District","=""0190011""","Gender","Female","*","*","*","*","*","*"
"Brooklyn School District","=""0190011""","Gender","Male",271,66.4,271,64.8,86,71.9
"Brooklyn School District","=""0190011""","Gender","Non-Binary","*","*","*","*","*","*"
"Brooklyn School District","=""0190011""","Grade","03",95,66.9,95,66.2,"N/A","N/A"
"Brooklyn School District","=""0190011""","Grade","04",88,66.1,88,65.6,"N/A","N/A"
"Brooklyn School District","=""0190011""","Grade","05",91,73.9,91,64.7,91,75.1
"Brooklyn School District","=""0190011""","Grade","06",81,71.1,81,60.0,"N/A","N/A"
"Brooklyn School District","=""0190011""","Grade","07",99,68.2,99,62.9,"N/A","N/A"
"Brooklyn School District","=""0190011""","Grade","08","*","*","*","*","*","*"
"Brooklyn School District","=""0190011""","Grade","11","*","*","*","*","*","*"
"Brooklyn School District","=""0190011""","High Needs (F/R, EL or SWD)","High Needs",240,61.1,240,55.2,79,61.5
"Brooklyn School District","=""0190011""","High Needs (F/R, EL or SWD)","Not High Needs",291,74.5,291,69.1,89,76.5
"Brooklyn School District","=""0190011""","Free/Reduced Price Meal Eligibility (2-level)","Eligible For Free Or Reduced Price Meals",194,62.9,194,56.2,62,65.4
"Brooklyn School District","=""0190011""","Free/Reduced Price Meal Eligibility (2-level)","Not Eligible For Free Or Reduced Price Meals",337,71.6,337,66.6,106,71.9
"Brooklyn School District","=""0190011""","Race/Ethnicity","American Indian or Alaska Native","*","*","*","*","N/A","N/A"
"Brooklyn School District","=""0190011""","Race/Ethnicity","Asian",15,"*",15,"*","*","*"
"Brooklyn School District","=""0190011""","Race/Ethnicity","Black or African American","*","*","*","*","*","*"
"Brooklyn School District","=""0190011""","Race/Ethnicity","Hispanic or Latino",59,63.7,59,53.3,21,60.5
"Brooklyn School District","=""0190011""","Race/Ethnicity","Two or More Races",30,60.4,30,57.1,8,"*"
"Brooklyn School District","=""0190011""","Race/Ethnicity","White",416,69.9,416,64.3,134,72.0
"Brooklyn School District","=""0190011""","Special Education Status (SWD)","Students with Disabilities",104,50.5,104,45.1,38,49.4
"Brooklyn School District","=""0190011""","Special Education Status (SWD)","Students without Disabilities",427,72.8,427,67.1,130,75.3
"Canaan School District","=""0210011""","All Students","District",44,73.2,44,66.5,8,"*"
"Canaan School District","=""0210011""","English Language Learners (EL)","Not English Learners",44,73.2,44,66.5,8,"*"
"Canaan School District","=""0210011""","Gender","Female",17,"*",17,"*","*","*"
"Canaan School District","=""0210011""","Gender","Male",27,70.7,27,64.0,"*","*"
"Canaan School District","=""0210011""","Grade","03",8,"*",8,"*","N/A","N/A"
"Canaan School District","=""0210011""","Grade","04",10,"*",10,"*","N/A","N/A"
"Canaan School District","=""0210011""","Grade","05","*","*","*","*","*","*"
"Canaan School District","=""0210011""","Grade","06",7,"*",7,"*","N/A","N/A"
"Canaan School District","=""0210011""","Grade","07",11,"*",11,"*","N/A","N/A"
"Canaan School District","=""0210011""","Grade","08","*","*","*","*","*","*"
"Canaan School District","=""0210011""","High Needs (F/R, EL or SWD)","High Needs",17,"*",17,"*","*","*"
"Canaan School District","=""0210011""","High Needs (F/R, EL or SWD)","Not High Needs",27,79.6,27,71.5,"*","*"
"Canaan School District","=""0210011""","Free/Reduced Price Meal Eligibility (2-level)","Eligible For Free Or Reduced Price Meals",15,"*",15,"*","*","*"
"Canaan School District","=""0210011""","Free/Reduced Price Meal Eligibility (2-level)","Not Eligible For Free Or Reduced Price Meals",29,76.6,29,67.2,"*","*"
"Canaan School District","=""0210011""","Race/Ethnicity","Hispanic or Latino","*","*","*","*","N/A","N/A"
"Canaan School District","=""0210011""","Race/Ethnicity","Two or More Races","*","*","*","*","N/A","N/A"
"Canaan School District","=""0210011""","Race/Ethnicity","White",41,74.5,41,67.7,8,"*"
"Canaan School District","=""0210011""","Special Education Status (SWD)","Students with Disabilities",6,"*",6,"*","N/A","N/A"
"Canaan School District","=""0210011""","Special Education Status (SWD)","Students without Disabilities",38,79.8,38,72.1,8,"*"
"Canterbury School District","=""0220011""","All Students","District",282,68.6,282,64.6,95,70.9
"Canterbury School District","=""0220011""","English Language Learners (EL)","English Learners","*","*","*","*","*","*"
"Canterbury School District","=""0220011""","English Language Learners (EL)","Not English Learners","*","*","*","*","*","*"
"Canterbury School District","=""0220011""","Gender","Female",136,69.8,136,65.3,46,72.2
"Canterbury School District","=""0220011""","Gender","Male",146,67.4,146,64.0,49,69.8
"Canterbury School District","=""0220011""","Grade","03",40,65.9,40,64.0,"N/A","N/A"
"Canterbury School District","=""0220011""","Grade","04",48,66.8,48,65.8,"N/A","N/A"
"Canterbury School District","=""0220011""","Grade","05",41,72.8,41,73.7,41,70.6
"Canterbury School District","=""0220011""","Grade","06",51,67.8,51,67.9,"N/A","N/A"
"Canterbury School District","=""0220011""","Grade","07",48,68.6,48,57.8,"N/A","N/A"
"Canterbury School District","=""0220011""","Grade","08",54,69.6,54,60.2,54,71.2
"Canterbury School District","=""0220011""","High Needs (F/R, EL or SWD)","High Needs",110,61.9,110,57.6,39,65.0
"Canterbury School District","=""0220011""","High Needs (F/R, EL or SWD)","Not High Needs",172,72.8,172,69.1,56,75.1
"Canterbury School District","=""0220011""","Free/Reduced Price Meal Eligibility (2-level)","Eligible For Free Or Reduced Price Meals",89,63.9,89,60.0,37,66.1
"Canterbury School District","=""0220011""","Free/Reduced Price Meal Eligibility (2-level)","Not Eligible For Free Or Reduced Price Meals",193,70.7,193,66.8,58,74.0
"Canterbury School District","=""0220011""","Race/Ethnicity","Asian",0,"N/A",0,"N/A",0,"N/A"
"Canterbury School District","=""0220011""","Race/Ethnicity","Black or African American","*","*","*","*","N/A","N/A"
"Canterbury School District","=""0220011""","Race/Ethnicity","Hispanic or Latino",26,62.2,26,61.1,"*","*"
"Canterbury School District","=""0220011""","Race/Ethnicity","Two or More Races","*","*","*","*","*","*"
"Canterbury School District","=""0220011""","Race/Ethnicity","White",248,69.0,248,65.0,82,71.5
"Canterbury School District","=""0220011""","Special Education Status (SWD)","Students with Disabilities",34,50.6,34,44.6,6,"*"
"Canterbury School District","=""0220011""","Special Education Status (SWD)","Students without Disabilities",248,71.0,248,67.4,89,72.4
"Canton School District","=""0230011""","All Students","District",785,70.5,783,67.1,322,70.5
"Canton School District","=""0230011""","English Language Learners (EL)","English Learners",12,"*",12,"*","*","*"
"Canton School District","=""0230011""","English Language Learners (EL)","Not English Learners",773,70.7,771,67.1,"*","*"
"Canton School District","=""0230011""","Gender","Female","*","*","*","*",171,70.7
"Canton School District","=""0230011""","Gender","Male",405,69.3,404,67.9,"*","*"
"Canton School District","=""0230011""","Gender","Non-Binary","*","*","*","*","*","*"
"Canton School District","=""0230011""","Grade","03",118,66.9,118,65.9,"N/A","N/A"
"Canton School District","=""0230011""","Grade","04",111,74.9,111,71.8,"N/A","N/A"
"Canton School District","=""0230011""","Grade","05",95,72.3,93,70.8,94,70.5
"Canton School District","=""0230011""","Grade","06",111,73.1,111,68.9,"N/A","N/A"
"Canton School District","=""0230011""","Grade","07",120,74.0,120,67.6,"N/A","N/A"
"Canton School District","=""0230011""","Grade","08",125,67.3,125,62.1,125,66.9
"Canton School District","=""0230011""","Grade","11",105,65.5,105,63.3,103,74.8
"Canton School District","=""0230011""","High Needs (F/R, EL or SWD)","High Needs",226,57.8,224,52.0,96,54.4
"Canton School District","=""0230011""","High Needs (F/R, EL or SWD)","Not High Needs",559,75.7,559,73.1,226,77.3
"Canton School District","=""0230011""","Free/Reduced Price Meal Eligibility (2-level)","Eligible For Free Or Reduced Price Meals",125,59.8,123,55.0,55,55.0
"Canton School District","=""0230011""","Free/Reduced Price Meal Eligibility (2-level)","Not Eligible For Free Or Reduced Price Meals",660,72.6,660,69.3,267,73.7
"Canton School District","=""0230011""","Race/Ethnicity","Asian","*","*","*","*",10,"*"
"Canton School District","=""0230011""","Race/Ethnicity","Black or African American",51,51.3,50,46.4,24,39.9
"Canton School District","=""0230011""","Race/Ethnicity","Hispanic or Latino",65,66.8,64,62.1,28,70.2
"Canton School District","=""0230011""","Race/Ethnicity","Native Hawaiian or Other Pacific Islander","*","*","*","*","N/A","N/A"
"Canton School District","=""0230011""","Race/Ethnicity","Two or More Races",27,70.2,27,63.9,7,"*"
"Canton School District","=""0230011""","Race/Ethnicity","White",622,72.4,622,69.2,253,73.9
"Canton School District","=""0230011""","Special Education Status (SWD)","Students with Disabilities",137,50.0,135,43.9,62,49.2
"Canton School District","=""0230011""","Special Education Status (SWD)","Students without Disabilities",648,74.9,648,71.9,260,75.6
"Chaplin School District","=""0240011""","All Students","District",68,65.5,68,67.6,18,"*"
"Chaplin School District","=""0240011""","English Language Learners (EL)","English Learners","*","*","*","*","N/A","N/A"
"Chaplin School District","=""0240011""","English Language Learners (EL)","Not English Learners","*","*","*","*",18,"*"
"Chaplin School District","=""0240011""","Gender","Female",30,64.9,30,63.5,9,"*"
"Chaplin School District","=""0240011""","Gender","Male",38,66.0,38,70.8,9,"*"
"Chaplin School District","=""0240011""","Grade","03",21,62.1,21,65.5,"N/A","N/A"
"Chaplin School District","=""0240011""","Grade","04",14,"*",14,"*","N/A","N/A"
"Chaplin School District","=""0240011""","Grade","05",18,"*",18,"*",18,"*"
"Chaplin School District","=""0240011""","Grade","06",15,"*",15,"*","N/A","N/A"
"Chaplin School District","=""0240011""","High Needs (F/R, EL or SWD)","High Needs",33,56.5,33,62.1,"*","*"
"Chaplin School District","=""0240011""","High Needs (F/R, EL or SWD)","Not High Needs",35,74.0,35,72.8,"*","*"
"Chaplin School District","=""0240011""","Free/Reduced Price Meal Eligibility (2-level)","Eligible For Free Or Reduced Price Meals",29,57.9,29,63.3,11,"*"
"Chaplin School District","=""0240011""","Free/Reduced Price Meal Eligibility (2-level)","Not Eligible For Free Or Reduced Price Meals",39,71.2,39,70.8,7,"*"
"Chaplin School District","=""0240011""","Race/Ethnicity","Asian","*","*","*","*","*","*"
"Chaplin School District","=""0240011""","Race/Ethnicity","Black or African American","*","*","*","*","N/A","N/A"
"Chaplin School District","=""0240011""","Race/Ethnicity","Hispanic or Latino",9,"*",9,"*","*","*"
"Chaplin School District","=""0240011""","Race/Ethnicity","Two or More Races","*","*","*","*","*","*"
"Chaplin School District","=""0240011""","Race/Ethnicity","White",54,67.9,54,69.6,14,"*"
"Chaplin School District","=""0240011""","Special Education Status (SWD)","Students with Disabilities",12,"*",12,"*","*","*"
"Chaplin School District","=""0240011""","Special Education Status (SWD)","Students without Disabilities",56,70.1,56,71.5,"*","*"
"Cheshire School District","=""0250011""","All Students","District",2100,78.2,2095,76.5,889,75.3
"Cheshire School District","=""0250011""","English Language Learners (EL)","English Learners",85,71.1,85,73.6,23,68.7
"Cheshire School District","=""0250011""","English Language Learners (EL)","Not English Learners",2015,78.5,2010,76.6,866,75.5
"Cheshire School District","=""0250011""","Gender","Female","*","*","*","*","*","*"
"Cheshire School District","=""0250011""","Gender","Male",1087,76.7,1085,78.0,455,75.6
"Cheshire School District","=""0250011""","Gender","Non-Binary","*","*","*","*","*","*"
"Cheshire School District","=""0250011""","Grade","03",284,80.7,283,81.0,"N/A","N/A"
"Cheshire School District","=""0250011""","Grade","04",319,82.0,319,79.9,"N/A","N/A"
"Cheshire School District","=""0250011""","Grade","05",308,84.8,308,83.8,308,83.7
"Cheshire School District","=""0250011""","Grade","06",297,81.2,297,79.4,"N/A","N/A"
"Cheshire School District","=""0250011""","Grade","07",311,78.0,310,76.0,"N/A","N/A"
"Cheshire School District","=""0250011""","Grade","08",300,76.5,297,72.0,298,72.7
"Cheshire School District","=""0250011""","Grade","11",281,63.1,281,62.0,283,68.9
"Cheshire School District","=""0250011""","High Needs (F/R, EL or SWD)","High Needs",551,66.8,548,64.3,225,63.8
"Cheshire School District","=""0250011""","High Needs (F/R, EL or SWD)","Not High Needs",1549,82.3,1547,80.8,664,79.2
"Cheshire School District","=""0250011""","Free/Reduced Price Meal Eligibility (2-level)","Eligible For Free Or Reduced Price Meals",319,70.6,318,68.2,131,69.1
"Cheshire School District","=""0250011""","Free/Reduced Price Meal Eligibility (2-level)","Not Eligible For Free Or Reduced Price Meals",1781,79.6,1777,77.9,758,76.4
"Cheshire School District","=""0250011""","Race/Ethnicity","Asian",189,83.1,189,85.8,76,80.7
"Cheshire School District","=""0250011""","Race/Ethnicity","Black or African American",66,70.1,65,61.6,32,62.0
"Cheshire School District","=""0250011""","Race/Ethnicity","Hispanic or Latino",161,75.8,161,72.9,59,69.9
"Cheshire School District","=""0250011""","Race/Ethnicity","Two or More Races",79,74.6,79,73.2,33,71.1
"Cheshire School District","=""0250011""","Race/Ethnicity","White",1605,78.4,1601,76.5,689,76.0
"Cheshire School District","=""0250011""","Special Education Status (SWD)","Students with Disabilities",256,57.3,254,52.9,112,53.7
"Cheshire School District","=""0250011""","Special Education Status (SWD)","Students without Disabilities",1844,81.1,1841,79.7,777,78.4
"Chester School District","=""0260011""","All Students","District",121,78.9,121,78.3,37,82.4
"Chester School District","=""0260011""","English Language Learners (EL)","English Learners","*","*","*","*","*","*"
"Chester School District","=""0260011""","English Language Learners (EL)","Not English Learners","*","*","*","*","*","*"
"Chester School District","=""0260011""","Gender","Female",56,79.7,56,76.3,18,"*"
"Chester School District","=""0260011""","Gender","Male",65,78.3,65,80.0,19,"*"
"Chester School District","=""0260011""","Grade","03",34,78.4,34,84.0,"N/A","N/A"
"Chester School District","=""0260011""","Grade","04",23,75.5,23,71.0,"N/A","N/A"
"Chester School District","=""0260011""","Grade","05",37,77.4,37,75.6,37,82.4
"Chester School District","=""0260011""","Grade","06",27,84.8,27,81.0,"N/A","N/A"
"Chester School District","=""0260011""","High Needs (F/R, EL or SWD)","High Needs",36,68.0,36,64.7,11,"*"
"Chester School District","=""0260011""","High Needs (F/R, EL or SWD)","Not High Needs",85,83.6,85,84.1,26,89.4
"Chester School District","=""0260011""","Free/Reduced Price Meal Eligibility (2-level)","Eligible For Free Or Reduced Price Meals",28,67.7,28,64.3,9,"*"
"Chester School District","=""0260011""","Free/Reduced Price Meal Eligibility (2-level)","Not Eligible For Free Or Reduced Price Meals",93,82.3,93,82.5,28,88.0
"Chester School District","=""0260011""","Race/Ethnicity","Hispanic or Latino","*","*","*","*","*","*"
"Chester School District","=""0260011""","Race/Ethnicity","Two or More Races","*","*","*","*","*","*"
"Chester School District","=""0260011""","Race/Ethnicity","White",110,79.0,110,78.3,34,83.0
"Chester School District","=""0260011""","Special Education Status (SWD)","Students with Disabilities",14,"*",14,"*","*","*"
"Chester School District","=""0260011""","Special Education Status (SWD)","Students without Disabilities",107,81.5,107,81.2,"*","*"
"Clinton School District","=""0270011""","All Students","District",701,65.7,700,64.3,319,66.7
"Clinton School District","=""0270011""","English Language Learners (EL)","English Learners",81,54.5,81,57.5,31,58.3
"Clinton School District","=""0270011""","English Language Learners (EL)","Not English Learners",620,67.1,619,65.2,288,67.6
"Clinton School District","=""0270011""","Gender","Female",331,67.7,331,64.0,153,66.6
"Clinton School District","=""0270011""","Gender","Male",370,63.9,369,64.6,166,66.8
"Clinton School District","=""0270011""","Grade","03",89,67.8,89,64.2,"N/A","N/A"
"Clinton School District","=""0270011""","Grade","04",100,69.8,100,68.2,"N/A","N/A"
"Clinton School District","=""0270011""","Grade","05",102,64.8,102,67.5,102,70.0
"Clinton School District","=""0270011""","Grade","06",91,73.3,91,68.3,"N/A","N/A"
"Clinton School District","=""0270011""","Grade","07",101,65.3,101,61.2,"N/A","N/A"
"Clinton School District","=""0270011""","Grade","08",104,64.3,103,67.3,104,68.4
"Clinton School District","=""0270011""","Grade","11",114,56.8,114,55.2,113,62.2
"Clinton School District","=""0270011""","High Needs (F/R, EL or SWD)","High Needs",323,58.6,322,57.9,134,59.2
"Clinton School District","=""0270011""","High Needs (F/R, EL or SWD)","Not High Needs",378,71.8,378,69.8,185,72.2
"Clinton School District","=""0270011""","Free/Reduced Price Meal Eligibility (2-level)","Eligible For Free Or Reduced Price Meals",262,60.8,262,59.8,108,61.5
"Clinton School District","=""0270011""","Free/Reduced Price Meal Eligibility (2-level)","Not Eligible For Free Or Reduced Price Meals",439,68.6,438,67.0,211,69.4
"Clinton School District","=""0270011""","Race/Ethnicity","American Indian or Alaska Native","*","*","*","*","*","*"
"Clinton School District","=""0270011""","Race/Ethnicity","Asian",18,"*",18,"*",7,"*"
"Clinton School District","=""0270011""","Race/Ethnicity","Black or African American","*","*","*","*","*","*"
"Clinton School District","=""0270011""","Race/Ethnicity","Hispanic or Latino",173,60.5,173,60.1,71,60.6
"Clinton School District","=""0270011""","Race/Ethnicity","Two or More Races",10,"*",10,"*","*","*"
"Clinton School District","=""0270011""","Race/Ethnicity","White",494,67.3,493,65.5,234,68.8
"Clinton School District","=""0270011""","Special Education Status (SWD)","Students with Disabilities",98,49.1,97,45.6,44,48.1
"Clinton School District","=""0270011""","Special Education Status (SWD)","Students without Disabilities",603,68.4,603,67.4,275,69.7
"Colchester School District","=""0280011""","All Students","District",1049,70.7,1049,71.6,460,71.5
"Colchester School District","=""0280011""","English Language Learners (EL)","English Learners",26,65.2,26,63.7,"*","*"
"Colchester School District","=""0280011""","English Language Learners (EL)","Not English Learners",1023,70.8,1023,71.8,"*","*"
"Colchester School District","=""0280011""","Gender","Female",519,71.8,519,70.0,228,71.4
"Colchester School District","=""0280011""","Gender","Male",530,69.6,530,73.2,232,71.6
"Colchester School District","=""0280011""","Grade","03",149,69.7,149,70.4,"N/A","N/A"
"Colchester School District","=""0280011""","Grade","04",136,76.2,136,74.0,"N/A","N/A"
"Colchester School District","=""0280011""","Grade","05",154,74.6,154,74.0,154,74.6
"Colchester School District","=""0280011""","Grade","06",153,70.2,153,71.9,"N/A","N/A"
"Colchester School District","=""0280011""","Grade","07",154,72.4,154,74.5,"N/A","N/A"
"Colchester School District","=""0280011""","Grade","08",153,72.7,153,77.1,153,76.4
"Colchester School District","=""0280011""","Grade","11",150,59.3,150,59.5,153,63.6
"Colchester School District","=""0280011""","High Needs (F/R, EL or SWD)","High Needs",326,61.5,326,61.7,146,62.6
"Colchester School District","=""0280011""","High Needs (F/R, EL or SWD)","Not High Needs",723,74.8,723,76.1,314,75.6
"Colchester School District","=""0280011""","Free/Reduced Price Meal Eligibility (2-level)","Eligible For Free Or Reduced Price Meals",223,63.8,223,63.7,103,63.5
"Colchester School District","=""0280011""","Free/Reduced Price Meal Eligibility (2-level)","Not Eligible For Free Or Reduced Price Meals",826,72.5,826,73.8,357,73.8
"Colchester School District","=""0280011""","Race/Ethnicity","Asian",27,73.7,27,76.2,11,"*"
"Colchester School District","=""0280011""","Race/Ethnicity","Black or African American",18,"*",18,"*",6,"*"
"Colchester School District","=""0280011""","Race/Ethnicity","Hispanic or Latino",89,64.6,89,65.5,43,66.4
"Colchester School District","=""0280011""","Race/Ethnicity","Native Hawaiian or Other Pacific Islander",0,"N/A",0,"N/A",0,"N/A"
"Colchester School District","=""0280011""","Race/Ethnicity","Two or More Races",53,68.3,53,72.1,29,64.8
"Colchester School District","=""0280011""","Race/Ethnicity","White",862,71.6,862,72.3,371,72.8
"Colchester School District","=""0280011""","Special Education Status (SWD)","Students with Disabilities",157,54.4,157,53.4,70,57.4
"Colchester School District","=""0280011""","Special Education Status (SWD)","Students without Disabilities",892,73.5,892,74.8,390,74.0
"Colebrook School District","=""0290011""","All Students","District",49,79.0,49,75.3,15,"*"
"Colebrook School District","=""0290011""","English Language Learners (EL)","Not English Learners",49,79.0,49,75.3,15,"*"
"Colebrook School District","=""0290011""","Gender","Female",21,82.9,21,78.3,9,"*"
"Colebrook School District","=""0290011""","Gender","Male",28,76.0,28,73.1,6,"*"
"Colebrook School District","=""0290011""","Grade","03",15,"*",15,"*","N/A","N/A"
"Colebrook School District","=""0290011""","Grade","04",6,"*",6,"*","N/A","N/A"
"Colebrook School District","=""0290011""","Grade","05",15,"*",15,"*",15,"*"
"Colebrook School District","=""0290011""","Grade","06",13,"*",13,"*","N/A","N/A"
"Colebrook School District","=""0290011""","High Needs (F/R, EL or SWD)","High Needs",23,71.2,23,67.5,7,"*"
"Colebrook School District","=""0290011""","High Needs (F/R, EL or SWD)","Not High Needs",26,85.9,26,82.2,8,"*"
"Colebrook School District","=""0290011""","Free/Reduced Price Meal Eligibility (2-level)","Eligible For Free Or Reduced Price Meals",16,"*",16,"*",6,"*"
"Colebrook School District","=""0290011""","Free/Reduced Price Meal Eligibility (2-level)","Not Eligible For Free Or Reduced Price Meals",33,81.6,33,77.3,9,"*"
"Colebrook School District","=""0290011""","Race/Ethnicity","Asian","*","*","*","*","*","*"
"Colebrook School District","=""0290011""","Race/Ethnicity","Hispanic or Latino","*","*","*","*","N/A","N/A"
"Colebrook School District","=""0290011""","Race/Ethnicity","Two or More Races","*","*","*","*","N/A","N/A"
"Colebrook School District","=""0290011""","Race/Ethnicity","White",45,80.0,45,75.7,"*","*"
"Colebrook School District","=""0290011""","Special Education Status (SWD)","Students with Disabilities",12,"*",12,"*","*","*"
"Colebrook School District","=""0290011""","Special Education Status (SWD)","Students without Disabilities",37,82.7,37,79.9,"*","*"
"Columbia School District","=""0300011""","All Students","District",290,68.3,288,64.7,97,68.1
"Columbia School District","=""0300011""","English Language Learners (EL)","English Learners","*","*","*","*","*","*"
"Columbia School District","=""0300011""","English Language Learners (EL)","Not English Learners","*","*","*","*","*","*"
"Columbia School District","=""0300011""","Gender","Female",136,68.3,134,62.3,51,65.7
"Columbia School District","=""0300011""","Gender","Male",154,68.2,154,66.8,46,70.9
"Columbia School District","=""0300011""","Grade","03",50,70.8,50,70.9,"N/A","N/A"
"Columbia School District","=""0300011""","Grade","04",45,67.2,45,68.9,"N/A","N/A"
"Columbia School District","=""0300011""","Grade","05",58,66.7,58,66.1,58,73.5
"Columbia School District","=""0300011""","Grade","06",54,67.6,54,59.4,"N/A","N/A"
"Columbia School District","=""0300011""","Grade","07",43,73.8,42,68.3,"N/A","N/A"
"Columbia School District","=""0300011""","Grade","08",40,63.7,39,53.1,39,60.1
"Columbia School District","=""0300011""","High Needs (F/R, EL or SWD)","High Needs",96,59.6,95,55.4,36,61.0
"Columbia School District","=""0300011""","High Needs (F/R, EL or SWD)","Not High Needs",194,72.6,193,69.3,61,72.4
"Columbia School District","=""0300011""","Free/Reduced Price Meal Eligibility (2-level)","Eligible For Free Or Reduced Price Meals",71,62.3,70,59.1,26,64.6
"Columbia School District","=""0300011""","Free/Reduced Price Meal Eligibility (2-level)","Not Eligible For Free Or Reduced Price Meals",219,70.2,218,66.5,71,69.4
"Columbia School District","=""0300011""","Race/Ethnicity","American Indian or Alaska Native","*","*","*","*","*","*"
"Columbia School District","=""0300011""","Race/Ethnicity","Asian","*","*","*","*","N/A","N/A"
"Columbia School District","=""0300011""","Race/Ethnicity","Black or African American","*","*","*","*","N/A","N/A"
"Columbia School District","=""0300011""","Race/Ethnicity","Hispanic or Latino",33,69.3,33,63.0,13,"*"
"Columbia School District","=""0300011""","Race/Ethnicity","Two or More Races",12,"*",12,"*","*","*"
"Columbia School District","=""0300011""","Race/Ethnicity","White",239,68.4,237,65.3,79,68.5
"Columbia School District","=""0300011""","Special Education Status (SWD)","Students with Disabilities",37,51.3,36,44.6,16,"*"
"Columbia School District","=""0300011""","Special Education Status (SWD)","Students without Disabilities",253,70.8,252,67.6,81,71.2
"Cornwall School District","=""0310011""","All Students","District",56,72.3,56,70.9,20,68.8
"Cornwall School District","=""0310011""","English Language Learners (EL)","English Learners","*","*","*","*","*","*"
"Cornwall School District","=""0310011""","English Language Learners (EL)","Not English Learners","*","*","*","*","*","*"
"Cornwall School District","=""0310011""","Gender","Female",31,72.7,31,67.9,14,"*"
"Cornwall School District","=""0310011""","Gender","Male",25,71.7,25,74.6,6,"*"
"Cornwall School District","=""0310011""","Grade","03",8,"*",8,"*","N/A","N/A"
"Cornwall School District","=""0310011""","Grade","04",9,"*",9,"*","N/A","N/A"
"Cornwall School District","=""0310011""","Grade","05",8,"*",8,"*",8,"*"
"Cornwall School District","=""0310011""","Grade","06",6,"*",6,"*","N/A","N/A"
"Cornwall School District","=""0310011""","Grade","07",13,"*",13,"*","N/A","N/A"
"Cornwall School District","=""0310011""","Grade","08",12,"*",12,"*",12,"*"
"Cornwall School District","=""0310011""","High Needs (F/R, EL or SWD)","High Needs",20,69.1,20,66.1,7,"*"
"Cornwall School District","=""0310011""","High Needs (F/R, EL or SWD)","Not High Needs",36,74.0,36,73.6,13,"*"
"Cornwall School District","=""0310011""","Free/Reduced Price Meal Eligibility (2-level)","Eligible For Free Or Reduced Price Meals",13,"*",13,"*","*","*"
"Cornwall School District","=""0310011""","Free/Reduced Price Meal Eligibility (2-level)","Not Eligible For Free Or Reduced Price Meals",43,72.6,43,71.4,"*","*"
"Cornwall School District","=""0310011""","Race/Ethnicity","Asian","*","*","*","*","*","*"
"Cornwall School District","=""0310011""","Race/Ethnicity","Black or African American","*","*","*","*","N/A","N/A"
"Cornwall School District","=""0310011""","Race/Ethnicity","Hispanic or Latino",6,"*",6,"*","*","*"
"Cornwall School District","=""0310011""","Race/Ethnicity","White",45,74.8,45,73.3,16,"*"
"Cornwall School District","=""0310011""","Special Education Status (SWD)","Students with Disabilities","*","*","*","*","*","*"
"Cornwall School District","=""0310011""","Special Education Status (SWD)","Students without Disabilities","*","*","*","*","*","*"
"Coventry School District","=""0320011""","All Students","District",817,74.4,818,68.6,354,74.6
"Coventry School District","=""0320011""","English Language Learners (EL)","English Learners",14,"*",14,"*","*","*"
"Coventry School District","=""0320011""","English Language Learners (EL)","Not English Learners",803,74.4,804,68.6,"*","*"
"Coventry School District","=""0320011""","Gender","Female","*","*","*","*",172,74.7
"Coventry School District","=""0320011""","Gender","Male",418,72.3,419,69.6,182,74.5
"Coventry School District","=""0320011""","Gender","Non-Binary","*","*","*","*","N/A","N/A"
"Coventry School District","=""0320011""","Grade","03",114,73.1,114,67.2,"N/A","N/A"
"Coventry School District","=""0320011""","Grade","04",101,78.8,101,75.2,"N/A","N/A"
"Coventry School District","=""0320011""","Grade","05",132,78.9,132,79.3,133,82.4
"Coventry School District","=""0320011""","Grade","06",118,73.7,118,62.7,"N/A","N/A"
"Coventry School District","=""0320011""","Grade","07",128,76.3,129,69.1,"N/A","N/A"
"Coventry School District","=""0320011""","Grade","08",127,78.0,127,66.6,126,69.5
"Coventry School District","=""0320011""","Grade","11",97,58.5,97,58.2,95,70.5
"Coventry School District","=""0320011""","High Needs (F/R, EL or SWD)","High Needs",277,65.7,278,59.8,115,66.8
"Coventry School District","=""0320011""","High Needs (F/R, EL or SWD)","Not High Needs",540,78.8,540,73.2,239,78.4
"Coventry School District","=""0320011""","Free/Reduced Price Meal Eligibility (2-level)","Eligible For Free Or Reduced Price Meals",195,69.5,195,61.9,81,71.8
"Coventry School District","=""0320011""","Free/Reduced Price Meal Eligibility (2-level)","Not Eligible For Free Or Reduced Price Meals",622,75.9,623,70.7,273,75.4
"Coventry School District","=""0320011""","Race/Ethnicity","American Indian or Alaska Native","*","*","*","*","*","*"
"Coventry School District","=""0320011""","Race/Ethnicity","Asian",11,"*",11,"*","*","*"
"Coventry School District","=""0320011""","Race/Ethnicity","Black or African American","*","*","*","*","N/A","N/A"
"Coventry School District","=""0320011""","Race/Ethnicity","Hispanic or Latino",67,71.3,67,62.6,30,69.0
"Coventry School District","=""0320011""","Race/Ethnicity","Two or More Races",36,72.3,36,65.6,14,"*"
"Coventry School District","=""0320011""","Race/Ethnicity","White",695,74.6,696,69.3,299,74.7
"Coventry School District","=""0320011""","Special Education Status (SWD)","Students with Disabilities",120,55.5,121,50.9,48,54.5
"Coventry School District","=""0320011""","Special Education Status (SWD)","Students without Disabilities",697,77.6,697,71.7,306,77.8
"Cromwell School District","=""0330011""","All Students","District",1039,66.4,1031,63.8,438,67.2
"Cromwell School District","=""0330011""","English Language Learners (EL)","English Learners",89,60.5,88,59.4,23,56.6
"Cromwell School District","=""0330011""","English Language Learners (EL)","Not English Learners",950,67.0,943,64.3,415,67.7
"Cromwell School District","=""0330011""","Gender","Female","*","*","*","*",209,67.0
"Cromwell School District","=""0330011""","Gender","Male",519,64.8,515,64.3,229,67.3
"Cromwell School District","=""0330011""","Gender","Non-Binary","*","*","*","*","N/A","N/A"
"Cromwell School District","=""0330011""","Grade","03",137,68.3,135,63.1,"N/A","N/A"
"Cromwell School District","=""0330011""","Grade","04",137,67.8,136,68.4,"N/A","N/A"
"Cromwell School District","=""0330011""","Grade","05",147,68.6,146,68.0,146,70.1
"Cromwell School District","=""0330011""","Grade","06",161,70.8,161,63.4,"N/A","N/A"
"Cromwell School District","=""0330011""","Grade","07",151,63.6,149,63.0,"N/A","N/A"
"Cromwell School District","=""0330011""","Grade","08",170,69.1,168,65.0,170,67.7
"Cromwell School District","=""0330011""","Grade","11",136,55.2,136,55.6,122,62.9
"Cromwell School District","=""0330011""","High Needs (F/R, EL or SWD)","High Needs",376,55.3,371,51.4,150,51.5
"Cromwell School District","=""0330011""","High Needs (F/R, EL or SWD)","Not High Needs",663,72.7,660,70.8,288,75.3
"Cromwell School District","=""0330011""","Free/Reduced Price Meal Eligibility (2-level)","Eligible For Free Or Reduced Price Meals",278,55.8,274,51.8,117,51.8
"Cromwell School District","=""0330011""","Free/Reduced Price Meal Eligibility (2-level)","Not Eligible For Free Or Reduced Price Meals",761,70.3,757,68.2,321,72.8
"Cromwell School District","=""0330011""","Race/Ethnicity","Asian","*","*",55,72.9,25,79.8
"Cromwell School District","=""0330011""","Race/Ethnicity","Black or African American",61,51.5,61,46.8,33,46.4
"Cromwell School District","=""0330011""","Race/Ethnicity","Hispanic or Latino",140,58.3,139,53.0,58,59.5
"Cromwell School District","=""0330011""","Race/Ethnicity","Native Hawaiian or Other Pacific Islander","*","*","*","*","*","*"
"Cromwell School District","=""0330011""","Race/Ethnicity","Two or More Races",56,64.8,"*","*","*","*"
"Cromwell School District","=""0330011""","Race/Ethnicity","White",725,68.8,721,67.1,302,70.4
"Cromwell School District","=""0330011""","Special Education Status (SWD)","Students with Disabilities",130,41.6,128,34.9,54,40.3
"Cromwell School District","=""0330011""","Special Education Status (SWD)","Students without Disabilities",909,70.0,903,67.9,384,70.9
"Danbury School District","=""0340011""","All Students","District",5517,57.8,5510,52.9,2350,54.7
"Danbury School District","=""0340011""","English Language Learners (EL)","English Learners",2310,51.4,2308,48.2,902,49.7
"Danbury School District","=""0340011""","English Language Learners (EL)","Not English Learners",3207,62.4,3202,56.3,1448,57.9
"Danbury School District","=""0340011""","Gender","Female","*","*","*","*","*","*"
"Danbury School District","=""0340011""","Gender","Male",2840,55.8,2836,53.4,1205,54.0
"Danbury School District","=""0340011""","Gender","Non-Binary","*","*","*","*","*","*"
"Danbury School District","=""0340011""","Grade","03",777,60.7,777,55.8,"N/A","N/A"
"Danbury School District","=""0340011""","Grade","04",790,64.0,789,61.3,"N/A","N/A"
"Danbury School District","=""0340011""","Grade","05",832,59.0,832,58.2,835,58.5
"Danbury School District","=""0340011""","Grade","06",777,61.2,775,51.7,"N/A","N/A"
"Danbury School District","=""0340011""","Grade","07",835,55.3,833,49.4,"N/A","N/A"
"Danbury School District","=""0340011""","Grade","08",837,55.3,835,48.3,829,54.1
"Danbury School District","=""0340011""","Grade","11",669,47.6,669,44.5,686,50.8
"Danbury School District","=""0340011""","High Needs (F/R, EL or SWD)","High Needs",4014,53.5,4009,49.1,1658,51.1
"Danbury School District","=""0340011""","High Needs (F/R, EL or SWD)","Not High Needs",1503,69.1,1501,63.0,692,63.5
"Danbury School District","=""0340011""","Free/Reduced Price Meal Eligibility (2-level)","Eligible For Free Or Reduced Price Meals",3045,54.9,3042,50.0,1252,52.1
"Danbury School District","=""0340011""","Free/Reduced Price Meal Eligibility (2-level)","Not Eligible For Free Or Reduced Price Meals",2472,61.3,2468,56.4,1098,57.7
"Danbury School District","=""0340011""","Race/Ethnicity","American Indian or Alaska Native",9,"*",9,"*","*","*"
"Danbury School District","=""0340011""","Race/Ethnicity","Asian",292,69.9,291,65.2,126,66.9
"Danbury School District","=""0340011""","Race/Ethnicity","Black or African American",358,57.3,356,49.3,158,49.9
"Danbury School District","=""0340011""","Race/Ethnicity","Hispanic or Latino",3333,53.9,3331,49.9,1374,51.1
"Danbury School District","=""0340011""","Race/Ethnicity","Two or More Races",159,63.6,159,55.6,"*","*"
"Danbury School District","=""0340011""","Race/Ethnicity","White",1366,64.0,1364,58.2,628,60.9
"Danbury School District","=""0340011""","Special Education Status (SWD)","Students with Disabilities",764,40.1,760,35.1,333,39.2
"Danbury School District","=""0340011""","Special Education Status (SWD)","Students without Disabilities",4753,60.6,4750,55.7,2017,57.3
"Darien School District","=""0350011""","All Students","District",2400,80.4,2397,80.7,1010,77.4
"Darien School District","=""0350011""","English Language Learners (EL)","English Learners",60,71.7,60,73.0,24,58.2
"Darien School District","=""0350011""","English Language Learners (EL)","Not English Learners",2340,80.6,2337,80.9,986,77.8
"Darien School District","=""0350011""","Gender","Female",1204,82.2,1202,79.8,530,76.6
"Darien School District","=""0350011""","Gender","Male",1196,78.5,1195,81.7,480,78.2
"Darien School District","=""0350011""","Grade","03",373,79.3,373,79.0,"N/A","N/A"
"Darien School District","=""0350011""","Grade","04",339,83.9,339,83.7,"N/A","N/A"
"Darien School District","=""0350011""","Grade","05",335,86.0,334,85.4,333,84.0
"Darien School District","=""0350011""","Grade","06",358,80.4,356,81.0,"N/A","N/A"
"Darien School District","=""0350011""","Grade","07",328,79.7,329,82.2,"N/A","N/A"
"Darien School District","=""0350011""","Grade","08",357,79.9,356,79.3,356,75.4
"Darien School District","=""0350011""","Grade","11",310,72.9,310,74.4,321,72.6
"Darien School District","=""0350011""","High Needs (F/R, EL or SWD)","High Needs",545,65.2,544,64.8,220,60.9
"Darien School District","=""0350011""","High Needs (F/R, EL or SWD)","Not High Needs",1855,84.8,1853,85.4,790,82.0
"Darien School District","=""0350011""","Free/Reduced Price Meal Eligibility (2-level)","Eligible For Free Or Reduced Price Meals",34,65.7,34,66.6,21,66.2
"Darien School District","=""0350011""","Free/Reduced Price Meal Eligibility (2-level)","Not Eligible For Free Or Reduced Price Meals",2366,80.6,2363,81.0,989,77.6
"Darien School District","=""0350011""","Race/Ethnicity","Asian",149,88.4,149,91.9,69,86.2
"Darien School District","=""0350011""","Race/Ethnicity","Black or African American","*","*","*","*","*","*"
"Darien School District","=""0350011""","Race/Ethnicity","Hispanic or Latino",158,77.0,157,75.9,77,74.3
"Darien School District","=""0350011""","Race/Ethnicity","Native Hawaiian or Other Pacific Islander","*","*","*","*","*","*"
"Darien School District","=""0350011""","Race/Ethnicity","Two or More Races",115,84.3,115,87.2,34,84.9
"Darien School District","=""0350011""","Race/Ethnicity","White",1963,79.9,1962,80.1,824,76.8
"Darien School District","=""0350011""","Special Education Status (SWD)","Students with Disabilities",484,63.7,483,62.9,196,59.2
"Darien School District","=""0350011""","Special Education Status (SWD)","Students without Disabilities",1916,84.6,1914,85.2,814,81.7
"Deep River School District","=""0360011""","All Students","District",108,76.6,108,72.0,22,76.8
"Deep River School District","=""0360011""","English Language Learners (EL)","English Learners","*","*","*","*","*","*"
"Deep River School District","=""0360011""","English Language Learners (EL)","Not English Learners","*","*","*","*","*","*"
"Deep River School District","=""0360011""","Gender","Female",57,79.7,57,73.5,14,"*"
"Deep River School District","=""0360011""","Gender","Male",51,73.1,51,70.3,8,"*"
"Deep River School District","=""0360011""","Grade","03",27,78.7,27,76.0,"N/A","N/A"
"Deep River School District","=""0360011""","Grade","04",24,75.1,24,70.8,"N/A","N/A"
"Deep River School District","=""0360011""","Grade","05",22,78.1,22,78.8,22,76.8
"Deep River School District","=""0360011""","Grade","06",35,75.0,35,65.3,"N/A","N/A"
"Deep River School District","=""0360011""","High Needs (F/R, EL or SWD)","High Needs",51,69.4,51,62.6,10,"*"
"Deep River School District","=""0360011""","High Needs (F/R, EL or SWD)","Not High Needs",57,83.0,57,80.4,12,"*"
"Deep River School District","=""0360011""","Free/Reduced Price Meal Eligibility (2-level)","Eligible For Free Or Reduced Price Meals",42,70.6,42,63.1,8,"*"
"Deep River School District","=""0360011""","Free/Reduced Price Meal Eligibility (2-level)","Not Eligible For Free Or Reduced Price Meals",66,80.4,66,77.6,14,"*"
"Deep River School District","=""0360011""","Race/Ethnicity","American Indian or Alaska Native","*","*","*","*","N/A","N/A"
"Deep River School District","=""0360011""","Race/Ethnicity","Asian","*","*","*","*","*","*"
"Deep River School District","=""0360011""","Race/Ethnicity","Black or African American","*","*","*","*","N/A","N/A"
"Deep River School District","=""0360011""","Race/Ethnicity","Hispanic or Latino",8,"*",8,"*","*","*"
"Deep River School District","=""0360011""","Race/Ethnicity","Two or More Races","*","*","*","*","*","*"
"Deep River School District","=""0360011""","Race/Ethnicity","White",93,77.0,93,72.9,18,"*"
"Deep River School District","=""0360011""","Special Education Status (SWD)","Students with Disabilities",18,"*",18,"*","*","*"
"Deep River School District","=""0360011""","Special Education Status (SWD)","Students without Disabilities",90,79.7,90,76.4,"*","*"
"Derby School District","=""0370011""","All Students","District",617,58.1,616,49.2,265,51.0
"Derby School District","=""0370011""","English Language Learners (EL)","English Learners",35,49.0,35,48.9,13,"*"
"Derby School District","=""0370011""","English Language Learners (EL)","Not English Learners",582,58.6,581,49.3,252,51.8
"Derby School District","=""0370011""","Gender","Female",301,58.5,300,47.9,126,50.5
"Derby School District","=""0370011""","Gender","Male",316,57.7,316,50.5,139,51.5
"Derby School District","=""0370011""","Grade","03",85,62.0,85,53.8,"N/A","N/A"
"Derby School District","=""0370011""","Grade","04",92,60.8,92,54.2,"N/A","N/A"
"Derby School District","=""0370011""","Grade","05",85,59.9,85,56.4,85,54.3
"Derby School District","=""0370011""","Grade","06",85,62.7,85,52.1,"N/A","N/A"
"Derby School District","=""0370011""","Grade","07",94,59.3,93,44.1,"N/A","N/A"
"Derby School District","=""0370011""","Grade","08",95,56.2,95,44.8,95,55.3
"Derby School District","=""0370011""","Grade","11",81,44.9,81,39.3,85,42.9
"Derby School District","=""0370011""","High Needs (F/R, EL or SWD)","High Needs",449,54.6,449,46.0,171,46.5
"Derby School District","=""0370011""","High Needs (F/R, EL or SWD)","Not High Needs",168,67.3,167,58.0,94,59.1
"Derby School District","=""0370011""","Free/Reduced Price Meal Eligibility (2-level)","Eligible For Free Or Reduced Price Meals",401,55.2,401,46.3,156,47.3
"Derby School District","=""0370011""","Free/Reduced Price Meal Eligibility (2-level)","Not Eligible For Free Or Reduced Price Meals",216,63.3,215,54.7,109,56.3
"Derby School District","=""0370011""","Race/Ethnicity","Asian","*","*","*","*","*","*"
"Derby School District","=""0370011""","Race/Ethnicity","Black or African American",141,52.9,141,42.8,56,45.5
"Derby School District","=""0370011""","Race/Ethnicity","Hispanic or Latino",257,55.6,257,47.0,110,45.4
"Derby School District","=""0370011""","Race/Ethnicity","Native Hawaiian or Other Pacific Islander","*","*","*","*","N/A","N/A"
"Derby School District","=""0370011""","Race/Ethnicity","Two or More Races",37,59.8,37,51.7,"*","*"
"Derby School District","=""0370011""","Race/Ethnicity","White",170,65.2,169,56.7,83,61.7
"Derby School District","=""0370011""","Special Education Status (SWD)","Students with Disabilities",132,43.9,132,34.0,54,37.5
"Derby School District","=""0370011""","Special Education Status (SWD)","Students without Disabilities",485,61.9,484,53.4,211,54.4
"Eastford School District","=""0390011""","All Students","District",82,80.4,82,70.5,18,"*"
"Eastford School District","=""0390011""","English Language Learners (EL)","Not English Learners",82,80.4,82,70.5,18,"*"
"Eastford School District","=""0390011""","Gender","Female",38,81.1,38,67.6,7,"*"
"Eastford School District","=""0390011""","Gender","Male",44,79.7,44,73.0,11,"*"
"Eastford School District","=""0390011""","Grade","03",10,"*",10,"*","N/A","N/A"
"Eastford School District","=""0390011""","Grade","04",21,80.1,21,76.2,"N/A","N/A"
"Eastford School District","=""0390011""","Grade","05",7,"*",7,"*",7,"*"
"Eastford School District","=""0390011""","Grade","06",22,88.6,22,71.6,"N/A","N/A"
"Eastford School District","=""0390011""","Grade","07",11,"*",11,"*","N/A","N/A"
"Eastford School District","=""0390011""","Grade","08",11,"*",11,"*",11,"*"
"Eastford School District","=""0390011""","High Needs (F/R, EL or SWD)","High Needs",33,72.7,33,64.2,10,"*"
"Eastford School District","=""0390011""","High Needs (F/R, EL or SWD)","Not High Needs",49,85.5,49,74.7,8,"*"
"Eastford School District","=""0390011""","Free/Reduced Price Meal Eligibility (2-level)","Eligible For Free Or Reduced Price Meals",26,76.1,26,67.5,8,"*"
"Eastford School District","=""0390011""","Free/Reduced Price Meal Eligibility (2-level)","Not Eligible For Free Or Reduced Price Meals",56,82.3,56,71.9,10,"*"
"Eastford School District","=""0390011""","Race/Ethnicity","Hispanic or Latino",10,"*",10,"*","*","*"
"Eastford School District","=""0390011""","Race/Ethnicity","Two or More Races",9,"*",9,"*","*","*"
"Eastford School District","=""0390011""","Race/Ethnicity","White",63,82.6,63,73.3,14,"*"
"Eastford School District","=""0390011""","Special Education Status (SWD)","Students with Disabilities",12,"*",12,"*","*","*"
"Eastford School District","=""0390011""","Special Education Status (SWD)","Students without Disabilities",70,83.3,70,73.3,"*","*"
"East Granby School District","=""0400011""","All Students","District",436,72.0,435,66.9,194,73.7
"East Granby School District","=""0400011""","English Language Learners (EL)","English Learners",21,57.8,21,55.9,9,"*"
"East Granby School District","=""0400011""","English Language Learners (EL)","Not English Learners",415,72.7,414,67.5,185,74.4
"East Granby School District","=""0400011""","Gender","Female",199,73.9,198,64.9,90,71.4
"East Granby School District","=""0400011""","Gender","Male",237,70.4,237,68.6,104,75.7
"East Granby School District","=""0400011""","Grade","03",56,74.2,56,73.4,"N/A","N/A"
"East Granby School District","=""0400011""","Grade","04",62,78.0,62,72.3,"N/A","N/A"
"East Granby School District","=""0400011""","Grade","05",79,76.5,79,75.9,79,78.4
"East Granby School District","=""0400011""","Grade","06",71,71.7,71,65.1,"N/A","N/A"
"East Granby School District","=""0400011""","Grade","07",55,65.0,55,60.9,"N/A","N/A"
"East Granby School District","=""0400011""","Grade","08",66,73.9,65,60.4,66,72.9
"East Granby School District","=""0400011""","Grade","11",47,60.2,47,55.9,49,67.1
"East Granby School District","=""0400011""","High Needs (F/R, EL or SWD)","High Needs",133,57.6,133,53.0,61,59.3
"East Granby School District","=""0400011""","High Needs (F/R, EL or SWD)","Not High Needs",303,78.3,302,73.1,133,80.3
"East Granby School District","=""0400011""","Free/Reduced Price Meal Eligibility (2-level)","Eligible For Free Or Reduced Price Meals",75,59.3,75,54.9,34,62.2
"East Granby School District","=""0400011""","Free/Reduced Price Meal Eligibility (2-level)","Not Eligible For Free Or Reduced Price Meals",361,74.6,360,69.5,160,76.1
"East Granby School District","=""0400011""","Race/Ethnicity","American Indian or Alaska Native","*","*","*","*","*","*"
"East Granby School District","=""0400011""","Race/Ethnicity","Asian",31,80.3,31,79.7,14,"*"
"East Granby School District","=""0400011""","Race/Ethnicity","Black or African American",35,53.4,35,47.8,20,49.2
"East Granby School District","=""0400011""","Race/Ethnicity","Hispanic or Latino",33,55.3,33,51.9,16,"*"
"East Granby School District","=""0400011""","Race/Ethnicity","Two or More Races","*","*","*","*","*","*"
"East Granby School District","=""0400011""","Race/Ethnicity","White",313,74.6,312,68.9,134,77.2
"East Granby School District","=""0400011""","Special Education Status (SWD)","Students with Disabilities",67,49.9,67,45.7,30,51.2
"East Granby School District","=""0400011""","Special Education Status (SWD)","Students without Disabilities",369,76.0,368,70.8,164,77.8
"East Haddam School District","=""0410011""","All Students","District",500,68.1,498,62.7,210,63.1
"East Haddam School District","=""0410011""","English Language Learners (EL)","English Learners","*","*","*","*","*","*"
"East Haddam School District","=""0410011""","English Language Learners (EL)","Not English Learners","*","*","*","*","*","*"
"East Haddam School District","=""0410011""","Gender","Female",243,71.5,243,62.7,107,66.4
"East Haddam School District","=""0410011""","Gender","Male",257,64.9,255,62.6,103,59.7
"East Haddam School District","=""0410011""","Grade","03",68,66.2,68,64.5,"N/A","N/A"
"East Haddam School District","=""0410011""","Grade","04",70,77.3,70,69.1,"N/A","N/A"
"East Haddam School District","=""0410011""","Grade","05",79,73.6,79,66.6,79,71.1
"East Haddam School District","=""0410011""","Grade","06",61,79.6,60,65.9,"N/A","N/A"
"East Haddam School District","=""0410011""","Grade","07",88,64.8,88,60.7,"N/A","N/A"
"East Haddam School District","=""0410011""","Grade","08",72,61.8,71,61.5,70,60.5
"East Haddam School District","=""0410011""","Grade","11",62,53.6,62,49.6,61,55.8
"East Haddam School District","=""0410011""","High Needs (F/R, EL or SWD)","High Needs",170,58.3,168,51.4,65,53.0
"East Haddam School District","=""0410011""","High Needs (F/R, EL or SWD)","Not High Needs",330,73.2,330,68.5,145,67.7
"East Haddam School District","=""0410011""","Free/Reduced Price Meal Eligibility (2-level)","Eligible For Free Or Reduced Price Meals",130,62.3,128,54.6,48,55.8
"East Haddam School District","=""0410011""","Free/Reduced Price Meal Eligibility (2-level)","Not Eligible For Free Or Reduced Price Meals",370,70.2,370,65.5,162,65.3
"East Haddam School District","=""0410011""","Race/Ethnicity","Asian","*","*","*","*","*","*"
"East Haddam School District","=""0410011""","Race/Ethnicity","Black or African American","*","*","*","*","N/A","N/A"
"East Haddam School District","=""0410011""","Race/Ethnicity","Hispanic or Latino",36,70.2,36,60.6,13,"*"
"East Haddam School District","=""0410011""","Race/Ethnicity","Native Hawaiian or Other Pacific Islander","*","*","*","*",0,"N/A"
"East Haddam School District","=""0410011""","Race/Ethnicity","Two or More Races",15,"*",14,"*","*","*"
"East Haddam School District","=""0410011""","Race/Ethnicity","White",441,67.8,440,62.7,189,61.8
"East Haddam School District","=""0410011""","Special Education Status (SWD)","Students with Disabilities",71,44.3,69,37.6,26,41.5
"East Haddam School District","=""0410011""","Special Education Status (SWD)","Students without Disabilities",429,72.1,429,66.7,184,66.2
"East Hampton School District","=""0420011""","All Students","District",944,69.3,939,63.3,412,67.3
"East Hampton School District","=""0420011""","English Language Learners (EL)","English Learners",8,"*",8,"*","*","*"
"East Hampton School District","=""0420011""","English Language Learners (EL)","Not English Learners",936,69.5,931,63.5,"*","*"
"East Hampton School District","=""0420011""","Gender","Female",466,69.9,462,61.1,204,65.8
"East Hampton School District","=""0420011""","Gender","Male",478,68.7,477,65.4,208,68.7
"East Hampton School District","=""0420011""","Grade","03",121,72.8,120,71.2,"N/A","N/A"
"East Hampton School District","=""0420011""","Grade","04",121,72.6,120,67.3,"N/A","N/A"
"East Hampton School District","=""0420011""","Grade","05",141,73.3,141,69.8,141,73.5
"East Hampton School District","=""0420011""","Grade","06",142,72.1,141,61.1,"N/A","N/A"
"East Hampton School District","=""0420011""","Grade","07",146,70.2,146,62.8,"N/A","N/A"
"East Hampton School District","=""0420011""","Grade","08",131,65.9,129,56.2,130,64.5
"East Hampton School District","=""0420011""","Grade","11",142,58.9,142,56.0,141,63.6
"East Hampton School District","=""0420011""","High Needs (F/R, EL or SWD)","High Needs",288,56.2,287,49.8,118,55.4
"East Hampton School District","=""0420011""","High Needs (F/R, EL or SWD)","Not High Needs",656,75.0,652,69.3,294,72.0
"East Hampton School District","=""0420011""","Free/Reduced Price Meal Eligibility (2-level)","Eligible For Free Or Reduced Price Meals",177,58.1,177,51.9,76,57.4
"East Hampton School District","=""0420011""","Free/Reduced Price Meal Eligibility (2-level)","Not Eligible For Free Or Reduced Price Meals",767,71.9,762,66.0,336,69.5
"East Hampton School District","=""0420011""","Race/Ethnicity","Asian",12,"*",12,"*","*","*"
"East Hampton School District","=""0420011""","Race/Ethnicity","Black or African American",11,"*",11,"*","*","*"
"East Hampton School District","=""0420011""","Race/Ethnicity","Hispanic or Latino",66,66.3,66,59.5,29,62.1
"East Hampton School District","=""0420011""","Race/Ethnicity","Two or More Races",35,66.5,35,63.2,14,"*"
"East Hampton School District","=""0420011""","Race/Ethnicity","White",820,69.6,815,63.6,358,67.4
"East Hampton School District","=""0420011""","Special Education Status (SWD)","Students with Disabilities",169,51.2,168,44.2,61,48.5
"East Hampton School District","=""0420011""","Special Education Status (SWD)","Students without Disabilities",775,73.2,771,67.5,351,70.5
"East Hartford School District","=""0430011""","All Students","District",2834,57.4,2820,52.0,1266,54.0
"East Hartford School District","=""0430011""","English Language Learners (EL)","English Learners",571,49.6,567,46.8,225,46.3
"East Hartford School District","=""0430011""","English Language Learners (EL)","Not English Learners",2263,59.3,2253,53.3,1041,55.6
"East Hartford School District","=""0430011""","Gender","Female",1360,60.5,1355,53.1,612,56.9
"East Hartford School District","=""0430011""","Gender","Male",1474,54.4,1465,51.0,654,51.3
"East Hartford School District","=""0430011""","Grade","03",391,60.2,392,55.3,"N/A","N/A"
"East Hartford School District","=""0430011""","Grade","04",425,62.8,425,60.3,"N/A","N/A"
"East Hartford School District","=""0430011""","Grade","05",440,57.3,440,57.0,440,57.6
"East Hartford School District","=""0430011""","Grade","06",384,63.0,384,53.8,"N/A","N/A"
"East Hartford School District","=""0430011""","Grade","07",371,58.4,363,48.0,"N/A","N/A"
"East Hartford School District","=""0430011""","Grade","08",399,54.4,392,45.3,400,55.3
"East Hartford School District","=""0430011""","Grade","11",424,46.2,424,43.5,426,49.0
"East Hartford School District","=""0430011""","High Needs (F/R, EL or SWD)","High Needs",2134,53.4,2120,48.2,931,49.6
"East Hartford School District","=""0430011""","High Needs (F/R, EL or SWD)","Not High Needs",700,69.5,700,63.6,335,66.2
"East Hartford School District","=""0430011""","Free/Reduced Price Meal Eligibility (2-level)","Eligible For Free Or Reduced Price Meals",1840,54.5,1827,49.0,813,50.2
"East Hartford School District","=""0430011""","Free/Reduced Price Meal Eligibility (2-level)","Not Eligible For Free Or Reduced Price Meals",994,62.7,993,57.5,453,60.7
"East Hartford School District","=""0430011""","Race/Ethnicity","American Indian or Alaska Native","*","*","*","*","*","*"
"East Hartford School District","=""0430011""","Race/Ethnicity","Asian",100,65.0,100,64.6,46,65.6
"East Hartford School District","=""0430011""","Race/Ethnicity","Black or African American",833,57.3,833,50.8,391,52.3
"East Hartford School District","=""0430011""","Race/Ethnicity","Hispanic or Latino",1496,55.0,1484,50.1,638,52.1
"East Hartford School District","=""0430011""","Race/Ethnicity","Native Hawaiian or Other Pacific Islander","*","*","*","*","*","*"
"East Hartford School District","=""0430011""","Race/Ethnicity","Two or More Races",118,61.6,118,54.8,54,54.8
"East Hartford School District","=""0430011""","Race/Ethnicity","White",281,65.7,279,60.2,134,63.8
"East Hartford School District","=""0430011""","Special Education Status (SWD)","Students with Disabilities",671,39.1,665,34.3,309,38.4
"East Hartford School District","=""0430011""","Special Education Status (SWD)","Students without Disabilities",2163,63.0,2155,57.5,957,59.0
"East Haven School District","=""0440011""","All Students","District",1339,59.0,1334,54.2,577,55.0
"East Haven School District","=""0440011""","English Language Learners (EL)","English Learners",206,52.2,206,52.6,80,49.8
"East Haven School District","=""0440011""","English Language Learners (EL)","Not English Learners",1133,60.3,1128,54.5,497,55.9
"East Haven School District","=""0440011""","Gender","Female",702,61.6,701,53.9,307,56.9
"East Haven School District","=""0440011""","Gender","Male","*","*","*","*","*","*"
"East Haven School District","=""0440011""","Gender","Non-Binary","*","*","*","*","*","*"
"East Haven School District","=""0440011""","Grade","03",167,58.5,167,55.7,"N/A","N/A"
"East Haven School District","=""0440011""","Grade","04",202,67.0,202,62.3,"N/A","N/A"
"East Haven School District","=""0440011""","Grade","05",172,62.2,172,61.1,172,58.9
"East Haven School District","=""0440011""","Grade","06",193,61.5,192,54.5,"N/A","N/A"
"East Haven School District","=""0440011""","Grade","07",198,60.4,196,56.0,"N/A","N/A"
"East Haven School District","=""0440011""","Grade","08",216,56.3,214,48.0,215,52.9
"East Haven School District","=""0440011""","Grade","11",191,47.4,191,42.6,190,54.0
"East Haven School District","=""0440011""","High Needs (F/R, EL or SWD)","High Needs",896,55.6,891,51.0,367,51.4
"East Haven School District","=""0440011""","High Needs (F/R, EL or SWD)","Not High Needs",443,66.0,443,60.5,210,61.4
"East Haven School District","=""0440011""","Free/Reduced Price Meal Eligibility (2-level)","Eligible For Free Or Reduced Price Meals",731,56.9,726,51.6,288,52.7
"East Haven School District","=""0440011""","Free/Reduced Price Meal Eligibility (2-level)","Not Eligible For Free Or Reduced Price Meals",608,61.6,608,57.2,289,57.4
"East Haven School District","=""0440011""","Race/Ethnicity","American Indian or Alaska Native","*","*","*","*","N/A","N/A"
"East Haven School District","=""0440011""","Race/Ethnicity","Asian",47,64.0,47,66.1,19,"*"
"East Haven School District","=""0440011""","Race/Ethnicity","Black or African American",79,59.0,79,49.6,34,48.1
"East Haven School District","=""0440011""","Race/Ethnicity","Hispanic or Latino",518,55.7,517,51.1,230,50.7
"East Haven School District","=""0440011""","Race/Ethnicity","Native Hawaiian or Other Pacific Islander",0,"N/A",0,"N/A","N/A","N/A"
"East Haven School District","=""0440011""","Race/Ethnicity","Two or More Races","*","*","*","*",13,"*"
"East Haven School District","=""0440011""","Race/Ethnicity","White",656,61.1,652,56.1,281,58.5
"East Haven School District","=""0440011""","Special Education Status (SWD)","Students with Disabilities",255,44.3,253,38.5,96,41.7
"East Haven School District","=""0440011""","Special Education Status (SWD)","Students without Disabilities",1084,62.5,1081,57.8,481,57.7
"East Lyme School District","=""0450011""","All Students","District",1257,71.4,1252,68.9,560,71.3
"East Lyme School District","=""0450011""","English Language Learners (EL)","English Learners",73,63.6,73,62.8,20,61.5
"East Lyme School District","=""0450011""","English Language Learners (EL)","Not English Learners",1184,71.9,1179,69.3,540,71.6
"East Lyme School District","=""0450011""","Gender","Female","*","*","*","*","*","*"
"East Lyme School District","=""0450011""","Gender","Male",648,69.5,644,70.2,282,71.8
"East Lyme School District","=""0450011""","Gender","Non-Binary","*","*","*","*","*","*"
"East Lyme School District","=""0450011""","Grade","03",174,74.1,174,72.3,"N/A","N/A"
"East Lyme School District","=""0450011""","Grade","04",160,77.3,158,80.1,"N/A","N/A"
"East Lyme School District","=""0450011""","Grade","05",156,70.2,155,68.1,155,72.8
"East Lyme School District","=""0450011""","Grade","06",184,73.8,184,66.2,"N/A","N/A"
"East Lyme School District","=""0450011""","Grade","07",170,71.0,169,67.7,"N/A","N/A"
"East Lyme School District","=""0450011""","Grade","08",177,71.4,176,68.0,176,71.2
"East Lyme School District","=""0450011""","Grade","11",236,64.4,236,63.0,229,70.3
"East Lyme School District","=""0450011""","High Needs (F/R, EL or SWD)","High Needs",470,60.4,466,57.3,190,59.2
"East Lyme School District","=""0450011""","High Needs (F/R, EL or SWD)","Not High Needs",787,77.9,786,75.8,370,77.5
"East Lyme School District","=""0450011""","Free/Reduced Price Meal Eligibility (2-level)","Eligible For Free Or Reduced Price Meals",287,62.3,285,59.8,121,58.4
"East Lyme School District","=""0450011""","Free/Reduced Price Meal Eligibility (2-level)","Not Eligible For Free Or Reduced Price Meals",970,74.1,967,71.6,439,74.8
"East Lyme School District","=""0450011""","Race/Ethnicity","American Indian or Alaska Native","*","*","*","*","*","*"
"East Lyme School District","=""0450011""","Race/Ethnicity","Asian",128,81.1,128,82.6,55,87.6
"East Lyme School District","=""0450011""","Race/Ethnicity","Black or African American",25,66.5,24,61.9,10,"*"
"East Lyme School District","=""0450011""","Race/Ethnicity","Hispanic or Latino",124,68.0,124,64.7,48,61.9
"East Lyme School District","=""0450011""","Race/Ethnicity","Native Hawaiian or Other Pacific Islander","*","*","*","*","*","*"
"East Lyme School District","=""0450011""","Race/Ethnicity","Two or More Races",78,70.7,78,65.9,35,68.8
"East Lyme School District","=""0450011""","Race/Ethnicity","White",898,70.6,894,68.0,409,70.7
"East Lyme School District","=""0450011""","Special Education Status (SWD)","Students with Disabilities",241,52.3,239,48.1,101,50.7
"East Lyme School District","=""0450011""","Special Education Status (SWD)","Students without Disabilities",1016,75.9,1013,73.8,459,75.8
"Easton School District","=""0460011""","All Students","District",575,81.5,574,78.2,205,81.4
"Easton School District","=""0460011""","English Language Learners (EL)","English Learners",19,"*",19,"*","*","*"
"Easton School District","=""0460011""","English Language Learners (EL)","Not English Learners",556,81.9,555,78.4,"*","*"
"Easton School District","=""0460011""","Gender","Female","*","*","*","*",102,80.0
"Easton School District","=""0460011""","Gender","Male",298,80.7,297,79.7,103,82.7
"Easton School District","=""0460011""","Gender","Non-Binary","*","*","*","*","N/A","N/A"
"Easton School District","=""0460011""","Grade","03",92,76.5,91,75.8,"N/A","N/A"
"Easton School District","=""0460011""","Grade","04",92,81.1,92,81.7,"N/A","N/A"
"Easton School District","=""0460011""","Grade","05",97,82.7,97,82.3,97,83.3
"Easton School District","=""0460011""","Grade","06",90,84.8,90,78.4,"N/A","N/A"
"Easton School District","=""0460011""","Grade","07",95,83.4,95,78.5,"N/A","N/A"
"Easton School District","=""0460011""","Grade","08",109,80.9,109,73.2,108,79.7
"Easton School District","=""0460011""","High Needs (F/R, EL or SWD)","High Needs",119,69.6,118,65.5,43,67.9
"Easton School District","=""0460011""","High Needs (F/R, EL or SWD)","Not High Needs",456,84.6,456,81.5,162,85.0
"Easton School District","=""0460011""","Free/Reduced Price Meal Eligibility (2-level)","Eligible For Free Or Reduced Price Meals",58,74.6,58,70.0,23,75.2
"Easton School District","=""0460011""","Free/Reduced Price Meal Eligibility (2-level)","Not Eligible For Free Or Reduced Price Meals",517,82.3,516,79.1,182,82.2
"Easton School District","=""0460011""","Race/Ethnicity","Asian",36,87.7,36,85.7,18,"*"
"Easton School District","=""0460011""","Race/Ethnicity","Black or African American","*","*","*","*","*","*"
"Easton School District","=""0460011""","Race/Ethnicity","Hispanic or Latino",50,76.2,50,71.4,14,"*"
"Easton School District","=""0460011""","Race/Ethnicity","Native Hawaiian or Other Pacific Islander","*","*","*","*","*","*"
"Easton School District","=""0460011""","Race/Ethnicity","Two or More Races",23,85.1,23,81.8,7,"*"
"Easton School District","=""0460011""","Race/Ethnicity","White",449,81.4,448,78.3,160,81.3
"Easton School District","=""0460011""","Special Education Status (SWD)","Students with Disabilities",63,62.8,62,58.5,22,56.6
"Easton School District","=""0460011""","Special Education Status (SWD)","Students without Disabilities",512,83.9,512,80.6,183,84.4
"East Windsor School District","=""0470011""","All Students","District",521,61.2,518,56.3,218,58.3
"East Windsor School District","=""0470011""","English Language Learners (EL)","English Learners",39,62.5,38,58.8,9,"*"
"East Windsor School District","=""0470011""","English Language Learners (EL)","Not English Learners",482,61.1,480,56.1,209,57.9
"East Windsor School District","=""0470011""","Gender","Female",258,62.7,257,54.0,112,57.7
"East Windsor School District","=""0470011""","Gender","Male",263,59.8,261,58.5,106,58.9
"East Windsor School District","=""0470011""","Grade","03",80,64.5,80,58.7,"N/A","N/A"
"East Windsor School District","=""0470011""","Grade","04",70,65.0,70,65.1,"N/A","N/A"
"East Windsor School District","=""0470011""","Grade","05",84,68.3,84,60.1,84,68.1
"East Windsor School District","=""0470011""","Grade","06",81,63.3,81,57.4,"N/A","N/A"
"East Windsor School District","=""0470011""","Grade","07",68,62.4,68,57.4,"N/A","N/A"
"East Windsor School District","=""0470011""","Grade","08",80,55.3,77,49.3,78,52.4
"East Windsor School District","=""0470011""","Grade","11",58,46.1,58,43.1,56,51.7
"East Windsor School District","=""0470011""","High Needs (F/R, EL or SWD)","High Needs",345,56.1,343,50.0,148,52.9
"East Windsor School District","=""0470011""","High Needs (F/R, EL or SWD)","Not High Needs",176,71.3,175,68.6,70,69.6
"East Windsor School District","=""0470011""","Free/Reduced Price Meal Eligibility (2-level)","Eligible For Free Or Reduced Price Meals",297,56.7,295,50.1,135,53.7
"East Windsor School District","=""0470011""","Free/Reduced Price Meal Eligibility (2-level)","Not Eligible For Free Or Reduced Price Meals",224,67.3,223,64.4,83,65.7
"East Windsor School District","=""0470011""","Race/Ethnicity","American Indian or Alaska Native","*","*","*","*","*","*"
"East Windsor School District","=""0470011""","Race/Ethnicity","Asian",18,"*",18,"*","*","*"
"East Windsor School District","=""0470011""","Race/Ethnicity","Black or African American",72,52.0,72,44.0,32,41.4
"East Windsor School District","=""0470011""","Race/Ethnicity","Hispanic or Latino",127,60.5,126,53.1,51,60.3
"East Windsor School District","=""0470011""","Race/Ethnicity","Native Hawaiian or Other Pacific Islander","*","*","*","*","*","*"
"East Windsor School District","=""0470011""","Race/Ethnicity","Two or More Races",33,65.0,33,57.7,18,"*"
"East Windsor School District","=""0470011""","Race/Ethnicity","White",269,62.7,267,59.8,112,61.8
"East Windsor School District","=""0470011""","Special Education Status (SWD)","Students with Disabilities",113,43.3,113,38.3,51,43.4
"East Windsor School District","=""0470011""","Special Education Status (SWD)","Students without Disabilities",408,66.2,405,61.3,167,62.8
"Ellington School District","=""0480011""","All Students","District",1342,73.5,1337,72.6,595,67.1
"Ellington School District","=""0480011""","English Language Learners (EL)","English Learners",59,69.1,58,73.5,21,67.5
"Ellington School District","=""0480011""","English Language Learners (EL)","Not English Learners",1283,73.7,1279,72.5,574,67.1
"Ellington School District","=""0480011""","Gender","Female",660,74.4,658,71.5,291,66.6
"Ellington School District","=""0480011""","Gender","Male",682,72.6,679,73.6,304,67.6
"Ellington School District","=""0480011""","Grade","03",182,77.3,181,74.7,"N/A","N/A"
"Ellington School District","=""0480011""","Grade","04",185,83.0,185,81.3,"N/A","N/A"
"Ellington School District","=""0480011""","Grade","05",218,76.8,218,78.1,219,78.3
"Ellington School District","=""0480011""","Grade","06",185,77.4,184,77.7,"N/A","N/A"
"Ellington School District","=""0480011""","Grade","07",190,74.5,190,71.5,"N/A","N/A"
"Ellington School District","=""0480011""","Grade","08",202,68.1,199,66.4,200,67.3
"Ellington School District","=""0480011""","Grade","11",180,56.8,180,57.3,176,53.0
"Ellington School District","=""0480011""","High Needs (F/R, EL or SWD)","High Needs",412,62.2,408,60.4,167,58.9
"Ellington School District","=""0480011""","High Needs (F/R, EL or SWD)","Not High Needs",930,78.5,929,77.9,428,70.3
"Ellington School District","=""0480011""","Free/Reduced Price Meal Eligibility (2-level)","Eligible For Free Or Reduced Price Meals",245,64.8,242,62.2,96,61.8
"Ellington School District","=""0480011""","Free/Reduced Price Meal Eligibility (2-level)","Not Eligible For Free Or Reduced Price Meals",1097,75.5,1095,74.8,499,68.2
"Ellington School District","=""0480011""","Race/Ethnicity","American Indian or Alaska Native","*","*","*","*","N/A","N/A"
"Ellington School District","=""0480011""","Race/Ethnicity","Asian",168,83.3,167,87.3,72,74.2
"Ellington School District","=""0480011""","Race/Ethnicity","Black or African American",48,64.0,48,56.7,21,62.7
"Ellington School District","=""0480011""","Race/Ethnicity","Hispanic or Latino",102,63.8,101,62.7,37,59.6
"Ellington School District","=""0480011""","Race/Ethnicity","Two or More Races","*","*","*","*",12,"*"
"Ellington School District","=""0480011""","Race/Ethnicity","White",989,73.5,986,72.2,453,66.9
"Ellington School District","=""0480011""","Special Education Status (SWD)","Students with Disabilities",205,51.2,202,48.8,80,48.8
"Ellington School District","=""0480011""","Special Education Status (SWD)","Students without Disabilities",1137,77.5,1135,76.8,515,70.0
"Enfield School District","=""0490011""","All Students","District",2354,61.0,2343,56.1,1054,60.5
"Enfield School District","=""0490011""","English Language Learners (EL)","English Learners",111,51.7,109,44.7,39,47.1
"Enfield School District","=""0490011""","English Language Learners (EL)","Not English Learners",2243,61.5,2234,56.6,1015,61.0
"Enfield School District","=""0490011""","Gender","Female","*","*","*","*","*","*"
"Enfield School District","=""0490011""","Gender","Male",1180,59.5,1175,56.3,531,59.8
"Enfield School District","=""0490011""","Gender","Non-Binary","*","*","*","*","*","*"
"Enfield School District","=""0490011""","Grade","03",309,64.2,308,57.8,"N/A","N/A"
"Enfield School District","=""0490011""","Grade","04",283,67.2,283,63.2,"N/A","N/A"
"Enfield School District","=""0490011""","Grade","05",339,64.2,339,62.1,339,64.6
"Enfield School District","=""0490011""","Grade","06",372,61.5,369,55.0,"N/A","N/A"
"Enfield School District","=""0490011""","Grade","07",333,61.6,329,55.5,"N/A","N/A"
"Enfield School District","=""0490011""","Grade","08",377,57.8,374,49.0,376,55.0
"Enfield School District","=""0490011""","Grade","11",341,52.2,341,52.0,339,62.4
"Enfield School District","=""0490011""","High Needs (F/R, EL or SWD)","High Needs",1261,55.1,1251,49.5,519,54.3
"Enfield School District","=""0490011""","High Needs (F/R, EL or SWD)","Not High Needs",1093,67.9,1092,63.5,535,66.4
"Enfield School District","=""0490011""","Free/Reduced Price Meal Eligibility (2-level)","Eligible For Free Or Reduced Price Meals",1043,56.4,1034,51.1,428,56.0
"Enfield School District","=""0490011""","Free/Reduced Price Meal Eligibility (2-level)","Not Eligible For Free Or Reduced Price Meals",1311,64.7,1309,60.0,626,63.5
"Enfield School District","=""0490011""","Race/Ethnicity","American Indian or Alaska Native","*","*","*","*","*","*"
"Enfield School District","=""0490011""","Race/Ethnicity","Asian",58,69.7,58,64.8,25,68.9
"Enfield School District","=""0490011""","Race/Ethnicity","Black or African American",157,52.3,158,44.0,62,47.6
"Enfield School District","=""0490011""","Race/Ethnicity","Hispanic or Latino",463,55.5,459,49.0,207,53.8
"Enfield School District","=""0490011""","Race/Ethnicity","Native Hawaiian or Other Pacific Islander","*","*","*","*","*","*"
"Enfield School District","=""0490011""","Race/Ethnicity","Two or More Races",119,60.8,120,53.0,49,58.1
"Enfield School District","=""0490011""","Race/Ethnicity","White",1551,63.3,1543,59.3,708,63.4
"Enfield School District","=""0490011""","Special Education Status (SWD)","Students with Disabilities",474,44.4,467,37.6,184,42.4
"Enfield School District","=""0490011""","Special Education Status (SWD)","Students without Disabilities",1880,65.2,1876,60.7,870,64.3
"Essex School District","=""0500011""","All Students","District",147,77.6,147,73.7,37,71.5
"Essex School District","=""0500011""","English Language Learners (EL)","English Learners",8,"*",8,"*","*","*"
"Essex School District","=""0500011""","English Language Learners (EL)","Not English Learners",139,79.1,139,75.0,"*","*"
"Essex School District","=""0500011""","Gender","Female",66,79.3,66,72.6,20,80.3
"Essex School District","=""0500011""","Gender","Male",81,76.3,81,74.7,17,"*"
"Essex School District","=""0500011""","Grade","03",35,81.2,35,79.1,"N/A","N/A"
"Essex School District","=""0500011""","Grade","04",40,78.6,40,75.1,"N/A","N/A"
"Essex School District","=""0500011""","Grade","05",36,71.5,36,69.5,37,71.5
"Essex School District","=""0500011""","Grade","06",36,79.1,36,71.4,"N/A","N/A"
"Essex School District","=""0500011""","High Needs (F/R, EL or SWD)","High Needs",50,70.1,50,63.9,14,"*"
"Essex School District","=""0500011""","High Needs (F/R, EL or SWD)","Not High Needs",97,81.5,97,78.8,23,80.6
"Essex School District","=""0500011""","Free/Reduced Price Meal Eligibility (2-level)","Eligible For Free Or Reduced Price Meals",30,70.5,30,62.3,7,"*"
"Essex School District","=""0500011""","Free/Reduced Price Meal Eligibility (2-level)","Not Eligible For Free Or Reduced Price Meals",117,79.4,117,76.7,30,74.8
"Essex School District","=""0500011""","Race/Ethnicity","Asian","*","*","*","*","N/A","N/A"
"Essex School District","=""0500011""","Race/Ethnicity","Hispanic or Latino",16,"*",16,"*","*","*"
"Essex School District","=""0500011""","Race/Ethnicity","Two or More Races","*","*","*","*","*","*"
"Essex School District","=""0500011""","Race/Ethnicity","White",119,78.4,119,75.2,32,72.3
"Essex School District","=""0500011""","Special Education Status (SWD)","Students with Disabilities",27,66.5,27,63.9,8,"*"
"Essex School District","=""0500011""","Special Education Status (SWD)","Students without Disabilities",120,80.1,120,76.0,29,75.5
"Fairfield School District","=""0510011""","All Students","District",4836,75.9,4834,72.1,2128,70.8
"Fairfield School District","=""0510011""","English Language Learners (EL)","English Learners",209,60.6,209,59.6,64,53.5
"Fairfield School District","=""0510011""","English Language Learners (EL)","Not English Learners",4627,76.6,4625,72.7,2064,71.3
"Fairfield School District","=""0510011""","Gender","Female",2363,77.7,2362,70.5,1064,70.3
"Fairfield School District","=""0510011""","Gender","Male",2465,74.2,2464,73.8,"*","*"
"Fairfield School District","=""0510011""","Gender","Non-Binary",8,"*",8,"*","*","*"
"Fairfield School District","=""0510011""","Grade","03",672,78.6,672,73.8,"N/A","N/A"
"Fairfield School District","=""0510011""","Grade","04",659,81.0,659,78.2,"N/A","N/A"
"Fairfield School District","=""0510011""","Grade","05",631,80.4,631,79.0,628,78.5
"Fairfield School District","=""0510011""","Grade","06",675,76.7,674,72.8,"N/A","N/A"
"Fairfield School District","=""0510011""","Grade","07",699,77.1,699,72.5,"N/A","N/A"
"Fairfield School District","=""0510011""","Grade","08",725,74.3,724,66.7,721,68.0
"Fairfield School District","=""0510011""","Grade","11",775,65.4,775,64.0,779,67.2
"Fairfield School District","=""0510011""","High Needs (F/R, EL or SWD)","High Needs",1379,62.6,1377,59.0,578,58.0
"Fairfield School District","=""0510011""","High Needs (F/R, EL or SWD)","Not High Needs",3457,81.2,3457,77.4,1550,75.6
"Fairfield School District","=""0510011""","Free/Reduced Price Meal Eligibility (2-level)","Eligible For Free Or Reduced Price Meals",720,63.5,720,59.8,317,58.3
"Fairfield School District","=""0510011""","Free/Reduced Price Meal Eligibility (2-level)","Not Eligible For Free Or Reduced Price Meals",4116,78.1,4114,74.3,1811,73.0
"Fairfield School District","=""0510011""","Race/Ethnicity","American Indian or Alaska Native","*","*","*","*","*","*"
"Fairfield School District","=""0510011""","Race/Ethnicity","Asian",287,80.4,287,80.3,107,79.6
"Fairfield School District","=""0510011""","Race/Ethnicity","Black or African American",159,62.2,160,58.0,"*","*"
"Fairfield School District","=""0510011""","Race/Ethnicity","Hispanic or Latino",601,67.7,601,63.0,273,62.9
"Fairfield School District","=""0510011""","Race/Ethnicity","Native Hawaiian or Other Pacific Islander","*","*","*","*","N/A","N/A"
"Fairfield School District","=""0510011""","Race/Ethnicity","Two or More Races",272,79.7,272,75.6,128,75.0
"Fairfield School District","=""0510011""","Race/Ethnicity","White",3514,77.3,3511,73.4,1551,71.7
"Fairfield School District","=""0510011""","Special Education Status (SWD)","Students with Disabilities",773,58.0,771,54.3,328,53.2
"Fairfield School District","=""0510011""","Special Education Status (SWD)","Students without Disabilities",4063,79.3,4063,75.5,1800,74.0
"Farmington School District","=""0520011""","All Students","District",2142,78.5,2134,76.4,928,79.6
"Farmington School District","=""0520011""","English Language Learners (EL)","English Learners",179,73.9,176,74.0,60,70.5
"Farmington School District","=""0520011""","English Language Learners (EL)","Not English Learners",1963,78.9,1958,76.6,868,80.2
"Farmington School District","=""0520011""","Gender","Female","*","*","*","*",476,79.8
"Farmington School District","=""0520011""","Gender","Male",1091,76.3,1086,76.4,"*","*"
"Farmington School District","=""0520011""","Gender","Non-Binary","*","*","*","*","*","*"
"Farmington School District","=""0520011""","Grade","03",325,79.4,324,78.4,"N/A","N/A"
"Farmington School District","=""0520011""","Grade","04",284,79.9,283,80.2,"N/A","N/A"
"Farmington School District","=""0520011""","Grade","05",318,79.7,318,78.0,320,82.6
"Farmington School District","=""0520011""","Grade","06",307,81.8,305,80.1,"N/A","N/A"
"Farmington School District","=""0520011""","Grade","07",293,80.5,290,74.3,"N/A","N/A"
"Farmington School District","=""0520011""","Grade","08",322,80.2,321,77.9,320,77.4
"Farmington School District","=""0520011""","Grade","11",293,67.8,293,65.5,288,78.5
"Farmington School District","=""0520011""","High Needs (F/R, EL or SWD)","High Needs",670,66.0,664,62.5,266,65.0
"Farmington School District","=""0520011""","High Needs (F/R, EL or SWD)","Not High Needs",1472,84.2,1470,82.7,662,85.4
"Farmington School District","=""0520011""","Free/Reduced Price Meal Eligibility (2-level)","Eligible For Free Or Reduced Price Meals",388,66.5,385,62.0,158,66.3
"Farmington School District","=""0520011""","Free/Reduced Price Meal Eligibility (2-level)","Not Eligible For Free Or Reduced Price Meals",1754,81.2,1749,79.6,770,82.3
"Farmington School District","=""0520011""","Race/Ethnicity","American Indian or Alaska Native","*","*","*","*","*","*"
"Farmington School District","=""0520011""","Race/Ethnicity","Asian",544,87.9,542,90.1,251,89.6
"Farmington School District","=""0520011""","Race/Ethnicity","Black or African American",113,66.0,"*","*",48,60.9
"Farmington School District","=""0520011""","Race/Ethnicity","Hispanic or Latino",248,70.0,248,65.2,109,72.9
"Farmington School District","=""0520011""","Race/Ethnicity","Two or More Races","*","*",112,74.8,"*","*"
"Farmington School District","=""0520011""","Race/Ethnicity","White",1120,77.4,1116,73.9,474,77.8
"Farmington School District","=""0520011""","Special Education Status (SWD)","Students with Disabilities",274,54.5,272,49.5,103,52.6
"Farmington School District","=""0520011""","Special Education Status (SWD)","Students without Disabilities",1868,82.1,1862,80.4,825,82.9
"Franklin School District","=""0530011""","All Students","District",108,70.1,108,69.4,35,71.8
"Franklin School District","=""0530011""","English Language Learners (EL)","Not English Learners",108,70.1,108,69.4,35,71.8
"Franklin School District","=""0530011""","Gender","Female","*","*","*","*","*","*"
"Franklin School District","=""0530011""","Gender","Male",54,70.3,54,70.5,20,75.5
"Franklin School District","=""0530011""","Gender","Non-Binary","*","*","*","*","*","*"
"Franklin School District","=""0530011""","Grade","03",20,67.9,20,67.6,"N/A","N/A"
"Franklin School District","=""0530011""","Grade","04",16,"*",16,"*","N/A","N/A"
"Franklin School District","=""0530011""","Grade","05",16,"*",16,"*",16,"*"
"Franklin School District","=""0530011""","Grade","06",22,77.2,22,71.8,"N/A","N/A"
"Franklin School District","=""0530011""","Grade","07",15,"*",15,"*","N/A","N/A"
"Franklin School District","=""0530011""","Grade","08",19,"*",19,"*",19,"*"
"Franklin School District","=""0530011""","High Needs (F/R, EL or SWD)","High Needs",17,"*",17,"*",6,"*"
"Franklin School District","=""0530011""","High Needs (F/R, EL or SWD)","Not High Needs",91,70.6,91,70.2,29,72.2
"Franklin School District","=""0530011""","Free/Reduced Price Meal Eligibility (2-level)","Eligible For Free Or Reduced Price Meals",16,"*",16,"*","*","*"
"Franklin School District","=""0530011""","Free/Reduced Price Meal Eligibility (2-level)","Not Eligible For Free Or Reduced Price Meals",92,70.4,92,69.9,"*","*"
"Franklin School District","=""0530011""","Race/Ethnicity","American Indian or Alaska Native","*","*","*","*","N/A","N/A"
"Franklin School District","=""0530011""","Race/Ethnicity","Black or African American","*","*","*","*","*","*"
"Franklin School District","=""0530011""","Race/Ethnicity","Hispanic or Latino",12,"*",12,"*","*","*"
"Franklin School District","=""0530011""","Race/Ethnicity","Two or More Races",8,"*",8,"*","*","*"
"Franklin School District","=""0530011""","Race/Ethnicity","White",84,70.2,84,69.6,27,69.9
"Franklin School District","=""0530011""","Special Education Status (SWD)","Students with Disabilities","*","*","*","*","*","*"
"Franklin School District","=""0530011""","Special Education Status (SWD)","Students without Disabilities","*","*","*","*","*","*"
"Glastonbury School District","=""0540011""","All Students","District",2919,76.6,2916,75.3,1276,74.6
"Glastonbury School District","=""0540011""","English Language Learners (EL)","English Learners",159,69.6,159,72.7,52,64.3
"Glastonbury School District","=""0540011""","English Language Learners (EL)","Not English Learners",2760,77.0,2757,75.4,1224,75.0
"Glastonbury School District","=""0540011""","Gender","Female",1389,78.3,"*","*","*","*"
"Glastonbury School District","=""0540011""","Gender","Male",1524,75.1,1523,76.3,646,75.3
"Glastonbury School District","=""0540011""","Gender","Non-Binary",6,"*","*","*","*","*"
"Glastonbury School District","=""0540011""","Grade","03",399,76.5,398,76.6,"N/A","N/A"
"Glastonbury School District","=""0540011""","Grade","04",406,79.9,406,78.4,"N/A","N/A"
"Glastonbury School District","=""0540011""","Grade","05",419,81.0,419,82.2,417,79.5
"Glastonbury School District","=""0540011""","Grade","06",410,81.2,410,80.0,"N/A","N/A"
"Glastonbury School District","=""0540011""","Grade","07",419,78.5,418,74.1,"N/A","N/A"
"Glastonbury School District","=""0540011""","Grade","08",431,75.4,430,71.6,425,74.1
"Glastonbury School District","=""0540011""","Grade","11",435,64.5,435,64.6,434,70.3
"Glastonbury School District","=""0540011""","High Needs (F/R, EL or SWD)","High Needs",735,62.6,733,59.5,304,57.9
"Glastonbury School District","=""0540011""","High Needs (F/R, EL or SWD)","Not High Needs",2184,81.3,2183,80.6,972,79.8
"Glastonbury School District","=""0540011""","Free/Reduced Price Meal Eligibility (2-level)","Eligible For Free Or Reduced Price Meals",413,64.4,413,60.2,169,61.2
"Glastonbury School District","=""0540011""","Free/Reduced Price Meal Eligibility (2-level)","Not Eligible For Free Or Reduced Price Meals",2506,78.6,2503,77.7,1107,76.6
"Glastonbury School District","=""0540011""","Race/Ethnicity","American Indian or Alaska Native","*","*","*","*","*","*"
"Glastonbury School District","=""0540011""","Race/Ethnicity","Asian",410,85.7,409,88.4,193,84.7
"Glastonbury School District","=""0540011""","Race/Ethnicity","Black or African American","*","*","*","*","*","*"
"Glastonbury School District","=""0540011""","Race/Ethnicity","Hispanic or Latino",357,67.5,357,62.6,140,62.0
"Glastonbury School District","=""0540011""","Race/Ethnicity","Two or More Races",174,78.1,174,77.9,65,78.5
"Glastonbury School District","=""0540011""","Race/Ethnicity","White",1880,77.0,1879,75.5,823,75.3
"Glastonbury School District","=""0540011""","Special Education Status (SWD)","Students with Disabilities",336,51.9,334,46.8,148,47.7
"Glastonbury School District","=""0540011""","Special Education Status (SWD)","Students without Disabilities",2583,79.8,2582,78.9,1128,78.1
"Granby School District","=""0560011""","All Students","District",909,71.6,905,66.0,424,74.8
"Granby School District","=""0560011""","English Language Learners (EL)","English Learners",12,"*",12,"*","*","*"
"Granby School District","=""0560011""","English Language Learners (EL)","Not English Learners",897,71.7,893,66.1,"*","*"
"Granby School District","=""0560011""","Gender","Female",453,72.2,449,63.5,213,72.1
"Granby School District","=""0560011""","Gender","Male",456,71.0,456,68.5,211,77.5
"Granby School District","=""0560011""","Grade","03",126,74.0,126,70.8,"N/A","N/A"
"Granby School District","=""0560011""","Grade","04",114,79.1,113,74.7,"N/A","N/A"
"Granby School District","=""0560011""","Grade","05",138,72.0,138,66.4,138,73.3
"Granby School District","=""0560011""","Grade","06",116,71.1,116,60.9,"N/A","N/A"
"Granby School District","=""0560011""","Grade","07",126,74.3,124,69.8,"N/A","N/A"
"Granby School District","=""0560011""","Grade","08",153,69.6,152,60.3,152,70.7
"Granby School District","=""0560011""","Grade","11",136,62.9,136,61.4,134,81.1
"Granby School District","=""0560011""","High Needs (F/R, EL or SWD)","High Needs",260,58.9,258,53.3,120,58.8
"Granby School District","=""0560011""","High Needs (F/R, EL or SWD)","Not High Needs",649,76.7,647,71.1,304,81.1
"Granby School District","=""0560011""","Free/Reduced Price Meal Eligibility (2-level)","Eligible For Free Or Reduced Price Meals",142,61.9,141,55.0,57,60.6
"Granby School District","=""0560011""","Free/Reduced Price Meal Eligibility (2-level)","Not Eligible For Free Or Reduced Price Meals",767,73.4,764,68.1,367,77.0
"Granby School District","=""0560011""","Race/Ethnicity","American Indian or Alaska Native","*","*","*","*","*","*"
"Granby School District","=""0560011""","Race/Ethnicity","Asian","*","*","*","*","*","*"
"Granby School District","=""0560011""","Race/Ethnicity","Black or African American",58,56.0,58,52.4,24,60.8
"Granby School District","=""0560011""","Race/Ethnicity","Hispanic or Latino",60,63.9,60,57.2,24,57.3
"Granby School District","=""0560011""","Race/Ethnicity","Two or More Races",26,64.5,25,55.3,18,"*"
"Granby School District","=""0560011""","Race/Ethnicity","White",740,73.7,737,68.0,348,77.3
"Granby School District","=""0560011""","Special Education Status (SWD)","Students with Disabilities",144,52.9,142,47.9,77,53.5
"Granby School District","=""0560011""","Special Education Status (SWD)","Students without Disabilities",765,75.1,763,69.4,347,79.6
"Greenwich School District","=""0570011""","All Students","District",4339,77.9,4332,75.7,1861,78.8
"Greenwich School District","=""0570011""","English Language Learners (EL)","English Learners",426,66.5,426,66.6,200,68.0
"Greenwich School District","=""0570011""","English Language Learners (EL)","Not English Learners",3913,79.1,3906,76.7,1661,80.1
"Greenwich School District","=""0570011""","Gender","Female","*","*","*","*","*","*"
"Greenwich School District","=""0570011""","Gender","Male",2264,76.2,2262,77.1,981,79.3
"Greenwich School District","=""0570011""","Gender","Non-Binary","*","*","*","*","*","*"
"Greenwich School District","=""0570011""","Grade","03",583,79.8,584,78.4,"N/A","N/A"
"Greenwich School District","=""0570011""","Grade","04",640,83.6,640,81.8,"N/A","N/A"
"Greenwich School District","=""0570011""","Grade","05",606,81.6,605,80.3,606,79.2
"Greenwich School District","=""0570011""","Grade","06",616,79.5,614,77.4,"N/A","N/A"
"Greenwich School District","=""0570011""","Grade","07",645,77.3,643,71.9,"N/A","N/A"
"Greenwich School District","=""0570011""","Grade","08",624,76.4,621,73.6,622,78.5
"Greenwich School District","=""0570011""","Grade","11",625,67.3,625,67.2,633,78.8
"Greenwich School District","=""0570011""","High Needs (F/R, EL or SWD)","High Needs",1550,64.0,1546,60.9,682,64.4
"Greenwich School District","=""0570011""","High Needs (F/R, EL or SWD)","Not High Needs",2789,85.6,2786,84.0,1179,87.2
"Greenwich School District","=""0570011""","Free/Reduced Price Meal Eligibility (2-level)","Eligible For Free Or Reduced Price Meals",859,63.8,856,58.3,392,64.1
"Greenwich School District","=""0570011""","Free/Reduced Price Meal Eligibility (2-level)","Not Eligible For Free Or Reduced Price Meals",3480,81.4,3476,80.0,1469,82.8
"Greenwich School District","=""0570011""","Race/Ethnicity","American Indian or Alaska Native","*","*","*","*","*","*"
"Greenwich School District","=""0570011""","Race/Ethnicity","Asian",389,87.6,389,90.9,171,91.6
"Greenwich School District","=""0570011""","Race/Ethnicity","Black or African American",99,63.3,99,55.0,48,55.8
"Greenwich School District","=""0570011""","Race/Ethnicity","Hispanic or Latino",1011,68.6,1008,64.9,452,67.9
"Greenwich School District","=""0570011""","Race/Ethnicity","Native Hawaiian or Other Pacific Islander","*","*","*","*","*","*"
"Greenwich School District","=""0570011""","Race/Ethnicity","Two or More Races",280,82.6,279,82.0,112,83.4
"Greenwich School District","=""0570011""","Race/Ethnicity","White",2551,80.2,2548,77.9,1075,81.9
"Greenwich School District","=""0570011""","Special Education Status (SWD)","Students with Disabilities",712,55.1,709,52.4,292,53.6
"Greenwich School District","=""0570011""","Special Education Status (SWD)","Students without Disabilities",3627,82.4,3623,80.3,1569,83.5
"Griswold School District","=""0580011""","All Students","District",804,61.9,802,57.9,329,62.5
"Griswold School District","=""0580011""","English Language Learners (EL)","English Learners",12,"*",11,"*",7,"*"
"Griswold School District","=""0580011""","English Language Learners (EL)","Not English Learners",792,61.9,791,58.0,322,62.5
"Griswold School District","=""0580011""","Gender","Female",414,63.8,414,57.4,169,61.7
"Griswold School District","=""0580011""","Gender","Male",390,59.9,388,58.4,160,63.3
"Griswold School District","=""0580011""","Grade","03",121,64.6,121,59.9,"N/A","N/A"
"Griswold School District","=""0580011""","Grade","04",133,66.1,133,60.2,"N/A","N/A"
"Griswold School District","=""0580011""","Grade","05",120,59.9,120,56.0,120,64.2
"Griswold School District","=""0580011""","Grade","06",108,66.1,107,61.2,"N/A","N/A"
"Griswold School District","=""0580011""","Grade","07",111,61.6,111,60.2,"N/A","N/A"
"Griswold School District","=""0580011""","Grade","08",111,62.3,111,57.6,112,65.2
"Griswold School District","=""0580011""","Grade","11",100,51.0,99,49.0,97,57.3
"Griswold School District","=""0580011""","High Needs (F/R, EL or SWD)","High Needs",451,56.6,449,52.2,181,57.2
"Griswold School District","=""0580011""","High Needs (F/R, EL or SWD)","Not High Needs",353,68.7,353,65.1,148,68.9
"Griswold School District","=""0580011""","Free/Reduced Price Meal Eligibility (2-level)","Eligible For Free Or Reduced Price Meals",402,57.2,400,52.5,160,57.7
"Griswold School District","=""0580011""","Free/Reduced Price Meal Eligibility (2-level)","Not Eligible For Free Or Reduced Price Meals",402,66.7,402,63.3,169,67.0
"Griswold School District","=""0580011""","Race/Ethnicity","American Indian or Alaska Native","*","*","*","*","*","*"
"Griswold School District","=""0580011""","Race/Ethnicity","Asian",10,"*",10,"*","*","*"
"Griswold School District","=""0580011""","Race/Ethnicity","Black or African American",17,"*",17,"*","*","*"
"Griswold School District","=""0580011""","Race/Ethnicity","Hispanic or Latino",99,57.0,98,53.9,37,59.2
"Griswold School District","=""0580011""","Race/Ethnicity","Native Hawaiian or Other Pacific Islander","*","*","*","*","N/A","N/A"
"Griswold School District","=""0580011""","Race/Ethnicity","Two or More Races",57,63.2,58,55.9,21,61.0
"Griswold School District","=""0580011""","Race/Ethnicity","White",615,62.5,613,59.0,260,63.7
"Griswold School District","=""0580011""","Special Education Status (SWD)","Students with Disabilities",145,46.4,143,41.7,71,51.3
"Griswold School District","=""0580011""","Special Education Status (SWD)","Students without Disabilities",659,65.4,659,61.4,258,65.6
"Groton School District","=""0590011""","All Students","District",1922,64.9,1913,59.9,778,61.5
"Groton School District","=""0590011""","English Language Learners (EL)","English Learners",106,56.3,106,53.1,38,55.8
"Groton School District","=""0590011""","English Language Learners (EL)","Not English Learners",1816,65.4,1807,60.2,740,61.8
"Groton School District","=""0590011""","Gender","Female","*","*","*","*","*","*"
"Groton School District","=""0590011""","Gender","Male",999,62.5,993,60.3,402,61.4
"Groton School District","=""0590011""","Gender","Non-Binary","*","*","*","*","*","*"
"Groton School District","=""0590011""","Grade","03",311,68.3,310,63.0,"N/A","N/A"
"Groton School District","=""0590011""","Grade","04",269,70.2,268,67.4,"N/A","N/A"
"Groton School District","=""0590011""","Grade","05",267,69.7,267,66.6,266,68.1
"Groton School District","=""0590011""","Grade","06",302,61.1,301,51.4,"N/A","N/A"
"Groton School District","=""0590011""","Grade","07",264,64.1,262,59.0,"N/A","N/A"
"Groton School District","=""0590011""","Grade","08",292,63.0,288,57.1,291,60.0
"Groton School District","=""0590011""","Grade","11",217,56.0,217,54.1,221,55.4
"Groton School District","=""0590011""","High Needs (F/R, EL or SWD)","High Needs",1093,57.3,1083,52.2,424,54.4
"Groton School District","=""0590011""","High Needs (F/R, EL or SWD)","Not High Needs",829,74.9,830,69.9,354,69.9
"Groton School District","=""0590011""","Free/Reduced Price Meal Eligibility (2-level)","Eligible For Free Or Reduced Price Meals",931,58.2,922,52.9,365,55.6
"Groton School District","=""0590011""","Free/Reduced Price Meal Eligibility (2-level)","Not Eligible For Free Or Reduced Price Meals",991,71.1,991,66.3,413,66.7
"Groton School District","=""0590011""","Race/Ethnicity","American Indian or Alaska Native",12,"*",12,"*",6,"*"
"Groton School District","=""0590011""","Race/Ethnicity","Asian",111,75.8,111,75.1,46,67.5
"Groton School District","=""0590011""","Race/Ethnicity","Black or African American",145,55.6,144,45.9,52,48.1
"Groton School District","=""0590011""","Race/Ethnicity","Hispanic or Latino",475,58.1,469,52.4,184,53.7
"Groton School District","=""0590011""","Race/Ethnicity","Native Hawaiian or Other Pacific Islander",10,"*",10,"*",6,"*"
"Groton School District","=""0590011""","Race/Ethnicity","Two or More Races",217,62.2,217,56.3,90,58.4
"Groton School District","=""0590011""","Race/Ethnicity","White",952,69.0,950,64.7,394,66.8
"Groton School District","=""0590011""","Special Education Status (SWD)","Students with Disabilities",340,44.8,336,39.1,116,40.7
"Groton School District","=""0590011""","Special Education Status (SWD)","Students without Disabilities",1582,69.2,1577,64.3,662,65.1
"Guilford School District","=""0600011""","All Students","District",1644,76.1,1643,73.7,732,72.0
"Guilford School District","=""0600011""","English Language Learners (EL)","English Learners",64,67.6,64,66.5,28,71.4
"Guilford School District","=""0600011""","English Language Learners (EL)","Not English Learners",1580,76.4,1579,74.0,704,72.0
"Guilford School District","=""0600011""","Gender","Female","*","*","*","*","*","*"
"Guilford School District","=""0600011""","Gender","Male",855,75.3,855,75.2,387,72.9
"Guilford School District","=""0600011""","Gender","Non-Binary","*","*","*","*","*","*"
"Guilford School District","=""0600011""","Grade","03",209,77.8,209,76.0,"N/A","N/A"
"Guilford School District","=""0600011""","Grade","04",234,82.1,234,77.2,"N/A","N/A"
"Guilford School District","=""0600011""","Grade","05",228,76.8,228,72.5,228,79.5
"Guilford School District","=""0600011""","Grade","06",229,79.7,229,75.8,"N/A","N/A"
"Guilford School District","=""0600011""","Grade","07",237,77.8,236,74.5,"N/A","N/A"
"Guilford School District","=""0600011""","Grade","08",243,73.4,243,73.4,243,72.5
"Guilford School District","=""0600011""","Grade","11",264,66.7,264,67.6,261,64.9
"Guilford School District","=""0600011""","High Needs (F/R, EL or SWD)","High Needs",417,64.4,417,60.5,179,63.2
"Guilford School District","=""0600011""","High Needs (F/R, EL or SWD)","Not High Needs",1227,80.1,1226,78.2,553,74.8
"Guilford School District","=""0600011""","Free/Reduced Price Meal Eligibility (2-level)","Eligible For Free Or Reduced Price Meals",213,68.7,213,65.5,94,65.6
"Guilford School District","=""0600011""","Free/Reduced Price Meal Eligibility (2-level)","Not Eligible For Free Or Reduced Price Meals",1431,77.2,1430,74.9,638,72.9
"Guilford School District","=""0600011""","Race/Ethnicity","Asian",79,83.8,79,89.1,39,83.8
"Guilford School District","=""0600011""","Race/Ethnicity","Black or African American","*","*","*","*","*","*"
"Guilford School District","=""0600011""","Race/Ethnicity","Hispanic or Latino",135,71.7,135,68.9,55,67.2
"Guilford School District","=""0600011""","Race/Ethnicity","Native Hawaiian or Other Pacific Islander","*","*","*","*","*","*"
"Guilford School District","=""0600011""","Race/Ethnicity","Two or More Races",82,82.8,82,82.5,38,72.4
"Guilford School District","=""0600011""","Race/Ethnicity","White",1326,75.9,1325,73.0,591,72.1
"Guilford School District","=""0600011""","Special Education Status (SWD)","Students with Disabilities",224,56.0,224,50.4,90,53.9
"Guilford School District","=""0600011""","Special Education Status (SWD)","Students without Disabilities",1420,79.3,1419,77.4,642,74.5
"Hamden School District","=""0620011""","All Students","District",2667,59.9,2661,56.5,1183,55.0
"Hamden School District","=""0620011""","English Language Learners (EL)","English Learners",304,53.8,304,51.5,139,49.8
"Hamden School District","=""0620011""","English Language Learners (EL)","Not English Learners",2363,60.7,2357,57.2,1044,55.7
"Hamden School District","=""0620011""","Gender","Female",1309,62.6,1307,56.7,565,55.9
"Hamden School District","=""0620011""","Gender","Male",1358,57.3,1354,56.4,618,54.2
"Hamden School District","=""0620011""","Gender","Non-Binary",0,"N/A",0,"N/A",0,"N/A"
"Hamden School District","=""0620011""","Grade","03",364,63.3,362,59.7,"N/A","N/A"
"Hamden School District","=""0620011""","Grade","04",355,64.6,355,61.5,"N/A","N/A"
"Hamden School District","=""0620011""","Grade","05",373,62.5,373,61.1,372,63.3
"Hamden School District","=""0620011""","Grade","06",383,67.4,382,61.8,"N/A","N/A"
"Hamden School District","=""0620011""","Grade","07",374,59.1,375,54.1,"N/A","N/A"
"Hamden School District","=""0620011""","Grade","08",421,55.1,417,53.3,413,53.8
"Hamden School District","=""0620011""","Grade","11",397,48.8,397,45.7,398,48.6
"Hamden School District","=""0620011""","High Needs (F/R, EL or SWD)","High Needs",1557,51.8,1553,48.2,672,48.1
"Hamden School District","=""0620011""","High Needs (F/R, EL or SWD)","Not High Needs",1110,71.3,1108,68.3,511,64.2
"Hamden School District","=""0620011""","Free/Reduced Price Meal Eligibility (2-level)","Eligible For Free Or Reduced Price Meals",1283,53.1,1281,49.0,546,48.9
"Hamden School District","=""0620011""","Free/Reduced Price Meal Eligibility (2-level)","Not Eligible For Free Or Reduced Price Meals",1384,66.2,1380,63.6,637,60.3
"Hamden School District","=""0620011""","Race/Ethnicity","American Indian or Alaska Native","*","*","*","*","*","*"
"Hamden School District","=""0620011""","Race/Ethnicity","Asian",184,67.6,184,64.6,83,64.6
"Hamden School District","=""0620011""","Race/Ethnicity","Black or African American",839,53.4,837,48.2,383,47.7
"Hamden School District","=""0620011""","Race/Ethnicity","Hispanic or Latino",716,53.2,713,49.9,302,48.2
"Hamden School District","=""0620011""","Race/Ethnicity","Native Hawaiian or Other Pacific Islander","*","*","*","*","*","*"
"Hamden School District","=""0620011""","Race/Ethnicity","Two or More Races",161,63.5,161,60.9,73,60.7
"Hamden School District","=""0620011""","Race/Ethnicity","White",762,70.7,761,69.1,339,65.9
"Hamden School District","=""0620011""","Special Education Status (SWD)","Students with Disabilities",490,39.9,487,35.8,202,39.5
"Hamden School District","=""0620011""","Special Education Status (SWD)","Students without Disabilities",2177,64.4,2174,61.2,981,58.2
"Hampton School District","=""0630011""","All Students","District",33,62.7,33,56.7,7,"*"
"Hampton School District","=""0630011""","English Language Learners (EL)","Not English Learners",33,62.7,33,56.7,7,"*"
"Hampton School District","=""0630011""","Gender","Female",15,"*",15,"*","*","*"
"Hampton School District","=""0630011""","Gender","Male",18,"*",18,"*","*","*"
"Hampton School District","=""0630011""","Grade","03",11,"*",11,"*","N/A","N/A"
"Hampton School District","=""0630011""","Grade","04",7,"*",7,"*","N/A","N/A"
"Hampton School District","=""0630011""","Grade","05",7,"*",7,"*",7,"*"
"Hampton School District","=""0630011""","Grade","06",8,"*",8,"*","N/A","N/A"
"Hampton School District","=""0630011""","High Needs (F/R, EL or SWD)","High Needs",18,"*",18,"*","*","*"
"Hampton School District","=""0630011""","High Needs (F/R, EL or SWD)","Not High Needs",15,"*",15,"*","*","*"
"Hampton School District","=""0630011""","Free/Reduced Price Meal Eligibility (2-level)","Eligible For Free Or Reduced Price Meals",14,"*",14,"*","*","*"
"Hampton School District","=""0630011""","Free/Reduced Price Meal Eligibility (2-level)","Not Eligible For Free Or Reduced Price Meals",19,"*",19,"*","*","*"
"Hampton School District","=""0630011""","Race/Ethnicity","Asian","*","*","*","*","N/A","N/A"
"Hampton School District","=""0630011""","Race/Ethnicity","Hispanic or Latino","*","*","*","*","N/A","N/A"
"Hampton School District","=""0630011""","Race/Ethnicity","Two or More Races","*","*","*","*","*","*"
"Hampton School District","=""0630011""","Race/Ethnicity","White",28,61.7,28,57.3,"*","*"
"Hampton School District","=""0630011""","Special Education Status (SWD)","Students with Disabilities",7,"*",7,"*","N/A","N/A"
"Hampton School District","=""0630011""","Special Education Status (SWD)","Students without Disabilities",26,65.2,26,64.0,7,"*"
"Hartford School District","=""0640011""","All Students","District",7451,47.4,7389,41.8,3070,45.5
"Hartford School District","=""0640011""","English Language Learners (EL)","English Learners",2070,40.4,2053,37.3,787,38.1
"Hartford School District","=""0640011""","English Language Learners (EL)","Not English Learners",5381,50.1,5336,43.6,2283,48.0
"Hartford School District","=""0640011""","Gender","Female","*","*","*","*","*","*"
"Hartford School District","=""0640011""","Gender","Male",3824,46.0,3790,42.4,1587,45.4
"Hartford School District","=""0640011""","Gender","Non-Binary","*","*","*","*","*","*"
"Hartford School District","=""0640011""","Grade","03",1058,48.8,1054,45.1,"N/A","N/A"
"Hartford School District","=""0640011""","Grade","04",1090,52.3,1088,48.5,"N/A","N/A"
"Hartford School District","=""0640011""","Grade","05",1078,46.9,1073,45.7,1072,47.7
"Hartford School District","=""0640011""","Grade","06",1078,50.0,1067,38.9,"N/A","N/A"
"Hartford School District","=""0640011""","Grade","07",1153,46.0,1137,39.0,"N/A","N/A"
"Hartford School District","=""0640011""","Grade","08",1125,44.8,1101,36.4,1121,45.5
"Hartford School District","=""0640011""","Grade","11",869,42.0,869,39.0,877,42.7
"Hartford School District","=""0640011""","High Needs (F/R, EL or SWD)","High Needs",6650,45.4,6590,39.9,2722,43.7
"Hartford School District","=""0640011""","High Needs (F/R, EL or SWD)","Not High Needs",801,63.7,799,57.7,348,59.7
"Hartford School District","=""0640011""","Free/Reduced Price Meal Eligibility (2-level)","Eligible For Free Or Reduced Price Meals",6302,45.5,6247,39.8,2601,43.8
"Hartford School District","=""0640011""","Free/Reduced Price Meal Eligibility (2-level)","Not Eligible For Free Or Reduced Price Meals",1149,57.6,1142,53.0,469,54.8
"Hartford School District","=""0640011""","Race/Ethnicity","American Indian or Alaska Native",25,50.5,25,49.0,11,"*"
"Hartford School District","=""0640011""","Race/Ethnicity","Asian",210,67.3,209,65.5,76,66.2
"Hartford School District","=""0640011""","Race/Ethnicity","Black or African American",2167,48.4,2154,41.3,944,44.5
"Hartford School District","=""0640011""","Race/Ethnicity","Hispanic or Latino",4373,43.9,4329,38.8,1727,42.3
"Hartford School District","=""0640011""","Race/Ethnicity","Native Hawaiian or Other Pacific Islander",11,"*",11,"*",6,"*"
"Hartford School District","=""0640011""","Race/Ethnicity","Two or More Races",183,57.6,178,51.4,73,57.9
"Hartford School District","=""0640011""","Race/Ethnicity","White",482,61.5,483,57.4,233,61.4
"Hartford School District","=""0640011""","Special Education Status (SWD)","Students with Disabilities",1728,34.1,1699,28.1,673,32.6
"Hartford School District","=""0640011""","Special Education Status (SWD)","Students without Disabilities",5723,51.4,5690,45.9,2397,49.1
"Hartland School District","=""0650011""","All Students","District",82,75.8,82,69.6,34,83.1
"Hartland School District","=""0650011""","English Language Learners (EL)","Not English Learners",82,75.8,82,69.6,34,83.1
"Hartland School District","=""0650011""","Gender","Female",41,80.7,41,70.9,19,"*"
"Hartland School District","=""0650011""","Gender","Male",41,70.9,41,68.3,15,"*"
"Hartland School District","=""0650011""","Grade","03",12,"*",12,"*","N/A","N/A"
"Hartland School District","=""0650011""","Grade","04",12,"*",12,"*","N/A","N/A"
"Hartland School District","=""0650011""","Grade","05",17,"*",17,"*",17,"*"
"Hartland School District","=""0650011""","Grade","06",14,"*",14,"*","N/A","N/A"
"Hartland School District","=""0650011""","Grade","07",10,"*",10,"*","N/A","N/A"
"Hartland School District","=""0650011""","Grade","08",17,"*",17,"*",17,"*"
"Hartland School District","=""0650011""","High Needs (F/R, EL or SWD)","High Needs",25,66.9,25,58.9,8,"*"
"Hartland School District","=""0650011""","High Needs (F/R, EL or SWD)","Not High Needs",57,79.7,57,74.3,26,86.5
"Hartland School District","=""0650011""","Free/Reduced Price Meal Eligibility (2-level)","Eligible For Free Or Reduced Price Meals",14,"*",14,"*","*","*"
"Hartland School District","=""0650011""","Free/Reduced Price Meal Eligibility (2-level)","Not Eligible For Free Or Reduced Price Meals",68,75.8,68,71.4,"*","*"
"Hartland School District","=""0650011""","Race/Ethnicity","Black or African American","*","*","*","*","N/A","N/A"
"Hartland School District","=""0650011""","Race/Ethnicity","Hispanic or Latino","*","*","*","*","*","*"
"Hartland School District","=""0650011""","Race/Ethnicity","Two or More Races",10,"*",10,"*","*","*"
"Hartland School District","=""0650011""","Race/Ethnicity","White",68,77.8,68,71.4,28,87.0
"Hartland School District","=""0650011""","Special Education Status (SWD)","Students with Disabilities",18,"*",18,"*",7,"*"
"Hartland School District","=""0650011""","Special Education Status (SWD)","Students without Disabilities",64,80.4,64,74.6,27,87.3
"Hebron School District","=""0670011""","All Students","District",343,76.0,343,72.4,97,73.3
"Hebron School District","=""0670011""","English Language Learners (EL)","English Learners","*","*","*","*","*","*"
"Hebron School District","=""0670011""","English Language Learners (EL)","Not English Learners","*","*","*","*","*","*"
"Hebron School District","=""0670011""","Gender","Female",180,78.4,180,72.3,53,73.0
"Hebron School District","=""0670011""","Gender","Male",163,73.4,163,72.4,44,73.5
"Hebron School District","=""0670011""","Grade","03",85,75.2,85,70.4,"N/A","N/A"
"Hebron School District","=""0670011""","Grade","04",78,76.2,78,72.9,"N/A","N/A"
"Hebron School District","=""0670011""","Grade","05",97,76.4,97,73.4,97,73.3
"Hebron School District","=""0670011""","Grade","06",83,76.2,83,72.5,"N/A","N/A"
"Hebron School District","=""0670011""","High Needs (F/R, EL or SWD)","High Needs",86,64.7,86,62.0,32,70.0
"Hebron School District","=""0670011""","High Needs (F/R, EL or SWD)","Not High Needs",257,79.8,257,75.8,65,74.9
"Hebron School District","=""0670011""","Free/Reduced Price Meal Eligibility (2-level)","Eligible For Free Or Reduced Price Meals",52,69.3,52,66.4,24,72.1
"Hebron School District","=""0670011""","Free/Reduced Price Meal Eligibility (2-level)","Not Eligible For Free Or Reduced Price Meals",291,77.2,291,73.4,73,73.6
"Hebron School District","=""0670011""","Race/Ethnicity","American Indian or Alaska Native","*","*","*","*","N/A","N/A"
"Hebron School District","=""0670011""","Race/Ethnicity","Asian","*","*","*","*","*","*"
"Hebron School District","=""0670011""","Race/Ethnicity","Black or African American",6,"*",6,"*","*","*"
"Hebron School District","=""0670011""","Race/Ethnicity","Hispanic or Latino",17,"*",17,"*",8,"*"
"Hebron School District","=""0670011""","Race/Ethnicity","Two or More Races","*","*","*","*","*","*"
"Hebron School District","=""0670011""","Race/Ethnicity","White",310,77.1,310,73.3,84,75.1
"Hebron School District","=""0670011""","Special Education Status (SWD)","Students with Disabilities",46,53.8,46,53.2,11,"*"
"Hebron School District","=""0670011""","Special Education Status (SWD)","Students without Disabilities",297,79.5,297,75.3,86,75.6
"Kent School District","=""0680011""","All Students","District",113,79.0,113,73.6,38,78.3
"Kent School District","=""0680011""","English Language Learners (EL)","English Learners","*","*","*","*","*","*"
"Kent School District","=""0680011""","English Language Learners (EL)","Not English Learners","*","*","*","*","*","*"
"Kent School District","=""0680011""","Gender","Female",56,83.9,56,73.8,16,"*"
"Kent School District","=""0680011""","Gender","Male",57,74.2,57,73.4,22,78.6
"Kent School District","=""0680011""","Grade","03",27,71.1,27,75.9,"N/A","N/A"
"Kent School District","=""0680011""","Grade","04",13,"*",13,"*","N/A","N/A"
"Kent School District","=""0680011""","Grade","05",19,"*",19,"*",19,"*"
"Kent School District","=""0680011""","Grade","06",13,"*",13,"*","N/A","N/A"
"Kent School District","=""0680011""","Grade","07",22,85.2,22,79.4,"N/A","N/A"
"Kent School District","=""0680011""","Grade","08",19,"*",19,"*",19,"*"
"Kent School District","=""0680011""","High Needs (F/R, EL or SWD)","High Needs",35,65.2,35,64.6,11,"*"
"Kent School District","=""0680011""","High Needs (F/R, EL or SWD)","Not High Needs",78,85.2,78,77.6,27,85.3
"Kent School District","=""0680011""","Free/Reduced Price Meal Eligibility (2-level)","Eligible For Free Or Reduced Price Meals",26,66.2,26,65.2,8,"*"
"Kent School District","=""0680011""","Free/Reduced Price Meal Eligibility (2-level)","Not Eligible For Free Or Reduced Price Meals",87,82.8,87,76.1,30,84.3
"Kent School District","=""0680011""","Race/Ethnicity","Asian","*","*","*","*","N/A","N/A"
"Kent School District","=""0680011""","Race/Ethnicity","Black or African American","*","*","*","*","N/A","N/A"
"Kent School District","=""0680011""","Race/Ethnicity","Hispanic or Latino",10,"*",10,"*",6,"*"
"Kent School District","=""0680011""","Race/Ethnicity","Two or More Races","*","*","*","*","N/A","N/A"
"Kent School District","=""0680011""","Race/Ethnicity","White",94,79.8,94,74.2,32,80.3
"Kent School District","=""0680011""","Special Education Status (SWD)","Students with Disabilities",12,"*",12,"*","*","*"
"Kent School District","=""0680011""","Special Education Status (SWD)","Students without Disabilities",101,81.6,101,75.6,"*","*"
"Killingly School District","=""0690011""","All Students","District",1111,61.3,1102,54.4,470,62.4
"Killingly School District","=""0690011""","English Language Learners (EL)","English Learners",42,56.1,42,51.5,11,"*"
"Killingly School District","=""0690011""","English Language Learners (EL)","Not English Learners",1069,61.6,1060,54.5,459,62.8
"Killingly School District","=""0690011""","Gender","Female",548,64.2,546,54.5,238,64.6
"Killingly School District","=""0690011""","Gender","Male",563,58.6,556,54.3,232,60.3
"Killingly School District","=""0690011""","Grade","03",159,59.0,158,55.3,"N/A","N/A"
"Killingly School District","=""0690011""","Grade","04",175,59.5,174,54.9,"N/A","N/A"
"Killingly School District","=""0690011""","Grade","05",180,66.3,179,60.2,180,67.0
"Killingly School District","=""0690011""","Grade","06",156,64.4,153,49.7,"N/A","N/A"
"Killingly School District","=""0690011""","Grade","07",156,62.6,154,56.4,"N/A","N/A"
"Killingly School District","=""0690011""","Grade","08",138,62.3,137,50.7,140,57.6
"Killingly School District","=""0690011""","Grade","11",147,54.5,147,51.6,150,61.4
"Killingly School District","=""0690011""","High Needs (F/R, EL or SWD)","High Needs",651,56.2,645,48.8,257,57.6
"Killingly School District","=""0690011""","High Needs (F/R, EL or SWD)","Not High Needs",460,68.6,457,62.3,213,68.3
"Killingly School District","=""0690011""","Free/Reduced Price Meal Eligibility (2-level)","Eligible For Free Or Reduced Price Meals",572,57.5,566,49.8,223,59.1
"Killingly School District","=""0690011""","Free/Reduced Price Meal Eligibility (2-level)","Not Eligible For Free Or Reduced Price Meals",539,65.4,536,59.2,247,65.5
"Killingly School District","=""0690011""","Race/Ethnicity","American Indian or Alaska Native","*","*","*","*","*","*"
"Killingly School District","=""0690011""","Race/Ethnicity","Asian",24,58.4,24,56.3,8,"*"
"Killingly School District","=""0690011""","Race/Ethnicity","Black or African American",21,54.6,21,42.7,12,"*"
"Killingly School District","=""0690011""","Race/Ethnicity","Hispanic or Latino",125,56.6,124,49.1,49,48.9
"Killingly School District","=""0690011""","Race/Ethnicity","Native Hawaiian or Other Pacific Islander","*","*","*","*","*","*"
"Killingly School District","=""0690011""","Race/Ethnicity","Two or More Races",86,61.5,86,54.8,31,65.7
"Killingly School District","=""0690011""","Race/Ethnicity","White",849,62.4,841,55.4,367,64.3
"Killingly School District","=""0690011""","Special Education Status (SWD)","Students with Disabilities",220,43.9,216,36.8,84,44.0
"Killingly School District","=""0690011""","Special Education Status (SWD)","Students without Disabilities",891,65.6,886,58.6,386,66.4
"Lebanon School District","=""0710011""","All Students","District",467,67.1,466,65.6,206,65.9
"Lebanon School District","=""0710011""","English Language Learners (EL)","English Learners",8,"*",8,"*","*","*"
"Lebanon School District","=""0710011""","English Language Learners (EL)","Not English Learners",459,67.3,458,65.9,"*","*"
"Lebanon School District","=""0710011""","Gender","Female",212,71.0,211,66.3,97,69.7
"Lebanon School District","=""0710011""","Gender","Male",255,63.8,255,65.0,109,62.6
"Lebanon School District","=""0710011""","Grade","03",64,71.3,64,66.2,"N/A","N/A"
"Lebanon School District","=""0710011""","Grade","04",64,74.8,64,72.6,"N/A","N/A"
"Lebanon School District","=""0710011""","Grade","05",56,77.8,56,79.2,56,78.1
"Lebanon School District","=""0710011""","Grade","06",61,71.9,60,67.8,"N/A","N/A"
"Lebanon School District","=""0710011""","Grade","07",70,69.7,70,69.4,"N/A","N/A"
"Lebanon School District","=""0710011""","Grade","08",71,57.6,71,60.2,72,61.1
"Lebanon School District","=""0710011""","Grade","11",81,52.5,81,49.9,78,61.6
"Lebanon School District","=""0710011""","High Needs (F/R, EL or SWD)","High Needs",193,56.0,192,54.4,82,56.0
"Lebanon School District","=""0710011""","High Needs (F/R, EL or SWD)","Not High Needs",274,74.9,274,73.5,124,72.5
"Lebanon School District","=""0710011""","Free/Reduced Price Meal Eligibility (2-level)","Eligible For Free Or Reduced Price Meals",141,59.2,140,57.3,60,56.5
"Lebanon School District","=""0710011""","Free/Reduced Price Meal Eligibility (2-level)","Not Eligible For Free Or Reduced Price Meals",326,70.5,326,69.2,146,69.8
"Lebanon School District","=""0710011""","Race/Ethnicity","American Indian or Alaska Native","*","*","*","*","*","*"
"Lebanon School District","=""0710011""","Race/Ethnicity","Asian","*","*","*","*","N/A","N/A"
"Lebanon School District","=""0710011""","Race/Ethnicity","Black or African American","*","*","*","*","*","*"
"Lebanon School District","=""0710011""","Race/Ethnicity","Hispanic or Latino",38,60.7,38,58.3,18,"*"
"Lebanon School District","=""0710011""","Race/Ethnicity","Native Hawaiian or Other Pacific Islander","*","*","*","*","*","*"
"Lebanon School District","=""0710011""","Race/Ethnicity","Two or More Races","*","*","*","*","*","*"
"Lebanon School District","=""0710011""","Race/Ethnicity","White",413,68.0,412,66.7,181,67.1
"Lebanon School District","=""0710011""","Special Education Status (SWD)","Students with Disabilities",95,44.3,95,43.2,43,49.3
"Lebanon School District","=""0710011""","Special Education Status (SWD)","Students without Disabilities",372,72.9,371,71.4,163,70.3
"Ledyard School District","=""0720011""","All Students","District",1221,62.9,1218,60.6,531,66.3
"Ledyard School District","=""0720011""","English Language Learners (EL)","English Learners",35,56.2,35,57.9,14,"*"
"Ledyard School District","=""0720011""","English Language Learners (EL)","Not English Learners",1186,63.1,1183,60.7,517,66.4
"Ledyard School District","=""0720011""","Gender","Female",617,64.3,616,59.3,281,64.2
"Ledyard School District","=""0720011""","Gender","Male",604,61.4,602,62.0,250,68.5
"Ledyard School District","=""0720011""","Grade","03",178,67.8,176,67.1,"N/A","N/A"
"Ledyard School District","=""0720011""","Grade","04",167,68.1,167,66.7,"N/A","N/A"
"Ledyard School District","=""0720011""","Grade","05",179,68.5,179,67.9,178,72.0
"Ledyard School District","=""0720011""","Grade","06",163,62.1,163,58.3,"N/A","N/A"
"Ledyard School District","=""0720011""","Grade","07",182,58.3,182,55.4,"N/A","N/A"
"Ledyard School District","=""0720011""","Grade","08",169,59.6,168,55.6,168,63.2
"Ledyard School District","=""0720011""","Grade","11",183,55.9,183,53.5,185,63.5
"Ledyard School District","=""0720011""","High Needs (F/R, EL or SWD)","High Needs",451,53.8,449,50.3,201,55.4
"Ledyard School District","=""0720011""","High Needs (F/R, EL or SWD)","Not High Needs",770,68.2,769,66.6,330,72.9
"Ledyard School District","=""0720011""","Free/Reduced Price Meal Eligibility (2-level)","Eligible For Free Or Reduced Price Meals",301,56.2,302,51.6,140,57.1
"Ledyard School District","=""0720011""","Free/Reduced Price Meal Eligibility (2-level)","Not Eligible For Free Or Reduced Price Meals",920,65.0,916,63.6,391,69.5
"Ledyard School District","=""0720011""","Race/Ethnicity","American Indian or Alaska Native",36,45.9,36,44.3,"*","*"
"Ledyard School District","=""0720011""","Race/Ethnicity","Asian",48,67.8,48,68.8,18,"*"
"Ledyard School District","=""0720011""","Race/Ethnicity","Black or African American",45,61.8,45,55.9,27,64.3
"Ledyard School District","=""0720011""","Race/Ethnicity","Hispanic or Latino",142,59.3,141,55.4,70,57.4
"Ledyard School District","=""0720011""","Race/Ethnicity","Native Hawaiian or Other Pacific Islander",8,"*",9,"*","*","*"
"Ledyard School District","=""0720011""","Race/Ethnicity","Two or More Races",75,54.3,74,51.3,25,57.8
"Ledyard School District","=""0720011""","Race/Ethnicity","White",867,64.7,865,62.9,376,69.5
"Ledyard School District","=""0720011""","Special Education Status (SWD)","Students with Disabilities",216,45.0,214,41.2,92,46.1
"Ledyard School District","=""0720011""","Special Education Status (SWD)","Students without Disabilities",1005,66.7,1004,64.7,439,70.5
"Lisbon School District","=""0730011""","All Students","District",243,67.9,242,68.1,83,66.3
"Lisbon School District","=""0730011""","English Language Learners (EL)","English Learners","*","*","*","*","*","*"
"Lisbon School District","=""0730011""","English Language Learners (EL)","Not English Learners","*","*","*","*","*","*"
"Lisbon School District","=""0730011""","Gender","Female",127,72.7,126,67.8,54,67.0
"Lisbon School District","=""0730011""","Gender","Male",116,62.6,116,68.5,29,65.0
"Lisbon School District","=""0730011""","Grade","03",46,63.2,46,60.4,"N/A","N/A"
"Lisbon School District","=""0730011""","Grade","04",30,72.4,30,73.8,"N/A","N/A"
"Lisbon School District","=""0730011""","Grade","05",42,64.1,42,63.5,45,62.8
"Lisbon School District","=""0730011""","Grade","06",46,69.7,46,68.4,"N/A","N/A"
"Lisbon School District","=""0730011""","Grade","07",41,66.1,41,72.2,"N/A","N/A"
"Lisbon School District","=""0730011""","Grade","08",38,73.9,37,73.6,38,70.5
"Lisbon School District","=""0730011""","High Needs (F/R, EL or SWD)","High Needs",111,61.8,110,61.3,32,60.0
"Lisbon School District","=""0730011""","High Needs (F/R, EL or SWD)","Not High Needs",132,73.0,132,73.8,51,70.2
"Lisbon School District","=""0730011""","Free/Reduced Price Meal Eligibility (2-level)","Eligible For Free Or Reduced Price Meals",91,62.7,90,62.2,29,59.9
"Lisbon School District","=""0730011""","Free/Reduced Price Meal Eligibility (2-level)","Not Eligible For Free Or Reduced Price Meals",152,70.9,152,71.6,54,69.7
"Lisbon School District","=""0730011""","Race/Ethnicity","American Indian or Alaska Native",0,"N/A",0,"N/A","*","*"
"Lisbon School District","=""0730011""","Race/Ethnicity","Asian","*","*","*","*","*","*"
"Lisbon School District","=""0730011""","Race/Ethnicity","Black or African American","*","*","*","*","N/A","N/A"
"Lisbon School District","=""0730011""","Race/Ethnicity","Hispanic or Latino",32,63.8,32,64.7,8,"*"
"Lisbon School District","=""0730011""","Race/Ethnicity","Two or More Races",13,"*",13,"*","*","*"
"Lisbon School District","=""0730011""","Race/Ethnicity","White",195,68.4,194,68.6,68,65.7
"Lisbon School District","=""0730011""","Special Education Status (SWD)","Students with Disabilities",41,53.9,41,50.6,9,"*"
"Lisbon School District","=""0730011""","Special Education Status (SWD)","Students without Disabilities",202,70.7,201,71.7,74,68.8
"Litchfield School District","=""0740011""","All Students","District",421,73.9,421,72.0,167,72.2
"Litchfield School District","=""0740011""","English Language Learners (EL)","English Learners","*","*","*","*",0,"N/A"
"Litchfield School District","=""0740011""","English Language Learners (EL)","Not English Learners","*","*","*","*",167,72.2
"Litchfield School District","=""0740011""","Gender","Female",206,75.9,206,71.1,75,72.4
"Litchfield School District","=""0740011""","Gender","Male",215,72.0,215,72.9,92,72.0
"Litchfield School District","=""0740011""","Grade","03",58,75.1,58,70.3,"N/A","N/A"
"Litchfield School District","=""0740011""","Grade","04",60,75.4,60,73.9,"N/A","N/A"
"Litchfield School District","=""0740011""","Grade","05",48,74.6,48,71.3,48,71.9
"Litchfield School District","=""0740011""","Grade","06",73,77.0,73,74.0,"N/A","N/A"
"Litchfield School District","=""0740011""","Grade","07",63,77.3,63,76.5,"N/A","N/A"
"Litchfield School District","=""0740011""","Grade","08",59,74.6,59,77.3,59,75.0
"Litchfield School District","=""0740011""","Grade","11",60,62.5,60,60.0,60,69.7
"Litchfield School District","=""0740011""","High Needs (F/R, EL or SWD)","High Needs",145,64.5,145,59.5,47,60.9
"Litchfield School District","=""0740011""","High Needs (F/R, EL or SWD)","Not High Needs",276,78.8,276,78.6,120,76.6
"Litchfield School District","=""0740011""","Free/Reduced Price Meal Eligibility (2-level)","Eligible For Free Or Reduced Price Meals",94,70.2,94,66.8,24,68.3
"Litchfield School District","=""0740011""","Free/Reduced Price Meal Eligibility (2-level)","Not Eligible For Free Or Reduced Price Meals",327,74.9,327,73.5,143,72.8
"Litchfield School District","=""0740011""","Race/Ethnicity","American Indian or Alaska Native","*","*","*","*","N/A","N/A"
"Litchfield School District","=""0740011""","Race/Ethnicity","Asian",6,"*",6,"*","*","*"
"Litchfield School District","=""0740011""","Race/Ethnicity","Black or African American","*","*","*","*","N/A","N/A"
"Litchfield School District","=""0740011""","Race/Ethnicity","Hispanic or Latino",30,67.0,30,64.6,10,"*"
"Litchfield School District","=""0740011""","Race/Ethnicity","Native Hawaiian or Other Pacific Islander","*","*","*","*","*","*"
"Litchfield School District","=""0740011""","Race/Ethnicity","Two or More Races",7,"*",7,"*","*","*"
"Litchfield School District","=""0740011""","Race/Ethnicity","White",373,74.5,373,72.6,149,72.8
"Litchfield School District","=""0740011""","Special Education Status (SWD)","Students with Disabilities",76,53.4,76,47.1,29,52.9
"Litchfield School District","=""0740011""","Special Education Status (SWD)","Students without Disabilities",345,78.4,345,77.5,138,76.2
"Madison School District","=""0760011""","All Students","District",1246,77.7,1245,77.2,577,73.9
"Madison School District","=""0760011""","English Language Learners (EL)","English Learners",40,70.1,40,72.9,17,"*"
"Madison School District","=""0760011""","English Language Learners (EL)","Not English Learners",1206,78.0,1205,77.3,560,74.1
"Madison School District","=""0760011""","Gender","Female",595,78.7,594,75.0,276,72.5
"Madison School District","=""0760011""","Gender","Male",645,76.7,645,79.2,295,74.9
"Madison School District","=""0760011""","Gender","Non-Binary",6,"*",6,"*",6,"*"
"Madison School District","=""0760011""","Grade","03",169,77.7,169,77.3,"N/A","N/A"
"Madison School District","=""0760011""","Grade","04",163,84.9,163,80.6,"N/A","N/A"
"Madison School District","=""0760011""","Grade","05",187,80.7,187,79.0,186,78.4
"Madison School District","=""0760011""","Grade","06",164,80.4,163,80.2,"N/A","N/A"
"Madison School District","=""0760011""","Grade","07",168,78.2,168,77.2,"N/A","N/A"
"Madison School District","=""0760011""","Grade","08",182,78.6,182,79.5,182,75.3
"Madison School District","=""0760011""","Grade","11",213,66.3,213,68.6,209,68.6
"Madison School District","=""0760011""","High Needs (F/R, EL or SWD)","High Needs",246,63.6,245,62.4,115,60.3
"Madison School District","=""0760011""","High Needs (F/R, EL or SWD)","Not High Needs",1000,81.2,1000,80.8,462,77.2
"Madison School District","=""0760011""","Free/Reduced Price Meal Eligibility (2-level)","Eligible For Free Or Reduced Price Meals",52,68.2,52,68.6,25,64.3
"Madison School District","=""0760011""","Free/Reduced Price Meal Eligibility (2-level)","Not Eligible For Free Or Reduced Price Meals",1194,78.1,1193,77.6,552,74.3
"Madison School District","=""0760011""","Race/Ethnicity","Asian",52,86.2,52,88.7,25,88.8
"Madison School District","=""0760011""","Race/Ethnicity","Black or African American","*","*","*","*","*","*"
"Madison School District","=""0760011""","Race/Ethnicity","Hispanic or Latino",91,74.1,91,73.3,49,68.3
"Madison School District","=""0760011""","Race/Ethnicity","Native Hawaiian or Other Pacific Islander","*","*","*","*","N/A","N/A"
"Madison School District","=""0760011""","Race/Ethnicity","Two or More Races",46,87.3,46,87.3,"*","*"
"Madison School District","=""0760011""","Race/Ethnicity","White",1049,77.2,1048,76.6,479,73.0
"Madison School District","=""0760011""","Special Education Status (SWD)","Students with Disabilities",191,60.2,190,58.2,92,57.8
"Madison School District","=""0760011""","Special Education Status (SWD)","Students without Disabilities",1055,80.9,1055,80.6,485,76.9
"Manchester School District","=""0770011""","All Students","District",2828,53.1,2812,49.1,1193,47.1
"Manchester School District","=""0770011""","English Language Learners (EL)","English Learners",312,45.2,309,43.0,122,38.3
"Manchester School District","=""0770011""","English Language Learners (EL)","Not English Learners",2516,54.1,2503,49.8,1071,48.2
"Manchester School District","=""0770011""","Gender","Female","*","*","*","*","*","*"
"Manchester School District","=""0770011""","Gender","Male",1475,50.8,1465,49.4,620,45.8
"Manchester School District","=""0770011""","Gender","Non-Binary","*","*","*","*","*","*"
"Manchester School District","=""0770011""","Grade","03",451,58.7,447,53.4,"N/A","N/A"
"Manchester School District","=""0770011""","Grade","04",434,62.0,432,58.2,"N/A","N/A"
"Manchester School District","=""0770011""","Grade","05",433,52.5,431,52.7,429,52.1
"Manchester School District","=""0770011""","Grade","06",373,57.1,369,52.4,"N/A","N/A"
"Manchester School District","=""0770011""","Grade","07",396,49.2,394,44.4,"N/A","N/A"
"Manchester School District","=""0770011""","Grade","08",428,43.0,426,36.6,429,42.4
"Manchester School District","=""0770011""","Grade","11",313,47.3,313,44.4,335,46.9
"Manchester School District","=""0770011""","High Needs (F/R, EL or SWD)","High Needs",1803,46.9,1793,42.8,750,41.1
"Manchester School District","=""0770011""","High Needs (F/R, EL or SWD)","Not High Needs",1025,64.0,1019,60.1,443,57.4
"Manchester School District","=""0770011""","Free/Reduced Price Meal Eligibility (2-level)","Eligible For Free Or Reduced Price Meals",1549,48.1,1545,43.7,644,42.3
"Manchester School District","=""0770011""","Free/Reduced Price Meal Eligibility (2-level)","Not Eligible For Free Or Reduced Price Meals",1279,59.1,1267,55.6,549,52.8
"Manchester School District","=""0770011""","Race/Ethnicity","American Indian or Alaska Native",10,"*",10,"*","*","*"
"Manchester School District","=""0770011""","Race/Ethnicity","Asian",203,61.5,203,59.2,82,59.1
"Manchester School District","=""0770011""","Race/Ethnicity","Black or African American",708,48.6,703,42.9,306,42.1
"Manchester School District","=""0770011""","Race/Ethnicity","Hispanic or Latino",955,46.9,953,42.6,409,41.3
"Manchester School District","=""0770011""","Race/Ethnicity","Native Hawaiian or Other Pacific Islander",13,"*",13,"*","*","*"
"Manchester School District","=""0770011""","Race/Ethnicity","Two or More Races",58,56.4,57,51.6,25,53.3
"Manchester School District","=""0770011""","Race/Ethnicity","White",881,61.5,873,58.8,361,55.0
"Manchester School District","=""0770011""","Special Education Status (SWD)","Students with Disabilities",495,32.9,488,28.5,217,28.3
"Manchester School District","=""0770011""","Special Education Status (SWD)","Students without Disabilities",2333,57.4,2324,53.4,976,51.3
"Mansfield School District","=""0780011""","All Students","District",620,75.5,618,70.7,220,77.6
"Mansfield School District","=""0780011""","English Language Learners (EL)","English Learners",54,66.4,54,64.6,19,"*"
"Mansfield School District","=""0780011""","English Language Learners (EL)","Not English Learners",566,76.4,564,71.3,201,78.7
"Mansfield School District","=""0780011""","Gender","Female",317,76.7,314,69.2,112,76.4
"Mansfield School District","=""0780011""","Gender","Male",303,74.3,304,72.2,108,78.9
"Mansfield School District","=""0780011""","Grade","03",97,72.4,96,69.5,"N/A","N/A"
"Mansfield School District","=""0780011""","Grade","04",82,77.6,82,74.9,"N/A","N/A"
"Mansfield School District","=""0780011""","Grade","05",97,76.2,97,71.5,97,79.0
"Mansfield School District","=""0780011""","Grade","06",108,78.3,108,68.6,"N/A","N/A"
"Mansfield School District","=""0780011""","Grade","07",114,75.0,113,69.9,"N/A","N/A"
"Mansfield School District","=""0780011""","Grade","08",122,74.2,122,70.7,123,76.5
"Mansfield School District","=""0780011""","High Needs (F/R, EL or SWD)","High Needs",250,63.2,248,57.4,87,65.3
"Mansfield School District","=""0780011""","High Needs (F/R, EL or SWD)","Not High Needs",370,83.9,370,79.5,133,85.7
"Mansfield School District","=""0780011""","Free/Reduced Price Meal Eligibility (2-level)","Eligible For Free Or Reduced Price Meals",179,64.7,177,57.5,65,67.5
"Mansfield School District","=""0780011""","Free/Reduced Price Meal Eligibility (2-level)","Not Eligible For Free Or Reduced Price Meals",441,79.9,441,76.0,155,81.9
"Mansfield School District","=""0780011""","Race/Ethnicity","American Indian or Alaska Native","*","*","*","*","*","*"
"Mansfield School District","=""0780011""","Race/Ethnicity","Asian",63,87.3,63,90.1,20,91.7
"Mansfield School District","=""0780011""","Race/Ethnicity","Black or African American","*","*","*","*","*","*"
"Mansfield School District","=""0780011""","Race/Ethnicity","Hispanic or Latino",102,65.1,102,56.0,34,57.0
"Mansfield School District","=""0780011""","Race/Ethnicity","Two or More Races",27,76.7,27,69.4,9,"*"
"Mansfield School District","=""0780011""","Race/Ethnicity","White",400,76.7,398,71.9,150,80.9
"Mansfield School District","=""0780011""","Special Education Status (SWD)","Students with Disabilities",101,50.5,101,41.8,34,48.2
"Mansfield School District","=""0780011""","Special Education Status (SWD)","Students without Disabilities",519,80.4,517,76.3,186,83.0
"Marlborough School District","=""0790011""","All Students","District",243,75.1,243,75.4,54,76.7
"Marlborough School District","=""0790011""","English Language Learners (EL)","English Learners","*","*","*","*","*","*"
"Marlborough School District","=""0790011""","English Language Learners (EL)","Not English Learners","*","*","*","*","*","*"
"Marlborough School District","=""0790011""","Gender","Female",118,76.3,118,74.3,27,74.3
"Marlborough School District","=""0790011""","Gender","Male",125,74.1,125,76.5,27,79.1
"Marlborough School District","=""0790011""","Grade","03",66,73.9,66,73.0,"N/A","N/A"
"Marlborough School District","=""0790011""","Grade","04",57,76.6,57,77.5,"N/A","N/A"
"Marlborough School District","=""0790011""","Grade","05",54,75.7,54,73.9,54,76.7
"Marlborough School District","=""0790011""","Grade","06",66,74.6,66,77.3,"N/A","N/A"
"Marlborough School District","=""0790011""","High Needs (F/R, EL or SWD)","High Needs",62,66.9,62,67.0,18,"*"
"Marlborough School District","=""0790011""","High Needs (F/R, EL or SWD)","Not High Needs",181,77.9,181,78.3,36,83.5
"Marlborough School District","=""0790011""","Free/Reduced Price Meal Eligibility (2-level)","Eligible For Free Or Reduced Price Meals",36,71.7,36,70.8,7,"*"
"Marlborough School District","=""0790011""","Free/Reduced Price Meal Eligibility (2-level)","Not Eligible For Free Or Reduced Price Meals",207,75.7,207,76.2,47,78.5
"Marlborough School District","=""0790011""","Race/Ethnicity","Asian","*","*","*","*","*","*"
"Marlborough School District","=""0790011""","Race/Ethnicity","Black or African American","*","*","*","*","N/A","N/A"
"Marlborough School District","=""0790011""","Race/Ethnicity","Hispanic or Latino",23,76.4,23,73.8,"*","*"
"Marlborough School District","=""0790011""","Race/Ethnicity","Two or More Races",9,"*",9,"*","*","*"
"Marlborough School District","=""0790011""","Race/Ethnicity","White",202,75.8,202,76.4,44,78.0
"Marlborough School District","=""0790011""","Special Education Status (SWD)","Students with Disabilities",34,59.1,34,58.3,11,"*"
"Marlborough School District","=""0790011""","Special Education Status (SWD)","Students without Disabilities",209,77.7,209,78.2,43,82.4
"Meriden School District","=""0800011""","All Students","District",4280,61.5,4256,55.6,1807,55.2
"Meriden School District","=""0800011""","English Language Learners (EL)","English Learners",877,54.2,870,50.4,346,46.9
"Meriden School District","=""0800011""","English Language Learners (EL)","Not English Learners",3403,63.4,3386,57.0,1461,57.2
"Meriden School District","=""0800011""","Gender","Female",2160,63.8,2153,55.4,911,56.4
"Meriden School District","=""0800011""","Gender","Male","*","*","*","*","*","*"
"Meriden School District","=""0800011""","Gender","Non-Binary","*","*","*","*","*","*"
"Meriden School District","=""0800011""","Grade","03",616,64.1,613,62.6,"N/A","N/A"
"Meriden School District","=""0800011""","Grade","04",599,67.4,597,64.1,"N/A","N/A"
"Meriden School District","=""0800011""","Grade","05",628,66.5,625,64.6,624,63.8
"Meriden School District","=""0800011""","Grade","06",630,65.7,628,54.5,"N/A","N/A"
"Meriden School District","=""0800011""","Grade","07",644,61.9,637,52.9,"N/A","N/A"
"Meriden School District","=""0800011""","Grade","08",659,56.9,652,48.5,655,53.9
"Meriden School District","=""0800011""","Grade","11",504,45.7,504,40.0,528,46.8
"Meriden School District","=""0800011""","High Needs (F/R, EL or SWD)","High Needs",3557,58.9,3534,53.0,1499,52.9
"Meriden School District","=""0800011""","High Needs (F/R, EL or SWD)","Not High Needs",723,74.3,722,68.7,308,66.7
"Meriden School District","=""0800011""","Free/Reduced Price Meal Eligibility (2-level)","Eligible For Free Or Reduced Price Meals",3403,59.2,3380,53.2,1438,53.1
"Meriden School District","=""0800011""","Free/Reduced Price Meal Eligibility (2-level)","Not Eligible For Free Or Reduced Price Meals",877,70.5,876,65.0,369,63.4
"Meriden School District","=""0800011""","Race/Ethnicity","American Indian or Alaska Native","*","*","*","*","*","*"
"Meriden School District","=""0800011""","Race/Ethnicity","Asian",71,72.5,71,68.8,39,73.1
"Meriden School District","=""0800011""","Race/Ethnicity","Black or African American",502,56.8,501,49.5,238,50.1
"Meriden School District","=""0800011""","Race/Ethnicity","Hispanic or Latino",2548,58.8,2532,52.8,1023,52.3
"Meriden School District","=""0800011""","Race/Ethnicity","Native Hawaiian or Other Pacific Islander","*","*","*","*","*","*"
"Meriden School District","=""0800011""","Race/Ethnicity","Two or More Races",196,65.0,195,59.8,82,54.4
"Meriden School District","=""0800011""","Race/Ethnicity","White",958,69.8,952,64.6,422,63.9
"Meriden School District","=""0800011""","Special Education Status (SWD)","Students with Disabilities",805,42.9,791,36.8,337,38.1
"Meriden School District","=""0800011""","Special Education Status (SWD)","Students without Disabilities",3475,65.8,3465,59.9,1470,59.2
"Middletown School District","=""0830011""","All Students","District",2213,60.3,2206,52.8,972,57.6
"Middletown School District","=""0830011""","English Language Learners (EL)","English Learners",151,52.6,150,47.5,53,48.9
"Middletown School District","=""0830011""","English Language Learners (EL)","Not English Learners",2062,60.8,2056,53.2,919,58.1
"Middletown School District","=""0830011""","Gender","Female",1110,62.5,1105,52.4,495,58.4
"Middletown School District","=""0830011""","Gender","Male","*","*","*","*","*","*"
"Middletown School District","=""0830011""","Gender","Non-Binary","*","*","*","*","*","*"
"Middletown School District","=""0830011""","Grade","03",334,65.1,332,56.9,"N/A","N/A"
"Middletown School District","=""0830011""","Grade","04",316,68.5,315,61.8,"N/A","N/A"
"Middletown School District","=""0830011""","Grade","05",369,61.4,369,57.7,371,62.0
"Middletown School District","=""0830011""","Grade","06",310,61.9,309,51.6,"N/A","N/A"
"Middletown School District","=""0830011""","Grade","07",308,60.0,307,48.8,"N/A","N/A"
"Middletown School District","=""0830011""","Grade","08",311,53.2,309,45.5,319,58.3
"Middletown School District","=""0830011""","Grade","11",265,49.6,265,45.1,282,50.9
"Middletown School District","=""0830011""","High Needs (F/R, EL or SWD)","High Needs",1218,52.8,1212,45.5,527,48.6
"Middletown School District","=""0830011""","High Needs (F/R, EL or SWD)","Not High Needs",995,69.4,994,61.8,445,68.2
"Middletown School District","=""0830011""","Free/Reduced Price Meal Eligibility (2-level)","Eligible For Free Or Reduced Price Meals",1062,53.4,1056,45.6,469,48.9
"Middletown School District","=""0830011""","Free/Reduced Price Meal Eligibility (2-level)","Not Eligible For Free Or Reduced Price Meals",1151,66.6,1150,59.5,503,65.7
"Middletown School District","=""0830011""","Race/Ethnicity","American Indian or Alaska Native",8,"*",8,"*","*","*"
"Middletown School District","=""0830011""","Race/Ethnicity","Asian",102,70.8,102,66.3,40,69.4
"Middletown School District","=""0830011""","Race/Ethnicity","Black or African American",446,51.0,444,42.8,197,44.4
"Middletown School District","=""0830011""","Race/Ethnicity","Hispanic or Latino",414,55.6,412,47.4,193,52.7
"Middletown School District","=""0830011""","Race/Ethnicity","Native Hawaiian or Other Pacific Islander",8,"*",8,"*","*","*"
"Middletown School District","=""0830011""","Race/Ethnicity","Two or More Races",245,60.3,244,52.7,95,61.5
"Middletown School District","=""0830011""","Race/Ethnicity","White",990,65.4,988,58.4,438,63.7
"Middletown School District","=""0830011""","Special Education Status (SWD)","Students with Disabilities",319,39.6,318,33.8,140,34.6
"Middletown School District","=""0830011""","Special Education Status (SWD)","Students without Disabilities",1894,63.7,1888,56.1,832,61.5
"Milford School District","=""0840011""","All Students","District",2672,66.6,2671,63.0,1199,62.8
"Milford School District","=""0840011""","English Language Learners (EL)","English Learners",131,63.6,131,64.0,41,63.1
"Milford School District","=""0840011""","English Language Learners (EL)","Not English Learners",2541,66.7,2540,63.0,1158,62.8
"Milford School District","=""0840011""","Gender","Female","*","*","*","*","*","*"
"Milford School District","=""0840011""","Gender","Male",1366,64.8,1365,64.1,631,63.3
"Milford School District","=""0840011""","Gender","Non-Binary","*","*","*","*","*","*"
"Milford School District","=""0840011""","Grade","03",361,65.6,362,60.9,"N/A","N/A"
"Milford School District","=""0840011""","Grade","04",345,69.7,344,65.4,"N/A","N/A"
"Milford School District","=""0840011""","Grade","05",395,69.2,395,66.5,395,67.3
"Milford School District","=""0840011""","Grade","06",361,69.7,361,66.0,"N/A","N/A"
"Milford School District","=""0840011""","Grade","07",404,69.8,403,65.9,"N/A","N/A"
"Milford School District","=""0840011""","Grade","08",416,65.7,416,63.1,415,64.0
"Milford School District","=""0840011""","Grade","11",390,56.7,390,53.6,389,56.8
"Milford School District","=""0840011""","High Needs (F/R, EL or SWD)","High Needs",1004,58.1,1002,53.7,409,52.7
"Milford School District","=""0840011""","High Needs (F/R, EL or SWD)","Not High Needs",1668,71.7,1669,68.7,790,68.0
"Milford School District","=""0840011""","Free/Reduced Price Meal Eligibility (2-level)","Eligible For Free Or Reduced Price Meals",651,60.4,650,55.6,261,54.1
"Milford School District","=""0840011""","Free/Reduced Price Meal Eligibility (2-level)","Not Eligible For Free Or Reduced Price Meals",2021,68.6,2021,65.4,938,65.2
"Milford School District","=""0840011""","Race/Ethnicity","American Indian or Alaska Native","*","*","*","*","*","*"
"Milford School District","=""0840011""","Race/Ethnicity","Asian",254,72.2,254,73.8,118,71.2
"Milford School District","=""0840011""","Race/Ethnicity","Black or African American",120,57.5,120,53.1,45,48.4
"Milford School District","=""0840011""","Race/Ethnicity","Hispanic or Latino",419,60.4,419,54.8,158,53.4
"Milford School District","=""0840011""","Race/Ethnicity","Native Hawaiian or Other Pacific Islander","*","*","*","*","*","*"
"Milford School District","=""0840011""","Race/Ethnicity","Two or More Races",114,71.1,114,66.7,33,63.9
"Milford School District","=""0840011""","Race/Ethnicity","White",1758,67.6,1757,63.9,842,64.1
"Milford School District","=""0840011""","Special Education Status (SWD)","Students with Disabilities",432,48.6,430,43.0,188,43.3
"Milford School District","=""0840011""","Special Education Status (SWD)","Students without Disabilities",2240,70.0,2241,66.9,1011,66.4
"Monroe School District","=""0850011""","All Students","District",1720,75.9,1715,70.8,751,71.2
"Monroe School District","=""0850011""","English Language Learners (EL)","English Learners",54,68.2,54,64.5,16,"*"
"Monroe School District","=""0850011""","English Language Learners (EL)","Not English Learners",1666,76.2,1661,71.0,735,71.2
"Monroe School District","=""0850011""","Gender","Female",851,77.6,849,69.4,365,71.4
"Monroe School District","=""0850011""","Gender","Male",869,74.3,866,72.2,386,71.0
"Monroe School District","=""0850011""","Grade","03",239,77.6,239,74.5,"N/A","N/A"
"Monroe School District","=""0850011""","Grade","04",253,80.9,253,75.3,"N/A","N/A"
"Monroe School District","=""0850011""","Grade","05",239,78.9,239,74.7,240,81.0
"Monroe School District","=""0850011""","Grade","06",245,78.5,245,69.2,"N/A","N/A"
"Monroe School District","=""0850011""","Grade","07",243,76.5,239,69.8,"N/A","N/A"
"Monroe School District","=""0850011""","Grade","08",265,75.3,264,68.9,266,74.7
"Monroe School District","=""0850011""","Grade","11",236,63.4,236,62.8,245,57.7
"Monroe School District","=""0850011""","High Needs (F/R, EL or SWD)","High Needs",470,64.9,466,59.0,185,62.6
"Monroe School District","=""0850011""","High Needs (F/R, EL or SWD)","Not High Needs",1250,80.1,1249,75.2,566,74.0
"Monroe School District","=""0850011""","Free/Reduced Price Meal Eligibility (2-level)","Eligible For Free Or Reduced Price Meals",239,71.5,237,63.6,83,68.0
"Monroe School District","=""0850011""","Free/Reduced Price Meal Eligibility (2-level)","Not Eligible For Free Or Reduced Price Meals",1481,76.6,1478,71.9,668,71.6
"Monroe School District","=""0850011""","Race/Ethnicity","American Indian or Alaska Native","*","*","*","*","N/A","N/A"
"Monroe School District","=""0850011""","Race/Ethnicity","Asian",102,87.3,102,82.8,50,83.2
"Monroe School District","=""0850011""","Race/Ethnicity","Black or African American",54,68.0,54,60.9,25,64.0
"Monroe School District","=""0850011""","Race/Ethnicity","Hispanic or Latino",254,74.6,254,67.9,95,70.1
"Monroe School District","=""0850011""","Race/Ethnicity","Native Hawaiian or Other Pacific Islander","*","*","*","*","N/A","N/A"
"Monroe School District","=""0850011""","Race/Ethnicity","Two or More Races",78,77.9,77,74.6,32,76.4
"Monroe School District","=""0850011""","Race/Ethnicity","White",1228,75.5,1224,70.6,549,70.3
"Monroe School District","=""0850011""","Special Education Status (SWD)","Students with Disabilities",266,55.3,262,50.4,113,56.5
"Monroe School District","=""0850011""","Special Education Status (SWD)","Students without Disabilities",1454,79.7,1453,74.4,638,73.8
"Montville School District","=""0860011""","All Students","District",1034,65.6,1036,61.2,406,64.3
"Montville School District","=""0860011""","English Language Learners (EL)","English Learners",87,62.1,87,64.6,28,53.4
"Montville School District","=""0860011""","English Language Learners (EL)","Not English Learners",947,65.9,949,60.9,378,65.2
"Montville School District","=""0860011""","Gender","Female","*","*","*","*","*","*"
"Montville School District","=""0860011""","Gender","Male",548,63.3,548,61.2,214,64.6
"Montville School District","=""0860011""","Gender","Non-Binary","*","*","*","*","*","*"
"Montville School District","=""0860011""","Grade","03",137,68.6,137,69.2,"N/A","N/A"
"Montville School District","=""0860011""","Grade","04",142,71.8,142,67.4,"N/A","N/A"
"Montville School District","=""0860011""","Grade","05",147,67.4,148,69.2,147,65.5
"Montville School District","=""0860011""","Grade","06",197,66.1,197,59.1,"N/A","N/A"
"Montville School District","=""0860011""","Grade","07",152,62.5,153,53.9,"N/A","N/A"
"Montville School District","=""0860011""","Grade","08",149,64.6,149,57.0,148,67.9
"Montville School District","=""0860011""","Grade","11",110,55.9,110,51.8,111,58.1
"Montville School District","=""0860011""","High Needs (F/R, EL or SWD)","High Needs",553,59.0,555,54.9,203,56.4
"Montville School District","=""0860011""","High Needs (F/R, EL or SWD)","Not High Needs",481,73.0,481,68.4,203,72.3
"Montville School District","=""0860011""","Free/Reduced Price Meal Eligibility (2-level)","Eligible For Free Or Reduced Price Meals",443,61.1,445,56.5,167,58.1
"Montville School District","=""0860011""","Free/Reduced Price Meal Eligibility (2-level)","Not Eligible For Free Or Reduced Price Meals",591,68.9,591,64.7,239,68.7
"Montville School District","=""0860011""","Race/Ethnicity","American Indian or Alaska Native",10,"*",10,"*",7,"*"
"Montville School District","=""0860011""","Race/Ethnicity","Asian",69,71.8,69,77.9,30,71.2
"Montville School District","=""0860011""","Race/Ethnicity","Black or African American",40,60.5,40,53.6,14,"*"
"Montville School District","=""0860011""","Race/Ethnicity","Hispanic or Latino",166,60.5,166,55.6,60,61.8
"Montville School District","=""0860011""","Race/Ethnicity","Two or More Races",130,63.8,131,56.7,52,62.3
"Montville School District","=""0860011""","Race/Ethnicity","White",619,67.1,620,62.5,243,65.5
"Montville School District","=""0860011""","Special Education Status (SWD)","Students with Disabilities",210,46.7,212,41.1,73,42.6
"Montville School District","=""0860011""","Special Education Status (SWD)","Students without Disabilities",824,70.4,824,66.3,333,69.1
"Naugatuck School District","=""0880011""","All Students","District",2073,60.0,2069,54.1,910,55.5
"Naugatuck School District","=""0880011""","English Language Learners (EL)","English Learners",242,52.1,241,47.1,79,48.0
"Naugatuck School District","=""0880011""","English Language Learners (EL)","Not English Learners",1831,61.0,1828,55.0,831,56.3
"Naugatuck School District","=""0880011""","Gender","Female","*","*","*","*","*","*"
"Naugatuck School District","=""0880011""","Gender","Male",1079,57.7,1077,54.4,468,54.7
"Naugatuck School District","=""0880011""","Gender","Non-Binary","*","*","*","*","*","*"
"Naugatuck School District","=""0880011""","Grade","03",288,62.5,288,56.6,"N/A","N/A"
"Naugatuck School District","=""0880011""","Grade","04",301,65.1,301,60.3,"N/A","N/A"
"Naugatuck School District","=""0880011""","Grade","05",308,61.5,307,58.1,310,61.3
"Naugatuck School District","=""0880011""","Grade","06",319,63.0,320,55.3,"N/A","N/A"
"Naugatuck School District","=""0880011""","Grade","07",287,63.7,286,55.9,"N/A","N/A"
"Naugatuck School District","=""0880011""","Grade","08",304,55.9,301,49.2,300,56.0
"Naugatuck School District","=""0880011""","Grade","11",266,46.8,266,42.0,300,49.1
"Naugatuck School District","=""0880011""","High Needs (F/R, EL or SWD)","High Needs",1375,55.7,1371,49.0,587,50.2
"Naugatuck School District","=""0880011""","High Needs (F/R, EL or SWD)","Not High Needs",698,68.5,698,64.2,323,65.2
"Naugatuck School District","=""0880011""","Free/Reduced Price Meal Eligibility (2-level)","Eligible For Free Or Reduced Price Meals",1208,56.4,1205,49.5,511,51.1
"Naugatuck School District","=""0880011""","Free/Reduced Price Meal Eligibility (2-level)","Not Eligible For Free Or Reduced Price Meals",865,65.1,864,60.6,399,61.2
"Naugatuck School District","=""0880011""","Race/Ethnicity","American Indian or Alaska Native",6,"*",6,"*","*","*"
"Naugatuck School District","=""0880011""","Race/Ethnicity","Asian",48,65.6,48,65.3,"*","*"
"Naugatuck School District","=""0880011""","Race/Ethnicity","Black or African American",241,54.4,240,48.4,116,46.5
"Naugatuck School District","=""0880011""","Race/Ethnicity","Hispanic or Latino",735,56.8,733,50.6,286,51.4
"Naugatuck School District","=""0880011""","Race/Ethnicity","Two or More Races",112,57.6,113,49.6,52,56.7
"Naugatuck School District","=""0880011""","Race/Ethnicity","White",931,64.1,929,58.5,429,60.2
"Naugatuck School District","=""0880011""","Special Education Status (SWD)","Students with Disabilities",383,43.6,382,36.8,175,39.3
"Naugatuck School District","=""0880011""","Special Education Status (SWD)","Students without Disabilities",1690,63.7,1687,58.0,735,59.4
"New Britain School District","=""0890011""","All Students","District",4669,46.4,4624,39.9,1838,43.1
"New Britain School District","=""0890011""","English Language Learners (EL)","English Learners",966,40.0,961,35.2,389,37.0
"New Britain School District","=""0890011""","English Language Learners (EL)","Not English Learners",3703,48.1,3663,41.2,1449,44.8
"New Britain School District","=""0890011""","Gender","Female","*","*","*","*",924,43.0
"New Britain School District","=""0890011""","Gender","Male",2382,44.7,2361,40.3,"*","*"
"New Britain School District","=""0890011""","Gender","Non-Binary","*","*","*","*","*","*"
"New Britain School District","=""0890011""","Grade","03",678,49.3,673,42.6,"N/A","N/A"
"New Britain School District","=""0890011""","Grade","04",720,52.3,715,46.8,"N/A","N/A"
"New Britain School District","=""0890011""","Grade","05",710,47.4,701,44.0,699,46.5
"New Britain School District","=""0890011""","Grade","06",644,49.0,634,38.0,"N/A","N/A"
"New Britain School District","=""0890011""","Grade","07",710,42.9,701,35.1,"N/A","N/A"
"New Britain School District","=""0890011""","Grade","08",702,42.1,695,34.5,692,40.8
"New Britain School District","=""0890011""","Grade","11",505,40.5,505,37.7,447,41.5
"New Britain School District","=""0890011""","High Needs (F/R, EL or SWD)","High Needs",3937,44.6,3896,38.2,1514,41.2
"New Britain School District","=""0890011""","High Needs (F/R, EL or SWD)","Not High Needs",732,56.3,728,49.5,324,52.0
"New Britain School District","=""0890011""","Free/Reduced Price Meal Eligibility (2-level)","Eligible For Free Or Reduced Price Meals",3644,44.9,3605,38.3,1373,41.4
"New Britain School District","=""0890011""","Free/Reduced Price Meal Eligibility (2-level)","Not Eligible For Free Or Reduced Price Meals",1025,51.9,1019,45.7,465,48.1
"New Britain School District","=""0890011""","Race/Ethnicity","American Indian or Alaska Native","*","*","*","*","*","*"
"New Britain School District","=""0890011""","Race/Ethnicity","Asian",78,54.6,78,50.2,38,48.5
"New Britain School District","=""0890011""","Race/Ethnicity","Black or African American",515,49.5,513,41.2,203,44.7
"New Britain School District","=""0890011""","Race/Ethnicity","Hispanic or Latino",3201,44.1,3166,37.3,1241,40.9
"New Britain School District","=""0890011""","Race/Ethnicity","Native Hawaiian or Other Pacific Islander","*","*","*","*","*","*"
"New Britain School District","=""0890011""","Race/Ethnicity","Two or More Races",211,48.4,208,43.1,74,42.8
"New Britain School District","=""0890011""","Race/Ethnicity","White",657,53.8,652,49.5,278,51.2
"New Britain School District","=""0890011""","Special Education Status (SWD)","Students with Disabilities",999,35.0,978,28.8,382,34.7
"New Britain School District","=""0890011""","Special Education Status (SWD)","Students without Disabilities",3670,49.5,3646,42.9,1456,45.3
"New Canaan School District","=""0900011""","All Students","District",2216,83.2,2214,82.8,943,84.3
"New Canaan School District","=""0900011""","English Language Learners (EL)","English Learners",48,76.9,48,76.2,17,"*"
"New Canaan School District","=""0900011""","English Language Learners (EL)","Not English Learners",2168,83.4,2166,83.0,926,84.6
"New Canaan School District","=""0900011""","Gender","Female","*","*","*","*","*","*"
"New Canaan School District","=""0900011""","Gender","Male",1116,80.9,1114,83.7,473,84.5
"New Canaan School District","=""0900011""","Gender","Non-Binary","*","*","*","*","*","*"
"New Canaan School District","=""0900011""","Grade","03",333,81.9,333,82.0,"N/A","N/A"
"New Canaan School District","=""0900011""","Grade","04",284,89.9,284,89.2,"N/A","N/A"
"New Canaan School District","=""0900011""","Grade","05",305,87.0,305,85.4,305,88.8
"New Canaan School District","=""0900011""","Grade","06",341,83.1,341,82.1,"N/A","N/A"
"New Canaan School District","=""0900011""","Grade","07",321,85.9,320,82.6,"N/A","N/A"
"New Canaan School District","=""0900011""","Grade","08",327,82.6,326,84.0,326,82.3
"New Canaan School District","=""0900011""","Grade","11",305,72.6,305,75.0,312,82.1
"New Canaan School District","=""0900011""","High Needs (F/R, EL or SWD)","High Needs",389,64.6,387,62.3,161,65.2
"New Canaan School District","=""0900011""","High Needs (F/R, EL or SWD)","Not High Needs",1827,87.2,1827,87.2,782,88.3
"New Canaan School District","=""0900011""","Free/Reduced Price Meal Eligibility (2-level)","Eligible For Free Or Reduced Price Meals",59,64.0,58,62.8,26,67.0
"New Canaan School District","=""0900011""","Free/Reduced Price Meal Eligibility (2-level)","Not Eligible For Free Or Reduced Price Meals",2157,83.7,2156,83.4,917,84.8
"New Canaan School District","=""0900011""","Race/Ethnicity","American Indian or Alaska Native","*","*","*","*","*","*"
"New Canaan School District","=""0900011""","Race/Ethnicity","Asian",155,90.5,155,94.4,59,91.5
"New Canaan School District","=""0900011""","Race/Ethnicity","Black or African American",34,66.5,33,65.9,14,"*"
"New Canaan School District","=""0900011""","Race/Ethnicity","Hispanic or Latino",132,76.3,132,75.3,65,75.1
"New Canaan School District","=""0900011""","Race/Ethnicity","Native Hawaiian or Other Pacific Islander","*","*","*","*","*","*"
"New Canaan School District","=""0900011""","Race/Ethnicity","Two or More Races",117,88.1,117,89.6,48,92.8
"New Canaan School District","=""0900011""","Race/Ethnicity","White",1770,83.1,1769,82.3,754,84.4
"New Canaan School District","=""0900011""","Special Education Status (SWD)","Students with Disabilities",306,61.9,304,58.8,126,62.8
"New Canaan School District","=""0900011""","Special Education Status (SWD)","Students without Disabilities",1910,86.6,1910,86.6,817,87.6
"New Fairfield School District","=""0910011""","All Students","District",1115,71.2,1110,70.8,497,69.0
"New Fairfield School District","=""0910011""","English Language Learners (EL)","English Learners",81,65.3,81,67.0,30,62.2
"New Fairfield School District","=""0910011""","English Language Learners (EL)","Not English Learners",1034,71.7,1029,71.1,467,69.5
"New Fairfield School District","=""0910011""","Gender","Female",556,72.8,555,69.1,244,68.9
"New Fairfield School District","=""0910011""","Gender","Male",559,69.7,555,72.6,253,69.2
"New Fairfield School District","=""0910011""","Grade","03",155,72.2,154,73.3,"N/A","N/A"
"New Fairfield School District","=""0910011""","Grade","04",133,75.2,132,77.4,"N/A","N/A"
"New Fairfield School District","=""0910011""","Grade","05",167,74.8,165,74.9,165,73.6
"New Fairfield School District","=""0910011""","Grade","06",155,75.6,155,74.3,"N/A","N/A"
"New Fairfield School District","=""0910011""","Grade","07",173,69.0,172,68.5,"N/A","N/A"
"New Fairfield School District","=""0910011""","Grade","08",157,73.9,157,70.2,156,71.0
"New Fairfield School District","=""0910011""","Grade","11",175,59.9,175,59.6,176,63.0
"New Fairfield School District","=""0910011""","High Needs (F/R, EL or SWD)","High Needs",389,60.4,387,60.3,176,59.3
"New Fairfield School District","=""0910011""","High Needs (F/R, EL or SWD)","Not High Needs",726,77.1,723,76.5,321,74.3
"New Fairfield School District","=""0910011""","Free/Reduced Price Meal Eligibility (2-level)","Eligible For Free Or Reduced Price Meals",208,63.8,207,63.7,96,63.3
"New Fairfield School District","=""0910011""","Free/Reduced Price Meal Eligibility (2-level)","Not Eligible For Free Or Reduced Price Meals",907,72.9,903,72.5,401,70.4
"New Fairfield School District","=""0910011""","Race/Ethnicity","American Indian or Alaska Native","*","*","*","*","N/A","N/A"
"New Fairfield School District","=""0910011""","Race/Ethnicity","Asian",12,"*",12,"*","*","*"
"New Fairfield School District","=""0910011""","Race/Ethnicity","Black or African American",29,58.8,29,52.3,14,"*"
"New Fairfield School District","=""0910011""","Race/Ethnicity","Hispanic or Latino",199,69.2,199,69.2,87,64.2
"New Fairfield School District","=""0910011""","Race/Ethnicity","Native Hawaiian or Other Pacific Islander","*","*","*","*","N/A","N/A"
"New Fairfield School District","=""0910011""","Race/Ethnicity","Two or More Races",34,70.5,34,69.1,"*","*"
"New Fairfield School District","=""0910011""","Race/Ethnicity","White",837,72.3,832,71.9,379,70.7
"New Fairfield School District","=""0910011""","Special Education Status (SWD)","Students with Disabilities",205,50.4,203,49.4,91,50.7
"New Fairfield School District","=""0910011""","Special Education Status (SWD)","Students without Disabilities",910,75.9,907,75.6,406,73.1
"New Hartford School District","=""0920011""","All Students","District",240,71.9,239,66.1,73,73.4
"New Hartford School District","=""0920011""","English Language Learners (EL)","English Learners",6,"*",6,"*","*","*"
"New Hartford School District","=""0920011""","English Language Learners (EL)","Not English Learners",234,72.3,233,66.3,"*","*"
"New Hartford School District","=""0920011""","Gender","Female",117,73.2,116,66.6,40,73.6
"New Hartford School District","=""0920011""","Gender","Male",123,70.7,123,65.6,33,73.2
"New Hartford School District","=""0920011""","Grade","03",58,71.6,58,66.6,"N/A","N/A"
"New Hartford School District","=""0920011""","Grade","04",59,73.3,58,61.5,"N/A","N/A"
"New Hartford School District","=""0920011""","Grade","05",73,71.4,73,70.1,73,73.4
"New Hartford School District","=""0920011""","Grade","06",50,71.4,50,64.9,"N/A","N/A"
"New Hartford School District","=""0920011""","High Needs (F/R, EL or SWD)","High Needs",91,64.1,90,58.2,22,60.6
"New Hartford School District","=""0920011""","High Needs (F/R, EL or SWD)","Not High Needs",149,76.7,149,70.8,51,79.0
"New Hartford School District","=""0920011""","Free/Reduced Price Meal Eligibility (2-level)","Eligible For Free Or Reduced Price Meals",56,63.5,55,57.4,15,"*"
"New Hartford School District","=""0920011""","Free/Reduced Price Meal Eligibility (2-level)","Not Eligible For Free Or Reduced Price Meals",184,74.5,184,68.7,58,76.9
"New Hartford School District","=""0920011""","Race/Ethnicity","Asian","*","*","*","*","*","*"
"New Hartford School District","=""0920011""","Race/Ethnicity","Hispanic or Latino",23,64.7,23,57.3,8,"*"
"New Hartford School District","=""0920011""","Race/Ethnicity","Two or More Races","*","*","*","*","*","*"
"New Hartford School District","=""0920011""","Race/Ethnicity","White",211,73.0,210,67.2,62,75.8
"New Hartford School District","=""0920011""","Special Education Status (SWD)","Students with Disabilities",52,58.7,52,53.3,9,"*"
"New Hartford School District","=""0920011""","Special Education Status (SWD)","Students without Disabilities",188,75.6,187,69.6,64,76.1
"New Haven School District","=""0930011""","All Students","District",8921,50.8,8859,43.0,3669,46.6
"New Haven School District","=""0930011""","English Language Learners (EL)","English Learners",2407,45.6,2396,40.5,899,42.0
"New Haven School District","=""0930011""","English Language Learners (EL)","Not English Learners",6514,52.7,6463,43.9,2770,48.0
"New Haven School District","=""0930011""","Gender","Female","*","*","*","*","*","*"
"New Haven School District","=""0930011""","Gender","Male",4509,49.6,4479,44.2,1843,46.9
"New Haven School District","=""0930011""","Gender","Non-Binary","*","*","*","*","*","*"
"New Haven School District","=""0930011""","Grade","03",1265,50.5,1255,44.3,"N/A","N/A"
"New Haven School District","=""0930011""","Grade","04",1275,54.6,1273,48.1,"N/A","N/A"
"New Haven School District","=""0930011""","Grade","05",1250,50.9,1245,46.5,1240,49.2
"New Haven School District","=""0930011""","Grade","06",1346,54.9,1331,42.7,"N/A","N/A"
"New Haven School District","=""0930011""","Grade","07",1345,51.6,1338,41.6,"N/A","N/A"
"New Haven School District","=""0930011""","Grade","08",1372,48.6,1349,38.1,1355,46.3
"New Haven School District","=""0930011""","Grade","11",1068,43.1,1068,39.5,1074,43.9
"New Haven School District","=""0930011""","High Needs (F/R, EL or SWD)","High Needs",7481,47.8,7420,40.0,3032,43.5
"New Haven School District","=""0930011""","High Needs (F/R, EL or SWD)","Not High Needs",1440,66.3,1439,58.1,637,61.3
"New Haven School District","=""0930011""","Free/Reduced Price Meal Eligibility (2-level)","Eligible For Free Or Reduced Price Meals",6940,48.0,6880,39.9,2815,43.6
"New Haven School District","=""0930011""","Free/Reduced Price Meal Eligibility (2-level)","Not Eligible For Free Or Reduced Price Meals",1981,60.4,1979,53.8,854,56.3
"New Haven School District","=""0930011""","Race/Ethnicity","American Indian or Alaska Native","*","*","*","*","*","*"
"New Haven School District","=""0930011""","Race/Ethnicity","Asian",263,55.9,263,53.4,95,52.8
"New Haven School District","=""0930011""","Race/Ethnicity","Black or African American",2966,48.4,2937,39.2,1268,42.7
"New Haven School District","=""0930011""","Race/Ethnicity","Hispanic or Latino",4488,48.7,4459,41.6,1809,45.3
"New Haven School District","=""0930011""","Race/Ethnicity","Native Hawaiian or Other Pacific Islander","*","*","*","*","*","*"
"New Haven School District","=""0930011""","Race/Ethnicity","Two or More Races",286,56.8,284,48.6,90,52.7
"New Haven School District","=""0930011""","Race/Ethnicity","White",896,65.7,894,57.5,396,61.7
"New Haven School District","=""0930011""","Special Education Status (SWD)","Students with Disabilities",1379,37.6,1350,31.0,581,35.3
"New Haven School District","=""0930011""","Special Education Status (SWD)","Students without Disabilities",7542,53.2,7509,45.1,3088,48.7
"Newington School District","=""0940011""","All Students","District",1990,65.2,1981,61.7,854,64.3
"Newington School District","=""0940011""","English Language Learners (EL)","English Learners",260,58.3,258,58.6,89,55.7
"Newington School District","=""0940011""","English Language Learners (EL)","Not English Learners",1730,66.2,1723,62.2,765,65.3
"Newington School District","=""0940011""","Gender","Female",1019,66.6,1014,60.0,429,64.4
"Newington School District","=""0940011""","Gender","Male",971,63.7,967,63.5,425,64.3
"Newington School District","=""0940011""","Grade","03",277,68.5,277,64.1,"N/A","N/A"
"Newington School District","=""0940011""","Grade","04",294,71.2,294,66.8,"N/A","N/A"
"Newington School District","=""0940011""","Grade","05",241,66.2,241,63.0,240,65.2
"Newington School District","=""0940011""","Grade","06",284,66.1,281,62.4,"N/A","N/A"
"Newington School District","=""0940011""","Grade","07",278,62.7,278,58.7,"N/A","N/A"
"Newington School District","=""0940011""","Grade","08",310,66.5,304,60.7,310,63.9
"Newington School District","=""0940011""","Grade","11",306,55.8,306,56.6,304,64.0
"Newington School District","=""0940011""","High Needs (F/R, EL or SWD)","High Needs",904,57.6,896,54.0,358,57.0
"Newington School District","=""0940011""","High Needs (F/R, EL or SWD)","Not High Needs",1086,71.5,1085,68.1,496,69.6
"Newington School District","=""0940011""","Free/Reduced Price Meal Eligibility (2-level)","Eligible For Free Or Reduced Price Meals",651,58.2,643,54.2,270,58.0
"Newington School District","=""0940011""","Free/Reduced Price Meal Eligibility (2-level)","Not Eligible For Free Or Reduced Price Meals",1339,68.6,1338,65.3,584,67.2
"Newington School District","=""0940011""","Race/Ethnicity","American Indian or Alaska Native","*","*","*","*","N/A","N/A"
"Newington School District","=""0940011""","Race/Ethnicity","Asian",200,71.5,199,71.1,76,71.8
"Newington School District","=""0940011""","Race/Ethnicity","Black or African American",111,57.9,111,52.1,"*","*"
"Newington School District","=""0940011""","Race/Ethnicity","Hispanic or Latino",517,58.2,512,53.5,217,55.7
"Newington School District","=""0940011""","Race/Ethnicity","Native Hawaiian or Other Pacific Islander","*","*","*","*","*","*"
"Newington School District","=""0940011""","Race/Ethnicity","Two or More Races",100,67.3,97,61.9,43,66.8
"Newington School District","=""0940011""","Race/Ethnicity","White",1060,67.9,1060,64.9,476,67.7
"Newington School District","=""0940011""","Special Education Status (SWD)","Students with Disabilities",295,46.4,292,41.3,109,42.9
"Newington School District","=""0940011""","Special Education Status (SWD)","Students without Disabilities",1695,68.5,1689,65.2,745,67.5
"New London School District","=""0950011""","All Students","District",1377,49.1,1373,42.2,566,48.1
"New London School District","=""0950011""","English Language Learners (EL)","English Learners",417,40.5,416,35.3,160,39.0
"New London School District","=""0950011""","English Language Learners (EL)","Not English Learners",960,52.9,957,45.1,406,51.6
"New London School District","=""0950011""","Gender","Female","*","*","*","*","*","*"
"New London School District","=""0950011""","Gender","Male",715,47.1,714,42.2,311,47.6
"New London School District","=""0950011""","Gender","Non-Binary","*","*","*","*","*","*"
"New London School District","=""0950011""","Grade","03",250,54.4,250,46.7,"N/A","N/A"
"New London School District","=""0950011""","Grade","04",233,53.5,233,47.3,"N/A","N/A"
"New London School District","=""0950011""","Grade","05",237,52.3,236,47.6,237,54.7
"New London School District","=""0950011""","Grade","06",155,51.5,153,38.7,"N/A","N/A"
"New London School District","=""0950011""","Grade","07",162,42.4,162,36.3,"N/A","N/A"
"New London School District","=""0950011""","Grade","08",170,45.1,169,33.8,173,47.5
"New London School District","=""0950011""","Grade","11",170,39.3,170,38.0,156,38.6
"New London School District","=""0950011""","High Needs (F/R, EL or SWD)","High Needs",1259,47.1,1256,40.3,524,46.3
"New London School District","=""0950011""","High Needs (F/R, EL or SWD)","Not High Needs",118,70.3,117,61.5,42,69.7
"New London School District","=""0950011""","Free/Reduced Price Meal Eligibility (2-level)","Eligible For Free Or Reduced Price Meals",1228,47.1,1225,40.3,508,46.5
"New London School District","=""0950011""","Free/Reduced Price Meal Eligibility (2-level)","Not Eligible For Free Or Reduced Price Meals",149,65.9,148,57.2,58,62.2
"New London School District","=""0950011""","Race/Ethnicity","American Indian or Alaska Native","*","*","*","*","N/A","N/A"
"New London School District","=""0950011""","Race/Ethnicity","Asian",19,"*",19,"*",6,"*"
"New London School District","=""0950011""","Race/Ethnicity","Black or African American",234,47.8,234,39.8,105,44.7
"New London School District","=""0950011""","Race/Ethnicity","Hispanic or Latino",751,44.6,749,38.3,303,43.9
"New London School District","=""0950011""","Race/Ethnicity","Native Hawaiian or Other Pacific Islander","*","*","*","*","N/A","N/A"
"New London School District","=""0950011""","Race/Ethnicity","Two or More Races",184,52.8,184,45.1,78,51.4
"New London School District","=""0950011""","Race/Ethnicity","White",182,63.6,180,56.4,74,65.8
"New London School District","=""0950011""","Special Education Status (SWD)","Students with Disabilities",265,36.3,266,28.5,111,33.7
"New London School District","=""0950011""","Special Education Status (SWD)","Students without Disabilities",1112,52.2,1107,45.4,455,51.6
"New Milford School District","=""0960011""","All Students","District",1766,61.0,1756,56.8,771,60.5
"New Milford School District","=""0960011""","English Language Learners (EL)","English Learners",148,47.9,147,46.1,55,50.6
"New Milford School District","=""0960011""","English Language Learners (EL)","Not English Learners",1618,62.2,1609,57.8,716,61.3
"New Milford School District","=""0960011""","Gender","Female","*","*","*","*","*","*"
"New Milford School District","=""0960011""","Gender","Male",909,58.5,904,57.1,409,59.4
"New Milford School District","=""0960011""","Gender","Non-Binary","*","*","*","*","*","*"
"New Milford School District","=""0960011""","Grade","03",245,59.1,243,53.1,"N/A","N/A"
"New Milford School District","=""0960011""","Grade","04",245,66.0,245,59.7,"N/A","N/A"
"New Milford School District","=""0960011""","Grade","05",233,65.0,233,61.9,231,63.3
"New Milford School District","=""0960011""","Grade","06",261,66.1,258,60.7,"N/A","N/A"
"New Milford School District","=""0960011""","Grade","07",230,56.2,228,54.6,"N/A","N/A"
"New Milford School District","=""0960011""","Grade","08",269,58.8,266,54.4,254,63.5
"New Milford School District","=""0960011""","Grade","11",283,56.4,283,54.0,286,55.6
"New Milford School District","=""0960011""","High Needs (F/R, EL or SWD)","High Needs",827,53.7,820,49.4,340,53.0
"New Milford School District","=""0960011""","High Needs (F/R, EL or SWD)","Not High Needs",939,67.5,936,63.3,431,66.4
"New Milford School District","=""0960011""","Free/Reduced Price Meal Eligibility (2-level)","Eligible For Free Or Reduced Price Meals",604,55.1,599,51.6,255,54.0
"New Milford School District","=""0960011""","Free/Reduced Price Meal Eligibility (2-level)","Not Eligible For Free Or Reduced Price Meals",1162,64.1,1157,59.5,516,63.7
"New Milford School District","=""0960011""","Race/Ethnicity","American Indian or Alaska Native","*","*","*","*","*","*"
"New Milford School District","=""0960011""","Race/Ethnicity","Asian",57,74.3,57,73.4,34,73.6
"New Milford School District","=""0960011""","Race/Ethnicity","Black or African American",69,59.3,68,53.5,30,57.4
"New Milford School District","=""0960011""","Race/Ethnicity","Hispanic or Latino",393,53.9,390,50.2,155,52.7
"New Milford School District","=""0960011""","Race/Ethnicity","Native Hawaiian or Other Pacific Islander","*","*","*","*","*","*"
"New Milford School District","=""0960011""","Race/Ethnicity","Two or More Races",41,62.0,41,56.1,20,57.8
"New Milford School District","=""0960011""","Race/Ethnicity","White",1200,62.8,1194,58.5,530,62.4
"New Milford School District","=""0960011""","Special Education Status (SWD)","Students with Disabilities",310,46.9,305,39.8,111,46.4
"New Milford School District","=""0960011""","Special Education Status (SWD)","Students without Disabilities",1456,64.0,1451,60.4,660,62.9
"Newtown School District","=""0970011""","All Students","District",2050,73.7,2047,72.3,897,72.7
"Newtown School District","=""0970011""","English Language Learners (EL)","English Learners",51,55.9,51,58.5,18,"*"
"Newtown School District","=""0970011""","English Language Learners (EL)","Not English Learners",1999,74.2,1996,72.7,879,73.2
"Newtown School District","=""0970011""","Gender","Female",994,75.6,993,71.1,441,70.9
"Newtown School District","=""0970011""","Gender","Male",1056,72.0,1054,73.4,456,74.5
"Newtown School District","=""0970011""","Grade","03",277,76.4,276,76.0,"N/A","N/A"
"Newtown School District","=""0970011""","Grade","04",282,82.2,282,79.1,"N/A","N/A"
"Newtown School District","=""0970011""","Grade","05",287,73.9,287,74.5,287,73.5
"Newtown School District","=""0970011""","Grade","06",283,76.0,282,73.2,"N/A","N/A"
"Newtown School District","=""0970011""","Grade","07",306,73.2,305,69.7,"N/A","N/A"
"Newtown School District","=""0970011""","Grade","08",294,72.3,294,70.0,292,74.2
"Newtown School District","=""0970011""","Grade","11",321,63.8,321,64.9,318,70.5
"Newtown School District","=""0970011""","High Needs (F/R, EL or SWD)","High Needs",521,60.8,519,58.8,218,59.5
"Newtown School District","=""0970011""","High Needs (F/R, EL or SWD)","Not High Needs",1529,78.1,1528,76.9,679,76.9
"Newtown School District","=""0970011""","Free/Reduced Price Meal Eligibility (2-level)","Eligible For Free Or Reduced Price Meals",282,62.9,282,61.9,118,62.7
"Newtown School District","=""0970011""","Free/Reduced Price Meal Eligibility (2-level)","Not Eligible For Free Or Reduced Price Meals",1768,75.5,1765,74.0,779,74.2
"Newtown School District","=""0970011""","Race/Ethnicity","American Indian or Alaska Native","*","*","*","*","*","*"
"Newtown School District","=""0970011""","Race/Ethnicity","Asian",45,74.5,45,77.9,24,72.1
"Newtown School District","=""0970011""","Race/Ethnicity","Black or African American",49,68.9,48,64.9,18,"*"
"Newtown School District","=""0970011""","Race/Ethnicity","Hispanic or Latino",252,67.5,252,65.3,99,65.6
"Newtown School District","=""0970011""","Race/Ethnicity","Native Hawaiian or Other Pacific Islander","*","*","*","*","*","*"
"Newtown School District","=""0970011""","Race/Ethnicity","Two or More Races",39,72.8,39,71.6,21,82.1
"Newtown School District","=""0970011""","Race/Ethnicity","White",1661,74.8,1659,73.4,733,73.3
"Newtown School District","=""0970011""","Special Education Status (SWD)","Students with Disabilities",301,55.0,299,52.5,125,55.4
"Newtown School District","=""0970011""","Special Education Status (SWD)","Students without Disabilities",1749,77.0,1748,75.7,772,75.5
"Norfolk School District","=""0980011""","All Students","District",34,62.2,34,60.6,"*","*"
"Norfolk School District","=""0980011""","English Language Learners (EL)","Not English Learners",34,62.2,34,60.6,"*","*"
"Norfolk School District","=""0980011""","Gender","Female",12,"*",12,"*","*","*"
"Norfolk School District","=""0980011""","Gender","Male",22,54.0,22,56.9,"*","*"
"Norfolk School District","=""0980011""","Grade","03","*","*","*","*","N/A","N/A"
"Norfolk School District","=""0980011""","Grade","04",10,"*",10,"*","N/A","N/A"
"Norfolk School District","=""0980011""","Grade","05","*","*","*","*","*","*"
"Norfolk School District","=""0980011""","Grade","06",16,"*",16,"*","N/A","N/A"
"Norfolk School District","=""0980011""","High Needs (F/R, EL or SWD)","High Needs",17,"*",17,"*","*","*"
"Norfolk School District","=""0980011""","High Needs (F/R, EL or SWD)","Not High Needs",17,"*",17,"*","*","*"
"Norfolk School District","=""0980011""","Free/Reduced Price Meal Eligibility (2-level)","Eligible For Free Or Reduced Price Meals",13,"*",13,"*","*","*"
"Norfolk School District","=""0980011""","Free/Reduced Price Meal Eligibility (2-level)","Not Eligible For Free Or Reduced Price Meals",21,68.5,21,67.8,"*","*"
"Norfolk School District","=""0980011""","Race/Ethnicity","Hispanic or Latino","*","*","*","*","N/A","N/A"
"Norfolk School District","=""0980011""","Race/Ethnicity","Two or More Races","*","*","*","*","N/A","N/A"
"Norfolk School District","=""0980011""","Race/Ethnicity","White",29,63.6,29,62.9,"*","*"
"Norfolk School District","=""0980011""","Special Education Status (SWD)","Students with Disabilities",11,"*",11,"*","*","*"
"Norfolk School District","=""0980011""","Special Education Status (SWD)","Students without Disabilities",23,75.0,23,71.8,"*","*"
"North Branford School District","=""0990011""","All Students","District",790,69.2,790,67.2,342,65.7
"North Branford School District","=""0990011""","English Language Learners (EL)","English Learners",16,"*",16,"*",8,"*"
"North Branford School District","=""0990011""","English Language Learners (EL)","Not English Learners",774,69.1,774,67.1,334,65.7
"North Branford School District","=""0990011""","Gender","Female",396,71.2,396,66.4,160,66.0
"North Branford School District","=""0990011""","Gender","Male",394,67.2,394,68.0,182,65.4
"North Branford School District","=""0990011""","Grade","03",109,74.2,109,69.0,"N/A","N/A"
"North Branford School District","=""0990011""","Grade","04",108,75.2,108,76.8,"N/A","N/A"
"North Branford School District","=""0990011""","Grade","05",105,75.8,105,74.3,105,74.8
"North Branford School District","=""0990011""","Grade","06",126,71.6,126,69.4,"N/A","N/A"
"North Branford School District","=""0990011""","Grade","07",107,67.1,107,63.8,"N/A","N/A"
"North Branford School District","=""0990011""","Grade","08",141,64.1,141,62.9,141,62.5
"North Branford School District","=""0990011""","Grade","11",94,55.7,94,53.4,96,60.5
"North Branford School District","=""0990011""","High Needs (F/R, EL or SWD)","High Needs",269,60.6,269,57.6,118,57.7
"North Branford School District","=""0990011""","High Needs (F/R, EL or SWD)","Not High Needs",521,73.6,521,72.2,224,69.9
"North Branford School District","=""0990011""","Free/Reduced Price Meal Eligibility (2-level)","Eligible For Free Or Reduced Price Meals",177,65.1,177,62.2,69,62.0
"North Branford School District","=""0990011""","Free/Reduced Price Meal Eligibility (2-level)","Not Eligible For Free Or Reduced Price Meals",613,70.4,613,68.6,273,66.6
"North Branford School District","=""0990011""","Race/Ethnicity","American Indian or Alaska Native","*","*","*","*","N/A","N/A"
"North Branford School District","=""0990011""","Race/Ethnicity","Asian",13,"*",13,"*","*","*"
"North Branford School District","=""0990011""","Race/Ethnicity","Black or African American","*","*","*","*","*","*"
"North Branford School District","=""0990011""","Race/Ethnicity","Hispanic or Latino",73,68.5,73,65.9,25,59.3
"North Branford School District","=""0990011""","Race/Ethnicity","Two or More Races",17,"*",17,"*","*","*"
"North Branford School District","=""0990011""","Race/Ethnicity","White",678,69.1,678,67.4,305,65.7
"North Branford School District","=""0990011""","Special Education Status (SWD)","Students with Disabilities",131,50.8,131,47.3,64,50.4
"North Branford School District","=""0990011""","Special Education Status (SWD)","Students without Disabilities",659,72.8,659,71.1,278,69.2
"North Canaan School District","=""1000011""","All Students","District",143,75.7,143,70.0,47,79.2
"North Canaan School District","=""1000011""","English Language Learners (EL)","English Learners",9,"*",9,"*","*","*"
"North Canaan School District","=""1000011""","English Language Learners (EL)","Not English Learners",134,76.4,134,71.2,"*","*"
"North Canaan School District","=""1000011""","Gender","Female",71,75.1,71,67.1,22,79.0
"North Canaan School District","=""1000011""","Gender","Male",72,76.2,72,72.9,25,79.4
"North Canaan School District","=""1000011""","Grade","03",15,"*",15,"*","N/A","N/A"
"North Canaan School District","=""1000011""","Grade","04",21,81.5,21,83.9,"N/A","N/A"
"North Canaan School District","=""1000011""","Grade","05",26,71.7,26,65.1,26,75.5
"North Canaan School District","=""1000011""","Grade","06",37,75.1,37,65.2,"N/A","N/A"
"North Canaan School District","=""1000011""","Grade","07",23,80.4,23,69.4,"N/A","N/A"
"North Canaan School District","=""1000011""","Grade","08",21,78.2,21,70.3,21,83.8
"North Canaan School District","=""1000011""","High Needs (F/R, EL or SWD)","High Needs",69,69.2,69,62.8,24,73.3
"North Canaan School District","=""1000011""","High Needs (F/R, EL or SWD)","Not High Needs",74,81.8,74,76.8,23,85.4
"North Canaan School District","=""1000011""","Free/Reduced Price Meal Eligibility (2-level)","Eligible For Free Or Reduced Price Meals",53,71.9,53,66.0,18,"*"
"North Canaan School District","=""1000011""","Free/Reduced Price Meal Eligibility (2-level)","Not Eligible For Free Or Reduced Price Meals",90,77.9,90,72.4,29,80.0
"North Canaan School District","=""1000011""","Race/Ethnicity","Asian","*","*","*","*","*","*"
"North Canaan School District","=""1000011""","Race/Ethnicity","Black or African American","*","*","*","*","*","*"
"North Canaan School District","=""1000011""","Race/Ethnicity","Hispanic or Latino",20,67.4,20,57.9,10,"*"
"North Canaan School District","=""1000011""","Race/Ethnicity","Two or More Races","*","*","*","*","*","*"
"North Canaan School District","=""1000011""","Race/Ethnicity","White",113,77.0,113,72.0,34,80.4
"North Canaan School District","=""1000011""","Special Education Status (SWD)","Students with Disabilities",20,55.8,20,49.1,6,"*"
"North Canaan School District","=""1000011""","Special Education Status (SWD)","Students without Disabilities",123,78.9,123,73.4,41,82.1
"North Haven School District","=""1010011""","All Students","District",1658,71.3,1654,68.5,717,71.1
"North Haven School District","=""1010011""","English Language Learners (EL)","English Learners",121,67.0,121,65.7,38,64.3
"North Haven School District","=""1010011""","English Language Learners (EL)","Not English Learners",1537,71.7,1533,68.7,679,71.5
"North Haven School District","=""1010011""","Gender","Female",820,73.8,819,67.4,358,70.9
"North Haven School District","=""1010011""","Gender","Male",838,68.9,835,69.6,359,71.3
"North Haven School District","=""1010011""","Grade","03",253,72.1,251,71.3,"N/A","N/A"
"North Haven School District","=""1010011""","Grade","04",223,76.8,223,74.7,"N/A","N/A"
"North Haven School District","=""1010011""","Grade","05",253,76.1,253,76.5,253,75.0
"North Haven School District","=""1010011""","Grade","06",250,75.1,250,66.8,"N/A","N/A"
"North Haven School District","=""1010011""","Grade","07",215,70.8,213,64.7,"N/A","N/A"
"North Haven School District","=""1010011""","Grade","08",241,70.7,241,67.5,241,69.9
"North Haven School District","=""1010011""","Grade","11",223,56.5,223,56.5,223,68.0
"North Haven School District","=""1010011""","High Needs (F/R, EL or SWD)","High Needs",563,61.8,559,58.8,231,61.2
"North Haven School District","=""1010011""","High Needs (F/R, EL or SWD)","Not High Needs",1095,76.2,1095,73.4,486,75.8
"North Haven School District","=""1010011""","Free/Reduced Price Meal Eligibility (2-level)","Eligible For Free Or Reduced Price Meals",373,63.6,371,60.3,158,62.8
"North Haven School District","=""1010011""","Free/Reduced Price Meal Eligibility (2-level)","Not Eligible For Free Or Reduced Price Meals",1285,73.6,1283,70.8,559,73.5
"North Haven School District","=""1010011""","Race/Ethnicity","American Indian or Alaska Native","*","*","*","*","*","*"
"North Haven School District","=""1010011""","Race/Ethnicity","Asian",119,76.7,119,76.4,57,78.2
"North Haven School District","=""1010011""","Race/Ethnicity","Black or African American",90,64.1,90,59.5,34,64.0
"North Haven School District","=""1010011""","Race/Ethnicity","Hispanic or Latino",217,67.7,215,62.2,96,65.3
"North Haven School District","=""1010011""","Race/Ethnicity","Native Hawaiian or Other Pacific Islander","*","*","*","*","N/A","N/A"
"North Haven School District","=""1010011""","Race/Ethnicity","Two or More Races",52,75.7,51,72.5,"*","*"
"North Haven School District","=""1010011""","Race/Ethnicity","White",1175,71.8,1174,69.3,502,71.5
"North Haven School District","=""1010011""","Special Education Status (SWD)","Students with Disabilities",211,49.6,209,46.4,84,48.9
"North Haven School District","=""1010011""","Special Education Status (SWD)","Students without Disabilities",1447,74.5,1445,71.7,633,74.1
"North Stonington School District","=""1020011""","All Students","District",370,72.9,370,73.6,161,75.0
"North Stonington School District","=""1020011""","English Language Learners (EL)","Not English Learners",370,72.9,370,73.6,161,75.0
"North Stonington School District","=""1020011""","Gender","Female",173,74.5,173,72.0,74,74.2
"North Stonington School District","=""1020011""","Gender","Male",197,71.4,197,75.0,87,75.7
"North Stonington School District","=""1020011""","Grade","03",52,76.0,52,83.3,"N/A","N/A"
"North Stonington School District","=""1020011""","Grade","04",45,77.8,45,76.7,"N/A","N/A"
"North Stonington School District","=""1020011""","Grade","05",59,77.0,59,78.5,57,80.0
"North Stonington School District","=""1020011""","Grade","06",53,71.4,53,69.3,"N/A","N/A"
"North Stonington School District","=""1020011""","Grade","07",57,73.6,57,75.2,"N/A","N/A"
"North Stonington School District","=""1020011""","Grade","08",61,72.7,61,72.1,61,75.9
"North Stonington School District","=""1020011""","Grade","11",43,59.2,43,57.0,43,67.3
"North Stonington School District","=""1020011""","High Needs (F/R, EL or SWD)","High Needs",118,65.0,118,63.6,44,63.6
"North Stonington School District","=""1020011""","High Needs (F/R, EL or SWD)","Not High Needs",252,76.5,252,78.2,117,79.3
"North Stonington School District","=""1020011""","Free/Reduced Price Meal Eligibility (2-level)","Eligible For Free Or Reduced Price Meals",86,67.9,86,65.8,33,65.2
"North Stonington School District","=""1020011""","Free/Reduced Price Meal Eligibility (2-level)","Not Eligible For Free Or Reduced Price Meals",284,74.4,284,75.9,128,77.6
"North Stonington School District","=""1020011""","Race/Ethnicity","American Indian or Alaska Native","*","*","*","*","N/A","N/A"
"North Stonington School District","=""1020011""","Race/Ethnicity","Asian","*","*","*","*","*","*"
"North Stonington School District","=""1020011""","Race/Ethnicity","Black or African American",7,"*",7,"*","*","*"
"North Stonington School District","=""1020011""","Race/Ethnicity","Hispanic or Latino",17,"*",17,"*","*","*"
"North Stonington School District","=""1020011""","Race/Ethnicity","Native Hawaiian or Other Pacific Islander","*","*","*","*","*","*"
"North Stonington School District","=""1020011""","Race/Ethnicity","Two or More Races","*","*","*","*","*","*"
"North Stonington School District","=""1020011""","Race/Ethnicity","White",333,73.1,333,73.8,145,76.8
"North Stonington School District","=""1020011""","Special Education Status (SWD)","Students with Disabilities",52,54.5,52,55.4,15,"*"
"North Stonington School District","=""1020011""","Special Education Status (SWD)","Students without Disabilities",318,75.9,318,76.5,146,77.0
"Norwalk School District","=""1030011""","All Students","District",5442,59.4,5424,55.4,2449,56.7
"Norwalk School District","=""1030011""","English Language Learners (EL)","English Learners",1257,47.8,1254,45.7,518,47.3
"Norwalk School District","=""1030011""","English Language Learners (EL)","Not English Learners",4185,62.8,4170,58.3,1931,59.2
"Norwalk School District","=""1030011""","Gender","Female","*","*","*","*","*","*"
"Norwalk School District","=""1030011""","Gender","Male",2782,57.2,2771,55.9,1242,56.6
"Norwalk School District","=""1030011""","Gender","Non-Binary","*","*","*","*","*","*"
"Norwalk School District","=""1030011""","Grade","03",759,60.4,755,56.5,"N/A","N/A"
"Norwalk School District","=""1030011""","Grade","04",759,64.8,758,61.9,"N/A","N/A"
"Norwalk School District","=""1030011""","Grade","05",766,63.4,765,61.2,766,61.4
"Norwalk School District","=""1030011""","Grade","06",702,62.9,701,57.1,"N/A","N/A"
"Norwalk School District","=""1030011""","Grade","07",766,59.2,762,53.9,"N/A","N/A"
"Norwalk School District","=""1030011""","Grade","08",822,57.6,815,52.4,817,59.8
"Norwalk School District","=""1030011""","Grade","11",868,49.0,868,46.1,866,49.6
"Norwalk School District","=""1030011""","High Needs (F/R, EL or SWD)","High Needs",3548,52.8,3531,49.0,1546,51.2
"Norwalk School District","=""1030011""","High Needs (F/R, EL or SWD)","Not High Needs",1894,71.7,1893,67.3,903,66.0
"Norwalk School District","=""1030011""","Free/Reduced Price Meal Eligibility (2-level)","Eligible For Free Or Reduced Price Meals",2881,53.8,2867,49.8,1253,52.0
"Norwalk School District","=""1030011""","Free/Reduced Price Meal Eligibility (2-level)","Not Eligible For Free Or Reduced Price Meals",2561,65.6,2557,61.6,1196,61.6
"Norwalk School District","=""1030011""","Race/Ethnicity","American Indian or Alaska Native","*","*","*","*","*","*"
"Norwalk School District","=""1030011""","Race/Ethnicity","Asian",223,73.2,223,71.2,106,75.3
"Norwalk School District","=""1030011""","Race/Ethnicity","Black or African American",818,52.9,815,46.7,349,49.2
"Norwalk School District","=""1030011""","Race/Ethnicity","Hispanic or Latino",2943,54.3,2932,50.5,1317,51.8
"Norwalk School District","=""1030011""","Race/Ethnicity","Native Hawaiian or Other Pacific Islander","*","*","*","*","*","*"
"Norwalk School District","=""1030011""","Race/Ethnicity","Two or More Races",189,63.6,189,59.8,78,58.3
"Norwalk School District","=""1030011""","Race/Ethnicity","White",1258,72.4,1254,68.8,591,68.4
"Norwalk School District","=""1030011""","Special Education Status (SWD)","Students with Disabilities",937,41.0,928,36.2,387,40.4
"Norwalk School District","=""1030011""","Special Education Status (SWD)","Students without Disabilities",4505,63.2,4496,59.3,2062,59.7
"Norwich School District","=""1040011""","All Students","District",1957,52.6,1943,46.9,672,48.2
"Norwich School District","=""1040011""","English Language Learners (EL)","English Learners",555,48.6,555,43.9,197,44.8
"Norwich School District","=""1040011""","English Language Learners (EL)","Not English Learners",1402,54.1,1388,48.0,475,49.6
"Norwich School District","=""1040011""","Gender","Female",947,54.0,940,45.8,313,48.1
"Norwich School District","=""1040011""","Gender","Male",1010,51.2,1003,47.8,359,48.3
"Norwich School District","=""1040011""","Gender","Non-Binary",0,"N/A",0,"N/A","N/A","N/A"
"Norwich School District","=""1040011""","Grade","03",324,56.4,322,50.9,"N/A","N/A"
"Norwich School District","=""1040011""","Grade","04",337,57.2,335,50.6,"N/A","N/A"
"Norwich School District","=""1040011""","Grade","05",349,55.0,348,53.5,348,50.4
"Norwich School District","=""1040011""","Grade","06","*","*","*","*","N/A","N/A"
"Norwich School District","=""1040011""","Grade","07",317,49.0,315,44.3,"N/A","N/A"
"Norwich School District","=""1040011""","Grade","08",325,45.9,320,38.2,"*","*"
"Norwich School District","=""1040011""","Grade","11","*","*","*","*","*","*"
"Norwich School District","=""1040011""","High Needs (F/R, EL or SWD)","High Needs",1492,49.5,1482,44.0,497,45.3
"Norwich School District","=""1040011""","High Needs (F/R, EL or SWD)","Not High Needs",465,62.5,461,55.9,175,56.5
"Norwich School District","=""1040011""","Free/Reduced Price Meal Eligibility (2-level)","Eligible For Free Or Reduced Price Meals",1202,50.7,1195,44.9,400,46.2
"Norwich School District","=""1040011""","Free/Reduced Price Meal Eligibility (2-level)","Not Eligible For Free Or Reduced Price Meals",755,55.6,748,50.1,272,51.2
"Norwich School District","=""1040011""","Race/Ethnicity","American Indian or Alaska Native",8,"*",8,"*","*","*"
"Norwich School District","=""1040011""","Race/Ethnicity","Asian",138,68.6,138,66.6,43,66.1
"Norwich School District","=""1040011""","Race/Ethnicity","Black or African American",383,49.1,381,40.8,127,40.7
"Norwich School District","=""1040011""","Race/Ethnicity","Hispanic or Latino",710,48.0,705,43.0,251,45.9
"Norwich School District","=""1040011""","Race/Ethnicity","Native Hawaiian or Other Pacific Islander",8,"*",8,"*","*","*"
"Norwich School District","=""1040011""","Race/Ethnicity","Two or More Races",187,52.7,186,46.5,62,48.8
"Norwich School District","=""1040011""","Race/Ethnicity","White",523,57.4,517,51.7,183,52.5
"Norwich School District","=""1040011""","Special Education Status (SWD)","Students with Disabilities",331,35.6,324,31.1,121,33.3
"Norwich School District","=""1040011""","Special Education Status (SWD)","Students without Disabilities",1626,56.0,1619,50.0,551,51.5
"Old Saybrook School District","=""1060011""","All Students","District",530,72.6,529,66.7,238,68.2
"Old Saybrook School District","=""1060011""","English Language Learners (EL)","English Learners",58,61.6,58,59.6,21,52.0
"Old Saybrook School District","=""1060011""","English Language Learners (EL)","Not English Learners",472,73.9,471,67.6,217,69.7
"Old Saybrook School District","=""1060011""","Gender","Female",260,74.6,259,65.8,118,66.7
"Old Saybrook School District","=""1060011""","Gender","Male",270,70.7,270,67.6,120,69.6
"Old Saybrook School District","=""1060011""","Grade","03",61,77.4,61,70.2,"N/A","N/A"
"Old Saybrook School District","=""1060011""","Grade","04",79,79.7,79,69.0,"N/A","N/A"
"Old Saybrook School District","=""1060011""","Grade","05",61,78.8,61,74.3,60,79.6
"Old Saybrook School District","=""1060011""","Grade","06",80,75.7,80,70.7,"N/A","N/A"
"Old Saybrook School District","=""1060011""","Grade","07",71,73.6,70,70.5,"N/A","N/A"
"Old Saybrook School District","=""1060011""","Grade","08",97,66.2,97,57.0,97,64.7
"Old Saybrook School District","=""1060011""","Grade","11",81,60.8,81,60.4,81,63.8
"Old Saybrook School District","=""1060011""","High Needs (F/R, EL or SWD)","High Needs",213,61.5,212,55.8,87,54.7
"Old Saybrook School District","=""1060011""","High Needs (F/R, EL or SWD)","Not High Needs",317,80.0,317,74.0,151,75.9
"Old Saybrook School District","=""1060011""","Free/Reduced Price Meal Eligibility (2-level)","Eligible For Free Or Reduced Price Meals",137,64.5,136,59.0,53,56.5
"Old Saybrook School District","=""1060011""","Free/Reduced Price Meal Eligibility (2-level)","Not Eligible For Free Or Reduced Price Meals",393,75.4,393,69.4,185,71.5
"Old Saybrook School District","=""1060011""","Race/Ethnicity","Asian",17,"*",17,"*",10,"*"
"Old Saybrook School District","=""1060011""","Race/Ethnicity","Black or African American","*","*","*","*","*","*"
"Old Saybrook School District","=""1060011""","Race/Ethnicity","Hispanic or Latino",76,63.3,76,57.1,31,55.6
"Old Saybrook School District","=""1060011""","Race/Ethnicity","Native Hawaiian or Other Pacific Islander","*","*","*","*","*","*"
"Old Saybrook School District","=""1060011""","Race/Ethnicity","Two or More Races",18,"*",18,"*",7,"*"
"Old Saybrook School District","=""1060011""","Race/Ethnicity","White",414,74.1,413,67.8,187,70.3
"Old Saybrook School District","=""1060011""","Special Education Status (SWD)","Students with Disabilities",94,53.2,93,45.8,40,49.2
"Old Saybrook School District","=""1060011""","Special Education Status (SWD)","Students without Disabilities",436,76.8,436,71.2,198,72.0
"Orange School District","=""1070011""","All Students","District",706,77.3,706,73.4,172,73.2
"Orange School District","=""1070011""","English Language Learners (EL)","English Learners",60,66.4,60,63.2,19,"*"
"Orange School District","=""1070011""","English Language Learners (EL)","Not English Learners",646,78.3,646,74.4,153,75.4
"Orange School District","=""1070011""","Gender","Female","*","*","*","*",78,76.4
"Orange School District","=""1070011""","Gender","Male",358,74.7,359,73.9,94,70.5
"Orange School District","=""1070011""","Gender","Non-Binary","*","*","*","*","N/A","N/A"
"Orange School District","=""1070011""","Grade","03",185,74.2,186,72.1,"N/A","N/A"
"Orange School District","=""1070011""","Grade","04",162,78.0,161,72.5,"N/A","N/A"
"Orange School District","=""1070011""","Grade","05",172,76.7,172,69.9,172,73.2
"Orange School District","=""1070011""","Grade","06",187,80.3,187,78.7,"N/A","N/A"
"Orange School District","=""1070011""","High Needs (F/R, EL or SWD)","High Needs",175,64.6,176,59.6,43,56.3
"Orange School District","=""1070011""","High Needs (F/R, EL or SWD)","Not High Needs",531,81.5,530,78.0,129,78.8
"Orange School District","=""1070011""","Free/Reduced Price Meal Eligibility (2-level)","Eligible For Free Or Reduced Price Meals",86,70.0,86,66.1,17,"*"
"Orange School District","=""1070011""","Free/Reduced Price Meal Eligibility (2-level)","Not Eligible For Free Or Reduced Price Meals",620,78.3,620,74.4,155,74.1
"Orange School District","=""1070011""","Race/Ethnicity","Asian",103,86.5,103,85.8,25,87.3
"Orange School District","=""1070011""","Race/Ethnicity","Black or African American","*","*","*","*","*","*"
"Orange School District","=""1070011""","Race/Ethnicity","Hispanic or Latino",53,65.1,53,56.5,17,"*"
"Orange School District","=""1070011""","Race/Ethnicity","Native Hawaiian or Other Pacific Islander","*","*","*","*","*","*"
"Orange School District","=""1070011""","Race/Ethnicity","Two or More Races",43,86.1,43,79.7,12,"*"
"Orange School District","=""1070011""","Race/Ethnicity","White",489,76.2,489,72.6,113,72.4
"Orange School District","=""1070011""","Special Education Status (SWD)","Students with Disabilities",75,52.8,76,47.1,19,"*"
"Orange School District","=""1070011""","Special Education Status (SWD)","Students without Disabilities",631,80.2,630,76.6,153,76.1
"Oxford School District","=""1080011""","All Students","District",856,69.5,853,65.3,377,70.7
"Oxford School District","=""1080011""","English Language Learners (EL)","English Learners",46,66.3,46,64.6,24,68.9
"Oxford School District","=""1080011""","English Language Learners (EL)","Not English Learners",810,69.7,807,65.3,353,70.8
"Oxford School District","=""1080011""","Gender","Female",414,70.9,412,64.0,194,68.4
"Oxford School District","=""1080011""","Gender","Male",442,68.3,441,66.6,183,73.1
"Oxford School District","=""1080011""","Grade","03",116,71.7,116,67.6,"N/A","N/A"
"Oxford School District","=""1080011""","Grade","04",116,72.6,116,74.2,"N/A","N/A"
"Oxford School District","=""1080011""","Grade","05",114,80.9,114,76.8,114,77.9
"Oxford School District","=""1080011""","Grade","06",132,72.7,132,65.1,"N/A","N/A"
"Oxford School District","=""1080011""","Grade","07",122,69.0,122,62.5,"N/A","N/A"
"Oxford School District","=""1080011""","Grade","08",132,61.8,129,54.9,139,68.5
"Oxford School District","=""1080011""","Grade","11",124,59.6,124,58.1,124,66.5
"Oxford School District","=""1080011""","High Needs (F/R, EL or SWD)","High Needs",247,60.0,246,55.6,109,63.2
"Oxford School District","=""1080011""","High Needs (F/R, EL or SWD)","Not High Needs",609,73.4,607,69.3,268,73.7
"Oxford School District","=""1080011""","Free/Reduced Price Meal Eligibility (2-level)","Eligible For Free Or Reduced Price Meals",124,63.6,124,57.9,58,66.6
"Oxford School District","=""1080011""","Free/Reduced Price Meal Eligibility (2-level)","Not Eligible For Free Or Reduced Price Meals",732,70.5,729,66.6,319,71.4
"Oxford School District","=""1080011""","Race/Ethnicity","American Indian or Alaska Native","*","*","*","*","*","*"
"Oxford School District","=""1080011""","Race/Ethnicity","Asian",23,71.4,23,74.4,12,"*"
"Oxford School District","=""1080011""","Race/Ethnicity","Black or African American",23,62.8,23,53.8,14,"*"
"Oxford School District","=""1080011""","Race/Ethnicity","Hispanic or Latino",72,67.6,72,62.1,32,69.1
"Oxford School District","=""1080011""","Race/Ethnicity","Native Hawaiian or Other Pacific Islander","*","*","*","*","N/A","N/A"
"Oxford School District","=""1080011""","Race/Ethnicity","Two or More Races",14,"*",13,"*","*","*"
"Oxford School District","=""1080011""","Race/Ethnicity","White",720,70.1,718,65.8,312,71.1
"Oxford School District","=""1080011""","Special Education Status (SWD)","Students with Disabilities",126,51.6,125,47.4,51,53.1
"Oxford School District","=""1080011""","Special Education Status (SWD)","Students without Disabilities",730,72.6,728,68.4,326,73.4
"Plainfield School District","=""1090011""","All Students","District",936,63.9,935,57.5,405,61.0
"Plainfield School District","=""1090011""","English Language Learners (EL)","English Learners",32,56.8,32,54.2,13,"*"
"Plainfield School District","=""1090011""","English Language Learners (EL)","Not English Learners",904,64.2,903,57.7,392,61.2
"Plainfield School District","=""1090011""","Gender","Female","*","*","*","*","*","*"
"Plainfield School District","=""1090011""","Gender","Male",469,61.7,468,58.2,208,59.1
"Plainfield School District","=""1090011""","Gender","Non-Binary","*","*","*","*","*","*"
"Plainfield School District","=""1090011""","Grade","03",128,63.5,128,58.1,"N/A","N/A"
"Plainfield School District","=""1090011""","Grade","04",126,69.4,126,67.3,"N/A","N/A"
"Plainfield School District","=""1090011""","Grade","05",153,70.0,153,61.9,152,66.7
"Plainfield School District","=""1090011""","Grade","06",130,64.3,130,58.5,"N/A","N/A"
"Plainfield School District","=""1090011""","Grade","07",151,66.0,151,58.5,"N/A","N/A"
"Plainfield School District","=""1090011""","Grade","08",141,62.4,140,53.8,141,62.2
"Plainfield School District","=""1090011""","Grade","11",107,48.0,107,41.7,112,51.7
"Plainfield School District","=""1090011""","High Needs (F/R, EL or SWD)","High Needs",599,60.0,598,53.4,248,57.2
"Plainfield School District","=""1090011""","High Needs (F/R, EL or SWD)","Not High Needs",337,70.9,337,64.9,157,67.0
"Plainfield School District","=""1090011""","Free/Reduced Price Meal Eligibility (2-level)","Eligible For Free Or Reduced Price Meals",550,61.0,549,54.4,225,57.9
"Plainfield School District","=""1090011""","Free/Reduced Price Meal Eligibility (2-level)","Not Eligible For Free Or Reduced Price Meals",386,68.2,386,62.0,180,64.8
"Plainfield School District","=""1090011""","Race/Ethnicity","American Indian or Alaska Native",7,"*",7,"*","*","*"
"Plainfield School District","=""1090011""","Race/Ethnicity","Asian",18,"*",18,"*",8,"*"
"Plainfield School District","=""1090011""","Race/Ethnicity","Black or African American",29,63.6,29,54.8,10,"*"
"Plainfield School District","=""1090011""","Race/Ethnicity","Hispanic or Latino",105,64.9,105,58.5,36,62.7
"Plainfield School District","=""1090011""","Race/Ethnicity","Native Hawaiian or Other Pacific Islander",6,"*",6,"*","*","*"
"Plainfield School District","=""1090011""","Race/Ethnicity","Two or More Races",18,"*",18,"*",6,"*"
"Plainfield School District","=""1090011""","Race/Ethnicity","White",753,63.8,752,57.4,340,61.2
"Plainfield School District","=""1090011""","Special Education Status (SWD)","Students with Disabilities",147,46.4,146,38.9,73,44.0
"Plainfield School District","=""1090011""","Special Education Status (SWD)","Students without Disabilities",789,67.2,789,61.0,332,64.7
"Plainville School District","=""1100011""","All Students","District",1172,67.6,1171,63.6,458,63.0
"Plainville School District","=""1100011""","English Language Learners (EL)","English Learners",151,63.6,151,60.1,47,52.4
"Plainville School District","=""1100011""","English Language Learners (EL)","Not English Learners",1021,68.1,1020,64.1,411,64.2
"Plainville School District","=""1100011""","Gender","Female","*","*","*","*","*","*"
"Plainville School District","=""1100011""","Gender","Male",629,67.1,629,66.0,241,64.1
"Plainville School District","=""1100011""","Gender","Non-Binary","*","*","*","*","*","*"
"Plainville School District","=""1100011""","Grade","03",175,69.0,175,63.0,"N/A","N/A"
"Plainville School District","=""1100011""","Grade","04",175,73.5,175,66.9,"N/A","N/A"
"Plainville School District","=""1100011""","Grade","05",139,69.6,139,65.5,138,67.3
"Plainville School District","=""1100011""","Grade","06",190,69.3,190,65.8,"N/A","N/A"
"Plainville School District","=""1100011""","Grade","07",170,68.1,169,60.7,"N/A","N/A"
"Plainville School District","=""1100011""","Grade","08",165,66.5,165,68.0,163,65.0
"Plainville School District","=""1100011""","Grade","11",158,56.0,158,54.7,157,57.2
"Plainville School District","=""1100011""","High Needs (F/R, EL or SWD)","High Needs",619,61.2,619,56.6,228,55.6
"Plainville School District","=""1100011""","High Needs (F/R, EL or SWD)","Not High Needs",553,74.7,552,71.5,230,70.4
"Plainville School District","=""1100011""","Free/Reduced Price Meal Eligibility (2-level)","Eligible For Free Or Reduced Price Meals",490,61.6,490,56.8,189,56.6
"Plainville School District","=""1100011""","Free/Reduced Price Meal Eligibility (2-level)","Not Eligible For Free Or Reduced Price Meals",682,71.8,681,68.5,269,67.6
"Plainville School District","=""1100011""","Race/Ethnicity","American Indian or Alaska Native","*","*","*","*","*","*"
"Plainville School District","=""1100011""","Race/Ethnicity","Asian",24,76.8,24,76.7,8,"*"
"Plainville School District","=""1100011""","Race/Ethnicity","Black or African American",69,59.0,69,52.1,26,48.0
"Plainville School District","=""1100011""","Race/Ethnicity","Hispanic or Latino",273,60.0,273,54.9,106,54.8
"Plainville School District","=""1100011""","Race/Ethnicity","Native Hawaiian or Other Pacific Islander","*","*","*","*","*","*"
"Plainville School District","=""1100011""","Race/Ethnicity","Two or More Races",52,73.9,52,67.9,19,"*"
"Plainville School District","=""1100011""","Race/Ethnicity","White",750,70.4,749,67.1,297,67.4
"Plainville School District","=""1100011""","Special Education Status (SWD)","Students with Disabilities",160,47.6,160,41.2,57,41.9
"Plainville School District","=""1100011""","Special Education Status (SWD)","Students without Disabilities",1012,70.7,1011,67.1,401,66.0
"Plymouth School District","=""1110011""","All Students","District",660,62.4,658,59.0,304,60.9
"Plymouth School District","=""1110011""","English Language Learners (EL)","English Learners",27,55.0,26,51.4,12,"*"
"Plymouth School District","=""1110011""","English Language Learners (EL)","Not English Learners",633,62.7,632,59.3,292,61.3
"Plymouth School District","=""1110011""","Gender","Female",292,65.6,290,59.2,132,60.9
"Plymouth School District","=""1110011""","Gender","Male",368,59.9,368,58.8,172,60.8
"Plymouth School District","=""1110011""","Grade","03",89,60.7,89,57.7,"N/A","N/A"
"Plymouth School District","=""1110011""","Grade","04",100,65.0,100,64.8,"N/A","N/A"
"Plymouth School District","=""1110011""","Grade","05",100,65.9,99,63.4,99,64.8
"Plymouth School District","=""1110011""","Grade","06",69,66.8,69,62.4,"N/A","N/A"
"Plymouth School District","=""1110011""","Grade","07",94,66.5,93,61.7,"N/A","N/A"
"Plymouth School District","=""1110011""","Grade","08",109,63.4,109,56.8,109,61.8
"Plymouth School District","=""1110011""","Grade","11",99,49.9,99,47.2,96,55.7
"Plymouth School District","=""1110011""","High Needs (F/R, EL or SWD)","High Needs",376,57.1,374,53.3,161,52.9
"Plymouth School District","=""1110011""","High Needs (F/R, EL or SWD)","Not High Needs",284,69.5,284,66.4,143,69.8
"Plymouth School District","=""1110011""","Free/Reduced Price Meal Eligibility (2-level)","Eligible For Free Or Reduced Price Meals",310,58.1,308,54.8,139,53.9
"Plymouth School District","=""1110011""","Free/Reduced Price Meal Eligibility (2-level)","Not Eligible For Free Or Reduced Price Meals",350,66.3,350,62.6,165,66.8
"Plymouth School District","=""1110011""","Race/Ethnicity","American Indian or Alaska Native","*","*","*","*","*","*"
"Plymouth School District","=""1110011""","Race/Ethnicity","Asian",9,"*",9,"*","*","*"
"Plymouth School District","=""1110011""","Race/Ethnicity","Black or African American","*","*","*","*","*","*"
"Plymouth School District","=""1110011""","Race/Ethnicity","Hispanic or Latino",106,57.9,105,53.4,49,51.3
"Plymouth School District","=""1110011""","Race/Ethnicity","Two or More Races",35,63.1,35,60.4,13,"*"
"Plymouth School District","=""1110011""","Race/Ethnicity","White",502,63.4,501,60.1,232,63.6
"Plymouth School District","=""1110011""","Special Education Status (SWD)","Students with Disabilities",155,46.5,153,41.8,60,42.5
"Plymouth School District","=""1110011""","Special Education Status (SWD)","Students without Disabilities",505,67.3,505,64.2,244,65.4
"Pomfret School District","=""1120011""","All Students","District",242,75.9,242,74.8,83,74.7
"Pomfret School District","=""1120011""","English Language Learners (EL)","English Learners","*","*","*","*","N/A","N/A"
"Pomfret School District","=""1120011""","English Language Learners (EL)","Not English Learners","*","*","*","*",83,74.7
"Pomfret School District","=""1120011""","Gender","Female",106,76.3,106,72.2,33,70.2
"Pomfret School District","=""1120011""","Gender","Male",136,75.6,136,76.8,50,77.8
"Pomfret School District","=""1120011""","Grade","03",41,77.2,41,79.6,"N/A","N/A"
"Pomfret School District","=""1120011""","Grade","04",37,80.3,37,78.6,"N/A","N/A"
"Pomfret School District","=""1120011""","Grade","05",30,75.8,30,80.4,30,78.9
"Pomfret School District","=""1120011""","Grade","06",38,75.9,38,72.5,"N/A","N/A"
"Pomfret School District","=""1120011""","Grade","07",43,76.5,43,72.7,"N/A","N/A"
"Pomfret School District","=""1120011""","Grade","08",53,71.5,53,68.6,53,72.4
"Pomfret School District","=""1120011""","High Needs (F/R, EL or SWD)","High Needs",72,68.8,72,69.0,26,67.7
"Pomfret School District","=""1120011""","High Needs (F/R, EL or SWD)","Not High Needs",170,78.9,170,77.2,57,78.0
"Pomfret School District","=""1120011""","Free/Reduced Price Meal Eligibility (2-level)","Eligible For Free Or Reduced Price Meals",49,73.9,49,75.5,19,"*"
"Pomfret School District","=""1120011""","Free/Reduced Price Meal Eligibility (2-level)","Not Eligible For Free Or Reduced Price Meals",193,76.4,193,74.6,64,75.8
"Pomfret School District","=""1120011""","Race/Ethnicity","Asian","*","*","*","*","N/A","N/A"
"Pomfret School District","=""1120011""","Race/Ethnicity","Black or African American","*","*","*","*","*","*"
"Pomfret School District","=""1120011""","Race/Ethnicity","Hispanic or Latino",6,"*",6,"*","*","*"
"Pomfret School District","=""1120011""","Race/Ethnicity","Two or More Races","*","*","*","*","N/A","N/A"
"Pomfret School District","=""1120011""","Race/Ethnicity","White",224,75.9,224,74.8,79,74.5
"Pomfret School District","=""1120011""","Special Education Status (SWD)","Students with Disabilities",30,59.3,30,57.8,8,"*"
"Pomfret School District","=""1120011""","Special Education Status (SWD)","Students without Disabilities",212,78.3,212,77.2,75,76.4
"Portland School District","=""1130011""","All Students","District",690,70.5,688,66.3,266,64.7
"Portland School District","=""1130011""","English Language Learners (EL)","English Learners",43,54.4,43,53.4,15,"*"
"Portland School District","=""1130011""","English Language Learners (EL)","Not English Learners",647,71.6,645,67.2,251,65.5
"Portland School District","=""1130011""","Gender","Female","*","*","*","*","*","*"
"Portland School District","=""1130011""","Gender","Male",377,68.1,377,66.4,147,64.6
"Portland School District","=""1130011""","Gender","Non-Binary","*","*","*","*","*","*"
"Portland School District","=""1130011""","Grade","03",115,71.8,115,68.6,"N/A","N/A"
"Portland School District","=""1130011""","Grade","04",97,79.3,97,78.1,"N/A","N/A"
"Portland School District","=""1130011""","Grade","05",105,66.5,105,64.7,105,65.0
"Portland School District","=""1130011""","Grade","06",108,72.7,108,68.2,"N/A","N/A"
"Portland School District","=""1130011""","Grade","07",103,74.3,102,67.4,"N/A","N/A"
"Portland School District","=""1130011""","Grade","08",92,65.6,91,57.0,91,61.7
"Portland School District","=""1130011""","Grade","11",70,59.8,70,56.6,70,68.4
"Portland School District","=""1130011""","High Needs (F/R, EL or SWD)","High Needs",298,58.9,296,53.8,121,54.3
"Portland School District","=""1130011""","High Needs (F/R, EL or SWD)","Not High Needs",392,79.3,392,75.8,145,73.5
"Portland School District","=""1130011""","Free/Reduced Price Meal Eligibility (2-level)","Eligible For Free Or Reduced Price Meals",216,59.7,215,53.7,86,55.1
"Portland School District","=""1130011""","Free/Reduced Price Meal Eligibility (2-level)","Not Eligible For Free Or Reduced Price Meals",474,75.4,473,72.1,180,69.4
"Portland School District","=""1130011""","Race/Ethnicity","Asian",9,"*",9,"*","*","*"
"Portland School District","=""1130011""","Race/Ethnicity","Black or African American",28,54.2,27,47.3,13,"*"
"Portland School District","=""1130011""","Race/Ethnicity","Hispanic or Latino",130,59.8,130,53.7,53,52.7
"Portland School District","=""1130011""","Race/Ethnicity","Two or More Races",31,70.9,31,61.7,"*","*"
"Portland School District","=""1130011""","Race/Ethnicity","White",492,74.0,491,70.7,186,69.8
"Portland School District","=""1130011""","Special Education Status (SWD)","Students with Disabilities",141,49.9,139,47.1,54,45.1
"Portland School District","=""1130011""","Special Education Status (SWD)","Students without Disabilities",549,75.8,549,71.2,212,69.8
"Preston School District","=""1140011""","All Students","District",259,72.7,260,65.4,86,69.6
"Preston School District","=""1140011""","English Language Learners (EL)","English Learners",9,"*",9,"*","*","*"
"Preston School District","=""1140011""","English Language Learners (EL)","Not English Learners",250,72.3,251,64.9,"*","*"
"Preston School District","=""1140011""","Gender","Female",122,75.3,122,65.9,40,67.1
"Preston School District","=""1140011""","Gender","Male",137,70.5,138,65.0,46,71.7
"Preston School District","=""1140011""","Grade","03",37,70.3,37,69.0,"N/A","N/A"
"Preston School District","=""1140011""","Grade","04",53,73.9,53,67.0,"N/A","N/A"
"Preston School District","=""1140011""","Grade","05",46,73.3,46,67.4,46,71.7
"Preston School District","=""1140011""","Grade","06",42,74.5,42,62.0,"N/A","N/A"
"Preston School District","=""1140011""","Grade","07",42,76.0,42,61.5,"N/A","N/A"
"Preston School District","=""1140011""","Grade","08",39,67.4,40,65.4,40,67.1
"Preston School District","=""1140011""","Grade","11",0,"N/A",0,"N/A","N/A","N/A"
"Preston School District","=""1140011""","High Needs (F/R, EL or SWD)","High Needs",98,65.5,98,56.0,28,57.3
"Preston School District","=""1140011""","High Needs (F/R, EL or SWD)","Not High Needs",161,77.2,162,71.0,58,75.5
"Preston School District","=""1140011""","Free/Reduced Price Meal Eligibility (2-level)","Eligible For Free Or Reduced Price Meals",73,69.5,73,59.7,22,60.7
"Preston School District","=""1140011""","Free/Reduced Price Meal Eligibility (2-level)","Not Eligible For Free Or Reduced Price Meals",186,74.0,187,67.6,64,72.6
"Preston School District","=""1140011""","Race/Ethnicity","American Indian or Alaska Native","*","*","*","*","N/A","N/A"
"Preston School District","=""1140011""","Race/Ethnicity","Asian",6,"*",6,"*","*","*"
"Preston School District","=""1140011""","Race/Ethnicity","Black or African American","*","*","*","*","*","*"
"Preston School District","=""1140011""","Race/Ethnicity","Hispanic or Latino",20,68.5,20,62.4,7,"*"
"Preston School District","=""1140011""","Race/Ethnicity","Native Hawaiian or Other Pacific Islander","*","*","*","*","*","*"
"Preston School District","=""1140011""","Race/Ethnicity","Two or More Races",14,"*",14,"*","*","*"
"Preston School District","=""1140011""","Race/Ethnicity","White",211,73.8,212,66.0,70,71.8
"Preston School District","=""1140011""","Special Education Status (SWD)","Students with Disabilities",36,54.6,36,43.8,8,"*"
"Preston School District","=""1140011""","Special Education Status (SWD)","Students without Disabilities",223,75.7,224,68.9,78,73.3
"Putnam School District","=""1160011""","All Students","District",544,58.0,541,54.5,215,52.3
"Putnam School District","=""1160011""","English Language Learners (EL)","English Learners",27,49.5,27,46.7,11,"*"
"Putnam School District","=""1160011""","English Language Learners (EL)","Not English Learners",517,58.4,514,55.0,204,52.9
"Putnam School District","=""1160011""","Gender","Female",258,60.5,257,53.4,103,50.1
"Putnam School District","=""1160011""","Gender","Male",286,55.7,284,55.6,112,54.3
"Putnam School District","=""1160011""","Grade","03",83,66.6,83,63.4,"N/A","N/A"
"Putnam School District","=""1160011""","Grade","04",97,67.6,97,63.2,"N/A","N/A"
"Putnam School District","=""1160011""","Grade","05",92,54.1,90,49.9,91,50.3
"Putnam School District","=""1160011""","Grade","06",75,57.0,75,53.7,"N/A","N/A"
"Putnam School District","=""1160011""","Grade","07",67,52.4,67,52.1,"N/A","N/A"
"Putnam School District","=""1160011""","Grade","08",82,50.4,81,47.2,75,52.9
"Putnam School District","=""1160011""","Grade","11",48,53.2,48,47.5,49,55.0
"Putnam School District","=""1160011""","High Needs (F/R, EL or SWD)","High Needs",332,52.9,329,49.7,130,45.6
"Putnam School District","=""1160011""","High Needs (F/R, EL or SWD)","Not High Needs",212,65.9,212,62.0,85,62.4
"Putnam School District","=""1160011""","Free/Reduced Price Meal Eligibility (2-level)","Eligible For Free Or Reduced Price Meals",282,54.1,281,50.7,103,47.1
"Putnam School District","=""1160011""","Free/Reduced Price Meal Eligibility (2-level)","Not Eligible For Free Or Reduced Price Meals",262,62.1,260,58.7,112,57.1
"Putnam School District","=""1160011""","Race/Ethnicity","American Indian or Alaska Native","*","*","*","*","*","*"
"Putnam School District","=""1160011""","Race/Ethnicity","Asian","*","*","*","*","*","*"
"Putnam School District","=""1160011""","Race/Ethnicity","Black or African American",14,"*",14,"*","*","*"
"Putnam School District","=""1160011""","Race/Ethnicity","Hispanic or Latino",74,51.4,73,49.9,28,42.6
"Putnam School District","=""1160011""","Race/Ethnicity","Two or More Races","*","*","*","*","*","*"
"Putnam School District","=""1160011""","Race/Ethnicity","White",450,58.9,448,55.0,179,53.8
"Putnam School District","=""1160011""","Special Education Status (SWD)","Students with Disabilities",107,41.0,105,38.2,50,40.0
"Putnam School District","=""1160011""","Special Education Status (SWD)","Students without Disabilities",437,62.1,436,58.5,165,56.0
"Redding School District","=""1170011""","All Students","District",516,77.4,514,76.5,170,75.8
"Redding School District","=""1170011""","English Language Learners (EL)","English Learners",15,"*",15,"*","*","*"
"Redding School District","=""1170011""","English Language Learners (EL)","Not English Learners",501,78.0,499,77.1,"*","*"
"Redding School District","=""1170011""","Gender","Female",264,80.9,264,76.6,88,77.4
"Redding School District","=""1170011""","Gender","Male",252,73.8,250,76.4,82,74.0
"Redding School District","=""1170011""","Grade","03",96,76.6,96,74.8,"N/A","N/A"
"Redding School District","=""1170011""","Grade","04",76,80.8,76,78.3,"N/A","N/A"
"Redding School District","=""1170011""","Grade","05",91,77.8,91,78.1,91,78.2
"Redding School District","=""1170011""","Grade","06",96,77.0,95,74.4,"N/A","N/A"
"Redding School District","=""1170011""","Grade","07",76,76.7,76,77.9,"N/A","N/A"
"Redding School District","=""1170011""","Grade","08",81,76.0,80,76.0,79,73.0
"Redding School District","=""1170011""","High Needs (F/R, EL or SWD)","High Needs",115,63.2,113,61.2,33,63.7
"Redding School District","=""1170011""","High Needs (F/R, EL or SWD)","Not High Needs",401,81.5,401,80.8,137,78.7
"Redding School District","=""1170011""","Free/Reduced Price Meal Eligibility (2-level)","Eligible For Free Or Reduced Price Meals",46,69.0,46,68.0,14,"*"
"Redding School District","=""1170011""","Free/Reduced Price Meal Eligibility (2-level)","Not Eligible For Free Or Reduced Price Meals",470,78.2,468,77.3,156,76.3
"Redding School District","=""1170011""","Race/Ethnicity","Asian",12,"*",12,"*","*","*"
"Redding School District","=""1170011""","Race/Ethnicity","Black or African American","*","*","*","*","*","*"
"Redding School District","=""1170011""","Race/Ethnicity","Hispanic or Latino",63,72.3,63,71.0,23,70.1
"Redding School District","=""1170011""","Race/Ethnicity","Native Hawaiian or Other Pacific Islander","*","*","*","*","*","*"
"Redding School District","=""1170011""","Race/Ethnicity","Two or More Races",18,"*",18,"*",8,"*"
"Redding School District","=""1170011""","Race/Ethnicity","White",411,78.2,409,77.5,131,76.3
"Redding School District","=""1170011""","Special Education Status (SWD)","Students with Disabilities",76,59.6,74,56.6,20,61.0
"Redding School District","=""1170011""","Special Education Status (SWD)","Students without Disabilities",440,80.5,440,79.9,150,77.7
"Ridgefield School District","=""1180011""","All Students","District",2353,79.6,2338,77.0,1015,77.6
"Ridgefield School District","=""1180011""","English Language Learners (EL)","English Learners",73,72.3,73,74.2,20,64.5
"Ridgefield School District","=""1180011""","English Language Learners (EL)","Not English Learners",2280,79.8,2265,77.1,995,77.8
"Ridgefield School District","=""1180011""","Gender","Female","*","*","*","*","*","*"
"Ridgefield School District","=""1180011""","Gender","Male",1203,77.4,1197,78.3,524,78.5
"Ridgefield School District","=""1180011""","Gender","Non-Binary","*","*","*","*","*","*"
"Ridgefield School District","=""1180011""","Grade","03",338,79.0,338,79.4,"N/A","N/A"
"Ridgefield School District","=""1180011""","Grade","04",341,84.0,340,81.3,"N/A","N/A"
"Ridgefield School District","=""1180011""","Grade","05",333,83.5,333,82.5,331,86.3
"Ridgefield School District","=""1180011""","Grade","06",333,80.0,329,75.4,"N/A","N/A"
"Ridgefield School District","=""1180011""","Grade","07",328,80.9,320,76.8,"N/A","N/A"
"Ridgefield School District","=""1180011""","Grade","08",335,80.1,333,76.3,331,77.2
"Ridgefield School District","=""1180011""","Grade","11",345,69.8,345,67.5,353,69.8
"Ridgefield School District","=""1180011""","High Needs (F/R, EL or SWD)","High Needs",578,67.1,574,63.7,231,65.9
"Ridgefield School District","=""1180011""","High Needs (F/R, EL or SWD)","Not High Needs",1775,83.6,1764,81.3,784,81.0
"Ridgefield School District","=""1180011""","Free/Reduced Price Meal Eligibility (2-level)","Eligible For Free Or Reduced Price Meals",160,74.5,158,68.0,75,69.2
"Ridgefield School District","=""1180011""","Free/Reduced Price Meal Eligibility (2-level)","Not Eligible For Free Or Reduced Price Meals",2193,79.9,2180,77.7,940,78.2
"Ridgefield School District","=""1180011""","Race/Ethnicity","American Indian or Alaska Native",6,"*",6,"*","*","*"
"Ridgefield School District","=""1180011""","Race/Ethnicity","Asian",158,87.4,156,89.8,69,84.4
"Ridgefield School District","=""1180011""","Race/Ethnicity","Black or African American",16,"*",16,"*","*","*"
"Ridgefield School District","=""1180011""","Race/Ethnicity","Hispanic or Latino",211,73.7,210,69.3,97,74.1
"Ridgefield School District","=""1180011""","Race/Ethnicity","Two or More Races",104,82.9,103,80.8,41,89.6
"Ridgefield School District","=""1180011""","Race/Ethnicity","White",1858,79.5,1847,76.8,795,77.0
"Ridgefield School District","=""1180011""","Special Education Status (SWD)","Students with Disabilities",414,62.5,412,58.8,167,62.9
"Ridgefield School District","=""1180011""","Special Education Status (SWD)","Students without Disabilities",1939,83.2,1926,80.9,848,80.5
"Rocky Hill School District","=""1190011""","All Students","District",1270,75.5,1269,73.6,514,74.9
"Rocky Hill School District","=""1190011""","English Language Learners (EL)","English Learners",165,69.9,165,68.5,46,60.8
"Rocky Hill School District","=""1190011""","English Language Learners (EL)","Not English Learners",1105,76.4,1104,74.3,468,76.2
"Rocky Hill School District","=""1190011""","Gender","Female",655,77.9,655,72.9,270,75.8
"Rocky Hill School District","=""1190011""","Gender","Male","*","*","*","*",244,73.8
"Rocky Hill School District","=""1190011""","Gender","Non-Binary","*","*","*","*","N/A","N/A"
"Rocky Hill School District","=""1190011""","Grade","03",154,75.5,154,75.3,"N/A","N/A"
"Rocky Hill School District","=""1190011""","Grade","04",191,77.6,191,76.9,"N/A","N/A"
"Rocky Hill School District","=""1190011""","Grade","05",152,78.0,152,78.7,151,74.6
"Rocky Hill School District","=""1190011""","Grade","06",201,76.7,200,70.7,"N/A","N/A"
"Rocky Hill School District","=""1190011""","Grade","07",209,78.1,209,74.4,"N/A","N/A"
"Rocky Hill School District","=""1190011""","Grade","08",195,77.7,195,73.3,195,79.9
"Rocky Hill School District","=""1190011""","Grade","11",168,63.8,168,66.4,168,69.1
"Rocky Hill School District","=""1190011""","High Needs (F/R, EL or SWD)","High Needs",461,64.0,460,60.8,162,60.2
"Rocky Hill School District","=""1190011""","High Needs (F/R, EL or SWD)","Not High Needs",809,82.1,809,80.9,352,81.6
"Rocky Hill School District","=""1190011""","Free/Reduced Price Meal Eligibility (2-level)","Eligible For Free Or Reduced Price Meals",246,62.1,245,58.1,93,57.5
"Rocky Hill School District","=""1190011""","Free/Reduced Price Meal Eligibility (2-level)","Not Eligible For Free Or Reduced Price Meals",1024,78.7,1024,77.3,421,78.7
"Rocky Hill School District","=""1190011""","Race/Ethnicity","American Indian or Alaska Native","*","*","*","*","*","*"
"Rocky Hill School District","=""1190011""","Race/Ethnicity","Asian",371,83.9,371,86.9,132,83.1
"Rocky Hill School District","=""1190011""","Race/Ethnicity","Black or African American","*","*","*","*",14,"*"
"Rocky Hill School District","=""1190011""","Race/Ethnicity","Hispanic or Latino",141,63.3,141,59.1,65,60.5
"Rocky Hill School District","=""1190011""","Race/Ethnicity","Two or More Races",49,71.3,48,67.1,14,"*"
"Rocky Hill School District","=""1190011""","Race/Ethnicity","White",663,74.1,663,70.5,286,74.9
"Rocky Hill School District","=""1190011""","Special Education Status (SWD)","Students with Disabilities",168,50.7,167,45.1,65,52.7
"Rocky Hill School District","=""1190011""","Special Education Status (SWD)","Students without Disabilities",1102,79.3,1102,77.9,449,78.1
"Salem School District","=""1210011""","All Students","District",264,71.0,264,68.2,85,67.2
"Salem School District","=""1210011""","English Language Learners (EL)","English Learners","*","*","*","*","*","*"
"Salem School District","=""1210011""","English Language Learners (EL)","Not English Learners","*","*","*","*","*","*"
"Salem School District","=""1210011""","Gender","Female",135,71.0,135,66.1,45,66.7
"Salem School District","=""1210011""","Gender","Male",129,70.9,129,70.4,40,67.6
"Salem School District","=""1210011""","Grade","03",53,73.4,53,71.4,"N/A","N/A"
"Salem School District","=""1210011""","Grade","04","*","*","*","*","N/A","N/A"
"Salem School District","=""1210011""","Grade","05",42,63.1,42,62.8,42,64.9
"Salem School District","=""1210011""","Grade","06",43,63.8,43,55.6,"N/A","N/A"
"Salem School District","=""1210011""","Grade","07",44,77.8,44,70.0,"N/A","N/A"
"Salem School District","=""1210011""","Grade","08",42,73.1,42,71.2,42,69.7
"Salem School District","=""1210011""","Grade","11","*","*","*","*","*","*"
"Salem School District","=""1210011""","High Needs (F/R, EL or SWD)","High Needs",92,60.0,92,56.3,38,58.9
"Salem School District","=""1210011""","High Needs (F/R, EL or SWD)","Not High Needs",172,76.8,172,74.6,47,73.8
"Salem School District","=""1210011""","Free/Reduced Price Meal Eligibility (2-level)","Eligible For Free Or Reduced Price Meals",62,62.0,62,59.0,23,67.0
"Salem School District","=""1210011""","Free/Reduced Price Meal Eligibility (2-level)","Not Eligible For Free Or Reduced Price Meals",202,73.7,202,71.1,62,67.2
"Salem School District","=""1210011""","Race/Ethnicity","American Indian or Alaska Native","*","*","*","*","*","*"
"Salem School District","=""1210011""","Race/Ethnicity","Asian","*","*","*","*","*","*"
"Salem School District","=""1210011""","Race/Ethnicity","Black or African American","*","*","*","*","*","*"
"Salem School District","=""1210011""","Race/Ethnicity","Hispanic or Latino",23,66.1,23,59.4,6,"*"
"Salem School District","=""1210011""","Race/Ethnicity","Two or More Races",16,"*",16,"*","*","*"
"Salem School District","=""1210011""","Race/Ethnicity","White",214,72.0,214,69.7,70,68.1
"Salem School District","=""1210011""","Special Education Status (SWD)","Students with Disabilities",50,53.9,50,49.7,20,47.2
"Salem School District","=""1210011""","Special Education Status (SWD)","Students without Disabilities",214,74.9,214,72.6,65,73.3
"Salisbury School District","=""1220011""","All Students","District",183,77.3,183,72.5,65,73.4
"Salisbury School District","=""1220011""","English Language Learners (EL)","English Learners",8,"*",8,"*","*","*"
"Salisbury School District","=""1220011""","English Language Learners (EL)","Not English Learners",175,78.6,175,73.7,"*","*"
"Salisbury School District","=""1220011""","Gender","Female","*","*","*","*","*","*"
"Salisbury School District","=""1220011""","Gender","Male",100,73.0,100,70.4,39,70.8
"Salisbury School District","=""1220011""","Gender","Non-Binary","*","*","*","*","*","*"
"Salisbury School District","=""1220011""","Grade","03",32,74.8,32,68.6,"N/A","N/A"
"Salisbury School District","=""1220011""","Grade","04",30,86.8,30,79.9,"N/A","N/A"
"Salisbury School District","=""1220011""","Grade","05",38,71.9,38,61.3,38,68.8
"Salisbury School District","=""1220011""","Grade","06",25,73.0,25,69.4,"N/A","N/A"
"Salisbury School District","=""1220011""","Grade","07",31,77.8,31,78.6,"N/A","N/A"
"Salisbury School District","=""1220011""","Grade","08",27,80.5,27,80.1,27,80.0
"Salisbury School District","=""1220011""","High Needs (F/R, EL or SWD)","High Needs",44,66.4,44,62.0,17,"*"
"Salisbury School District","=""1220011""","High Needs (F/R, EL or SWD)","Not High Needs",139,80.8,139,75.8,48,79.1
"Salisbury School District","=""1220011""","Free/Reduced Price Meal Eligibility (2-level)","Eligible For Free Or Reduced Price Meals",22,68.4,22,68.4,6,"*"
"Salisbury School District","=""1220011""","Free/Reduced Price Meal Eligibility (2-level)","Not Eligible For Free Or Reduced Price Meals",161,78.5,161,73.0,59,73.7
"Salisbury School District","=""1220011""","Race/Ethnicity","Asian","*","*","*","*","*","*"
"Salisbury School District","=""1220011""","Race/Ethnicity","Black or African American","*","*","*","*","*","*"
"Salisbury School District","=""1220011""","Race/Ethnicity","Hispanic or Latino",20,71.9,20,66.7,6,"*"
"Salisbury School District","=""1220011""","Race/Ethnicity","Two or More Races",11,"*",11,"*","*","*"
"Salisbury School District","=""1220011""","Race/Ethnicity","White",144,78.2,144,73.1,54,74.6
"Salisbury School District","=""1220011""","Special Education Status (SWD)","Students with Disabilities",22,64.7,22,54.6,10,"*"
"Salisbury School District","=""1220011""","Special Education Status (SWD)","Students without Disabilities",161,79.0,161,74.9,55,77.9
"Scotland School District","=""1230011""","All Students","District",42,63.3,42,63.0,10,"*"
"Scotland School District","=""1230011""","English Language Learners (EL)","Not English Learners",42,63.3,42,63.0,10,"*"
"Scotland School District","=""1230011""","Gender","Female",21,66.4,21,60.1,"*","*"
"Scotland School District","=""1230011""","Gender","Male",21,60.1,21,65.9,"*","*"
"Scotland School District","=""1230011""","Grade","03",11,"*",11,"*","N/A","N/A"
"Scotland School District","=""1230011""","Grade","04",15,"*",15,"*","N/A","N/A"
"Scotland School District","=""1230011""","Grade","05",10,"*",10,"*",10,"*"
"Scotland School District","=""1230011""","Grade","06",6,"*",6,"*","N/A","N/A"
"Scotland School District","=""1230011""","High Needs (F/R, EL or SWD)","High Needs",21,64.1,21,61.1,"*","*"
"Scotland School District","=""1230011""","High Needs (F/R, EL or SWD)","Not High Needs",21,62.4,21,64.9,"*","*"
"Scotland School District","=""1230011""","Free/Reduced Price Meal Eligibility (2-level)","Eligible For Free Or Reduced Price Meals",15,"*",15,"*","*","*"
"Scotland School District","=""1230011""","Free/Reduced Price Meal Eligibility (2-level)","Not Eligible For Free Or Reduced Price Meals",27,62.9,27,64.8,"*","*"
"Scotland School District","=""1230011""","Race/Ethnicity","Hispanic or Latino","*","*","*","*","*","*"
"Scotland School District","=""1230011""","Race/Ethnicity","White","*","*","*","*","*","*"
"Scotland School District","=""1230011""","Special Education Status (SWD)","Students with Disabilities",10,"*",10,"*","*","*"
"Scotland School District","=""1230011""","Special Education Status (SWD)","Students without Disabilities",32,65.6,32,64.2,"*","*"
"Seymour School District","=""1240011""","All Students","District",1064,66.0,1064,63.6,437,65.1
"Seymour School District","=""1240011""","English Language Learners (EL)","English Learners",79,59.6,79,62.1,23,55.3
"Seymour School District","=""1240011""","English Language Learners (EL)","Not English Learners",985,66.6,985,63.8,414,65.6
"Seymour School District","=""1240011""","Gender","Female",521,68.1,521,63.6,209,65.6
"Seymour School District","=""1240011""","Gender","Male",543,64.0,543,63.7,228,64.7
"Seymour School District","=""1240011""","Grade","03",174,67.8,174,63.6,"N/A","N/A"
"Seymour School District","=""1240011""","Grade","04",155,69.1,155,68.5,"N/A","N/A"
"Seymour School District","=""1240011""","Grade","05",156,69.2,156,71.0,156,66.4
"Seymour School District","=""1240011""","Grade","06",158,63.2,158,59.5,"N/A","N/A"
"Seymour School District","=""1240011""","Grade","07",140,70.4,140,62.1,"N/A","N/A"
"Seymour School District","=""1240011""","Grade","08",162,64.2,162,64.5,161,66.4
"Seymour School District","=""1240011""","Grade","11",119,56.5,119,53.8,120,61.6
"Seymour School District","=""1240011""","High Needs (F/R, EL or SWD)","High Needs",548,59.9,548,56.8,205,56.1
"Seymour School District","=""1240011""","High Needs (F/R, EL or SWD)","Not High Needs",516,72.6,516,70.9,232,73.1
"Seymour School District","=""1240011""","Free/Reduced Price Meal Eligibility (2-level)","Eligible For Free Or Reduced Price Meals",468,60.7,468,57.2,177,56.5
"Seymour School District","=""1240011""","Free/Reduced Price Meal Eligibility (2-level)","Not Eligible For Free Or Reduced Price Meals",596,70.2,596,68.7,260,71.0
"Seymour School District","=""1240011""","Race/Ethnicity","American Indian or Alaska Native","*","*","*","*","*","*"
"Seymour School District","=""1240011""","Race/Ethnicity","Asian",38,69.2,38,72.7,23,72.6
"Seymour School District","=""1240011""","Race/Ethnicity","Black or African American",75,62.7,75,61.2,27,58.0
"Seymour School District","=""1240011""","Race/Ethnicity","Hispanic or Latino",235,59.5,235,55.3,91,57.3
"Seymour School District","=""1240011""","Race/Ethnicity","Two or More Races","*","*","*","*","*","*"
"Seymour School District","=""1240011""","Race/Ethnicity","White",695,68.6,695,66.6,289,68.2
"Seymour School District","=""1240011""","Special Education Status (SWD)","Students with Disabilities",167,45.8,167,41.5,65,44.1
"Seymour School District","=""1240011""","Special Education Status (SWD)","Students without Disabilities",897,69.8,897,67.8,372,68.8
"Sharon School District","=""1250011""","All Students","District",57,71.1,57,66.4,11,"*"
"Sharon School District","=""1250011""","English Language Learners (EL)","English Learners","*","*","*","*","N/A","N/A"
"Sharon School District","=""1250011""","English Language Learners (EL)","Not English Learners","*","*","*","*",11,"*"
"Sharon School District","=""1250011""","Gender","Female",23,75.3,23,63.2,"*","*"
"Sharon School District","=""1250011""","Gender","Male",34,68.3,34,68.6,"*","*"
"Sharon School District","=""1250011""","Grade","03","*","*","*","*","N/A","N/A"
"Sharon School District","=""1250011""","Grade","04",18,"*",18,"*","N/A","N/A"
"Sharon School District","=""1250011""","Grade","05",6,"*",6,"*","*","*"
"Sharon School District","=""1250011""","Grade","06",14,"*",14,"*","N/A","N/A"
"Sharon School District","=""1250011""","Grade","07",8,"*",8,"*","N/A","N/A"
"Sharon School District","=""1250011""","Grade","08","*","*","*","*","*","*"
"Sharon School District","=""1250011""","High Needs (F/R, EL or SWD)","High Needs",32,64.5,32,61.4,"*","*"
"Sharon School District","=""1250011""","High Needs (F/R, EL or SWD)","Not High Needs",25,79.6,25,72.9,"*","*"
"Sharon School District","=""1250011""","Free/Reduced Price Meal Eligibility (2-level)","Eligible For Free Or Reduced Price Meals",24,66.9,24,62.4,"*","*"
"Sharon School District","=""1250011""","Free/Reduced Price Meal Eligibility (2-level)","Not Eligible For Free Or Reduced Price Meals",33,74.2,33,69.4,"*","*"
"Sharon School District","=""1250011""","Race/Ethnicity","Asian","*","*","*","*","*","*"
"Sharon School District","=""1250011""","Race/Ethnicity","Hispanic or Latino","*","*","*","*",0,"N/A"
"Sharon School District","=""1250011""","Race/Ethnicity","Two or More Races","*","*","*","*","*","*"
"Sharon School District","=""1250011""","Race/Ethnicity","White",49,72.0,49,66.9,9,"*"
"Sharon School District","=""1250011""","Special Education Status (SWD)","Students with Disabilities",16,"*",16,"*","*","*"
"Sharon School District","=""1250011""","Special Education Status (SWD)","Students without Disabilities",41,77.3,41,70.9,"*","*"
"Shelton School District","=""1260011""","All Students","District",2374,67.6,2369,66.4,995,63.9
"Shelton School District","=""1260011""","English Language Learners (EL)","English Learners",255,60.5,255,60.0,106,55.5
"Shelton School District","=""1260011""","English Language Learners (EL)","Not English Learners",2119,68.4,2114,67.1,889,65.0
"Shelton School District","=""1260011""","Gender","Female",1160,70.0,1160,66.0,480,63.1
"Shelton School District","=""1260011""","Gender","Male",1214,65.2,1209,66.7,515,64.7
"Shelton School District","=""1260011""","Grade","03",301,71.9,301,72.0,"N/A","N/A"
"Shelton School District","=""1260011""","Grade","04",354,73.5,354,72.7,"N/A","N/A"
"Shelton School District","=""1260011""","Grade","05",311,69.6,311,69.5,311,67.9
"Shelton School District","=""1260011""","Grade","06",364,69.0,364,68.4,"N/A","N/A"
"Shelton School District","=""1260011""","Grade","07",358,66.1,357,61.6,"N/A","N/A"
"Shelton School District","=""1260011""","Grade","08",397,67.1,393,65.1,393,62.9
"Shelton School District","=""1260011""","Grade","11",289,54.2,289,54.5,291,61.2
"Shelton School District","=""1260011""","High Needs (F/R, EL or SWD)","High Needs",1071,60.3,1069,58.1,441,56.0
"Shelton School District","=""1260011""","High Needs (F/R, EL or SWD)","Not High Needs",1303,73.6,1300,73.2,554,70.2
"Shelton School District","=""1260011""","Free/Reduced Price Meal Eligibility (2-level)","Eligible For Free Or Reduced Price Meals",755,61.6,753,59.8,314,57.7
"Shelton School District","=""1260011""","Free/Reduced Price Meal Eligibility (2-level)","Not Eligible For Free Or Reduced Price Meals",1619,70.4,1616,69.4,681,66.8
"Shelton School District","=""1260011""","Race/Ethnicity","Asian",110,74.2,110,75.1,53,70.2
"Shelton School District","=""1260011""","Race/Ethnicity","Black or African American",206,62.4,206,57.4,89,53.8
"Shelton School District","=""1260011""","Race/Ethnicity","Hispanic or Latino",531,62.2,529,59.8,204,56.7
"Shelton School District","=""1260011""","Race/Ethnicity","Native Hawaiian or Other Pacific Islander","*","*","*","*","N/A","N/A"
"Shelton School District","=""1260011""","Race/Ethnicity","Two or More Races","*","*","*","*",43,75.1
"Shelton School District","=""1260011""","Race/Ethnicity","White",1429,69.5,1427,69.2,606,66.5
"Shelton School District","=""1260011""","Special Education Status (SWD)","Students with Disabilities",386,51.6,384,46.2,146,48.7
"Shelton School District","=""1260011""","Special Education Status (SWD)","Students without Disabilities",1988,70.7,1985,70.3,849,66.6
"Sherman School District","=""1270011""","All Students","District",154,76.3,153,71.7,53,67.0
"Sherman School District","=""1270011""","English Language Learners (EL)","English Learners","*","*","*","*","*","*"
"Sherman School District","=""1270011""","English Language Learners (EL)","Not English Learners","*","*","*","*","*","*"
"Sherman School District","=""1270011""","Gender","Female",82,78.2,81,70.6,26,70.5
"Sherman School District","=""1270011""","Gender","Male",72,74.0,72,72.9,27,63.8
"Sherman School District","=""1270011""","Grade","03",12,"*",12,"*","N/A","N/A"
"Sherman School District","=""1270011""","Grade","04",30,81.8,30,75.9,"N/A","N/A"
"Sherman School District","=""1270011""","Grade","05",20,74.5,20,70.4,20,68.0
"Sherman School District","=""1270011""","Grade","06",29,82.6,29,73.3,"N/A","N/A"
"Sherman School District","=""1270011""","Grade","07",30,76.6,30,68.1,"N/A","N/A"
"Sherman School District","=""1270011""","Grade","08",33,67.2,32,69.6,33,66.5
"Sherman School District","=""1270011""","High Needs (F/R, EL or SWD)","High Needs",33,59.1,32,53.8,16,"*"
"Sherman School District","=""1270011""","High Needs (F/R, EL or SWD)","Not High Needs",121,80.9,121,76.4,37,75.6
"Sherman School District","=""1270011""","Free/Reduced Price Meal Eligibility (2-level)","Eligible For Free Or Reduced Price Meals",11,"*",11,"*","*","*"
"Sherman School District","=""1270011""","Free/Reduced Price Meal Eligibility (2-level)","Not Eligible For Free Or Reduced Price Meals",143,77.1,142,72.9,"*","*"
"Sherman School District","=""1270011""","Race/Ethnicity","Asian","*","*","*","*","*","*"
"Sherman School District","=""1270011""","Race/Ethnicity","Black or African American","*","*","*","*","*","*"
"Sherman School District","=""1270011""","Race/Ethnicity","Hispanic or Latino",14,"*",14,"*","*","*"
"Sherman School District","=""1270011""","Race/Ethnicity","Two or More Races",7,"*",7,"*","*","*"
"Sherman School District","=""1270011""","Race/Ethnicity","White",130,77.0,129,72.3,45,67.6
"Sherman School District","=""1270011""","Special Education Status (SWD)","Students with Disabilities",23,53.8,22,48.5,12,"*"
"Sherman School District","=""1270011""","Special Education Status (SWD)","Students without Disabilities",131,80.2,131,75.6,41,72.5
"Simsbury School District","=""1280011""","All Students","District",2145,76.8,2142,74.4,933,78.5
"Simsbury School District","=""1280011""","English Language Learners (EL)","English Learners",74,64.8,74,68.2,18,"*"
"Simsbury School District","=""1280011""","English Language Learners (EL)","Not English Learners",2071,77.3,2068,74.6,915,78.7
"Simsbury School District","=""1280011""","Gender","Female",1030,77.6,1028,72.6,456,77.5
"Simsbury School District","=""1280011""","Gender","Male",1115,76.1,1114,76.1,477,79.4
"Simsbury School District","=""1280011""","Grade","03",324,77.0,323,72.8,"N/A","N/A"
"Simsbury School District","=""1280011""","Grade","04",291,82.4,291,80.3,"N/A","N/A"
"Simsbury School District","=""1280011""","Grade","05",305,82.2,305,81.7,304,78.7
"Simsbury School District","=""1280011""","Grade","06",319,80.4,319,76.3,"N/A","N/A"
"Simsbury School District","=""1280011""","Grade","07",281,77.1,279,73.8,"N/A","N/A"
"Simsbury School District","=""1280011""","Grade","08",314,74.9,314,72.0,317,75.7
"Simsbury School District","=""1280011""","Grade","11",311,64.4,311,64.4,312,81.0
"Simsbury School District","=""1280011""","High Needs (F/R, EL or SWD)","High Needs",609,63.0,607,60.4,265,64.8
"Simsbury School District","=""1280011""","High Needs (F/R, EL or SWD)","Not High Needs",1536,82.3,1535,79.9,668,83.9
"Simsbury School District","=""1280011""","Free/Reduced Price Meal Eligibility (2-level)","Eligible For Free Or Reduced Price Meals",332,64.3,332,61.2,128,67.6
"Simsbury School District","=""1280011""","Free/Reduced Price Meal Eligibility (2-level)","Not Eligible For Free Or Reduced Price Meals",1813,79.1,1810,76.8,805,80.2
"Simsbury School District","=""1280011""","Race/Ethnicity","American Indian or Alaska Native","*","*","*","*","N/A","N/A"
"Simsbury School District","=""1280011""","Race/Ethnicity","Asian",146,81.1,146,85.6,60,86.2
"Simsbury School District","=""1280011""","Race/Ethnicity","Black or African American","*","*","*","*",46,63.1
"Simsbury School District","=""1280011""","Race/Ethnicity","Hispanic or Latino",246,70.1,246,66.8,91,70.6
"Simsbury School District","=""1280011""","Race/Ethnicity","Two or More Races",126,78.4,126,76.4,53,83.1
"Simsbury School District","=""1280011""","Race/Ethnicity","White",1506,78.6,1503,75.9,683,79.5
"Simsbury School District","=""1280011""","Special Education Status (SWD)","Students with Disabilities",341,56.9,339,52.2,158,59.3
"Simsbury School District","=""1280011""","Special Education Status (SWD)","Students without Disabilities",1804,80.6,1803,78.6,775,82.4
"Somers School District","=""1290011""","All Students","District",702,71.0,702,66.0,310,68.0
"Somers School District","=""1290011""","English Language Learners (EL)","English Learners",11,"*",11,"*","*","*"
"Somers School District","=""1290011""","English Language Learners (EL)","Not English Learners",691,71.1,691,66.1,"*","*"
"Somers School District","=""1290011""","Gender","Female","*","*","*","*",157,68.2
"Somers School District","=""1290011""","Gender","Male",353,69.3,353,66.8,"*","*"
"Somers School District","=""1290011""","Gender","Non-Binary","*","*","*","*","*","*"
"Somers School District","=""1290011""","Grade","03",95,72.2,95,68.6,"N/A","N/A"
"Somers School District","=""1290011""","Grade","04",104,72.7,104,69.5,"N/A","N/A"
"Somers School District","=""1290011""","Grade","05",104,72.6,104,71.8,104,71.1
"Somers School District","=""1290011""","Grade","06",105,74.0,105,62.1,"N/A","N/A"
"Somers School District","=""1290011""","Grade","07",86,77.0,86,71.0,"N/A","N/A"
"Somers School District","=""1290011""","Grade","08",107,71.6,107,64.1,107,73.1
"Somers School District","=""1290011""","Grade","11",101,57.4,101,56.0,99,59.1
"Somers School District","=""1290011""","High Needs (F/R, EL or SWD)","High Needs",160,58.7,160,52.0,68,52.2
"Somers School District","=""1290011""","High Needs (F/R, EL or SWD)","Not High Needs",542,74.6,542,70.2,242,72.4
"Somers School District","=""1290011""","Free/Reduced Price Meal Eligibility (2-level)","Eligible For Free Or Reduced Price Meals",62,64.2,62,58.3,29,58.1
"Somers School District","=""1290011""","Free/Reduced Price Meal Eligibility (2-level)","Not Eligible For Free Or Reduced Price Meals",640,71.6,640,66.8,281,69.0
"Somers School District","=""1290011""","Race/Ethnicity","American Indian or Alaska Native","*","*","*","*","N/A","N/A"
"Somers School District","=""1290011""","Race/Ethnicity","Asian","*","*","*","*","*","*"
"Somers School District","=""1290011""","Race/Ethnicity","Black or African American",18,"*",18,"*",11,"*"
"Somers School District","=""1290011""","Race/Ethnicity","Hispanic or Latino",38,67.2,38,56.1,15,"*"
"Somers School District","=""1290011""","Race/Ethnicity","Two or More Races",10,"*",10,"*","*","*"
"Somers School District","=""1290011""","Race/Ethnicity","White",627,71.7,627,67.1,274,68.8
"Somers School District","=""1290011""","Special Education Status (SWD)","Students with Disabilities",112,54.4,112,46.7,45,48.2
"Somers School District","=""1290011""","Special Education Status (SWD)","Students without Disabilities",590,74.1,590,69.7,265,71.3
"Southington School District","=""1310011""","All Students","District",3207,70.4,3201,68.8,1396,69.9
"Southington School District","=""1310011""","English Language Learners (EL)","English Learners",148,63.5,148,61.9,42,57.8
"Southington School District","=""1310011""","English Language Learners (EL)","Not English Learners",3059,70.7,3053,69.1,1354,70.2
"Southington School District","=""1310011""","Gender","Female","*","*","*","*","*","*"
"Southington School District","=""1310011""","Gender","Male",1622,68.8,1619,70.1,717,70.7
"Southington School District","=""1310011""","Gender","Non-Binary","*","*","*","*","*","*"
"Southington School District","=""1310011""","Grade","03",481,73.8,481,71.4,"N/A","N/A"
"Southington School District","=""1310011""","Grade","04",438,77.1,438,77.1,"N/A","N/A"
"Southington School District","=""1310011""","Grade","05",435,73.2,435,73.1,434,73.1
"Southington School District","=""1310011""","Grade","06",439,73.7,436,69.1,"N/A","N/A"
"Southington School District","=""1310011""","Grade","07",451,72.9,451,70.0,"N/A","N/A"
"Southington School District","=""1310011""","Grade","08",508,66.5,505,65.4,503,71.1
"Southington School District","=""1310011""","Grade","11",455,56.3,455,56.3,459,65.5
"Southington School District","=""1310011""","High Needs (F/R, EL or SWD)","High Needs",1113,61.0,1107,58.0,467,59.2
"Southington School District","=""1310011""","High Needs (F/R, EL or SWD)","Not High Needs",2094,75.4,2094,74.5,929,75.2
"Southington School District","=""1310011""","Free/Reduced Price Meal Eligibility (2-level)","Eligible For Free Or Reduced Price Meals",768,64.1,765,60.4,305,62.1
"Southington School District","=""1310011""","Free/Reduced Price Meal Eligibility (2-level)","Not Eligible For Free Or Reduced Price Meals",2439,72.4,2436,71.4,1091,72.0
"Southington School District","=""1310011""","Race/Ethnicity","American Indian or Alaska Native","*","*","*","*","*","*"
"Southington School District","=""1310011""","Race/Ethnicity","Asian",146,74.9,146,76.2,66,77.9
"Southington School District","=""1310011""","Race/Ethnicity","Black or African American",82,62.0,82,55.4,35,57.6
"Southington School District","=""1310011""","Race/Ethnicity","Hispanic or Latino",386,63.4,385,58.8,142,62.0
"Southington School District","=""1310011""","Race/Ethnicity","Native Hawaiian or Other Pacific Islander","*","*","*","*","*","*"
"Southington School District","=""1310011""","Race/Ethnicity","Two or More Races",163,72.8,163,69.7,48,72.7
"Southington School District","=""1310011""","Race/Ethnicity","White",2422,71.4,2418,70.3,1101,70.7
"Southington School District","=""1310011""","Special Education Status (SWD)","Students with Disabilities",501,50.3,498,46.4,229,50.8
"Southington School District","=""1310011""","Special Education Status (SWD)","Students without Disabilities",2706,74.1,2703,72.9,1167,73.6
"South Windsor School District","=""1320011""","All Students","District",2591,74.9,2575,73.9,1076,74.8
"South Windsor School District","=""1320011""","English Language Learners (EL)","English Learners",355,72.1,351,74.1,121,70.9
"South Windsor School District","=""1320011""","English Language Learners (EL)","Not English Learners",2236,75.3,2224,73.9,955,75.3
"South Windsor School District","=""1320011""","Gender","Female","*","*","*","*","*","*"
"South Windsor School District","=""1320011""","Gender","Male",1333,73.1,1323,74.8,575,75.7
"South Windsor School District","=""1320011""","Gender","Non-Binary","*","*","*","*","*","*"
"South Windsor School District","=""1320011""","Grade","03",385,76.4,383,75.9,"N/A","N/A"
"South Windsor School District","=""1320011""","Grade","04",394,82.8,391,81.8,"N/A","N/A"
"South Windsor School District","=""1320011""","Grade","05",386,78.9,386,79.2,386,79.7
"South Windsor School District","=""1320011""","Grade","06",362,76.5,359,73.7,"N/A","N/A"
"South Windsor School District","=""1320011""","Grade","07",374,75.9,370,73.0,"N/A","N/A"
"South Windsor School District","=""1320011""","Grade","08",380,70.3,376,67.9,378,70.7
"South Windsor School District","=""1320011""","Grade","11",310,60.6,310,63.4,312,73.6
"South Windsor School District","=""1320011""","High Needs (F/R, EL or SWD)","High Needs",883,63.3,873,61.8,350,62.4
"South Windsor School District","=""1320011""","High Needs (F/R, EL or SWD)","Not High Needs",1708,80.9,1702,80.1,726,80.7
"South Windsor School District","=""1320011""","Free/Reduced Price Meal Eligibility (2-level)","Eligible For Free Or Reduced Price Meals",426,60.8,423,57.1,175,60.2
"South Windsor School District","=""1320011""","Free/Reduced Price Meal Eligibility (2-level)","Not Eligible For Free Or Reduced Price Meals",2165,77.7,2152,77.2,901,77.6
"South Windsor School District","=""1320011""","Race/Ethnicity","American Indian or Alaska Native","*","*","*","*","*","*"
"South Windsor School District","=""1320011""","Race/Ethnicity","Asian",826,83.1,821,86.2,314,83.6
"South Windsor School District","=""1320011""","Race/Ethnicity","Black or African American",141,61.1,141,54.7,59,54.0
"South Windsor School District","=""1320011""","Race/Ethnicity","Hispanic or Latino",263,63.9,259,59.3,107,59.3
"South Windsor School District","=""1320011""","Race/Ethnicity","Native Hawaiian or Other Pacific Islander","*","*","*","*","*","*"
"South Windsor School District","=""1320011""","Race/Ethnicity","Two or More Races",128,71.0,128,69.4,46,70.5
"South Windsor School District","=""1320011""","Race/Ethnicity","White",1230,73.7,1223,71.5,548,75.3
"South Windsor School District","=""1320011""","Special Education Status (SWD)","Students with Disabilities",309,48.0,303,44.6,135,49.5
"South Windsor School District","=""1320011""","Special Education Status (SWD)","Students without Disabilities",2282,78.5,2272,77.8,941,78.4
"Sprague School District","=""1330011""","All Students","District",160,56.1,160,51.0,57,59.4
"Sprague School District","=""1330011""","English Language Learners (EL)","English Learners","*","*","*","*","*","*"
"Sprague School District","=""1330011""","English Language Learners (EL)","Not English Learners","*","*","*","*","*","*"
"Sprague School District","=""1330011""","Gender","Female","*","*","*","*","*","*"
"Sprague School District","=""1330011""","Gender","Male",92,54.0,92,51.7,35,58.5
"Sprague School District","=""1330011""","Gender","Non-Binary","*","*","*","*","*","*"
"Sprague School District","=""1330011""","Grade","03",25,59.9,25,50.7,"N/A","N/A"
"Sprague School District","=""1330011""","Grade","04",22,58.9,22,57.1,"N/A","N/A"
"Sprague School District","=""1330011""","Grade","05",30,56.6,30,54.0,28,62.2
"Sprague School District","=""1330011""","Grade","06",31,57.4,31,47.7,"N/A","N/A"
"Sprague School District","=""1330011""","Grade","07","*","*","*","*","N/A","N/A"
"Sprague School District","=""1330011""","Grade","08",30,55.5,30,50.5,28,57.9
"Sprague School District","=""1330011""","Grade","11","*","*","*","*","*","*"
"Sprague School District","=""1330011""","High Needs (F/R, EL or SWD)","High Needs",97,53.3,97,47.2,29,54.5
"Sprague School District","=""1330011""","High Needs (F/R, EL or SWD)","Not High Needs",63,60.3,63,56.9,28,64.6
"Sprague School District","=""1330011""","Free/Reduced Price Meal Eligibility (2-level)","Eligible For Free Or Reduced Price Meals",88,53.2,88,47.0,27,53.1
"Sprague School District","=""1330011""","Free/Reduced Price Meal Eligibility (2-level)","Not Eligible For Free Or Reduced Price Meals",72,59.6,72,55.9,30,65.1
"Sprague School District","=""1330011""","Race/Ethnicity","American Indian or Alaska Native","*","*","*","*","*","*"
"Sprague School District","=""1330011""","Race/Ethnicity","Asian","*","*","*","*","N/A","N/A"
"Sprague School District","=""1330011""","Race/Ethnicity","Black or African American","*","*","*","*","*","*"
"Sprague School District","=""1330011""","Race/Ethnicity","Hispanic or Latino",25,52.8,25,44.1,7,"*"
"Sprague School District","=""1330011""","Race/Ethnicity","Native Hawaiian or Other Pacific Islander","*","*","*","*","*","*"
"Sprague School District","=""1330011""","Race/Ethnicity","Two or More Races",23,49.4,23,43.2,9,"*"
"Sprague School District","=""1330011""","Race/Ethnicity","White",103,58.4,103,54.8,38,64.0
"Sprague School District","=""1330011""","Special Education Status (SWD)","Students with Disabilities",27,41.8,27,36.3,9,"*"
"Sprague School District","=""1330011""","Special Education Status (SWD)","Students without Disabilities",133,59.0,133,54.0,48,62.3
"Stafford School District","=""1340011""","All Students","District",692,64.8,689,61.3,313,65.8
"Stafford School District","=""1340011""","English Language Learners (EL)","English Learners",8,"*",8,"*","*","*"
"Stafford School District","=""1340011""","English Language Learners (EL)","Not English Learners",684,64.9,681,61.4,"*","*"
"Stafford School District","=""1340011""","Gender","Female","*","*","*","*",161,61.3
"Stafford School District","=""1340011""","Gender","Male",345,63.6,344,63.0,"*","*"
"Stafford School District","=""1340011""","Gender","Non-Binary","*","*","*","*","*","*"
"Stafford School District","=""1340011""","Grade","03",83,64.4,83,61.0,"N/A","N/A"
"Stafford School District","=""1340011""","Grade","04",97,69.9,97,68.1,"N/A","N/A"
"Stafford School District","=""1340011""","Grade","05",97,69.8,96,68.0,97,68.5
"Stafford School District","=""1340011""","Grade","06",94,65.5,92,58.5,"N/A","N/A"
"Stafford School District","=""1340011""","Grade","07",104,69.2,103,61.6,"N/A","N/A"
"Stafford School District","=""1340011""","Grade","08",119,58.5,120,55.8,118,63.0
"Stafford School District","=""1340011""","Grade","11",98,57.5,98,57.4,98,66.7
"Stafford School District","=""1340011""","High Needs (F/R, EL or SWD)","High Needs",340,59.4,337,56.0,151,59.9
"Stafford School District","=""1340011""","High Needs (F/R, EL or SWD)","Not High Needs",352,70.0,352,66.4,162,71.4
"Stafford School District","=""1340011""","Free/Reduced Price Meal Eligibility (2-level)","Eligible For Free Or Reduced Price Meals",268,62.4,266,58.1,128,62.6
"Stafford School District","=""1340011""","Free/Reduced Price Meal Eligibility (2-level)","Not Eligible For Free Or Reduced Price Meals",424,66.3,423,63.3,185,68.1
"Stafford School District","=""1340011""","Race/Ethnicity","American Indian or Alaska Native","*","*","*","*","N/A","N/A"
"Stafford School District","=""1340011""","Race/Ethnicity","Asian","*","*","*","*","*","*"
"Stafford School District","=""1340011""","Race/Ethnicity","Black or African American","*","*","*","*","*","*"
"Stafford School District","=""1340011""","Race/Ethnicity","Hispanic or Latino",64,64.7,63,60.4,28,60.5
"Stafford School District","=""1340011""","Race/Ethnicity","Two or More Races",29,66.0,29,60.4,9,"*"
"Stafford School District","=""1340011""","Race/Ethnicity","White",590,64.8,588,61.5,272,66.1
"Stafford School District","=""1340011""","Special Education Status (SWD)","Students with Disabilities",144,49.3,142,45.4,54,50.3
"Stafford School District","=""1340011""","Special Education Status (SWD)","Students without Disabilities",548,68.9,547,65.4,259,69.1
"Stamford School District","=""1350011""","All Students","District",7992,58.5,7971,54.4,3296,56.0
"Stamford School District","=""1350011""","English Language Learners (EL)","English Learners",1474,43.1,1473,40.1,591,42.2
"Stamford School District","=""1350011""","English Language Learners (EL)","Not English Learners",6518,61.9,6498,57.6,2705,59.0
"Stamford School District","=""1350011""","Gender","Female",3843,60.5,3835,53.9,"*","*"
"Stamford School District","=""1350011""","Gender","Male",4149,56.5,4136,54.8,1727,56.2
"Stamford School District","=""1350011""","Gender","Non-Binary",0,"N/A",0,"N/A","*","*"
"Stamford School District","=""1350011""","Grade","03",1181,59.5,1178,56.4,"N/A","N/A"
"Stamford School District","=""1350011""","Grade","04",1172,64.2,1170,62.6,"N/A","N/A"
"Stamford School District","=""1350011""","Grade","05",1138,61.4,1137,61.5,1133,62.1
"Stamford School District","=""1350011""","Grade","06",1163,58.6,1160,50.0,"N/A","N/A"
"Stamford School District","=""1350011""","Grade","07",1152,58.0,1147,51.3,"N/A","N/A"
"Stamford School District","=""1350011""","Grade","08",1178,54.4,1171,47.7,1171,54.8
"Stamford School District","=""1350011""","Grade","11",1008,52.5,1008,50.7,992,50.4
"Stamford School District","=""1350011""","High Needs (F/R, EL or SWD)","High Needs",5211,50.8,5192,46.3,2097,49.1
"Stamford School District","=""1350011""","High Needs (F/R, EL or SWD)","Not High Needs",2781,72.8,2779,69.3,1199,68.1
"Stamford School District","=""1350011""","Free/Reduced Price Meal Eligibility (2-level)","Eligible For Free Or Reduced Price Meals",4251,52.5,4240,47.9,1712,50.4
"Stamford School District","=""1350011""","Free/Reduced Price Meal Eligibility (2-level)","Not Eligible For Free Or Reduced Price Meals",3741,65.2,3731,61.8,1584,62.1
"Stamford School District","=""1350011""","Race/Ethnicity","American Indian or Alaska Native",9,"*",9,"*","*","*"
"Stamford School District","=""1350011""","Race/Ethnicity","Asian",514,73.6,514,72.7,229,69.6
"Stamford School District","=""1350011""","Race/Ethnicity","Black or African American",1053,51.6,1046,44.1,477,48.0
"Stamford School District","=""1350011""","Race/Ethnicity","Hispanic or Latino",4007,52.4,4001,48.4,1574,50.2
"Stamford School District","=""1350011""","Race/Ethnicity","Native Hawaiian or Other Pacific Islander",8,"*",8,"*","*","*"
"Stamford School District","=""1350011""","Race/Ethnicity","Two or More Races",282,64.6,281,59.3,84,61.8
"Stamford School District","=""1350011""","Race/Ethnicity","White",2119,68.8,2112,65.5,925,65.9
"Stamford School District","=""1350011""","Special Education Status (SWD)","Students with Disabilities",1345,40.0,1334,34.1,535,38.9
"Stamford School District","=""1350011""","Special Education Status (SWD)","Students without Disabilities",6647,62.2,6637,58.4,2761,59.3
"Sterling School District","=""1360011""","All Students","District",189,59.7,189,51.4,56,66.0
"Sterling School District","=""1360011""","English Language Learners (EL)","English Learners","*","*","*","*","*","*"
"Sterling School District","=""1360011""","English Language Learners (EL)","Not English Learners","*","*","*","*","*","*"
"Sterling School District","=""1360011""","Gender","Female",91,58.5,91,48.3,25,69.0
"Sterling School District","=""1360011""","Gender","Male",98,60.9,98,54.2,31,63.6
"Sterling School District","=""1360011""","Grade","03",35,57.2,35,55.6,"N/A","N/A"
"Sterling School District","=""1360011""","Grade","04",25,62.0,25,63.6,"N/A","N/A"
"Sterling School District","=""1360011""","Grade","05","*","*","*","*","*","*"
"Sterling School District","=""1360011""","Grade","06",33,56.8,33,41.7,"N/A","N/A"
"Sterling School District","=""1360011""","Grade","07",40,58.6,40,40.9,"N/A","N/A"
"Sterling School District","=""1360011""","Grade","08",32,60.8,32,46.1,32,61.2
"Sterling School District","=""1360011""","Grade","11","*","*","*","*","*","*"
"Sterling School District","=""1360011""","High Needs (F/R, EL or SWD)","High Needs",90,52.9,90,46.3,23,59.1
"Sterling School District","=""1360011""","High Needs (F/R, EL or SWD)","Not High Needs",99,65.9,99,56.1,33,70.8
"Sterling School District","=""1360011""","Free/Reduced Price Meal Eligibility (2-level)","Eligible For Free Or Reduced Price Meals",77,54.5,77,46.7,18,"*"
"Sterling School District","=""1360011""","Free/Reduced Price Meal Eligibility (2-level)","Not Eligible For Free Or Reduced Price Meals",112,63.3,112,54.6,38,67.1
"Sterling School District","=""1360011""","Race/Ethnicity","American Indian or Alaska Native","*","*","*","*","N/A","N/A"
"Sterling School District","=""1360011""","Race/Ethnicity","Asian","*","*","*","*","N/A","N/A"
"Sterling School District","=""1360011""","Race/Ethnicity","Black or African American","*","*","*","*","*","*"
"Sterling School District","=""1360011""","Race/Ethnicity","Hispanic or Latino",19,"*",19,"*",7,"*"
"Sterling School District","=""1360011""","Race/Ethnicity","Two or More Races",18,"*",18,"*","*","*"
"Sterling School District","=""1360011""","Race/Ethnicity","White",146,59.8,146,51.7,43,66.1
"Sterling School District","=""1360011""","Special Education Status (SWD)","Students with Disabilities",34,41.6,34,36.3,10,"*"
"Sterling School District","=""1360011""","Special Education Status (SWD)","Students without Disabilities",155,63.7,155,54.7,46,70.0
"Stonington School District","=""1370011""","All Students","District",875,74.5,875,71.9,389,74.1
"Stonington School District","=""1370011""","English Language Learners (EL)","English Learners",10,"*",10,"*","*","*"
"Stonington School District","=""1370011""","English Language Learners (EL)","Not English Learners",865,74.5,865,71.9,"*","*"
"Stonington School District","=""1370011""","Gender","Female",442,77.0,442,71.0,"*","*"
"Stonington School District","=""1370011""","Gender","Male","*","*","*","*",197,75.1
"Stonington School District","=""1370011""","Gender","Non-Binary","*","*","*","*","*","*"
"Stonington School District","=""1370011""","Grade","03",118,80.1,118,75.4,"N/A","N/A"
"Stonington School District","=""1370011""","Grade","04",125,82.3,125,81.4,"N/A","N/A"
"Stonington School District","=""1370011""","Grade","05",139,81.0,139,81.7,139,77.8
"Stonington School District","=""1370011""","Grade","06",113,73.6,113,70.2,"N/A","N/A"
"Stonington School District","=""1370011""","Grade","07",125,74.4,125,70.8,"N/A","N/A"
"Stonington School District","=""1370011""","Grade","08",121,68.9,121,66.0,121,66.7
"Stonington School District","=""1370011""","Grade","11",134,61.5,134,57.7,129,77.0
"Stonington School District","=""1370011""","High Needs (F/R, EL or SWD)","High Needs",300,63.7,300,60.5,124,61.5
"Stonington School District","=""1370011""","High Needs (F/R, EL or SWD)","Not High Needs",575,80.1,575,77.9,265,80.0
"Stonington School District","=""1370011""","Free/Reduced Price Meal Eligibility (2-level)","Eligible For Free Or Reduced Price Meals",229,65.9,229,62.4,94,62.8
"Stonington School District","=""1370011""","Free/Reduced Price Meal Eligibility (2-level)","Not Eligible For Free Or Reduced Price Meals",646,77.6,646,75.3,295,77.7
"Stonington School District","=""1370011""","Race/Ethnicity","American Indian or Alaska Native","*","*","*","*","*","*"
"Stonington School District","=""1370011""","Race/Ethnicity","Asian",19,"*",19,"*",12,"*"
"Stonington School District","=""1370011""","Race/Ethnicity","Black or African American",7,"*",7,"*","*","*"
"Stonington School District","=""1370011""","Race/Ethnicity","Hispanic or Latino",61,66.3,61,62.2,21,64.4
"Stonington School District","=""1370011""","Race/Ethnicity","Native Hawaiian or Other Pacific Islander","*","*","*","*","*","*"
"Stonington School District","=""1370011""","Race/Ethnicity","Two or More Races",57,71.4,57,66.4,23,67.4
"Stonington School District","=""1370011""","Race/Ethnicity","White",727,75.3,727,73.1,326,75.2
"Stonington School District","=""1370011""","Special Education Status (SWD)","Students with Disabilities",108,51.9,108,48.8,41,50.0
"Stonington School District","=""1370011""","Special Education Status (SWD)","Students without Disabilities",767,77.7,767,75.2,348,76.9
"Stratford School District","=""1380011""","All Students","District",3426,59.0,3398,52.8,1521,55.7
"Stratford School District","=""1380011""","English Language Learners (EL)","English Learners",385,51.8,382,46.3,132,49.4
"Stratford School District","=""1380011""","English Language Learners (EL)","Not English Learners",3041,59.9,3016,53.6,1389,56.3
"Stratford School District","=""1380011""","Gender","Female","*","*","*","*","*","*"
"Stratford School District","=""1380011""","Gender","Male",1755,57.0,1737,53.3,788,54.7
"Stratford School District","=""1380011""","Gender","Non-Binary","*","*","*","*","*","*"
"Stratford School District","=""1380011""","Grade","03",447,61.7,447,55.4,"N/A","N/A"
"Stratford School District","=""1380011""","Grade","04",464,67.0,462,59.2,"N/A","N/A"
"Stratford School District","=""1380011""","Grade","05",475,61.1,475,59.5,475,62.7
"Stratford School District","=""1380011""","Grade","06",499,65.0,497,55.1,"N/A","N/A"
"Stratford School District","=""1380011""","Grade","07",497,56.4,495,47.7,"N/A","N/A"
"Stratford School District","=""1380011""","Grade","08",513,54.3,491,45.6,514,53.5
"Stratford School District","=""1380011""","Grade","11",531,49.2,531,48.4,532,51.5
"Stratford School District","=""1380011""","High Needs (F/R, EL or SWD)","High Needs",2030,53.6,2008,47.6,854,50.2
"Stratford School District","=""1380011""","High Needs (F/R, EL or SWD)","Not High Needs",1396,66.9,1390,60.3,667,62.6
"Stratford School District","=""1380011""","Free/Reduced Price Meal Eligibility (2-level)","Eligible For Free Or Reduced Price Meals",1693,54.8,1673,48.6,699,51.2
"Stratford School District","=""1380011""","Free/Reduced Price Meal Eligibility (2-level)","Not Eligible For Free Or Reduced Price Meals",1733,63.1,1725,56.9,822,59.5
"Stratford School District","=""1380011""","Race/Ethnicity","American Indian or Alaska Native","*","*","*","*","*","*"
"Stratford School District","=""1380011""","Race/Ethnicity","Asian",75,70.4,75,66.7,31,64.9
"Stratford School District","=""1380011""","Race/Ethnicity","Black or African American",876,54.7,867,47.9,396,50.6
"Stratford School District","=""1380011""","Race/Ethnicity","Hispanic or Latino",1377,56.4,1368,49.8,578,53.4
"Stratford School District","=""1380011""","Race/Ethnicity","Native Hawaiian or Other Pacific Islander","*","*","*","*","*","*"
"Stratford School District","=""1380011""","Race/Ethnicity","Two or More Races",127,64.5,126,56.5,49,60.6
"Stratford School District","=""1380011""","Race/Ethnicity","White",957,65.1,948,60.0,460,61.3
"Stratford School District","=""1380011""","Special Education Status (SWD)","Students with Disabilities",615,41.7,602,36.7,251,41.3
"Stratford School District","=""1380011""","Special Education Status (SWD)","Students without Disabilities",2811,62.8,2796,56.3,1270,58.5
"Suffield School District","=""1390011""","All Students","District",1055,69.5,1053,67.7,470,71.9
"Suffield School District","=""1390011""","English Language Learners (EL)","English Learners",52,64.3,52,64.6,14,"*"
"Suffield School District","=""1390011""","English Language Learners (EL)","Not English Learners",1003,69.7,1001,67.9,456,72.1
"Suffield School District","=""1390011""","Gender","Female","*","*","*","*",242,72.0
"Suffield School District","=""1390011""","Gender","Male",530,67.5,530,68.9,"*","*"
"Suffield School District","=""1390011""","Gender","Non-Binary","*","*","*","*","*","*"
"Suffield School District","=""1390011""","Grade","03",150,72.2,149,68.6,"N/A","N/A"
"Suffield School District","=""1390011""","Grade","04",142,70.5,142,66.4,"N/A","N/A"
"Suffield School District","=""1390011""","Grade","05",133,75.3,132,73.7,133,74.2
"Suffield School District","=""1390011""","Grade","06",145,75.7,145,71.5,"N/A","N/A"
"Suffield School District","=""1390011""","Grade","07",146,69.1,146,66.9,"N/A","N/A"
"Suffield School District","=""1390011""","Grade","08",146,67.3,146,72.9,147,77.0
"Suffield School District","=""1390011""","Grade","11",193,60.0,193,57.8,190,66.2
"Suffield School District","=""1390011""","High Needs (F/R, EL or SWD)","High Needs",310,59.0,310,55.9,136,59.9
"Suffield School District","=""1390011""","High Needs (F/R, EL or SWD)","Not High Needs",745,73.8,743,72.7,334,76.7
"Suffield School District","=""1390011""","Free/Reduced Price Meal Eligibility (2-level)","Eligible For Free Or Reduced Price Meals",167,61.2,167,58.1,80,63.8
"Suffield School District","=""1390011""","Free/Reduced Price Meal Eligibility (2-level)","Not Eligible For Free Or Reduced Price Meals",888,71.0,886,69.5,390,73.5
"Suffield School District","=""1390011""","Race/Ethnicity","American Indian or Alaska Native","*","*","*","*","*","*"
"Suffield School District","=""1390011""","Race/Ethnicity","Asian",52,78.9,52,79.6,24,85.3
"Suffield School District","=""1390011""","Race/Ethnicity","Black or African American",46,56.5,46,50.3,22,51.7
"Suffield School District","=""1390011""","Race/Ethnicity","Hispanic or Latino",93,62.7,93,59.2,47,62.4
"Suffield School District","=""1390011""","Race/Ethnicity","Native Hawaiian or Other Pacific Islander","*","*","*","*","*","*"
"Suffield School District","=""1390011""","Race/Ethnicity","Two or More Races",7,"*",6,"*","*","*"
"Suffield School District","=""1390011""","Race/Ethnicity","White",855,70.4,854,68.9,374,73.4
"Suffield School District","=""1390011""","Special Education Status (SWD)","Students with Disabilities",158,50.6,158,46.7,73,51.4
"Suffield School District","=""1390011""","Special Education Status (SWD)","Students without Disabilities",897,72.8,895,71.4,397,75.6
"Thomaston School District","=""1400011""","All Students","District",423,63.9,421,59.9,166,61.9
"Thomaston School District","=""1400011""","English Language Learners (EL)","English Learners",13,"*",13,"*","*","*"
"Thomaston School District","=""1400011""","English Language Learners (EL)","Not English Learners",410,64.2,408,59.9,"*","*"
"Thomaston School District","=""1400011""","Gender","Female",211,65.9,209,59.6,90,61.7
"Thomaston School District","=""1400011""","Gender","Male",212,61.9,212,60.2,76,62.2
"Thomaston School District","=""1400011""","Grade","03",69,64.6,69,58.3,"N/A","N/A"
"Thomaston School District","=""1400011""","Grade","04",62,73.8,62,73.8,"N/A","N/A"
"Thomaston School District","=""1400011""","Grade","05",59,67.9,58,64.1,59,72.0
"Thomaston School District","=""1400011""","Grade","06",62,63.7,62,56.1,"N/A","N/A"
"Thomaston School District","=""1400011""","Grade","07",64,65.3,63,61.8,"N/A","N/A"
"Thomaston School District","=""1400011""","Grade","08",65,54.5,65,53.3,65,59.0
"Thomaston School District","=""1400011""","Grade","11",42,55.5,42,49.0,42,52.3
"Thomaston School District","=""1400011""","High Needs (F/R, EL or SWD)","High Needs",180,56.6,178,52.3,62,54.3
"Thomaston School District","=""1400011""","High Needs (F/R, EL or SWD)","Not High Needs",243,69.3,243,65.4,104,66.5
"Thomaston School District","=""1400011""","Free/Reduced Price Meal Eligibility (2-level)","Eligible For Free Or Reduced Price Meals",147,58.5,146,52.9,52,56.9
"Thomaston School District","=""1400011""","Free/Reduced Price Meal Eligibility (2-level)","Not Eligible For Free Or Reduced Price Meals",276,66.8,275,63.5,114,64.2
"Thomaston School District","=""1400011""","Race/Ethnicity","Asian",7,"*",7,"*","*","*"
"Thomaston School District","=""1400011""","Race/Ethnicity","Black or African American",6,"*",6,"*","*","*"
"Thomaston School District","=""1400011""","Race/Ethnicity","Hispanic or Latino",34,57.9,33,55.7,10,"*"
"Thomaston School District","=""1400011""","Race/Ethnicity","Two or More Races",18,"*",18,"*",9,"*"
"Thomaston School District","=""1400011""","Race/Ethnicity","White",358,64.8,357,60.5,145,62.7
"Thomaston School District","=""1400011""","Special Education Status (SWD)","Students with Disabilities",58,46.0,56,44.4,18,"*"
"Thomaston School District","=""1400011""","Special Education Status (SWD)","Students without Disabilities",365,66.8,365,62.2,148,64.4
"Thompson School District","=""1410011""","All Students","District",454,60.3,450,57.9,197,59.1
"Thompson School District","=""1410011""","English Language Learners (EL)","English Learners","*","*","*","*","*","*"
"Thompson School District","=""1410011""","English Language Learners (EL)","Not English Learners","*","*","*","*","*","*"
"Thompson School District","=""1410011""","Gender","Female",224,64.3,222,59.4,93,62.9
"Thompson School District","=""1410011""","Gender","Male",230,56.4,228,56.5,104,55.7
"Thompson School District","=""1410011""","Grade","03",60,70.4,60,70.2,"N/A","N/A"
"Thompson School District","=""1410011""","Grade","04",70,67.6,70,68.1,"N/A","N/A"
"Thompson School District","=""1410011""","Grade","05",78,60.8,76,58.0,78,66.2
"Thompson School District","=""1410011""","Grade","06",63,60.5,62,56.0,"N/A","N/A"
"Thompson School District","=""1410011""","Grade","07",62,56.2,61,52.4,"N/A","N/A"
"Thompson School District","=""1410011""","Grade","08",72,53.5,72,51.8,69,56.1
"Thompson School District","=""1410011""","Grade","11",49,51.7,49,46.6,50,52.2
"Thompson School District","=""1410011""","High Needs (F/R, EL or SWD)","High Needs",246,56.3,242,54.7,98,54.0
"Thompson School District","=""1410011""","High Needs (F/R, EL or SWD)","Not High Needs",208,65.1,208,61.7,99,64.2
"Thompson School District","=""1410011""","Free/Reduced Price Meal Eligibility (2-level)","Eligible For Free Or Reduced Price Meals",204,56.7,200,55.4,81,54.4
"Thompson School District","=""1410011""","Free/Reduced Price Meal Eligibility (2-level)","Not Eligible For Free Or Reduced Price Meals",250,63.2,250,60.0,116,62.4
"Thompson School District","=""1410011""","Race/Ethnicity","Asian","*","*","*","*","*","*"
"Thompson School District","=""1410011""","Race/Ethnicity","Black or African American","*","*","*","*","N/A","N/A"
"Thompson School District","=""1410011""","Race/Ethnicity","Hispanic or Latino",41,50.6,41,49.4,21,47.1
"Thompson School District","=""1410011""","Race/Ethnicity","Two or More Races",14,"*",14,"*","*","*"
"Thompson School District","=""1410011""","Race/Ethnicity","White",390,60.6,386,58.2,165,59.2
"Thompson School District","=""1410011""","Special Education Status (SWD)","Students with Disabilities",81,49.4,80,48.0,26,46.9
"Thompson School District","=""1410011""","Special Education Status (SWD)","Students without Disabilities",373,62.7,370,60.1,171,61.0
"Tolland School District","=""1420011""","All Students","District",1124,72.0,1122,73.0,519,71.4
"Tolland School District","=""1420011""","English Language Learners (EL)","English Learners",30,67.5,30,67.6,12,"*"
"Tolland School District","=""1420011""","English Language Learners (EL)","Not English Learners",1094,72.1,1092,73.1,507,71.6
"Tolland School District","=""1420011""","Gender","Female","*","*","*","*","*","*"
"Tolland School District","=""1420011""","Gender","Male",575,69.9,575,73.1,265,70.3
"Tolland School District","=""1420011""","Gender","Non-Binary","*","*","*","*","*","*"
"Tolland School District","=""1420011""","Grade","03",160,75.7,160,76.7,"N/A","N/A"
"Tolland School District","=""1420011""","Grade","04",140,78.1,140,81.3,"N/A","N/A"
"Tolland School District","=""1420011""","Grade","05",146,75.1,145,78.8,146,75.5
"Tolland School District","=""1420011""","Grade","06",156,76.1,156,71.7,"N/A","N/A"
"Tolland School District","=""1420011""","Grade","07",149,69.1,149,66.8,"N/A","N/A"
"Tolland School District","=""1420011""","Grade","08",191,69.2,190,72.9,191,70.0
"Tolland School District","=""1420011""","Grade","11",182,63.2,182,64.9,182,69.5
"Tolland School District","=""1420011""","High Needs (F/R, EL or SWD)","High Needs",313,59.4,312,58.6,132,53.3
"Tolland School District","=""1420011""","High Needs (F/R, EL or SWD)","Not High Needs",811,76.8,810,78.5,387,77.5
"Tolland School District","=""1420011""","Free/Reduced Price Meal Eligibility (2-level)","Eligible For Free Or Reduced Price Meals",178,64.7,178,63.8,73,57.9
"Tolland School District","=""1420011""","Free/Reduced Price Meal Eligibility (2-level)","Not Eligible For Free Or Reduced Price Meals",946,73.3,944,74.7,446,73.6
"Tolland School District","=""1420011""","Race/Ethnicity","American Indian or Alaska Native","*","*","*","*","N/A","N/A"
"Tolland School District","=""1420011""","Race/Ethnicity","Asian",37,78.0,37,80.1,22,79.0
"Tolland School District","=""1420011""","Race/Ethnicity","Black or African American","*","*","*","*",12,"*"
"Tolland School District","=""1420011""","Race/Ethnicity","Hispanic or Latino",116,67.1,116,65.8,48,65.7
"Tolland School District","=""1420011""","Race/Ethnicity","Two or More Races",35,72.9,35,72.3,12,"*"
"Tolland School District","=""1420011""","Race/Ethnicity","White",903,72.5,901,73.9,425,71.8
"Tolland School District","=""1420011""","Special Education Status (SWD)","Students with Disabilities",169,50.6,168,49.1,75,45.0
"Tolland School District","=""1420011""","Special Education Status (SWD)","Students without Disabilities",955,75.7,954,77.2,444,75.8
"Torrington School District","=""1430011""","All Students","District",1964,60.6,1957,53.0,811,59.1
"Torrington School District","=""1430011""","English Language Learners (EL)","English Learners",333,52.1,331,47.3,129,52.4
"Torrington School District","=""1430011""","English Language Learners (EL)","Not English Learners",1631,62.4,1626,54.1,682,60.4
"Torrington School District","=""1430011""","Gender","Female","*","*","*","*","*","*"
"Torrington School District","=""1430011""","Gender","Male",1051,58.3,1049,53.0,436,57.5
"Torrington School District","=""1430011""","Gender","Non-Binary","*","*","*","*","*","*"
"Torrington School District","=""1430011""","Grade","03",282,60.2,282,57.2,"N/A","N/A"
"Torrington School District","=""1430011""","Grade","04",280,68.3,280,62.4,"N/A","N/A"
"Torrington School District","=""1430011""","Grade","05",293,66.5,293,62.9,293,64.5
"Torrington School District","=""1430011""","Grade","06",300,62.5,297,49.5,"N/A","N/A"
"Torrington School District","=""1430011""","Grade","07",294,58.4,292,47.5,"N/A","N/A"
"Torrington School District","=""1430011""","Grade","08",315,56.7,313,46.5,320,59.6
"Torrington School District","=""1430011""","Grade","11",200,48.3,200,42.3,198,50.3
"Torrington School District","=""1430011""","High Needs (F/R, EL or SWD)","High Needs",1422,57.4,1415,49.9,562,55.7
"Torrington School District","=""1430011""","High Needs (F/R, EL or SWD)","Not High Needs",542,69.0,542,61.0,249,66.9
"Torrington School District","=""1430011""","Free/Reduced Price Meal Eligibility (2-level)","Eligible For Free Or Reduced Price Meals",1254,58.8,1248,50.8,502,56.6
"Torrington School District","=""1430011""","Free/Reduced Price Meal Eligibility (2-level)","Not Eligible For Free Or Reduced Price Meals",710,63.8,709,56.7,309,63.1
"Torrington School District","=""1430011""","Race/Ethnicity","American Indian or Alaska Native","*","*","*","*","*","*"
"Torrington School District","=""1430011""","Race/Ethnicity","Asian",74,68.2,73,66.7,33,64.3
"Torrington School District","=""1430011""","Race/Ethnicity","Black or African American",111,57.8,111,48.3,44,53.5
"Torrington School District","=""1430011""","Race/Ethnicity","Hispanic or Latino",754,56.6,752,49.0,312,56.0
"Torrington School District","=""1430011""","Race/Ethnicity","Native Hawaiian or Other Pacific Islander","*","*","*","*","*","*"
"Torrington School District","=""1430011""","Race/Ethnicity","Two or More Races",56,59.2,55,47.8,27,52.9
"Torrington School District","=""1430011""","Race/Ethnicity","White",966,63.5,963,55.8,392,62.2
"Torrington School District","=""1430011""","Special Education Status (SWD)","Students with Disabilities",367,41.7,364,34.5,155,41.4
"Torrington School District","=""1430011""","Special Education Status (SWD)","Students without Disabilities",1597,65.0,1593,57.2,656,63.3
"Trumbull School District","=""1440011""","All Students","District",3560,77.0,3557,74.5,1517,77.5
"Trumbull School District","=""1440011""","English Language Learners (EL)","English Learners",262,69.5,262,68.0,85,70.9
"Trumbull School District","=""1440011""","English Language Learners (EL)","Not English Learners",3298,77.6,3295,75.0,1432,77.9
"Trumbull School District","=""1440011""","Gender","Female","*","*","*","*",721,76.4
"Trumbull School District","=""1440011""","Gender","Male",1851,75.4,1851,75.5,796,78.5
"Trumbull School District","=""1440011""","Gender","Non-Binary","*","*","*","*","N/A","N/A"
"Trumbull School District","=""1440011""","Grade","03",490,76.4,490,75.4,"N/A","N/A"
"Trumbull School District","=""1440011""","Grade","04",510,83.2,510,81.0,"N/A","N/A"
"Trumbull School District","=""1440011""","Grade","05",501,83.5,501,80.3,500,84.2
"Trumbull School District","=""1440011""","Grade","06",534,79.4,534,75.3,"N/A","N/A"
"Trumbull School District","=""1440011""","Grade","07",511,76.8,509,72.8,"N/A","N/A"
"Trumbull School District","=""1440011""","Grade","08",487,78.1,486,73.4,486,75.3
"Trumbull School District","=""1440011""","Grade","11",527,62.2,527,63.8,531,73.2
"Trumbull School District","=""1440011""","High Needs (F/R, EL or SWD)","High Needs",1181,67.4,1179,63.9,503,68.8
"Trumbull School District","=""1440011""","High Needs (F/R, EL or SWD)","Not High Needs",2379,81.8,2378,79.8,1014,81.8
"Trumbull School District","=""1440011""","Free/Reduced Price Meal Eligibility (2-level)","Eligible For Free Or Reduced Price Meals",738,69.2,737,65.6,334,70.4
"Trumbull School District","=""1440011""","Free/Reduced Price Meal Eligibility (2-level)","Not Eligible For Free Or Reduced Price Meals",2822,79.1,2820,76.8,1183,79.5
"Trumbull School District","=""1440011""","Race/Ethnicity","American Indian or Alaska Native","*","*","*","*","*","*"
"Trumbull School District","=""1440011""","Race/Ethnicity","Asian",374,85.0,374,87.2,150,84.6
"Trumbull School District","=""1440011""","Race/Ethnicity","Black or African American",230,69.7,230,63.3,99,69.1
"Trumbull School District","=""1440011""","Race/Ethnicity","Hispanic or Latino",662,71.3,662,67.2,261,70.8
"Trumbull School District","=""1440011""","Race/Ethnicity","Native Hawaiian or Other Pacific Islander","*","*","*","*","*","*"
"Trumbull School District","=""1440011""","Race/Ethnicity","Two or More Races",89,83.0,88,81.5,39,82.5
"Trumbull School District","=""1440011""","Race/Ethnicity","White",2200,77.8,2198,75.4,966,78.8
"Trumbull School District","=""1440011""","Special Education Status (SWD)","Students with Disabilities",487,58.2,485,53.7,200,59.0
"Trumbull School District","=""1440011""","Special Education Status (SWD)","Students without Disabilities",3073,80.0,3072,77.8,1317,80.3
"Union School District","=""1450011""","All Students","District",34,69.6,34,58.7,11,"*"
"Union School District","=""1450011""","English Language Learners (EL)","Not English Learners",34,69.6,34,58.7,11,"*"
"Union School District","=""1450011""","Gender","Female",15,"*",15,"*",0,"N/A"
"Union School District","=""1450011""","Gender","Male",19,"*",19,"*",11,"*"
"Union School District","=""1450011""","Grade","03","*","*","*","*","N/A","N/A"
"Union School District","=""1450011""","Grade","04","*","*","*","*","N/A","N/A"
"Union School District","=""1450011""","Grade","05","*","*","*","*","*","*"
"Union School District","=""1450011""","Grade","06",8,"*",8,"*","N/A","N/A"
"Union School District","=""1450011""","Grade","07",7,"*",7,"*","N/A","N/A"
"Union School District","=""1450011""","Grade","08",9,"*",9,"*","*","*"
"Union School District","=""1450011""","High Needs (F/R, EL or SWD)","High Needs",9,"*",9,"*","*","*"
"Union School District","=""1450011""","High Needs (F/R, EL or SWD)","Not High Needs",25,77.0,25,63.7,"*","*"
"Union School District","=""1450011""","Free/Reduced Price Meal Eligibility (2-level)","Eligible For Free Or Reduced Price Meals","*","*","*","*","*","*"
"Union School District","=""1450011""","Free/Reduced Price Meal Eligibility (2-level)","Not Eligible For Free Or Reduced Price Meals","*","*","*","*","*","*"
"Union School District","=""1450011""","Race/Ethnicity","Hispanic or Latino","*","*","*","*","*","*"
"Union School District","=""1450011""","Race/Ethnicity","White","*","*","*","*","*","*"
"Union School District","=""1450011""","Special Education Status (SWD)","Students with Disabilities",6,"*",6,"*",0,"N/A"
"Union School District","=""1450011""","Special Education Status (SWD)","Students without Disabilities",28,73.1,28,61.2,11,"*"
"Vernon School District","=""1460011""","All Students","District",1514,65.5,1513,61.0,647,62.9
"Vernon School District","=""1460011""","English Language Learners (EL)","English Learners",87,61.1,87,59.2,38,52.8
"Vernon School District","=""1460011""","English Language Learners (EL)","Not English Learners",1427,65.7,1426,61.2,609,63.5
"Vernon School District","=""1460011""","Gender","Female",723,67.2,721,59.9,302,62.3
"Vernon School District","=""1460011""","Gender","Male",791,63.9,792,62.1,345,63.5
"Vernon School District","=""1460011""","Grade","03",236,67.6,236,62.9,"N/A","N/A"
"Vernon School District","=""1460011""","Grade","04",201,69.8,201,65.7,"N/A","N/A"
"Vernon School District","=""1460011""","Grade","05",211,68.5,210,69.5,212,67.2
"Vernon School District","=""1460011""","Grade","06",197,70.9,197,63.2,"N/A","N/A"
"Vernon School District","=""1460011""","Grade","07",233,68.0,232,60.8,"N/A","N/A"
"Vernon School District","=""1460011""","Grade","08",213,64.9,213,59.6,213,66.7
"Vernon School District","=""1460011""","Grade","11",223,49.5,224,46.7,222,55.2
"Vernon School District","=""1460011""","High Needs (F/R, EL or SWD)","High Needs",912,59.5,911,54.8,385,55.7
"Vernon School District","=""1460011""","High Needs (F/R, EL or SWD)","Not High Needs",602,74.5,602,70.5,262,73.6
"Vernon School District","=""1460011""","Free/Reduced Price Meal Eligibility (2-level)","Eligible For Free Or Reduced Price Meals",812,60.3,811,55.4,342,56.3
"Vernon School District","=""1460011""","Free/Reduced Price Meal Eligibility (2-level)","Not Eligible For Free Or Reduced Price Meals",702,71.5,702,67.5,305,70.3
"Vernon School District","=""1460011""","Race/Ethnicity","American Indian or Alaska Native","*","*","*","*","*","*"
"Vernon School District","=""1460011""","Race/Ethnicity","Asian",99,68.8,99,67.2,49,62.7
"Vernon School District","=""1460011""","Race/Ethnicity","Black or African American",158,61.3,159,54.9,67,55.9
"Vernon School District","=""1460011""","Race/Ethnicity","Hispanic or Latino",339,61.3,339,55.7,134,56.5
"Vernon School District","=""1460011""","Race/Ethnicity","Native Hawaiian or Other Pacific Islander","*","*","*","*","N/A","N/A"
"Vernon School District","=""1460011""","Race/Ethnicity","Two or More Races",132,63.9,132,57.8,"*","*"
"Vernon School District","=""1460011""","Race/Ethnicity","White",783,68.0,781,64.4,349,67.0
"Vernon School District","=""1460011""","Special Education Status (SWD)","Students with Disabilities",278,44.9,278,39.6,116,44.1
"Vernon School District","=""1460011""","Special Education Status (SWD)","Students without Disabilities",1236,70.1,1235,65.9,531,67.0
"Voluntown School District","=""1470011""","All Students","District",139,67.0,139,63.4,57,63.3
"Voluntown School District","=""1470011""","English Language Learners (EL)","English Learners","*","*","*","*","*","*"
"Voluntown School District","=""1470011""","English Language Learners (EL)","Not English Learners","*","*","*","*","*","*"
"Voluntown School District","=""1470011""","Gender","Female",67,70.1,67,62.5,29,63.2
"Voluntown School District","=""1470011""","Gender","Male",72,64.1,72,64.2,28,63.5
"Voluntown School District","=""1470011""","Grade","03",19,"*",19,"*","N/A","N/A"
"Voluntown School District","=""1470011""","Grade","04",15,"*",15,"*","N/A","N/A"
"Voluntown School District","=""1470011""","Grade","05",27,60.2,27,55.5,27,54.7
"Voluntown School District","=""1470011""","Grade","06",19,"*",19,"*","N/A","N/A"
"Voluntown School District","=""1470011""","Grade","07",29,66.1,29,63.2,"N/A","N/A"
"Voluntown School District","=""1470011""","Grade","08",30,65.1,30,69.3,30,71.1
"Voluntown School District","=""1470011""","High Needs (F/R, EL or SWD)","High Needs",57,59.4,57,53.7,26,55.9
"Voluntown School District","=""1470011""","High Needs (F/R, EL or SWD)","Not High Needs",82,72.3,82,70.1,31,69.6
"Voluntown School District","=""1470011""","Free/Reduced Price Meal Eligibility (2-level)","Eligible For Free Or Reduced Price Meals",48,60.5,48,54.7,22,55.7
"Voluntown School District","=""1470011""","Free/Reduced Price Meal Eligibility (2-level)","Not Eligible For Free Or Reduced Price Meals",91,70.4,91,67.9,35,68.2
"Voluntown School District","=""1470011""","Race/Ethnicity","Asian","*","*","*","*","*","*"
"Voluntown School District","=""1470011""","Race/Ethnicity","Hispanic or Latino",9,"*",9,"*","*","*"
"Voluntown School District","=""1470011""","Race/Ethnicity","Native Hawaiian or Other Pacific Islander","*","*","*","*","*","*"
"Voluntown School District","=""1470011""","Race/Ethnicity","Two or More Races","*","*","*","*","N/A","N/A"
"Voluntown School District","=""1470011""","Race/Ethnicity","White",124,68.1,124,65.2,50,63.5
"Voluntown School District","=""1470011""","Special Education Status (SWD)","Students with Disabilities",26,50.9,26,45.0,12,"*"
"Voluntown School District","=""1470011""","Special Education Status (SWD)","Students without Disabilities",113,70.7,113,67.6,45,66.6
"Wallingford School District","=""1480011""","All Students","District",2600,64.1,2587,59.9,1134,63.8
"Wallingford School District","=""1480011""","English Language Learners (EL)","English Learners",263,53.8,262,49.9,105,54.0
"Wallingford School District","=""1480011""","English Language Learners (EL)","Not English Learners",2337,65.3,2325,61.0,1029,64.8
"Wallingford School District","=""1480011""","Gender","Female","*","*","*","*","*","*"
"Wallingford School District","=""1480011""","Gender","Male",1363,62.0,1352,60.9,593,63.8
"Wallingford School District","=""1480011""","Gender","Non-Binary","*","*","*","*","*","*"
"Wallingford School District","=""1480011""","Grade","03",338,67.5,336,66.4,"N/A","N/A"
"Wallingford School District","=""1480011""","Grade","04",372,70.4,372,67.4,"N/A","N/A"
"Wallingford School District","=""1480011""","Grade","05",354,70.1,353,67.6,354,70.8
"Wallingford School District","=""1480011""","Grade","06",373,64.4,372,55.8,"N/A","N/A"
"Wallingford School District","=""1480011""","Grade","07",364,62.8,362,58.0,"N/A","N/A"
"Wallingford School District","=""1480011""","Grade","08",420,60.3,414,54.5,416,58.7
"Wallingford School District","=""1480011""","Grade","11",379,54.8,378,51.2,364,62.9
"Wallingford School District","=""1480011""","High Needs (F/R, EL or SWD)","High Needs",1138,54.8,1126,50.1,484,54.0
"Wallingford School District","=""1480011""","High Needs (F/R, EL or SWD)","Not High Needs",1462,71.4,1461,67.4,650,71.2
"Wallingford School District","=""1480011""","Free/Reduced Price Meal Eligibility (2-level)","Eligible For Free Or Reduced Price Meals",815,56.7,805,52.2,329,55.7
"Wallingford School District","=""1480011""","Free/Reduced Price Meal Eligibility (2-level)","Not Eligible For Free Or Reduced Price Meals",1785,67.5,1782,63.3,805,67.2
"Wallingford School District","=""1480011""","Race/Ethnicity","American Indian or Alaska Native","*","*","*","*","N/A","N/A"
"Wallingford School District","=""1480011""","Race/Ethnicity","Asian",130,70.4,129,69.8,67,72.7
"Wallingford School District","=""1480011""","Race/Ethnicity","Black or African American",32,57.5,32,52.8,"*","*"
"Wallingford School District","=""1480011""","Race/Ethnicity","Hispanic or Latino",537,55.7,530,51.1,216,54.9
"Wallingford School District","=""1480011""","Race/Ethnicity","Native Hawaiian or Other Pacific Islander","*","*","*","*","*","*"
"Wallingford School District","=""1480011""","Race/Ethnicity","Two or More Races",92,68.0,92,61.4,41,66.0
"Wallingford School District","=""1480011""","Race/Ethnicity","White",1802,66.1,1797,61.8,787,65.7
"Wallingford School District","=""1480011""","Special Education Status (SWD)","Students with Disabilities",497,45.4,486,40.8,226,45.3
"Wallingford School District","=""1480011""","Special Education Status (SWD)","Students without Disabilities",2103,68.6,2101,64.3,908,68.5
"Waterbury School District","=""1510011""","All Students","District",8659,50.7,8624,43.8,3731,46.6
"Waterbury School District","=""1510011""","English Language Learners (EL)","English Learners",1765,43.8,1756,39.7,683,41.5
"Waterbury School District","=""1510011""","English Language Learners (EL)","Not English Learners",6894,52.5,6868,44.9,3048,47.8
"Waterbury School District","=""1510011""","Gender","Female",4178,52.6,4162,43.7,1876,47.4
"Waterbury School District","=""1510011""","Gender","Male",4481,48.9,4462,43.9,1855,45.8
"Waterbury School District","=""1510011""","Grade","03",1316,52.2,1314,47.4,"N/A","N/A"
"Waterbury School District","=""1510011""","Grade","04",1352,55.2,1350,49.5,"N/A","N/A"
"Waterbury School District","=""1510011""","Grade","05",1394,53.0,1392,50.1,1395,53.5
"Waterbury School District","=""1510011""","Grade","06",1140,53.9,1134,41.9,"N/A","N/A"
"Waterbury School District","=""1510011""","Grade","07",1140,49.2,1129,40.2,"N/A","N/A"
"Waterbury School District","=""1510011""","Grade","08",1272,48.5,1260,37.1,1266,45.9
"Waterbury School District","=""1510011""","Grade","11",1045,40.8,1045,37.7,1070,38.4
"Waterbury School District","=""1510011""","High Needs (F/R, EL or SWD)","High Needs",7673,49.2,7638,42.3,3274,45.0
"Waterbury School District","=""1510011""","High Needs (F/R, EL or SWD)","Not High Needs",986,62.7,986,55.8,457,58.1
"Waterbury School District","=""1510011""","Free/Reduced Price Meal Eligibility (2-level)","Eligible For Free Or Reduced Price Meals",7303,49.4,7269,42.4,3127,45.2
"Waterbury School District","=""1510011""","Free/Reduced Price Meal Eligibility (2-level)","Not Eligible For Free Or Reduced Price Meals",1356,57.6,1355,51.7,604,53.7
"Waterbury School District","=""1510011""","Race/Ethnicity","American Indian or Alaska Native",44,56.5,44,53.3,23,51.8
"Waterbury School District","=""1510011""","Race/Ethnicity","Asian",116,62.9,116,57.8,52,60.8
"Waterbury School District","=""1510011""","Race/Ethnicity","Black or African American",1913,49.9,1908,41.5,872,44.1
"Waterbury School District","=""1510011""","Race/Ethnicity","Hispanic or Latino",5243,49.1,5221,42.5,2183,45.3
"Waterbury School District","=""1510011""","Race/Ethnicity","Two or More Races",364,52.3,363,45.0,151,48.4
"Waterbury School District","=""1510011""","Race/Ethnicity","White",979,58.6,972,52.8,450,55.2
"Waterbury School District","=""1510011""","Special Education Status (SWD)","Students with Disabilities",1811,37.2,1803,30.9,776,34.5
"Waterbury School District","=""1510011""","Special Education Status (SWD)","Students without Disabilities",6848,54.3,6821,47.2,2955,49.8
"Waterford School District","=""1520011""","All Students","District",1185,68.1,1183,65.9,514,68.1
"Waterford School District","=""1520011""","English Language Learners (EL)","English Learners",77,58.7,77,60.4,30,59.4
"Waterford School District","=""1520011""","English Language Learners (EL)","Not English Learners",1108,68.7,1106,66.3,484,68.6
"Waterford School District","=""1520011""","Gender","Female","*","*","*","*",270,69.1
"Waterford School District","=""1520011""","Gender","Male",598,66.3,598,66.5,"*","*"
"Waterford School District","=""1520011""","Gender","Non-Binary","*","*","*","*","*","*"
"Waterford School District","=""1520011""","Grade","03",146,74.5,146,74.2,"N/A","N/A"
"Waterford School District","=""1520011""","Grade","04",161,74.2,161,71.3,"N/A","N/A"
"Waterford School District","=""1520011""","Grade","05",163,70.2,163,70.6,164,70.5
"Waterford School District","=""1520011""","Grade","06",178,65.9,176,60.2,"N/A","N/A"
"Waterford School District","=""1520011""","Grade","07",186,67.8,186,67.9,"N/A","N/A"
"Waterford School District","=""1520011""","Grade","08",180,64.3,180,61.0,179,69.5
"Waterford School District","=""1520011""","Grade","11",171,61.3,171,58.3,171,64.4
"Waterford School District","=""1520011""","High Needs (F/R, EL or SWD)","High Needs",516,59.2,514,56.6,227,59.3
"Waterford School District","=""1520011""","High Needs (F/R, EL or SWD)","Not High Needs",669,74.9,669,73.1,287,75.0
"Waterford School District","=""1520011""","Free/Reduced Price Meal Eligibility (2-level)","Eligible For Free Or Reduced Price Meals",376,61.2,374,58.5,165,60.4
"Waterford School District","=""1520011""","Free/Reduced Price Meal Eligibility (2-level)","Not Eligible For Free Or Reduced Price Meals",809,71.3,809,69.4,349,71.7
"Waterford School District","=""1520011""","Race/Ethnicity","American Indian or Alaska Native","*","*","*","*","*","*"
"Waterford School District","=""1520011""","Race/Ethnicity","Asian",55,74.5,55,79.9,31,81.3
"Waterford School District","=""1520011""","Race/Ethnicity","Black or African American",33,65.7,33,58.0,18,"*"
"Waterford School District","=""1520011""","Race/Ethnicity","Hispanic or Latino",150,59.6,150,58.0,70,56.8
"Waterford School District","=""1520011""","Race/Ethnicity","Native Hawaiian or Other Pacific Islander","*","*","*","*","*","*"
"Waterford School District","=""1520011""","Race/Ethnicity","Two or More Races",64,64.0,64,61.1,26,69.9
"Waterford School District","=""1520011""","Race/Ethnicity","White",876,69.6,874,67.2,365,69.1
"Waterford School District","=""1520011""","Special Education Status (SWD)","Students with Disabilities",215,47.9,214,43.3,102,47.3
"Waterford School District","=""1520011""","Special Education Status (SWD)","Students without Disabilities",970,72.6,969,70.9,412,73.2
"Watertown School District","=""1530011""","All Students","District",1324,64.4,1323,61.7,563,64.1
"Watertown School District","=""1530011""","English Language Learners (EL)","English Learners",121,64.6,121,60.6,41,59.2
"Watertown School District","=""1530011""","English Language Learners (EL)","Not English Learners",1203,64.4,1202,61.9,522,64.5
"Watertown School District","=""1530011""","Gender","Female","*","*","*","*","*","*"
"Watertown School District","=""1530011""","Gender","Male",726,62.3,725,62.0,304,64.2
"Watertown School District","=""1530011""","Gender","Non-Binary","*","*","*","*","*","*"
"Watertown School District","=""1530011""","Grade","03",205,65.0,205,61.9,"N/A","N/A"
"Watertown School District","=""1530011""","Grade","04",195,68.9,195,66.8,"N/A","N/A"
"Watertown School District","=""1530011""","Grade","05",195,61.6,195,61.9,194,65.9
"Watertown School District","=""1530011""","Grade","06",183,70.1,183,63.4,"N/A","N/A"
"Watertown School District","=""1530011""","Grade","07",182,66.3,182,65.2,"N/A","N/A"
"Watertown School District","=""1530011""","Grade","08",193,65.4,192,60.8,194,67.6
"Watertown School District","=""1530011""","Grade","11",171,52.7,171,51.3,175,58.3
"Watertown School District","=""1530011""","High Needs (F/R, EL or SWD)","High Needs",616,58.2,616,55.3,253,57.4
"Watertown School District","=""1530011""","High Needs (F/R, EL or SWD)","Not High Needs",708,69.9,707,67.4,310,69.6
"Watertown School District","=""1530011""","Free/Reduced Price Meal Eligibility (2-level)","Eligible For Free Or Reduced Price Meals",476,60.4,476,57.8,200,60.3
"Watertown School District","=""1530011""","Free/Reduced Price Meal Eligibility (2-level)","Not Eligible For Free Or Reduced Price Meals",848,66.7,847,64.0,363,66.2
"Watertown School District","=""1530011""","Race/Ethnicity","American Indian or Alaska Native","*","*","*","*","N/A","N/A"
"Watertown School District","=""1530011""","Race/Ethnicity","Asian",19,"*",19,"*",13,"*"
"Watertown School District","=""1530011""","Race/Ethnicity","Black or African American",51,58.4,51,52.6,25,57.8
"Watertown School District","=""1530011""","Race/Ethnicity","Hispanic or Latino",122,59.9,122,55.8,51,56.8
"Watertown School District","=""1530011""","Race/Ethnicity","Native Hawaiian or Other Pacific Islander","*","*","*","*","N/A","N/A"
"Watertown School District","=""1530011""","Race/Ethnicity","Two or More Races",52,60.7,52,60.8,18,"*"
"Watertown School District","=""1530011""","Race/Ethnicity","White",1073,65.4,1072,62.9,456,65.1
"Watertown School District","=""1530011""","Special Education Status (SWD)","Students with Disabilities",212,45.1,212,41.3,89,46.2
"Watertown School District","=""1530011""","Special Education Status (SWD)","Students without Disabilities",1112,68.1,1111,65.7,474,67.5
"Westbrook School District","=""1540011""","All Students","District",271,71.5,271,71.3,111,67.6
"Westbrook School District","=""1540011""","English Language Learners (EL)","English Learners",47,64.0,47,65.5,22,60.0
"Westbrook School District","=""1540011""","English Language Learners (EL)","Not English Learners",224,73.1,224,72.6,89,69.5
"Westbrook School District","=""1540011""","Gender","Female",153,72.4,153,69.7,62,68.4
"Westbrook School District","=""1540011""","Gender","Male",118,70.4,118,73.5,49,66.7
"Westbrook School District","=""1540011""","Grade","03",33,71.6,33,72.6,"N/A","N/A"
"Westbrook School District","=""1540011""","Grade","04",43,71.6,43,73.2,"N/A","N/A"
"Westbrook School District","=""1540011""","Grade","05",28,69.0,28,69.4,28,71.4
"Westbrook School District","=""1540011""","Grade","06",48,74.3,48,76.7,"N/A","N/A"
"Westbrook School District","=""1540011""","Grade","07",34,77.8,34,75.6,"N/A","N/A"
"Westbrook School District","=""1540011""","Grade","08",40,78.9,40,78.4,40,73.4
"Westbrook School District","=""1540011""","Grade","11",45,58.5,45,54.7,43,59.8
"Westbrook School District","=""1540011""","High Needs (F/R, EL or SWD)","High Needs",119,65.0,119,63.7,52,66.1
"Westbrook School District","=""1540011""","High Needs (F/R, EL or SWD)","Not High Needs",152,76.6,152,77.3,59,69.0
"Westbrook School District","=""1540011""","Free/Reduced Price Meal Eligibility (2-level)","Eligible For Free Or Reduced Price Meals",82,66.8,82,65.9,35,67.6
"Westbrook School District","=""1540011""","Free/Reduced Price Meal Eligibility (2-level)","Not Eligible For Free Or Reduced Price Meals",189,73.6,189,73.7,76,67.6
"Westbrook School District","=""1540011""","Race/Ethnicity","Asian","*","*","*","*","*","*"
"Westbrook School District","=""1540011""","Race/Ethnicity","Black or African American","*","*","*","*","N/A","N/A"
"Westbrook School District","=""1540011""","Race/Ethnicity","Hispanic or Latino",61,67.4,61,67.0,"*","*"
"Westbrook School District","=""1540011""","Race/Ethnicity","Two or More Races","*","*","*","*","N/A","N/A"
"Westbrook School District","=""1540011""","Race/Ethnicity","White",199,72.7,199,72.5,82,68.3
"Westbrook School District","=""1540011""","Special Education Status (SWD)","Students with Disabilities",38,54.5,38,51.1,13,"*"
"Westbrook School District","=""1540011""","Special Education Status (SWD)","Students without Disabilities",233,74.3,233,74.7,98,67.9
"West Hartford School District","=""1550011""","All Students","District",4595,72.4,4579,69.4,2029,71.4
"West Hartford School District","=""1550011""","English Language Learners (EL)","English Learners",538,56.7,532,56.0,197,53.9
"West Hartford School District","=""1550011""","English Language Learners (EL)","Not English Learners",4057,74.4,4047,71.2,1832,73.3
"West Hartford School District","=""1550011""","Gender","Female","*","*","*","*","*","*"
"West Hartford School District","=""1550011""","Gender","Male",2310,70.5,2300,70.5,1020,71.8
"West Hartford School District","=""1550011""","Gender","Non-Binary","*","*","*","*","*","*"
"West Hartford School District","=""1550011""","Grade","03",623,75.2,622,71.5,"N/A","N/A"
"West Hartford School District","=""1550011""","Grade","04",659,79.3,656,76.9,"N/A","N/A"
"West Hartford School District","=""1550011""","Grade","05",659,74.7,658,72.7,658,73.4
"West Hartford School District","=""1550011""","Grade","06",643,74.3,640,69.3,"N/A","N/A"
"West Hartford School District","=""1550011""","Grade","07",639,72.2,635,66.4,"N/A","N/A"
"West Hartford School District","=""1550011""","Grade","08",671,69.0,667,66.0,671,66.2
"West Hartford School District","=""1550011""","Grade","11",701,62.7,701,63.4,700,74.6
"West Hartford School District","=""1550011""","High Needs (F/R, EL or SWD)","High Needs",1805,57.8,1791,54.1,787,55.6
"West Hartford School District","=""1550011""","High Needs (F/R, EL or SWD)","Not High Needs",2790,81.8,2788,79.2,1242,81.5
"West Hartford School District","=""1550011""","Free/Reduced Price Meal Eligibility (2-level)","Eligible For Free Or Reduced Price Meals",1245,56.5,1236,52.4,550,56.2
"West Hartford School District","=""1550011""","Free/Reduced Price Meal Eligibility (2-level)","Not Eligible For Free Or Reduced Price Meals",3350,78.3,3343,75.7,1479,77.1
"West Hartford School District","=""1550011""","Race/Ethnicity","American Indian or Alaska Native","*","*","*","*","*","*"
"West Hartford School District","=""1550011""","Race/Ethnicity","Asian",475,75.3,475,76.3,222,78.4
"West Hartford School District","=""1550011""","Race/Ethnicity","Black or African American",375,59.6,374,54.1,183,59.6
"West Hartford School District","=""1550011""","Race/Ethnicity","Hispanic or Latino",932,58.3,929,54.2,383,55.5
"West Hartford School District","=""1550011""","Race/Ethnicity","Native Hawaiian or Other Pacific Islander","*","*","*","*","*","*"
"West Hartford School District","=""1550011""","Race/Ethnicity","Two or More Races",282,78.6,282,74.0,132,72.2
"West Hartford School District","=""1550011""","Race/Ethnicity","White",2517,78.3,2505,75.6,1104,77.5
"West Hartford School District","=""1550011""","Special Education Status (SWD)","Students with Disabilities",791,48.9,781,44.1,362,45.6
"West Hartford School District","=""1550011""","Special Education Status (SWD)","Students without Disabilities",3804,77.2,3798,74.6,1667,77.0
"West Haven School District","=""1560011""","All Students","District",2810,60.1,2797,56.0,1193,59.6
"West Haven School District","=""1560011""","English Language Learners (EL)","English Learners",682,55.6,678,53.1,253,53.6
"West Haven School District","=""1560011""","English Language Learners (EL)","Not English Learners",2128,61.5,2119,56.9,940,61.2
"West Haven School District","=""1560011""","Gender","Female","*","*","*","*","*","*"
"West Haven School District","=""1560011""","Gender","Male",1473,58.7,1465,56.5,642,58.7
"West Haven School District","=""1560011""","Gender","Non-Binary","*","*","*","*","*","*"
"West Haven School District","=""1560011""","Grade","03",378,63.2,378,59.5,"N/A","N/A"
"West Haven School District","=""1560011""","Grade","04",428,65.2,428,65.0,"N/A","N/A"
"West Haven School District","=""1560011""","Grade","05",425,60.3,426,59.5,424,64.3
"West Haven School District","=""1560011""","Grade","06",400,65.4,400,59.7,"N/A","N/A"
"West Haven School District","=""1560011""","Grade","07",413,59.5,406,52.7,"N/A","N/A"
"West Haven School District","=""1560011""","Grade","08",388,60.1,381,51.7,385,58.1
"West Haven School District","=""1560011""","Grade","11",378,46.1,378,42.3,384,56.0
"West Haven School District","=""1560011""","High Needs (F/R, EL or SWD)","High Needs",1994,57.1,1983,52.8,816,56.0
"West Haven School District","=""1560011""","High Needs (F/R, EL or SWD)","Not High Needs",816,67.4,814,63.7,377,67.5
"West Haven School District","=""1560011""","Free/Reduced Price Meal Eligibility (2-level)","Eligible For Free Or Reduced Price Meals",1687,57.9,1676,53.6,684,56.5
"West Haven School District","=""1560011""","Free/Reduced Price Meal Eligibility (2-level)","Not Eligible For Free Or Reduced Price Meals",1123,63.4,1121,59.6,509,63.7
"West Haven School District","=""1560011""","Race/Ethnicity","American Indian or Alaska Native",7,"*",7,"*","*","*"
"West Haven School District","=""1560011""","Race/Ethnicity","Asian",133,67.0,132,66.3,58,67.8
"West Haven School District","=""1560011""","Race/Ethnicity","Black or African American",657,57.8,655,52.3,291,54.7
"West Haven School District","=""1560011""","Race/Ethnicity","Hispanic or Latino",1100,57.9,1094,54.1,443,57.3
"West Haven School District","=""1560011""","Race/Ethnicity","Native Hawaiian or Other Pacific Islander",0,"N/A",0,"N/A","N/A","N/A"
"West Haven School District","=""1560011""","Race/Ethnicity","Two or More Races",145,60.2,144,55.5,"*","*"
"West Haven School District","=""1560011""","Race/Ethnicity","White",768,63.9,765,60.0,340,65.1
"West Haven School District","=""1560011""","Special Education Status (SWD)","Students with Disabilities",529,45.9,525,40.1,194,44.0
"West Haven School District","=""1560011""","Special Education Status (SWD)","Students without Disabilities",2281,63.4,2272,59.7,999,62.6
"Weston School District","=""1570011""","All Students","District",1151,80.1,1151,77.2,491,81.2
"Weston School District","=""1570011""","English Language Learners (EL)","English Learners",17,"*",17,"*","*","*"
"Weston School District","=""1570011""","English Language Learners (EL)","Not English Learners",1134,80.3,1134,77.3,"*","*"
"Weston School District","=""1570011""","Gender","Female","*","*","*","*","*","*"
"Weston School District","=""1570011""","Gender","Male",590,78.7,590,78.5,258,83.1
"Weston School District","=""1570011""","Gender","Non-Binary","*","*","*","*","*","*"
"Weston School District","=""1570011""","Grade","03",157,79.6,157,75.8,"N/A","N/A"
"Weston School District","=""1570011""","Grade","04",140,86.8,140,85.6,"N/A","N/A"
"Weston School District","=""1570011""","Grade","05",150,84.5,150,83.8,150,85.4
"Weston School District","=""1570011""","Grade","06",182,78.6,182,72.4,"N/A","N/A"
"Weston School District","=""1570011""","Grade","07",183,79.1,183,76.8,"N/A","N/A"
"Weston School District","=""1570011""","Grade","08",167,81.2,167,79.7,167,82.8
"Weston School District","=""1570011""","Grade","11",172,72.9,172,68.9,174,75.9
"Weston School District","=""1570011""","High Needs (F/R, EL or SWD)","High Needs",179,60.0,179,58.7,69,63.0
"Weston School District","=""1570011""","High Needs (F/R, EL or SWD)","Not High Needs",972,83.8,972,80.6,422,84.2
"Weston School District","=""1570011""","Free/Reduced Price Meal Eligibility (2-level)","Eligible For Free Or Reduced Price Meals",13,"*",13,"*","*","*"
"Weston School District","=""1570011""","Free/Reduced Price Meal Eligibility (2-level)","Not Eligible For Free Or Reduced Price Meals",1138,80.3,1138,77.4,"*","*"
"Weston School District","=""1570011""","Race/Ethnicity","American Indian or Alaska Native","*","*","*","*","N/A","N/A"
"Weston School District","=""1570011""","Race/Ethnicity","Asian",77,85.4,77,87.0,27,94.0
"Weston School District","=""1570011""","Race/Ethnicity","Black or African American","*","*","*","*",7,"*"
"Weston School District","=""1570011""","Race/Ethnicity","Hispanic or Latino",119,77.7,119,72.8,43,76.9
"Weston School District","=""1570011""","Race/Ethnicity","Native Hawaiian or Other Pacific Islander",0,"N/A",0,"N/A","N/A","N/A"
"Weston School District","=""1570011""","Race/Ethnicity","Two or More Races",72,82.2,72,82.6,30,83.7
"Weston School District","=""1570011""","Race/Ethnicity","White",861,80.0,861,76.7,384,80.9
"Weston School District","=""1570011""","Special Education Status (SWD)","Students with Disabilities",161,59.0,161,57.0,63,62.8
"Weston School District","=""1570011""","Special Education Status (SWD)","Students without Disabilities",990,83.6,990,80.5,428,83.9
"Westport School District","=""1580011""","All Students","District",2771,79.7,2766,80.0,1198,76.0
"Westport School District","=""1580011""","English Language Learners (EL)","English Learners",66,73.3,66,75.3,28,65.1
"Westport School District","=""1580011""","English Language Learners (EL)","Not English Learners",2705,79.8,2700,80.1,1170,76.2
"Westport School District","=""1580011""","Gender","Female",1403,81.1,1400,78.1,616,75.3
"Westport School District","=""1580011""","Gender","Male",1368,78.2,1366,81.9,582,76.7
"Westport School District","=""1580011""","Grade","03",366,79.1,365,77.4,"N/A","N/A"
"Westport School District","=""1580011""","Grade","04",393,87.0,393,86.4,"N/A","N/A"
"Westport School District","=""1580011""","Grade","05",420,81.4,420,81.8,418,80.5
"Westport School District","=""1580011""","Grade","06",382,79.5,381,77.7,"N/A","N/A"
"Westport School District","=""1580011""","Grade","07",429,79.5,429,80.9,"N/A","N/A"
"Westport School District","=""1580011""","Grade","08",370,77.4,367,79.4,369,78.6
"Westport School District","=""1580011""","Grade","11",411,73.8,411,75.7,411,69.0
"Westport School District","=""1580011""","High Needs (F/R, EL or SWD)","High Needs",495,60.5,494,58.6,222,56.9
"Westport School District","=""1580011""","High Needs (F/R, EL or SWD)","Not High Needs",2276,83.8,2272,84.6,976,80.3
"Westport School District","=""1580011""","Free/Reduced Price Meal Eligibility (2-level)","Eligible For Free Or Reduced Price Meals",85,59.1,85,56.2,38,51.8
"Westport School District","=""1580011""","Free/Reduced Price Meal Eligibility (2-level)","Not Eligible For Free Or Reduced Price Meals",2686,80.3,2681,80.7,1160,76.8
"Westport School District","=""1580011""","Race/Ethnicity","American Indian or Alaska Native","*","*","*","*","*","*"
"Westport School District","=""1580011""","Race/Ethnicity","Asian",194,88.1,194,90.9,88,86.2
"Westport School District","=""1580011""","Race/Ethnicity","Black or African American","*","*","*","*","*","*"
"Westport School District","=""1580011""","Race/Ethnicity","Hispanic or Latino",213,72.8,213,72.0,99,66.6
"Westport School District","=""1580011""","Race/Ethnicity","Two or More Races",190,83.2,189,85.2,75,83.6
"Westport School District","=""1580011""","Race/Ethnicity","White",2104,79.8,2100,79.9,912,76.0
"Westport School District","=""1580011""","Special Education Status (SWD)","Students with Disabilities",406,57.7,405,55.0,187,55.2
"Westport School District","=""1580011""","Special Education Status (SWD)","Students without Disabilities",2365,83.4,2361,84.2,1011,79.8
"Wethersfield School District","=""1590011""","All Students","District",1876,68.1,1872,62.4,815,61.3
"Wethersfield School District","=""1590011""","English Language Learners (EL)","English Learners",318,59.0,317,54.6,113,52.6
"Wethersfield School District","=""1590011""","English Language Learners (EL)","Not English Learners",1558,69.9,1555,64.0,702,62.6
"Wethersfield School District","=""1590011""","Gender","Female",951,69.6,951,61.0,408,61.3
"Wethersfield School District","=""1590011""","Gender","Male",925,66.6,921,63.9,407,61.2
"Wethersfield School District","=""1590011""","Gender","Non-Binary",0,"N/A",0,"N/A","N/A","N/A"
"Wethersfield School District","=""1590011""","Grade","03",252,72.9,252,66.1,"N/A","N/A"
"Wethersfield School District","=""1590011""","Grade","04",254,72.2,253,68.5,"N/A","N/A"
"Wethersfield School District","=""1590011""","Grade","05",270,68.8,269,64.6,270,68.8
"Wethersfield School District","=""1590011""","Grade","06",273,73.6,273,64.7,"N/A","N/A"
"Wethersfield School District","=""1590011""","Grade","07",279,71.7,278,64.5,"N/A","N/A"
"Wethersfield School District","=""1590011""","Grade","08",282,64.0,281,56.9,282,59.2
"Wethersfield School District","=""1590011""","Grade","11",266,53.7,266,52.3,263,55.7
"Wethersfield School District","=""1590011""","High Needs (F/R, EL or SWD)","High Needs",769,57.7,766,51.7,307,50.0
"Wethersfield School District","=""1590011""","High Needs (F/R, EL or SWD)","Not High Needs",1107,75.3,1106,69.8,508,68.0
"Wethersfield School District","=""1590011""","Free/Reduced Price Meal Eligibility (2-level)","Eligible For Free Or Reduced Price Meals",511,58.7,508,51.7,199,50.1
"Wethersfield School District","=""1590011""","Free/Reduced Price Meal Eligibility (2-level)","Not Eligible For Free Or Reduced Price Meals",1365,71.6,1364,66.4,616,64.9
"Wethersfield School District","=""1590011""","Race/Ethnicity","American Indian or Alaska Native","*","*","*","*","*","*"
"Wethersfield School District","=""1590011""","Race/Ethnicity","Asian",102,70.7,102,69.9,37,69.3
"Wethersfield School District","=""1590011""","Race/Ethnicity","Black or African American",93,58.2,93,51.0,37,50.5
"Wethersfield School District","=""1590011""","Race/Ethnicity","Hispanic or Latino",395,59.6,391,52.3,172,51.2
"Wethersfield School District","=""1590011""","Race/Ethnicity","Native Hawaiian or Other Pacific Islander","*","*","*","*",0,"N/A"
"Wethersfield School District","=""1590011""","Race/Ethnicity","Two or More Races",73,70.1,73,62.8,"*","*"
"Wethersfield School District","=""1590011""","Race/Ethnicity","White",1208,71.3,1208,66.0,538,64.7
"Wethersfield School District","=""1590011""","Special Education Status (SWD)","Students with Disabilities",255,45.0,255,39.3,119,42.1
"Wethersfield School District","=""1590011""","Special Education Status (SWD)","Students without Disabilities",1621,71.7,1617,66.1,696,64.5
"Willington School District","=""1600011""","All Students","District",250,63.3,250,63.4,75,66.4
"Willington School District","=""1600011""","English Language Learners (EL)","English Learners",8,"*",8,"*","*","*"
"Willington School District","=""1600011""","English Language Learners (EL)","Not English Learners",242,63.3,242,63.7,"*","*"
"Willington School District","=""1600011""","Gender","Female",122,64.7,122,61.2,37,68.9
"Willington School District","=""1600011""","Gender","Male",128,61.9,128,65.6,38,64.0
"Willington School District","=""1600011""","Grade","03",41,61.4,41,61.3,"N/A","N/A"
"Willington School District","=""1600011""","Grade","04",42,62.9,42,63.2,"N/A","N/A"
"Willington School District","=""1600011""","Grade","05",35,54.8,35,62.8,35,59.1
"Willington School District","=""1600011""","Grade","06",44,69.0,44,64.2,"N/A","N/A"
"Willington School District","=""1600011""","Grade","07",48,63.8,48,61.8,"N/A","N/A"
"Willington School District","=""1600011""","Grade","08",40,66.2,40,67.4,40,72.8
"Willington School District","=""1600011""","High Needs (F/R, EL or SWD)","High Needs",123,55.6,123,55.2,38,61.3
"Willington School District","=""1600011""","High Needs (F/R, EL or SWD)","Not High Needs",127,70.7,127,71.4,37,71.7
"Willington School District","=""1600011""","Free/Reduced Price Meal Eligibility (2-level)","Eligible For Free Or Reduced Price Meals",101,57.3,101,57.0,27,66.4
"Willington School District","=""1600011""","Free/Reduced Price Meal Eligibility (2-level)","Not Eligible For Free Or Reduced Price Meals",149,67.4,149,67.8,48,66.4
"Willington School District","=""1600011""","Race/Ethnicity","American Indian or Alaska Native",0,"N/A",0,"N/A","N/A","N/A"
"Willington School District","=""1600011""","Race/Ethnicity","Asian","*","*","*","*","*","*"
"Willington School District","=""1600011""","Race/Ethnicity","Black or African American","*","*","*","*","*","*"
"Willington School District","=""1600011""","Race/Ethnicity","Hispanic or Latino",23,59.8,23,57.6,7,"*"
"Willington School District","=""1600011""","Race/Ethnicity","Two or More Races",8,"*",8,"*","*","*"
"Willington School District","=""1600011""","Race/Ethnicity","White",213,63.3,213,63.9,64,67.5
"Willington School District","=""1600011""","Special Education Status (SWD)","Students with Disabilities",44,43.9,44,38.9,13,"*"
"Willington School District","=""1600011""","Special Education Status (SWD)","Students without Disabilities",206,67.4,206,68.7,62,71.8
"Wilton School District","=""1610011""","All Students","District",1930,80.3,1925,79.5,867,82.1
"Wilton School District","=""1610011""","English Language Learners (EL)","English Learners",55,72.1,55,73.9,13,"*"
"Wilton School District","=""1610011""","English Language Learners (EL)","Not English Learners",1875,80.6,1870,79.7,854,82.3
"Wilton School District","=""1610011""","Gender","Female",960,81.2,958,78.2,416,80.4
"Wilton School District","=""1610011""","Gender","Male",970,79.4,967,80.9,451,83.6
"Wilton School District","=""1610011""","Gender","Non-Binary",0,"N/A",0,"N/A",0,"N/A"
"Wilton School District","=""1610011""","Grade","03",240,78.3,239,74.3,"N/A","N/A"
"Wilton School District","=""1610011""","Grade","04",265,81.4,265,80.5,"N/A","N/A"
"Wilton School District","=""1610011""","Grade","05",249,83.1,248,82.0,248,80.5
"Wilton School District","=""1610011""","Grade","06",269,80.2,269,80.9,"N/A","N/A"
"Wilton School District","=""1610011""","Grade","07",276,85.1,274,85.7,"N/A","N/A"
"Wilton School District","=""1610011""","Grade","08",321,80.4,320,80.3,314,82.3
"Wilton School District","=""1610011""","Grade","11",310,74.5,310,73.5,305,83.1
"Wilton School District","=""1610011""","High Needs (F/R, EL or SWD)","High Needs",417,66.2,414,64.9,169,66.7
"Wilton School District","=""1610011""","High Needs (F/R, EL or SWD)","Not High Needs",1513,84.2,1511,83.6,698,85.8
"Wilton School District","=""1610011""","Free/Reduced Price Meal Eligibility (2-level)","Eligible For Free Or Reduced Price Meals",97,71.7,98,70.0,44,75.8
"Wilton School District","=""1610011""","Free/Reduced Price Meal Eligibility (2-level)","Not Eligible For Free Or Reduced Price Meals",1833,80.8,1827,80.1,823,82.4
"Wilton School District","=""1610011""","Race/Ethnicity","American Indian or Alaska Native","*","*","*","*","*","*"
"Wilton School District","=""1610011""","Race/Ethnicity","Asian",236,89.8,236,93.0,101,93.5
"Wilton School District","=""1610011""","Race/Ethnicity","Black or African American",17,"*",17,"*",7,"*"
"Wilton School District","=""1610011""","Race/Ethnicity","Hispanic or Latino",136,74.5,136,72.4,56,71.3
"Wilton School District","=""1610011""","Race/Ethnicity","Native Hawaiian or Other Pacific Islander","*","*","*","*","*","*"
"Wilton School District","=""1610011""","Race/Ethnicity","Two or More Races",121,84.3,120,84.8,55,88.8
"Wilton School District","=""1610011""","Race/Ethnicity","White",1417,79.1,1413,77.8,646,80.8
"Wilton School District","=""1610011""","Special Education Status (SWD)","Students with Disabilities",311,61.9,308,60.7,130,61.8
"Wilton School District","=""1610011""","Special Education Status (SWD)","Students without Disabilities",1619,83.9,1617,83.1,737,85.6
"Winchester School District","=""1620011""","All Students","District",290,65.2,290,63.7,78,70.2
"Winchester School District","=""1620011""","English Language Learners (EL)","English Learners",29,58.7,29,58.4,12,"*"
"Winchester School District","=""1620011""","English Language Learners (EL)","Not English Learners",261,66.0,261,64.2,66,71.5
"Winchester School District","=""1620011""","Gender","Female",156,66.4,156,61.4,45,66.4
"Winchester School District","=""1620011""","Gender","Male",134,63.8,134,66.3,33,75.5
"Winchester School District","=""1620011""","Gender","Non-Binary","N/A","N/A","N/A","N/A",0,"N/A"
"Winchester School District","=""1620011""","Grade","03",62,64.2,62,63.7,"N/A","N/A"
"Winchester School District","=""1620011""","Grade","04",65,66.5,65,63.9,"N/A","N/A"
"Winchester School District","=""1620011""","Grade","05",76,64.2,76,66.8,"*","*"
"Winchester School District","=""1620011""","Grade","06",83,67.5,83,62.0,"N/A","N/A"
"Winchester School District","=""1620011""","Grade","07","*","*","*","*","N/A","N/A"
"Winchester School District","=""1620011""","Grade","08","*","*","*","*","*","*"
"Winchester School District","=""1620011""","Grade","11",0,"N/A",0,"N/A",0,"N/A"
"Winchester School District","=""1620011""","High Needs (F/R, EL or SWD)","High Needs",188,61.1,188,59.0,49,63.9
"Winchester School District","=""1620011""","High Needs (F/R, EL or SWD)","Not High Needs",102,72.9,102,72.2,29,81.0
"Winchester School District","=""1620011""","Free/Reduced Price Meal Eligibility (2-level)","Eligible For Free Or Reduced Price Meals",155,63.4,155,61.2,39,68.8
"Winchester School District","=""1620011""","Free/Reduced Price Meal Eligibility (2-level)","Not Eligible For Free Or Reduced Price Meals",135,67.3,135,66.5,39,71.7
"Winchester School District","=""1620011""","Race/Ethnicity","American Indian or Alaska Native",0,"N/A",0,"N/A","N/A","N/A"
"Winchester School District","=""1620011""","Race/Ethnicity","Asian","*","*","*","*","*","*"
"Winchester School District","=""1620011""","Race/Ethnicity","Black or African American",7,"*",7,"*","*","*"
"Winchester School District","=""1620011""","Race/Ethnicity","Hispanic or Latino",39,60.7,39,59.1,8,"*"
"Winchester School District","=""1620011""","Race/Ethnicity","Native Hawaiian or Other Pacific Islander","*","*","*","*","N/A","N/A"
"Winchester School District","=""1620011""","Race/Ethnicity","Two or More Races",15,"*",15,"*","*","*"
"Winchester School District","=""1620011""","Race/Ethnicity","White",223,66.2,223,65.4,63,71.6
"Winchester School District","=""1620011""","Special Education Status (SWD)","Students with Disabilities",53,43.4,53,38.5,13,"*"
"Winchester School District","=""1620011""","Special Education Status (SWD)","Students without Disabilities",237,70.1,237,69.3,65,75.2
"Windham School District","=""1630011""","All Students","District",1582,53.2,1574,49.0,611,50.2
"Windham School District","=""1630011""","English Language Learners (EL)","English Learners",585,44.7,581,41.4,241,41.8
"Windham School District","=""1630011""","English Language Learners (EL)","Not English Learners",997,58.1,993,53.4,370,55.6
"Windham School District","=""1630011""","Gender","Female",772,54.6,769,47.2,302,50.0
"Windham School District","=""1630011""","Gender","Male",810,51.8,805,50.7,309,50.3
"Windham School District","=""1630011""","Grade","03",247,54.0,245,52.2,"N/A","N/A"
"Windham School District","=""1630011""","Grade","04",237,58.3,237,57.3,"N/A","N/A"
"Windham School District","=""1630011""","Grade","05",257,53.6,255,54.8,256,56.7
"Windham School District","=""1630011""","Grade","06",241,56.6,238,48.4,"N/A","N/A"
"Windham School District","=""1630011""","Grade","07",233,55.5,233,47.6,"N/A","N/A"
"Windham School District","=""1630011""","Grade","08",253,49.1,252,40.7,248,49.3
"Windham School District","=""1630011""","Grade","11",114,36.7,114,34.2,107,36.3
"Windham School District","=""1630011""","High Needs (F/R, EL or SWD)","High Needs",1284,49.2,1276,44.9,498,45.3
"Windham School District","=""1630011""","High Needs (F/R, EL or SWD)","Not High Needs",298,70.6,298,66.8,113,71.6
"Windham School District","=""1630011""","Free/Reduced Price Meal Eligibility (2-level)","Eligible For Free Or Reduced Price Meals",1153,49.5,1145,45.0,439,45.0
"Windham School District","=""1630011""","Free/Reduced Price Meal Eligibility (2-level)","Not Eligible For Free Or Reduced Price Meals",429,63.2,429,59.8,172,63.4
"Windham School District","=""1630011""","Race/Ethnicity","American Indian or Alaska Native",9,"*",9,"*","*","*"
"Windham School District","=""1630011""","Race/Ethnicity","Asian",12,"*",12,"*","*","*"
"Windham School District","=""1630011""","Race/Ethnicity","Black or African American",53,52.0,51,42.4,24,47.1
"Windham School District","=""1630011""","Race/Ethnicity","Hispanic or Latino",1110,49.2,1104,44.8,454,45.8
"Windham School District","=""1630011""","Race/Ethnicity","Two or More Races",34,62.9,34,58.2,13,"*"
"Windham School District","=""1630011""","Race/Ethnicity","White",364,64.2,364,61.0,115,66.2
"Windham School District","=""1630011""","Special Education Status (SWD)","Students with Disabilities",304,36.9,302,31.6,123,35.8
"Windham School District","=""1630011""","Special Education Status (SWD)","Students without Disabilities",1278,57.1,1272,53.1,488,53.8
"Windsor School District","=""1640011""","All Students","District",1581,59.5,1567,55.4,735,57.6
"Windsor School District","=""1640011""","English Language Learners (EL)","English Learners",85,54.6,85,49.8,37,48.5
"Windsor School District","=""1640011""","English Language Learners (EL)","Not English Learners",1496,59.7,1482,55.7,698,58.1
"Windsor School District","=""1640011""","Gender","Female",771,62.7,766,56.7,348,59.2
"Windsor School District","=""1640011""","Gender","Male",810,56.4,801,54.2,387,56.1
"Windsor School District","=""1640011""","Grade","03",205,60.1,201,55.8,"N/A","N/A"
"Windsor School District","=""1640011""","Grade","04",217,66.8,215,61.5,"N/A","N/A"
"Windsor School District","=""1640011""","Grade","05",208,60.4,205,59.6,205,56.5
"Windsor School District","=""1640011""","Grade","06",208,65.6,207,57.4,"N/A","N/A"
"Windsor School District","=""1640011""","Grade","07",221,57.9,219,55.4,"N/A","N/A"
"Windsor School District","=""1640011""","Grade","08",255,58.0,253,53.3,252,57.2
"Windsor School District","=""1640011""","Grade","11",267,50.1,267,47.5,278,58.7
"Windsor School District","=""1640011""","High Needs (F/R, EL or SWD)","High Needs",869,52.8,859,47.8,377,49.2
"Windsor School District","=""1640011""","High Needs (F/R, EL or SWD)","Not High Needs",712,67.6,708,64.6,358,66.4
"Windsor School District","=""1640011""","Free/Reduced Price Meal Eligibility (2-level)","Eligible For Free Or Reduced Price Meals",716,54.0,707,48.7,305,51.1
"Windsor School District","=""1640011""","Free/Reduced Price Meal Eligibility (2-level)","Not Eligible For Free Or Reduced Price Meals",865,64.0,860,60.9,430,62.2
"Windsor School District","=""1640011""","Race/Ethnicity","American Indian or Alaska Native","*","*","*","*","*","*"
"Windsor School District","=""1640011""","Race/Ethnicity","Asian","*","*","*","*","*","*"
"Windsor School District","=""1640011""","Race/Ethnicity","Black or African American",652,54.3,642,50.3,303,52.7
"Windsor School District","=""1640011""","Race/Ethnicity","Hispanic or Latino",409,56.6,408,51.1,188,53.4
"Windsor School District","=""1640011""","Race/Ethnicity","Two or More Races",133,64.2,133,60.1,66,59.5
"Windsor School District","=""1640011""","Race/Ethnicity","White",335,69.5,332,66.5,156,68.9
"Windsor School District","=""1640011""","Special Education Status (SWD)","Students with Disabilities",330,41.1,326,36.8,145,40.0
"Windsor School District","=""1640011""","Special Education Status (SWD)","Students without Disabilities",1251,64.3,1241,60.3,590,61.9
"Windsor Locks School District","=""1650011""","All Students","District",739,63.5,738,58.7,301,63.5
"Windsor Locks School District","=""1650011""","English Language Learners (EL)","English Learners",86,60.2,86,57.1,34,63.3
"Windsor Locks School District","=""1650011""","English Language Learners (EL)","Not English Learners",653,63.9,652,58.9,267,63.5
"Windsor Locks School District","=""1650011""","Gender","Female",397,65.3,397,57.8,167,61.9
"Windsor Locks School District","=""1650011""","Gender","Male",342,61.3,341,59.7,134,65.5
"Windsor Locks School District","=""1650011""","Grade","03",108,59.1,108,55.8,"N/A","N/A"
"Windsor Locks School District","=""1650011""","Grade","04",119,65.8,119,62.9,"N/A","N/A"
"Windsor Locks School District","=""1650011""","Grade","05",112,69.4,112,67.0,111,66.2
"Windsor Locks School District","=""1650011""","Grade","06",94,63.0,94,55.2,"N/A","N/A"
"Windsor Locks School District","=""1650011""","Grade","07",116,65.5,115,59.1,"N/A","N/A"
"Windsor Locks School District","=""1650011""","Grade","08",102,68.0,102,59.3,102,67.6
"Windsor Locks School District","=""1650011""","Grade","11",88,50.8,88,48.3,88,55.4
"Windsor Locks School District","=""1650011""","High Needs (F/R, EL or SWD)","High Needs",427,57.9,427,52.6,171,58.4
"Windsor Locks School District","=""1650011""","High Needs (F/R, EL or SWD)","Not High Needs",312,71.1,311,67.0,130,70.2
"Windsor Locks School District","=""1650011""","Free/Reduced Price Meal Eligibility (2-level)","Eligible For Free Or Reduced Price Meals",346,58.8,346,53.3,145,59.3
"Windsor Locks School District","=""1650011""","Free/Reduced Price Meal Eligibility (2-level)","Not Eligible For Free Or Reduced Price Meals",393,67.6,392,63.5,156,67.5
"Windsor Locks School District","=""1650011""","Race/Ethnicity","Asian",47,74.2,47,71.3,25,74.2
"Windsor Locks School District","=""1650011""","Race/Ethnicity","Black or African American",93,56.6,93,48.8,41,51.1
"Windsor Locks School District","=""1650011""","Race/Ethnicity","Hispanic or Latino",129,56.9,129,51.9,47,59.4
"Windsor Locks School District","=""1650011""","Race/Ethnicity","Two or More Races",50,63.4,50,59.5,21,63.9
"Windsor Locks School District","=""1650011""","Race/Ethnicity","White",420,65.9,419,61.4,167,66.1
"Windsor Locks School District","=""1650011""","Special Education Status (SWD)","Students with Disabilities",119,45.5,119,38.6,37,42.1
"Windsor Locks School District","=""1650011""","Special Education Status (SWD)","Students without Disabilities",620,66.9,619,62.5,264,66.5
"Wolcott School District","=""1660011""","All Students","District",1083,69.3,1081,65.6,469,65.5
"Wolcott School District","=""1660011""","English Language Learners (EL)","English Learners",80,62.2,80,58.9,24,63.3
"Wolcott School District","=""1660011""","English Language Learners (EL)","Not English Learners",1003,69.9,1001,66.1,445,65.7
"Wolcott School District","=""1660011""","Gender","Female","*","*","*","*",220,67.2
"Wolcott School District","=""1660011""","Gender","Male",562,66.1,560,65.8,249,64.1
"Wolcott School District","=""1660011""","Gender","Non-Binary","*","*","*","*","N/A","N/A"
"Wolcott School District","=""1660011""","Grade","03",147,74.3,147,71.4,"N/A","N/A"
"Wolcott School District","=""1660011""","Grade","04",148,73.1,148,70.6,"N/A","N/A"
"Wolcott School District","=""1660011""","Grade","05",151,76.7,151,78.4,151,76.6
"Wolcott School District","=""1660011""","Grade","06",168,70.4,166,61.4,"N/A","N/A"
"Wolcott School District","=""1660011""","Grade","07",159,69.7,159,64.0,"N/A","N/A"
"Wolcott School District","=""1660011""","Grade","08",170,67.9,170,63.2,170,69.5
"Wolcott School District","=""1660011""","Grade","11",140,51.9,140,49.8,148,49.7
"Wolcott School District","=""1660011""","High Needs (F/R, EL or SWD)","High Needs",477,62.2,474,58.0,199,58.6
"Wolcott School District","=""1660011""","High Needs (F/R, EL or SWD)","Not High Needs",606,74.9,607,71.5,270,70.7
"Wolcott School District","=""1660011""","Free/Reduced Price Meal Eligibility (2-level)","Eligible For Free Or Reduced Price Meals",351,64.3,349,60.1,142,59.9
"Wolcott School District","=""1660011""","Free/Reduced Price Meal Eligibility (2-level)","Not Eligible For Free Or Reduced Price Meals",732,71.7,732,68.2,327,68.0
"Wolcott School District","=""1660011""","Race/Ethnicity","American Indian or Alaska Native",6,"*",6,"*","*","*"
"Wolcott School District","=""1660011""","Race/Ethnicity","Asian",29,76.6,29,72.3,"*","*"
"Wolcott School District","=""1660011""","Race/Ethnicity","Black or African American",39,65.3,39,58.3,18,"*"
"Wolcott School District","=""1660011""","Race/Ethnicity","Hispanic or Latino",165,68.1,165,61.1,65,57.8
"Wolcott School District","=""1660011""","Race/Ethnicity","Two or More Races",30,62.1,30,61.1,15,"*"
"Wolcott School District","=""1660011""","Race/Ethnicity","White",814,69.8,812,66.8,357,67.5
"Wolcott School District","=""1660011""","Special Education Status (SWD)","Students with Disabilities",173,49.5,171,45.0,76,45.7
"Wolcott School District","=""1660011""","Special Education Status (SWD)","Students without Disabilities",910,73.1,910,69.4,393,69.4
"Woodbridge School District","=""1670011""","All Students","District",474,84.5,476,80.8,128,86.7
"Woodbridge School District","=""1670011""","English Language Learners (EL)","English Learners",30,83.1,30,85.1,10,"*"
"Woodbridge School District","=""1670011""","English Language Learners (EL)","Not English Learners",444,84.6,446,80.5,118,86.6
"Woodbridge School District","=""1670011""","Gender","Female","*","*","*","*",57,84.1
"Woodbridge School District","=""1670011""","Gender","Male",259,83.4,260,82.8,71,88.7
"Woodbridge School District","=""1670011""","Gender","Non-Binary","*","*","*","*","N/A","N/A"
"Woodbridge School District","=""1670011""","Grade","03",108,79.7,109,75.3,"N/A","N/A"
"Woodbridge School District","=""1670011""","Grade","04",117,87.7,117,84.2,"N/A","N/A"
"Woodbridge School District","=""1670011""","Grade","05",129,85.5,129,83.4,128,86.7
"Woodbridge School District","=""1670011""","Grade","06",120,84.6,121,79.5,"N/A","N/A"
"Woodbridge School District","=""1670011""","High Needs (F/R, EL or SWD)","High Needs",132,71.1,133,69.3,34,76.2
"Woodbridge School District","=""1670011""","High Needs (F/R, EL or SWD)","Not High Needs",342,89.6,343,85.2,94,90.4
"Woodbridge School District","=""1670011""","Free/Reduced Price Meal Eligibility (2-level)","Eligible For Free Or Reduced Price Meals",65,74.1,65,73.5,18,"*"
"Woodbridge School District","=""1670011""","Free/Reduced Price Meal Eligibility (2-level)","Not Eligible For Free Or Reduced Price Meals",409,86.1,411,81.9,110,88.7
"Woodbridge School District","=""1670011""","Race/Ethnicity","Asian",82,91.0,82,91.4,27,86.8
"Woodbridge School District","=""1670011""","Race/Ethnicity","Black or African American",10,"*",10,"*","*","*"
"Woodbridge School District","=""1670011""","Race/Ethnicity","Hispanic or Latino",36,71.2,36,67.0,"*","*"
"Woodbridge School District","=""1670011""","Race/Ethnicity","Two or More Races",44,86.2,44,84.2,15,"*"
"Woodbridge School District","=""1670011""","Race/Ethnicity","White",302,84.1,304,79.3,75,86.9
"Woodbridge School District","=""1670011""","Special Education Status (SWD)","Students with Disabilities",65,60.6,66,58.1,14,"*"
"Woodbridge School District","=""1670011""","Special Education Status (SWD)","Students without Disabilities",409,88.3,410,84.4,114,89.9
"Woodstock School District","=""1690011""","All Students","District",501,71.3,501,62.7,182,69.7
"Woodstock School District","=""1690011""","English Language Learners (EL)","English Learners",7,"*",7,"*","*","*"
"Woodstock School District","=""1690011""","English Language Learners (EL)","Not English Learners",494,71.6,494,62.9,"*","*"
"Woodstock School District","=""1690011""","Gender","Female",259,71.1,259,60.1,91,69.1
"Woodstock School District","=""1690011""","Gender","Male","*","*","*","*",91,70.2
"Woodstock School District","=""1690011""","Gender","Non-Binary","*","*","*","*","N/A","N/A"
"Woodstock School District","=""1690011""","Grade","03",95,70.3,95,60.2,"N/A","N/A"
"Woodstock School District","=""1690011""","Grade","04",77,72.6,77,65.6,"N/A","N/A"
"Woodstock School District","=""1690011""","Grade","05",96,71.5,96,62.7,96,75.3
"Woodstock School District","=""1690011""","Grade","06",69,74.1,69,61.6,"N/A","N/A"
"Woodstock School District","=""1690011""","Grade","07",79,71.9,79,63.5,"N/A","N/A"
"Woodstock School District","=""1690011""","Grade","08",85,68.3,85,62.8,86,63.4
"Woodstock School District","=""1690011""","Grade","11",0,"N/A",0,"N/A",0,"N/A"
"Woodstock School District","=""1690011""","High Needs (F/R, EL or SWD)","High Needs",168,61.7,168,52.3,68,61.9
"Woodstock School District","=""1690011""","High Needs (F/R, EL or SWD)","Not High Needs",333,76.2,333,67.9,114,74.3
"Woodstock School District","=""1690011""","Free/Reduced Price Meal Eligibility (2-level)","Eligible For Free Or Reduced Price Meals",107,66.9,107,58.3,43,65.2
"Woodstock School District","=""1690011""","Free/Reduced Price Meal Eligibility (2-level)","Not Eligible For Free Or Reduced Price Meals",394,72.5,394,63.8,139,71.0
"Woodstock School District","=""1690011""","Race/Ethnicity","American Indian or Alaska Native","*","*","*","*","N/A","N/A"
"Woodstock School District","=""1690011""","Race/Ethnicity","Asian","*","*","*","*","*","*"
"Woodstock School District","=""1690011""","Race/Ethnicity","Black or African American","*","*","*","*","N/A","N/A"
"Woodstock School District","=""1690011""","Race/Ethnicity","Hispanic or Latino",27,63.6,27,58.7,13,"*"
"Woodstock School District","=""1690011""","Race/Ethnicity","Two or More Races",26,70.7,26,59.3,"*","*"
"Woodstock School District","=""1690011""","Race/Ethnicity","White",436,72.2,436,63.5,161,69.5
"Woodstock School District","=""1690011""","Special Education Status (SWD)","Students with Disabilities",80,51.8,80,41.6,30,55.0
"Woodstock School District","=""1690011""","Special Education Status (SWD)","Students without Disabilities",421,75.0,421,66.7,152,72.6
"Regional School District 01","=""2010012""","All Students","District",58,50.9,58,43.9,54,53.6
"Regional School District 01","=""2010012""","English Language Learners (EL)","English Learners","*","*","*","*","*","*"
"Regional School District 01","=""2010012""","English Language Learners (EL)","Not English Learners","*","*","*","*","*","*"
"Regional School District 01","=""2010012""","Gender","Female",30,50.6,30,42.6,28,54.0
"Regional School District 01","=""2010012""","Gender","Male",28,51.2,28,45.3,26,53.2
"Regional School District 01","=""2010012""","Gender","Non-Binary",0,"N/A",0,"N/A",0,"N/A"
"Regional School District 01","=""2010012""","Grade","04","*","*","*","*","N/A","N/A"
"Regional School District 01","=""2010012""","Grade","06","*","*","*","*","N/A","N/A"
"Regional School District 01","=""2010012""","Grade","11",56,51.2,56,45.2,54,53.6
"Regional School District 01","=""2010012""","High Needs (F/R, EL or SWD)","High Needs",28,46.8,28,41.7,25,47.5
"Regional School District 01","=""2010012""","High Needs (F/R, EL or SWD)","Not High Needs",30,54.8,30,46.0,29,58.9
"Regional School District 01","=""2010012""","Free/Reduced Price Meal Eligibility (2-level)","Eligible For Free Or Reduced Price Meals",21,50.5,21,44.1,18,"*"
"Regional School District 01","=""2010012""","Free/Reduced Price Meal Eligibility (2-level)","Not Eligible For Free Or Reduced Price Meals",37,51.1,37,43.8,36,54.3
"Regional School District 01","=""2010012""","Race/Ethnicity","Asian","*","*","*","*","*","*"
"Regional School District 01","=""2010012""","Race/Ethnicity","Black or African American","*","*","*","*","*","*"
"Regional School District 01","=""2010012""","Race/Ethnicity","Hispanic or Latino",7,"*",7,"*",7,"*"
"Regional School District 01","=""2010012""","Race/Ethnicity","Two or More Races","*","*","*","*","*","*"
"Regional School District 01","=""2010012""","Race/Ethnicity","White",44,52.7,44,45.3,40,56.6
"Regional School District 01","=""2010012""","Special Education Status (SWD)","Students with Disabilities",12,"*",12,"*",10,"*"
"Regional School District 01","=""2010012""","Special Education Status (SWD)","Students without Disabilities",46,55.0,46,47.8,44,57.7
"Regional School District 04","=""2040012""","All Students","District",361,65.2,364,61.3,256,62.2
"Regional School District 04","=""2040012""","English Language Learners (EL)","English Learners",15,"*",15,"*",9,"*"
"Regional School District 04","=""2040012""","English Language Learners (EL)","Not English Learners",346,65.9,349,61.8,247,62.9
"Regional School District 04","=""2040012""","Gender","Female",190,68.2,192,60.3,143,64.5
"Regional School District 04","=""2040012""","Gender","Male","*","*","*","*","*","*"
"Regional School District 04","=""2040012""","Gender","Non-Binary","*","*","*","*","*","*"
"Regional School District 04","=""2040012""","Grade","06","*","*","*","*","N/A","N/A"
"Regional School District 04","=""2040012""","Grade","07","*","*","*","*","N/A","N/A"
"Regional School District 04","=""2040012""","Grade","08",118,66.0,119,61.5,119,63.5
"Regional School District 04","=""2040012""","Grade","11",133,59.2,133,55.4,137,61.1
"Regional School District 04","=""2040012""","High Needs (F/R, EL or SWD)","High Needs",139,54.5,142,51.5,102,52.9
"Regional School District 04","=""2040012""","High Needs (F/R, EL or SWD)","Not High Needs",222,72.0,222,67.6,154,68.4
"Regional School District 04","=""2040012""","Free/Reduced Price Meal Eligibility (2-level)","Eligible For Free Or Reduced Price Meals",97,55.7,99,53.7,69,56.2
"Regional School District 04","=""2040012""","Free/Reduced Price Meal Eligibility (2-level)","Not Eligible For Free Or Reduced Price Meals",264,68.7,265,64.2,187,64.4
"Regional School District 04","=""2040012""","Race/Ethnicity","American Indian or Alaska Native","*","*","*","*","*","*"
"Regional School District 04","=""2040012""","Race/Ethnicity","Asian",7,"*",7,"*",6,"*"
"Regional School District 04","=""2040012""","Race/Ethnicity","Black or African American","*","*","*","*","*","*"
"Regional School District 04","=""2040012""","Race/Ethnicity","Hispanic or Latino",31,52.8,31,50.3,23,51.8
"Regional School District 04","=""2040012""","Race/Ethnicity","Two or More Races",16,"*",16,"*",14,"*"
"Regional School District 04","=""2040012""","Race/Ethnicity","White",303,66.9,306,62.8,210,63.4
"Regional School District 04","=""2040012""","Special Education Status (SWD)","Students with Disabilities",61,50.5,62,44.6,46,47.0
"Regional School District 04","=""2040012""","Special Education Status (SWD)","Students without Disabilities",300,68.2,302,64.7,210,65.5
"Regional School District 05","=""2050012""","All Students","District",1049,74.8,1044,72.3,697,67.9
"Regional School District 05","=""2050012""","English Language Learners (EL)","English Learners",30,64.1,30,64.4,17,"*"
"Regional School District 05","=""2050012""","English Language Learners (EL)","Not English Learners",1019,75.2,1014,72.5,680,68.1
"Regional School District 05","=""2050012""","Gender","Female","*","*","*","*",335,68.8
"Regional School District 05","=""2050012""","Gender","Male",543,72.4,541,71.9,362,67.0
"Regional School District 05","=""2050012""","Gender","Non-Binary","*","*","*","*","N/A","N/A"
"Regional School District 05","=""2050012""","Grade","07",350,82.6,347,78.6,"N/A","N/A"
"Regional School District 05","=""2050012""","Grade","08",355,76.0,353,72.7,354,72.2
"Regional School District 05","=""2050012""","Grade","11",344,65.8,344,65.5,343,63.4
"Regional School District 05","=""2050012""","High Needs (F/R, EL or SWD)","High Needs",252,62.9,249,58.0,172,54.3
"Regional School District 05","=""2050012""","High Needs (F/R, EL or SWD)","Not High Needs",797,78.6,795,76.8,525,72.3
"Regional School District 05","=""2050012""","Free/Reduced Price Meal Eligibility (2-level)","Eligible For Free Or Reduced Price Meals",153,66.2,151,61.7,106,56.5
"Regional School District 05","=""2050012""","Free/Reduced Price Meal Eligibility (2-level)","Not Eligible For Free Or Reduced Price Meals",896,76.3,893,74.1,591,69.9
"Regional School District 05","=""2050012""","Race/Ethnicity","American Indian or Alaska Native","*","*","*","*","*","*"
"Regional School District 05","=""2050012""","Race/Ethnicity","Asian",145,85.6,145,88.4,105,80.6
"Regional School District 05","=""2050012""","Race/Ethnicity","Black or African American","*","*","*","*","*","*"
"Regional School District 05","=""2050012""","Race/Ethnicity","Hispanic or Latino",92,69.5,92,66.2,53,60.3
"Regional School District 05","=""2050012""","Race/Ethnicity","Two or More Races",52,76.6,51,73.2,33,71.3
"Regional School District 05","=""2050012""","Race/Ethnicity","White",720,73.8,717,70.7,479,66.4
"Regional School District 05","=""2050012""","Special Education Status (SWD)","Students with Disabilities",126,53.3,124,46.7,90,46.0
"Regional School District 05","=""2050012""","Special Education Status (SWD)","Students without Disabilities",923,77.8,920,75.8,607,71.1
"Regional School District 06","=""2060012""","All Students","District",388,72.3,386,69.6,205,64.5
"Regional School District 06","=""2060012""","English Language Learners (EL)","English Learners",11,"*",11,"*","*","*"
"Regional School District 06","=""2060012""","English Language Learners (EL)","Not English Learners",377,72.6,375,69.8,"*","*"
"Regional School District 06","=""2060012""","Gender","Female",196,73.1,195,68.6,106,65.2
"Regional School District 06","=""2060012""","Gender","Male",192,71.4,191,70.6,99,63.8
"Regional School District 06","=""2060012""","Grade","03",44,71.1,44,61.0,"N/A","N/A"
"Regional School District 06","=""2060012""","Grade","04",45,80.0,45,76.8,"N/A","N/A"
"Regional School District 06","=""2060012""","Grade","05",51,80.7,51,77.7,51,78.9
"Regional School District 06","=""2060012""","Grade","06",45,77.1,44,74.9,"N/A","N/A"
"Regional School District 06","=""2060012""","Grade","07",50,76.1,50,75.6,"N/A","N/A"
"Regional School District 06","=""2060012""","Grade","08",67,76.5,66,78.1,67,73.2
"Regional School District 06","=""2060012""","Grade","11",86,55.7,86,52.7,87,49.5
"Regional School District 06","=""2060012""","High Needs (F/R, EL or SWD)","High Needs",143,61.6,141,57.5,72,54.0
"Regional School District 06","=""2060012""","High Needs (F/R, EL or SWD)","Not High Needs",245,78.4,245,76.6,133,70.2
"Regional School District 06","=""2060012""","Free/Reduced Price Meal Eligibility (2-level)","Eligible For Free Or Reduced Price Meals",100,65.6,98,61.5,46,56.9
"Regional School District 06","=""2060012""","Free/Reduced Price Meal Eligibility (2-level)","Not Eligible For Free Or Reduced Price Meals",288,74.6,288,72.3,159,66.7
"Regional School District 06","=""2060012""","Race/Ethnicity","Asian","*","*","*","*","N/A","N/A"
"Regional School District 06","=""2060012""","Race/Ethnicity","Black or African American","*","*","*","*","*","*"
"Regional School District 06","=""2060012""","Race/Ethnicity","Hispanic or Latino",20,58.6,20,57.7,13,"*"
"Regional School District 06","=""2060012""","Race/Ethnicity","Native Hawaiian or Other Pacific Islander","*","*","*","*","*","*"
"Regional School District 06","=""2060012""","Race/Ethnicity","Two or More Races",18,"*",18,"*",6,"*"
"Regional School District 06","=""2060012""","Race/Ethnicity","White",344,73.1,342,70.3,184,65.8
"Regional School District 06","=""2060012""","Special Education Status (SWD)","Students with Disabilities",66,52.1,65,45.8,34,46.7
"Regional School District 06","=""2060012""","Special Education Status (SWD)","Students without Disabilities",322,76.4,321,74.4,171,68.1
"Regional School District 07","=""2070012""","All Students","District",387,68.5,388,66.2,242,69.9
"Regional School District 07","=""2070012""","English Language Learners (EL)","English Learners","*","*","*","*","N/A","N/A"
"Regional School District 07","=""2070012""","English Language Learners (EL)","Not English Learners","*","*","*","*",242,69.9
"Regional School District 07","=""2070012""","Gender","Female",199,71.5,199,67.3,125,71.7
"Regional School District 07","=""2070012""","Gender","Male",188,65.2,189,65.2,117,67.9
"Regional School District 07","=""2070012""","Grade","07",142,72.1,142,69.0,"N/A","N/A"
"Regional School District 07","=""2070012""","Grade","08",111,74.3,112,72.3,111,74.7
"Regional School District 07","=""2070012""","Grade","11",134,59.8,134,58.3,131,65.8
"Regional School District 07","=""2070012""","High Needs (F/R, EL or SWD)","High Needs",149,59.2,150,56.1,96,58.9
"Regional School District 07","=""2070012""","High Needs (F/R, EL or SWD)","Not High Needs",238,74.3,238,72.6,146,77.1
"Regional School District 07","=""2070012""","Free/Reduced Price Meal Eligibility (2-level)","Eligible For Free Or Reduced Price Meals",102,61.2,103,58.1,64,61.6
"Regional School District 07","=""2070012""","Free/Reduced Price Meal Eligibility (2-level)","Not Eligible For Free Or Reduced Price Meals",285,71.1,285,69.2,178,72.8
"Regional School District 07","=""2070012""","Race/Ethnicity","Asian","*","*","*","*","*","*"
"Regional School District 07","=""2070012""","Race/Ethnicity","Black or African American","*","*","*","*","*","*"
"Regional School District 07","=""2070012""","Race/Ethnicity","Hispanic or Latino",14,"*",14,"*",11,"*"
"Regional School District 07","=""2070012""","Race/Ethnicity","Two or More Races",14,"*",14,"*",6,"*"
"Regional School District 07","=""2070012""","Race/Ethnicity","White",353,68.3,354,65.9,223,69.4
"Regional School District 07","=""2070012""","Special Education Status (SWD)","Students with Disabilities",79,52.7,79,47.7,51,53.0
"Regional School District 07","=""2070012""","Special Education Status (SWD)","Students without Disabilities",308,72.5,309,71.0,191,74.4
"Regional School District 08","=""2080012""","All Students","District",565,65.0,564,63.6,378,61.3
"Regional School District 08","=""2080012""","English Language Learners (EL)","English Learners","*","*","*","*","*","*"
"Regional School District 08","=""2080012""","English Language Learners (EL)","Not English Learners","*","*","*","*","*","*"
"Regional School District 08","=""2080012""","Gender","Female","*","*","*","*",179,62.6
"Regional School District 08","=""2080012""","Gender","Male",299,62.5,298,63.9,199,60.1
"Regional School District 08","=""2080012""","Gender","Non-Binary","*","*","*","*","N/A","N/A"
"Regional School District 08","=""2080012""","Grade","07",182,68.0,182,65.8,"N/A","N/A"
"Regional School District 08","=""2080012""","Grade","08",184,65.0,183,64.5,184,61.8
"Regional School District 08","=""2080012""","Grade","11",199,62.2,199,60.7,194,60.8
"Regional School District 08","=""2080012""","High Needs (F/R, EL or SWD)","High Needs",146,54.2,145,51.9,96,52.5
"Regional School District 08","=""2080012""","High Needs (F/R, EL or SWD)","Not High Needs",419,68.7,419,67.7,282,64.3
"Regional School District 08","=""2080012""","Free/Reduced Price Meal Eligibility (2-level)","Eligible For Free Or Reduced Price Meals",73,59.6,73,57.1,49,60.0
"Regional School District 08","=""2080012""","Free/Reduced Price Meal Eligibility (2-level)","Not Eligible For Free Or Reduced Price Meals",492,65.8,491,64.6,329,61.5
"Regional School District 08","=""2080012""","Race/Ethnicity","Asian","*","*","*","*","*","*"
"Regional School District 08","=""2080012""","Race/Ethnicity","Black or African American","*","*","*","*","*","*"
"Regional School District 08","=""2080012""","Race/Ethnicity","Hispanic or Latino",41,58.7,41,57.8,25,53.9
"Regional School District 08","=""2080012""","Race/Ethnicity","Native Hawaiian or Other Pacific Islander","*","*","*","*","*","*"
"Regional School District 08","=""2080012""","Race/Ethnicity","Two or More Races",20,57.5,20,53.0,12,"*"
"Regional School District 08","=""2080012""","Race/Ethnicity","White",497,65.7,496,64.6,336,62.4
"Regional School District 08","=""2080012""","Special Education Status (SWD)","Students with Disabilities",95,47.8,94,44.9,58,44.3
"Regional School District 08","=""2080012""","Special Education Status (SWD)","Students without Disabilities",470,68.5,470,67.4,320,64.4
"Regional School District 09","=""2090012""","All Students","District",186,69.0,186,68.8,189,81.3
"Regional School District 09","=""2090012""","English Language Learners (EL)","English Learners","*","*","*","*","*","*"
"Regional School District 09","=""2090012""","English Language Learners (EL)","Not English Learners","*","*","*","*","*","*"
"Regional School District 09","=""2090012""","Gender","Female",91,70.4,91,67.0,92,80.3
"Regional School District 09","=""2090012""","Gender","Male",95,67.6,95,70.6,97,82.3
"Regional School District 09","=""2090012""","Grade","11",186,69.0,186,68.8,189,81.3
"Regional School District 09","=""2090012""","High Needs (F/R, EL or SWD)","High Needs",45,61.9,45,57.4,47,70.7
"Regional School District 09","=""2090012""","High Needs (F/R, EL or SWD)","Not High Needs",141,71.3,141,72.4,142,84.9
"Regional School District 09","=""2090012""","Free/Reduced Price Meal Eligibility (2-level)","Eligible For Free Or Reduced Price Meals",25,68.4,25,65.2,27,77.2
"Regional School District 09","=""2090012""","Free/Reduced Price Meal Eligibility (2-level)","Not Eligible For Free Or Reduced Price Meals",161,69.1,161,69.4,162,82.0
"Regional School District 09","=""2090012""","Race/Ethnicity","Asian","*","*","*","*","*","*"
"Regional School District 09","=""2090012""","Race/Ethnicity","Black or African American","*","*","*","*","*","*"
"Regional School District 09","=""2090012""","Race/Ethnicity","Hispanic or Latino",17,"*",17,"*",18,"*"
"Regional School District 09","=""2090012""","Race/Ethnicity","Two or More Races",9,"*",9,"*",9,"*"
"Regional School District 09","=""2090012""","Race/Ethnicity","White",148,70.3,148,70.1,150,83.5
"Regional School District 09","=""2090012""","Special Education Status (SWD)","Students with Disabilities",24,53.9,24,48.4,25,60.1
"Regional School District 09","=""2090012""","Special Education Status (SWD)","Students without Disabilities",162,71.2,162,71.8,164,84.6
"Regional School District 10","=""2100012""","All Students","District",1096,72.2,1094,68.4,460,70.1
"Regional School District 10","=""2100012""","English Language Learners (EL)","English Learners",38,66.4,38,64.1,9,"*"
"Regional School District 10","=""2100012""","English Language Learners (EL)","Not English Learners",1058,72.4,1056,68.5,451,70.5
"Regional School District 10","=""2100012""","Gender","Female",505,73.9,503,67.3,195,70.0
"Regional School District 10","=""2100012""","Gender","Male",591,70.8,591,69.2,265,70.2
"Regional School District 10","=""2100012""","Grade","03",159,71.6,159,70.2,"N/A","N/A"
"Regional School District 10","=""2100012""","Grade","04",152,77.2,152,76.2,"N/A","N/A"
"Regional School District 10","=""2100012""","Grade","05",157,76.4,157,73.7,157,73.5
"Regional School District 10","=""2100012""","Grade","06",162,74.4,161,67.9,"N/A","N/A"
"Regional School District 10","=""2100012""","Grade","07",163,71.9,162,65.3,"N/A","N/A"
"Regional School District 10","=""2100012""","Grade","08",160,71.5,160,66.1,159,71.7
"Regional School District 10","=""2100012""","Grade","11",143,61.7,143,58.6,144,64.7
"Regional School District 10","=""2100012""","High Needs (F/R, EL or SWD)","High Needs",314,63.0,313,59.0,114,58.1
"Regional School District 10","=""2100012""","High Needs (F/R, EL or SWD)","Not High Needs",782,75.9,781,72.1,346,74.0
"Regional School District 10","=""2100012""","Free/Reduced Price Meal Eligibility (2-level)","Eligible For Free Or Reduced Price Meals",179,66.1,178,62.1,70,59.3
"Regional School District 10","=""2100012""","Free/Reduced Price Meal Eligibility (2-level)","Not Eligible For Free Or Reduced Price Meals",917,73.4,916,69.6,390,72.0
"Regional School District 10","=""2100012""","Race/Ethnicity","Asian","*","*","*","*","*","*"
"Regional School District 10","=""2100012""","Race/Ethnicity","Black or African American","*","*","*","*","*","*"
"Regional School District 10","=""2100012""","Race/Ethnicity","Hispanic or Latino",85,68.1,85,63.2,34,74.1
"Regional School District 10","=""2100012""","Race/Ethnicity","Two or More Races",277,71.0,277,67.1,114,67.5
"Regional School District 10","=""2100012""","Race/Ethnicity","White",726,73.2,724,69.5,307,70.6
"Regional School District 10","=""2100012""","Special Education Status (SWD)","Students with Disabilities",158,56.4,157,51.0,65,52.2
"Regional School District 10","=""2100012""","Special Education Status (SWD)","Students without Disabilities",938,74.9,937,71.3,395,73.0
"Regional School District 11","=""2110012""","All Students","District",132,64.5,131,58.4,79,65.3
"Regional School District 11","=""2110012""","English Language Learners (EL)","Not English Learners",132,64.5,131,58.4,79,65.3
"Regional School District 11","=""2110012""","Gender","Female",70,66.1,69,56.0,38,64.7
"Regional School District 11","=""2110012""","Gender","Male",62,62.7,62,61.1,41,65.8
"Regional School District 11","=""2110012""","Grade","07",53,71.9,52,62.3,"N/A","N/A"
"Regional School District 11","=""2110012""","Grade","08",43,65.2,43,56.8,43,65.5
"Regional School District 11","=""2110012""","Grade","11",36,52.8,36,54.9,36,65.0
"Regional School District 11","=""2110012""","High Needs (F/R, EL or SWD)","High Needs",57,58.5,57,52.7,34,54.8
"Regional School District 11","=""2110012""","High Needs (F/R, EL or SWD)","Not High Needs",75,69.1,74,62.9,45,73.2
"Regional School District 11","=""2110012""","Free/Reduced Price Meal Eligibility (2-level)","Eligible For Free Or Reduced Price Meals",44,62.0,44,56.7,25,58.8
"Regional School District 11","=""2110012""","Free/Reduced Price Meal Eligibility (2-level)","Not Eligible For Free Or Reduced Price Meals",88,65.7,87,59.3,54,68.3
"Regional School District 11","=""2110012""","Race/Ethnicity","Asian","*","*","*","*","*","*"
"Regional School District 11","=""2110012""","Race/Ethnicity","Black or African American","*","*","*","*","*","*"
"Regional School District 11","=""2110012""","Race/Ethnicity","Hispanic or Latino",8,"*",8,"*","*","*"
"Regional School District 11","=""2110012""","Race/Ethnicity","Two or More Races","*","*","*","*","*","*"
"Regional School District 11","=""2110012""","Race/Ethnicity","White",119,66.1,118,59.8,71,67.0
"Regional School District 11","=""2110012""","Special Education Status (SWD)","Students with Disabilities",22,43.7,22,38.3,13,"*"
"Regional School District 11","=""2110012""","Special Education Status (SWD)","Students without Disabilities",110,68.6,109,62.5,66,69.4
"Regional School District 12","=""2120012""","All Students","District",363,74.4,362,69.3,173,73.2
"Regional School District 12","=""2120012""","English Language Learners (EL)","English Learners","*","*","*","*","*","*"
"Regional School District 12","=""2120012""","English Language Learners (EL)","Not English Learners","*","*","*","*","*","*"
"Regional School District 12","=""2120012""","Gender","Female",188,75.6,187,68.0,88,70.8
"Regional School District 12","=""2120012""","Gender","Male",175,73.2,175,70.7,85,75.6
"Regional School District 12","=""2120012""","Grade","03",44,77.6,44,70.5,"N/A","N/A"
"Regional School District 12","=""2120012""","Grade","04",40,86.2,40,84.7,"N/A","N/A"
"Regional School District 12","=""2120012""","Grade","05",41,80.4,41,74.8,41,75.5
"Regional School District 12","=""2120012""","Grade","06",43,78.5,43,72.4,"N/A","N/A"
"Regional School District 12","=""2120012""","Grade","07",63,78.8,62,72.4,"N/A","N/A"
"Regional School District 12","=""2120012""","Grade","08",51,72.7,51,65.0,51,72.8
"Regional School District 12","=""2120012""","Grade","11",81,59.5,81,57.0,81,72.2
"Regional School District 12","=""2120012""","High Needs (F/R, EL or SWD)","High Needs",127,65.6,126,60.3,56,65.1
"Regional School District 12","=""2120012""","High Needs (F/R, EL or SWD)","Not High Needs",236,79.2,236,74.1,117,77.1
"Regional School District 12","=""2120012""","Free/Reduced Price Meal Eligibility (2-level)","Eligible For Free Or Reduced Price Meals",85,66.7,85,63.4,40,65.2
"Regional School District 12","=""2120012""","Free/Reduced Price Meal Eligibility (2-level)","Not Eligible For Free Or Reduced Price Meals",278,76.8,277,71.1,133,75.6
"Regional School District 12","=""2120012""","Race/Ethnicity","Asian","*","*","*","*","*","*"
"Regional School District 12","=""2120012""","Race/Ethnicity","Black or African American","*","*","*","*","*","*"
"Regional School District 12","=""2120012""","Race/Ethnicity","Hispanic or Latino",39,68.2,38,65.3,21,64.6
"Regional School District 12","=""2120012""","Race/Ethnicity","Two or More Races",19,"*",19,"*",7,"*"
"Regional School District 12","=""2120012""","Race/Ethnicity","White",303,74.8,303,69.6,143,74.5
"Regional School District 12","=""2120012""","Special Education Status (SWD)","Students with Disabilities",60,60.3,59,51.5,26,59.0
"Regional School District 12","=""2120012""","Special Education Status (SWD)","Students without Disabilities",303,77.2,303,72.8,147,75.7
"Regional School District 13","=""2130012""","All Students","District",704,70.4,699,65.0,284,70.9
"Regional School District 13","=""2130012""","English Language Learners (EL)","English Learners",19,"*",19,"*",9,"*"
"Regional School District 13","=""2130012""","English Language Learners (EL)","Not English Learners",685,70.5,680,65.4,275,71.4
"Regional School District 13","=""2130012""","Gender","Female",372,72.9,368,64.3,159,71.7
"Regional School District 13","=""2130012""","Gender","Male",332,67.5,331,65.8,125,69.9
"Regional School District 13","=""2130012""","Grade","03",103,72.9,103,68.2,"N/A","N/A"
"Regional School District 13","=""2130012""","Grade","04",109,72.1,108,65.5,"N/A","N/A"
"Regional School District 13","=""2130012""","Grade","05",100,75.5,98,65.8,98,75.5
"Regional School District 13","=""2130012""","Grade","06",103,73.1,102,69.8,"N/A","N/A"
"Regional School District 13","=""2130012""","Grade","07",99,65.8,99,62.8,"N/A","N/A"
"Regional School District 13","=""2130012""","Grade","08",103,71.1,102,63.8,103,66.2
"Regional School District 13","=""2130012""","Grade","11",87,60.2,87,58.2,83,71.3
"Regional School District 13","=""2130012""","High Needs (F/R, EL or SWD)","High Needs",236,56.9,233,49.9,98,57.8
"Regional School District 13","=""2130012""","High Needs (F/R, EL or SWD)","Not High Needs",468,77.2,466,72.6,186,77.8
"Regional School District 13","=""2130012""","Free/Reduced Price Meal Eligibility (2-level)","Eligible For Free Or Reduced Price Meals",103,63.8,102,54.1,48,62.6
"Regional School District 13","=""2130012""","Free/Reduced Price Meal Eligibility (2-level)","Not Eligible For Free Or Reduced Price Meals",601,71.5,597,66.9,236,72.6
"Regional School District 13","=""2130012""","Race/Ethnicity","Asian","*","*","*","*","*","*"
"Regional School District 13","=""2130012""","Race/Ethnicity","Black or African American","*","*","*","*","*","*"
"Regional School District 13","=""2130012""","Race/Ethnicity","Hispanic or Latino",62,65.6,62,55.8,28,60.3
"Regional School District 13","=""2130012""","Race/Ethnicity","Two or More Races",25,77.3,25,73.4,11,"*"
"Regional School District 13","=""2130012""","Race/Ethnicity","White",605,70.5,600,65.5,236,71.5
"Regional School District 13","=""2130012""","Special Education Status (SWD)","Students with Disabilities",172,52.4,169,45.4,67,52.3
"Regional School District 13","=""2130012""","Special Education Status (SWD)","Students without Disabilities",532,76.2,530,71.3,217,76.6
"Regional School District 14","=""2140012""","All Students","District",738,68.4,736,66.3,352,64.1
"Regional School District 14","=""2140012""","English Language Learners (EL)","English Learners",22,57.3,22,59.5,7,"*"
"Regional School District 14","=""2140012""","English Language Learners (EL)","Not English Learners",716,68.7,714,66.5,345,64.2
"Regional School District 14","=""2140012""","Gender","Female",371,70.8,369,65.8,181,66.4
"Regional School District 14","=""2140012""","Gender","Male",367,65.9,367,66.8,171,61.7
"Regional School District 14","=""2140012""","Grade","03",104,69.7,104,66.0,"N/A","N/A"
"Regional School District 14","=""2140012""","Grade","04",81,74.1,81,74.6,"N/A","N/A"
"Regional School District 14","=""2140012""","Grade","05",106,72.8,106,68.0,106,74.9
"Regional School District 14","=""2140012""","Grade","06",95,72.8,95,64.7,"N/A","N/A"
"Regional School District 14","=""2140012""","Grade","07",106,70.3,105,68.3,"N/A","N/A"
"Regional School District 14","=""2140012""","Grade","08",91,71.2,90,75.1,90,69.4
"Regional School District 14","=""2140012""","Grade","11",155,55.9,155,55.7,156,53.7
"Regional School District 14","=""2140012""","High Needs (F/R, EL or SWD)","High Needs",284,60.3,283,57.5,134,55.8
"Regional School District 14","=""2140012""","High Needs (F/R, EL or SWD)","Not High Needs",454,73.5,453,71.8,218,69.2
"Regional School District 14","=""2140012""","Free/Reduced Price Meal Eligibility (2-level)","Eligible For Free Or Reduced Price Meals",170,64.1,170,61.8,86,59.7
"Regional School District 14","=""2140012""","Free/Reduced Price Meal Eligibility (2-level)","Not Eligible For Free Or Reduced Price Meals",568,69.7,566,67.7,266,65.5
"Regional School District 14","=""2140012""","Race/Ethnicity","American Indian or Alaska Native","*","*","*","*","*","*"
"Regional School District 14","=""2140012""","Race/Ethnicity","Asian",11,"*",11,"*",7,"*"
"Regional School District 14","=""2140012""","Race/Ethnicity","Black or African American","*","*","*","*","*","*"
"Regional School District 14","=""2140012""","Race/Ethnicity","Hispanic or Latino",69,68.1,69,63.2,31,60.2
"Regional School District 14","=""2140012""","Race/Ethnicity","Two or More Races",21,69.5,21,65.7,"*","*"
"Regional School District 14","=""2140012""","Race/Ethnicity","White",626,68.7,624,66.9,305,64.8
"Regional School District 14","=""2140012""","Special Education Status (SWD)","Students with Disabilities",149,52.7,148,47.9,69,46.7
"Regional School District 14","=""2140012""","Special Education Status (SWD)","Students without Disabilities",589,72.4,588,71.0,283,68.4
"Regional School District 15","=""2150012""","All Students","District",1856,70.0,1853,69.2,786,66.9
"Regional School District 15","=""2150012""","English Language Learners (EL)","English Learners",56,63.0,56,66.0,15,"*"
"Regional School District 15","=""2150012""","English Language Learners (EL)","Not English Learners",1800,70.2,1797,69.3,771,66.8
"Regional School District 15","=""2150012""","Gender","Female",879,72.0,878,67.9,388,66.8
"Regional School District 15","=""2150012""","Gender","Male",977,68.3,975,70.3,398,67.1
"Regional School District 15","=""2150012""","Grade","03",258,73.5,258,72.0,"N/A","N/A"
"Regional School District 15","=""2150012""","Grade","04",293,74.8,293,74.7,"N/A","N/A"
"Regional School District 15","=""2150012""","Grade","05",259,76.0,259,73.6,259,74.6
"Regional School District 15","=""2150012""","Grade","06",260,68.7,259,67.5,"N/A","N/A"
"Regional School District 15","=""2150012""","Grade","07",261,69.1,260,69.2,"N/A","N/A"
"Regional School District 15","=""2150012""","Grade","08",265,66.5,264,65.2,266,64.9
"Regional School District 15","=""2150012""","Grade","11",260,61.0,260,61.4,261,61.3
"Regional School District 15","=""2150012""","High Needs (F/R, EL or SWD)","High Needs",514,59.1,514,56.8,215,56.2
"Regional School District 15","=""2150012""","High Needs (F/R, EL or SWD)","Not High Needs",1342,74.2,1339,73.9,571,70.9
"Regional School District 15","=""2150012""","Free/Reduced Price Meal Eligibility (2-level)","Eligible For Free Or Reduced Price Meals",252,62.0,252,58.9,105,58.0
"Regional School District 15","=""2150012""","Free/Reduced Price Meal Eligibility (2-level)","Not Eligible For Free Or Reduced Price Meals",1604,71.3,1601,70.8,681,68.3
"Regional School District 15","=""2150012""","Race/Ethnicity","American Indian or Alaska Native","*","*","*","*","N/A","N/A"
"Regional School District 15","=""2150012""","Race/Ethnicity","Asian",96,79.4,96,80.7,41,78.0
"Regional School District 15","=""2150012""","Race/Ethnicity","Black or African American","*","*","*","*",21,60.2
"Regional School District 15","=""2150012""","Race/Ethnicity","Hispanic or Latino",156,65.6,156,63.1,66,62.5
"Regional School District 15","=""2150012""","Race/Ethnicity","Two or More Races",61,71.0,61,70.8,28,76.8
"Regional School District 15","=""2150012""","Race/Ethnicity","White",1494,70.0,1491,69.2,630,66.4
"Regional School District 15","=""2150012""","Special Education Status (SWD)","Students with Disabilities",314,53.5,314,49.8,135,51.9
"Regional School District 15","=""2150012""","Special Education Status (SWD)","Students without Disabilities",1542,73.4,1539,73.1,651,70.0
"Regional School District 16","=""2160012""","All Students","District",1005,71.8,1003,70.0,436,72.8
"Regional School District 16","=""2160012""","English Language Learners (EL)","English Learners",40,63.2,40,62.2,10,"*"
"Regional School District 16","=""2160012""","English Language Learners (EL)","Not English Learners",965,72.1,963,70.4,426,73.1
"Regional School District 16","=""2160012""","Gender","Female",489,74.5,489,69.9,215,74.2
"Regional School District 16","=""2160012""","Gender","Male",516,69.2,514,70.1,221,71.5
"Regional School District 16","=""2160012""","Grade","03",132,74.2,132,74.8,"N/A","N/A"
"Regional School District 16","=""2160012""","Grade","04",153,75.1,153,75.4,"N/A","N/A"
"Regional School District 16","=""2160012""","Grade","05",147,76.2,147,73.2,147,76.0
"Regional School District 16","=""2160012""","Grade","06",135,69.5,133,68.7,"N/A","N/A"
"Regional School District 16","=""2160012""","Grade","07",145,71.5,146,64.4,"N/A","N/A"
"Regional School District 16","=""2160012""","Grade","08",152,75.9,152,73.4,152,78.5
"Regional School District 16","=""2160012""","Grade","11",141,59.1,140,60.0,137,63.1
"Regional School District 16","=""2160012""","High Needs (F/R, EL or SWD)","High Needs",352,61.2,352,59.5,124,61.0
"Regional School District 16","=""2160012""","High Needs (F/R, EL or SWD)","Not High Needs",653,77.4,651,75.7,312,77.5
"Regional School District 16","=""2160012""","Free/Reduced Price Meal Eligibility (2-level)","Eligible For Free Or Reduced Price Meals",224,63.9,224,63.2,77,62.4
"Regional School District 16","=""2160012""","Free/Reduced Price Meal Eligibility (2-level)","Not Eligible For Free Or Reduced Price Meals",781,74.0,779,72.0,359,75.0
"Regional School District 16","=""2160012""","Race/Ethnicity","Asian",15,"*",15,"*",6,"*"
"Regional School District 16","=""2160012""","Race/Ethnicity","Black or African American",40,72.1,40,70.5,16,"*"
"Regional School District 16","=""2160012""","Race/Ethnicity","Hispanic or Latino",87,65.6,87,62.3,41,66.5
"Regional School District 16","=""2160012""","Race/Ethnicity","Two or More Races",29,71.5,30,63.1,9,"*"
"Regional School District 16","=""2160012""","Race/Ethnicity","White",834,72.4,831,71.0,364,73.8
"Regional School District 16","=""2160012""","Special Education Status (SWD)","Students with Disabilities",166,52.9,166,48.9,60,54.7
"Regional School District 16","=""2160012""","Special Education Status (SWD)","Students without Disabilities",839,75.5,837,74.2,376,75.7
"Regional School District 17","=""2170012""","All Students","District",928,74.9,926,69.8,402,75.0
"Regional School District 17","=""2170012""","English Language Learners (EL)","English Learners",15,"*",15,"*","*","*"
"Regional School District 17","=""2170012""","English Language Learners (EL)","Not English Learners",913,75.2,911,70.0,"*","*"
"Regional School District 17","=""2170012""","Gender","Female","*","*","*","*","*","*"
"Regional School District 17","=""2170012""","Gender","Male",468,73.1,468,70.0,202,73.9
"Regional School District 17","=""2170012""","Gender","Non-Binary","*","*","*","*","*","*"
"Regional School District 17","=""2170012""","Grade","03",142,75.6,142,76.4,"N/A","N/A"
"Regional School District 17","=""2170012""","Grade","04",127,80.5,126,75.5,"N/A","N/A"
"Regional School District 17","=""2170012""","Grade","05",131,75.2,131,73.8,131,75.1
"Regional School District 17","=""2170012""","Grade","06",152,77.5,151,67.4,"N/A","N/A"
"Regional School District 17","=""2170012""","Grade","07",105,75.6,105,66.1,"N/A","N/A"
"Regional School District 17","=""2170012""","Grade","08",140,74.8,140,66.8,140,73.9
"Regional School District 17","=""2170012""","Grade","11",131,64.6,131,62.0,131,76.2
"Regional School District 17","=""2170012""","High Needs (F/R, EL or SWD)","High Needs",275,64.3,274,58.3,110,63.8
"Regional School District 17","=""2170012""","High Needs (F/R, EL or SWD)","Not High Needs",653,79.3,652,74.6,292,79.3
"Regional School District 17","=""2170012""","Free/Reduced Price Meal Eligibility (2-level)","Eligible For Free Or Reduced Price Meals",144,71.5,144,66.0,59,70.7
"Regional School District 17","=""2170012""","Free/Reduced Price Meal Eligibility (2-level)","Not Eligible For Free Or Reduced Price Meals",784,75.5,782,70.5,343,75.8
"Regional School District 17","=""2170012""","Race/Ethnicity","American Indian or Alaska Native","*","*","*","*","*","*"
"Regional School District 17","=""2170012""","Race/Ethnicity","Asian",19,"*",19,"*",12,"*"
"Regional School District 17","=""2170012""","Race/Ethnicity","Black or African American","*","*","*","*","*","*"
"Regional School District 17","=""2170012""","Race/Ethnicity","Hispanic or Latino",45,79.2,45,71.4,19,"*"
"Regional School District 17","=""2170012""","Race/Ethnicity","Two or More Races",24,67.4,24,62.6,10,"*"
"Regional School District 17","=""2170012""","Race/Ethnicity","White",828,75.0,826,69.8,357,75.1
"Regional School District 17","=""2170012""","Special Education Status (SWD)","Students with Disabilities",163,56.0,162,49.7,64,56.6
"Regional School District 17","=""2170012""","Special Education Status (SWD)","Students without Disabilities",765,78.9,764,74.1,338,78.5
"Regional School District 18","=""2180012""","All Students","District",627,75.8,627,75.4,285,77.0
"Regional School District 18","=""2180012""","English Language Learners (EL)","English Learners",27,57.2,27,59.0,9,"*"
"Regional School District 18","=""2180012""","English Language Learners (EL)","Not English Learners",600,76.6,600,76.1,276,77.7
"Regional School District 18","=""2180012""","Gender","Female","*","*","*","*","*","*"
"Regional School District 18","=""2180012""","Gender","Male",328,74.1,328,76.7,152,75.3
"Regional School District 18","=""2180012""","Gender","Non-Binary","*","*","*","*","*","*"
"Regional School District 18","=""2180012""","Grade","03",95,76.4,95,78.4,"N/A","N/A"
"Regional School District 18","=""2180012""","Grade","04",73,80.8,73,74.7,"N/A","N/A"
"Regional School District 18","=""2180012""","Grade","05",90,79.0,90,77.9,90,80.8
"Regional School District 18","=""2180012""","Grade","06",86,80.7,86,76.8,"N/A","N/A"
"Regional School District 18","=""2180012""","Grade","07",85,76.8,85,79.5,"N/A","N/A"
"Regional School District 18","=""2180012""","Grade","08",95,68.9,95,71.2,94,75.0
"Regional School District 18","=""2180012""","Grade","11",103,70.4,103,70.0,101,75.5
"Regional School District 18","=""2180012""","High Needs (F/R, EL or SWD)","High Needs",173,64.2,173,64.9,69,61.8
"Regional School District 18","=""2180012""","High Needs (F/R, EL or SWD)","Not High Needs",454,80.2,454,79.4,216,81.8
"Regional School District 18","=""2180012""","Free/Reduced Price Meal Eligibility (2-level)","Eligible For Free Or Reduced Price Meals",90,67.2,90,68.5,38,63.3
"Regional School District 18","=""2180012""","Free/Reduced Price Meal Eligibility (2-level)","Not Eligible For Free Or Reduced Price Meals",537,77.3,537,76.5,247,79.1
"Regional School District 18","=""2180012""","Race/Ethnicity","Asian","*","*","*","*",10,"*"
"Regional School District 18","=""2180012""","Race/Ethnicity","Black or African American","*","*","*","*","*","*"
"Regional School District 18","=""2180012""","Race/Ethnicity","Hispanic or Latino",43,69.1,43,69.4,20,64.6
"Regional School District 18","=""2180012""","Race/Ethnicity","Two or More Races",31,72.4,31,70.2,"*","*"
"Regional School District 18","=""2180012""","Race/Ethnicity","White",531,76.8,531,76.1,245,78.5
"Regional School District 18","=""2180012""","Special Education Status (SWD)","Students with Disabilities",84,58.6,84,58.0,37,55.9
"Regional School District 18","=""2180012""","Special Education Status (SWD)","Students without Disabilities",543,78.5,543,78.1,248,80.1
"Regional School District 19","=""2190012""","All Students","District",259,60.9,258,57.3,261,62.1
"Regional School District 19","=""2190012""","English Language Learners (EL)","English Learners","*","*","*","*","*","*"
"Regional School District 19","=""2190012""","English Language Learners (EL)","Not English Learners","*","*","*","*","*","*"
"Regional School District 19","=""2190012""","Gender","Female",142,60.4,142,54.6,141,62.6
"Regional School District 19","=""2190012""","Gender","Male","*","*","*","*","*","*"
"Regional School District 19","=""2190012""","Gender","Non-Binary","*","*","*","*","*","*"
"Regional School District 19","=""2190012""","Grade","11",259,60.9,258,57.3,261,62.1
"Regional School District 19","=""2190012""","High Needs (F/R, EL or SWD)","High Needs",91,52.0,90,47.8,94,53.4
"Regional School District 19","=""2190012""","High Needs (F/R, EL or SWD)","Not High Needs",168,65.7,168,62.4,167,67.0
"Regional School District 19","=""2190012""","Free/Reduced Price Meal Eligibility (2-level)","Eligible For Free Or Reduced Price Meals",74,53.7,74,48.3,77,55.4
"Regional School District 19","=""2190012""","Free/Reduced Price Meal Eligibility (2-level)","Not Eligible For Free Or Reduced Price Meals",185,63.7,184,60.9,184,64.9
"Regional School District 19","=""2190012""","Race/Ethnicity","American Indian or Alaska Native","*","*","*","*","*","*"
"Regional School District 19","=""2190012""","Race/Ethnicity","Asian",13,"*",13,"*",13,"*"
"Regional School District 19","=""2190012""","Race/Ethnicity","Black or African American","*","*","*","*","*","*"
"Regional School District 19","=""2190012""","Race/Ethnicity","Hispanic or Latino",32,53.9,32,48.2,34,48.7
"Regional School District 19","=""2190012""","Race/Ethnicity","White",201,61.2,200,58.1,202,64.0
"Regional School District 19","=""2190012""","Special Education Status (SWD)","Students with Disabilities",35,41.2,34,36.8,36,39.1
"Regional School District 19","=""2190012""","Special Education Status (SWD)","Students without Disabilities",224,63.9,224,60.4,225,65.8
"Goodwin University Educational Services (GUES)","=""2310018""","All Students","District",477,52.7,477,43.1,225,47.1
"Goodwin University Educational Services (GUES)","=""2310018""","English Language Learners (EL)","English Learners",101,48.1,101,41.5,38,40.3
"Goodwin University Educational Services (GUES)","=""2310018""","English Language Learners (EL)","Not English Learners",376,53.9,376,43.6,187,48.5
"Goodwin University Educational Services (GUES)","=""2310018""","Gender","Female",238,54.1,238,41.5,112,47.2
"Goodwin University Educational Services (GUES)","=""2310018""","Gender","Male",239,51.3,239,44.7,113,47.0
"Goodwin University Educational Services (GUES)","=""2310018""","Grade","03",61,56.1,61,45.0,"N/A","N/A"
"Goodwin University Educational Services (GUES)","=""2310018""","Grade","04",63,55.4,63,46.7,"N/A","N/A"
"Goodwin University Educational Services (GUES)","=""2310018""","Grade","05",65,48.9,65,45.2,65,49.9
"Goodwin University Educational Services (GUES)","=""2310018""","Grade","06",69,52.7,69,38.8,"N/A","N/A"
"Goodwin University Educational Services (GUES)","=""2310018""","Grade","07",60,59.5,60,47.9,"N/A","N/A"
"Goodwin University Educational Services (GUES)","=""2310018""","Grade","08",58,54.3,58,39.8,58,48.0
"Goodwin University Educational Services (GUES)","=""2310018""","Grade","11",101,46.4,101,40.4,102,44.8
"Goodwin University Educational Services (GUES)","=""2310018""","High Needs (F/R, EL or SWD)","High Needs",371,50.6,371,41.7,167,44.8
"Goodwin University Educational Services (GUES)","=""2310018""","High Needs (F/R, EL or SWD)","Not High Needs",106,59.8,106,48.3,58,53.8
"Goodwin University Educational Services (GUES)","=""2310018""","Free/Reduced Price Meal Eligibility (2-level)","Eligible For Free Or Reduced Price Meals",340,50.3,340,41.4,155,44.4
"Goodwin University Educational Services (GUES)","=""2310018""","Free/Reduced Price Meal Eligibility (2-level)","Not Eligible For Free Or Reduced Price Meals",137,58.5,137,47.5,70,53.0
"Goodwin University Educational Services (GUES)","=""2310018""","Race/Ethnicity","American Indian or Alaska Native","*","*","*","*","*","*"
"Goodwin University Educational Services (GUES)","=""2310018""","Race/Ethnicity","Asian",10,"*",10,"*",8,"*"
"Goodwin University Educational Services (GUES)","=""2310018""","Race/Ethnicity","Black or African American",150,49.7,150,38.3,75,46.2
"Goodwin University Educational Services (GUES)","=""2310018""","Race/Ethnicity","Hispanic or Latino",236,51.2,236,41.8,101,43.2
"Goodwin University Educational Services (GUES)","=""2310018""","Race/Ethnicity","Native Hawaiian or Other Pacific Islander","*","*","*","*","*","*"
"Goodwin University Educational Services (GUES)","=""2310018""","Race/Ethnicity","Two or More Races",28,60.5,28,51.8,8,"*"
"Goodwin University Educational Services (GUES)","=""2310018""","Race/Ethnicity","White",49,64.8,49,57.1,30,62.0
"Goodwin University Educational Services (GUES)","=""2310018""","Special Education Status (SWD)","Students with Disabilities",82,38.7,82,32.8,37,37.0
"Goodwin University Educational Services (GUES)","=""2310018""","Special Education Status (SWD)","Students without Disabilities",395,55.6,395,45.3,188,49.1
"Capitol Region Education Council","=""2410014""","All Students","District",4000,54.2,3962,46.4,1596,49.0
"Capitol Region Education Council","=""2410014""","English Language Learners (EL)","English Learners",602,48.1,597,42.3,221,43.5
"Capitol Region Education Council","=""2410014""","English Language Learners (EL)","Not English Learners",3398,55.3,3365,47.1,1375,49.8
"Capitol Region Education Council","=""2410014""","Gender","Female",2045,55.8,2026,45.5,820,48.5
"Capitol Region Education Council","=""2410014""","Gender","Male",1939,52.3,1920,47.2,769,49.4
"Capitol Region Education Council","=""2410014""","Gender","Non-Binary",16,"*",16,"*",7,"*"
"Capitol Region Education Council","=""2410014""","Grade","03",563,58.3,563,52.1,"N/A","N/A"
"Capitol Region Education Council","=""2410014""","Grade","04",564,60.2,564,54.7,"N/A","N/A"
"Capitol Region Education Council","=""2410014""","Grade","05",549,55.9,547,53.2,548,53.9
"Capitol Region Education Council","=""2410014""","Grade","06",634,57.6,626,43.1,"N/A","N/A"
"Capitol Region Education Council","=""2410014""","Grade","07",628,51.1,618,41.7,"N/A","N/A"
"Capitol Region Education Council","=""2410014""","Grade","08",627,49.1,609,38.6,616,48.1
"Capitol Region Education Council","=""2410014""","Grade","11",435,45.5,435,41.6,432,44.0
"Capitol Region Education Council","=""2410014""","High Needs (F/R, EL or SWD)","High Needs",3069,49.8,3032,42.0,1232,45.1
"Capitol Region Education Council","=""2410014""","High Needs (F/R, EL or SWD)","Not High Needs",931,68.6,930,60.5,364,62.1
"Capitol Region Education Council","=""2410014""","Free/Reduced Price Meal Eligibility (2-level)","Eligible For Free Or Reduced Price Meals",2773,49.8,2736,41.8,1118,45.2
"Capitol Region Education Council","=""2410014""","Free/Reduced Price Meal Eligibility (2-level)","Not Eligible For Free Or Reduced Price Meals",1227,64.2,1226,56.6,478,57.7
"Capitol Region Education Council","=""2410014""","Race/Ethnicity","American Indian or Alaska Native","*","*","*","*","*","*"
"Capitol Region Education Council","=""2410014""","Race/Ethnicity","Asian",179,73.3,179,71.6,"*","*"
"Capitol Region Education Council","=""2410014""","Race/Ethnicity","Black or African American",1321,51.4,1308,42.8,541,45.8
"Capitol Region Education Council","=""2410014""","Race/Ethnicity","Hispanic or Latino",1751,50.3,1728,42.1,723,45.8
"Capitol Region Education Council","=""2410014""","Race/Ethnicity","Native Hawaiian or Other Pacific Islander","*","*","*","*","N/A","N/A"
"Capitol Region Education Council","=""2410014""","Race/Ethnicity","Two or More Races",222,56.6,222,49.5,82,52.1
"Capitol Region Education Council","=""2410014""","Race/Ethnicity","White",517,66.6,516,59.6,191,62.1
"Capitol Region Education Council","=""2410014""","Special Education Status (SWD)","Students with Disabilities",902,38.1,881,31.6,351,35.5
"Capitol Region Education Council","=""2410014""","Special Education Status (SWD)","Students without Disabilities",3098,58.9,3081,50.6,1245,52.8
"EdAdvance","=""2420014""","All Students","District",28,40.1,28,29.3,14,"*"
"EdAdvance","=""2420014""","English Language Learners (EL)","Not English Learners",28,40.1,28,29.3,14,"*"
"EdAdvance","=""2420014""","Gender","Female","*","*","*","*","*","*"
"EdAdvance","=""2420014""","Gender","Male","*","*","*","*","*","*"
"EdAdvance","=""2420014""","Grade","03",7,"*",7,"*","N/A","N/A"
"EdAdvance","=""2420014""","Grade","04","*","*","*","*","N/A","N/A"
"EdAdvance","=""2420014""","Grade","06","*","*","*","*","N/A","N/A"
"EdAdvance","=""2420014""","Grade","07","*","*","*","*","N/A","N/A"
"EdAdvance","=""2420014""","Grade","08",7,"*",7,"*",7,"*"
"EdAdvance","=""2420014""","Grade","11",6,"*",6,"*",7,"*"
"EdAdvance","=""2420014""","High Needs (F/R, EL or SWD)","High Needs",28,40.1,28,29.3,14,"*"
"EdAdvance","=""2420014""","High Needs (F/R, EL or SWD)","Not High Needs",0,"N/A",0,"N/A",0,"N/A"
"EdAdvance","=""2420014""","Free/Reduced Price Meal Eligibility (2-level)","Eligible For Free Or Reduced Price Meals",18,"*",18,"*",8,"*"
"EdAdvance","=""2420014""","Free/Reduced Price Meal Eligibility (2-level)","Not Eligible For Free Or Reduced Price Meals",10,"*",10,"*",6,"*"
"EdAdvance","=""2420014""","Race/Ethnicity","American Indian or Alaska Native","*","*","*","*","N/A","N/A"
"EdAdvance","=""2420014""","Race/Ethnicity","Black or African American","*","*","*","*","*","*"
"EdAdvance","=""2420014""","Race/Ethnicity","Hispanic or Latino",6,"*",6,"*","*","*"
"EdAdvance","=""2420014""","Race/Ethnicity","Two or More Races","*","*","*","*","*","*"
"EdAdvance","=""2420014""","Race/Ethnicity","White",17,"*",17,"*",8,"*"
"EdAdvance","=""2420014""","Special Education Status (SWD)","Students with Disabilities","*","*","*","*","*","*"
"EdAdvance","=""2420014""","Special Education Status (SWD)","Students without Disabilities","*","*","*","*","*","*"
"Cooperative Educational Services","=""2430014""","All Students","District",317,58.6,317,51.9,120,48.9
"Cooperative Educational Services","=""2430014""","English Language Learners (EL)","English Learners",29,57.7,29,54.8,10,"*"
"Cooperative Educational Services","=""2430014""","English Language Learners (EL)","Not English Learners",288,58.7,288,51.6,110,48.3
"Cooperative Educational Services","=""2430014""","Gender","Female",137,63.6,137,56.8,47,48.4
"Cooperative Educational Services","=""2430014""","Gender","Male",180,54.7,180,48.1,73,49.3
"Cooperative Educational Services","=""2430014""","Grade","03",47,59.9,47,50.8,"N/A","N/A"
"Cooperative Educational Services","=""2430014""","Grade","04",50,65.2,50,56.6,"N/A","N/A"
"Cooperative Educational Services","=""2430014""","Grade","05",48,61.9,48,63.0,48,53.7
"Cooperative Educational Services","=""2430014""","Grade","06",42,58.7,42,48.3,"N/A","N/A"
"Cooperative Educational Services","=""2430014""","Grade","07",60,59.3,60,50.5,"N/A","N/A"
"Cooperative Educational Services","=""2430014""","Grade","08",53,51.1,53,46.3,54,47.3
"Cooperative Educational Services","=""2430014""","Grade","11",17,"*",17,"*",18,"*"
"Cooperative Educational Services","=""2430014""","High Needs (F/R, EL or SWD)","High Needs",232,53.4,232,46.0,96,44.9
"Cooperative Educational Services","=""2430014""","High Needs (F/R, EL or SWD)","Not High Needs",85,72.6,85,67.9,24,65.0
"Cooperative Educational Services","=""2430014""","Free/Reduced Price Meal Eligibility (2-level)","Eligible For Free Or Reduced Price Meals",166,55.9,166,49.2,65,49.2
"Cooperative Educational Services","=""2430014""","Free/Reduced Price Meal Eligibility (2-level)","Not Eligible For Free Or Reduced Price Meals",151,61.5,151,54.8,55,48.6
"Cooperative Educational Services","=""2430014""","Race/Ethnicity","American Indian or Alaska Native","*","*","*","*","*","*"
"Cooperative Educational Services","=""2430014""","Race/Ethnicity","Asian",17,"*",17,"*",8,"*"
"Cooperative Educational Services","=""2430014""","Race/Ethnicity","Black or African American",71,55.1,71,49.1,27,49.4
"Cooperative Educational Services","=""2430014""","Race/Ethnicity","Hispanic or Latino",120,59.4,120,52.2,43,48.4
"Cooperative Educational Services","=""2430014""","Race/Ethnicity","Native Hawaiian or Other Pacific Islander","*","*","*","*","*","*"
"Cooperative Educational Services","=""2430014""","Race/Ethnicity","Two or More Races",20,67.6,20,60.6,8,"*"
"Cooperative Educational Services","=""2430014""","Race/Ethnicity","White",85,56.4,85,50.0,32,46.9
"Cooperative Educational Services","=""2430014""","Special Education Status (SWD)","Students with Disabilities",127,44.1,127,34.4,60,36.4
"Cooperative Educational Services","=""2430014""","Special Education Status (SWD)","Students without Disabilities",190,68.3,190,63.5,60,61.5
"Area Cooperative Educational Services","=""2440014""","All Students","District",1218,52.7,1202,45.4,437,51.5
"Area Cooperative Educational Services","=""2440014""","English Language Learners (EL)","English Learners",102,54.1,101,45.9,45,52.0
"Area Cooperative Educational Services","=""2440014""","English Language Learners (EL)","Not English Learners",1116,52.6,1101,45.4,392,51.4
"Area Cooperative Educational Services","=""2440014""","Gender","Female",550,56.3,545,45.8,174,53.1
"Area Cooperative Educational Services","=""2440014""","Gender","Male",668,49.8,657,45.1,263,50.4
"Area Cooperative Educational Services","=""2440014""","Grade","03",82,48.9,80,35.9,"N/A","N/A"
"Area Cooperative Educational Services","=""2440014""","Grade","04",89,49.8,88,38.3,"N/A","N/A"
"Area Cooperative Educational Services","=""2440014""","Grade","05",101,43.1,98,40.0,100,43.8
"Area Cooperative Educational Services","=""2440014""","Grade","06",270,58.0,267,49.6,"N/A","N/A"
"Area Cooperative Educational Services","=""2440014""","Grade","07",334,55.2,333,48.5,"N/A","N/A"
"Area Cooperative Educational Services","=""2440014""","Grade","08",311,52.0,306,45.6,308,55.2
"Area Cooperative Educational Services","=""2440014""","Grade","11",31,38.9,30,37.3,29,37.9
"Area Cooperative Educational Services","=""2440014""","High Needs (F/R, EL or SWD)","High Needs",749,46.0,733,38.7,303,46.0
"Area Cooperative Educational Services","=""2440014""","High Needs (F/R, EL or SWD)","Not High Needs",469,63.5,469,56.0,134,63.8
"Area Cooperative Educational Services","=""2440014""","Free/Reduced Price Meal Eligibility (2-level)","Eligible For Free Or Reduced Price Meals",523,47.6,514,39.5,214,49.3
"Area Cooperative Educational Services","=""2440014""","Free/Reduced Price Meal Eligibility (2-level)","Not Eligible For Free Or Reduced Price Meals",695,56.6,688,49.9,223,53.5
"Area Cooperative Educational Services","=""2440014""","Race/Ethnicity","American Indian or Alaska Native","*","*","*","*","*","*"
"Area Cooperative Educational Services","=""2440014""","Race/Ethnicity","Asian",28,53.5,27,50.9,8,"*"
"Area Cooperative Educational Services","=""2440014""","Race/Ethnicity","Black or African American",393,47.9,385,38.1,135,48.9
"Area Cooperative Educational Services","=""2440014""","Race/Ethnicity","Hispanic or Latino",418,52.4,416,45.2,160,50.8
"Area Cooperative Educational Services","=""2440014""","Race/Ethnicity","Native Hawaiian or Other Pacific Islander","*","*","*","*","*","*"
"Area Cooperative Educational Services","=""2440014""","Race/Ethnicity","Two or More Races",73,54.1,72,48.1,23,54.0
"Area Cooperative Educational Services","=""2440014""","Race/Ethnicity","White",300,59.2,296,54.4,106,56.3
"Area Cooperative Educational Services","=""2440014""","Special Education Status (SWD)","Students with Disabilities",388,36.0,373,30.4,152,35.3
"Area Cooperative Educational Services","=""2440014""","Special Education Status (SWD)","Students without Disabilities",830,60.6,829,52.2,285,60.1
"Learn","=""2450014""","All Students","District",366,61.0,366,54.0,183,61.5
"Learn","=""2450014""","English Language Learners (EL)","English Learners",38,51.0,38,43.1,9,"*"
"Learn","=""2450014""","English Language Learners (EL)","Not English Learners",328,62.2,328,55.3,174,62.3
"Learn","=""2450014""","Gender","Female",181,63.3,181,53.4,92,59.6
"Learn","=""2450014""","Gender","Male",185,58.8,185,54.6,91,63.5
"Learn","=""2450014""","Grade","03",84,65.1,84,57.7,"N/A","N/A"
"Learn","=""2450014""","Grade","04",86,65.0,86,55.6,"N/A","N/A"
"Learn","=""2450014""","Grade","05",83,62.9,83,53.5,"*","*"
"Learn","=""2450014""","Grade","06",8,"*",8,"*","N/A","N/A"
"Learn","=""2450014""","Grade","07","*","*","*","*","N/A","N/A"
"Learn","=""2450014""","Grade","08","*","*","*","*","*","*"
"Learn","=""2450014""","Grade","11",95,58.8,95,56.4,95,63.9
"Learn","=""2450014""","High Needs (F/R, EL or SWD)","High Needs",233,54.4,233,45.9,98,50.1
"Learn","=""2450014""","High Needs (F/R, EL or SWD)","Not High Needs",133,72.7,133,68.4,85,74.6
"Learn","=""2450014""","Free/Reduced Price Meal Eligibility (2-level)","Eligible For Free Or Reduced Price Meals",204,55.1,204,46.7,80,51.5
"Learn","=""2450014""","Free/Reduced Price Meal Eligibility (2-level)","Not Eligible For Free Or Reduced Price Meals",162,68.4,162,63.3,103,69.2
"Learn","=""2450014""","Race/Ethnicity","American Indian or Alaska Native","*","*","*","*","*","*"
"Learn","=""2450014""","Race/Ethnicity","Asian","*","*","*","*","*","*"
"Learn","=""2450014""","Race/Ethnicity","Black or African American",35,50.8,35,42.4,15,"*"
"Learn","=""2450014""","Race/Ethnicity","Hispanic or Latino",138,56.5,138,48.8,57,52.8
"Learn","=""2450014""","Race/Ethnicity","Two or More Races",49,63.9,49,56.5,17,"*"
"Learn","=""2450014""","Race/Ethnicity","White",137,67.5,137,61.7,90,70.5
"Learn","=""2450014""","Special Education Status (SWD)","Students with Disabilities",93,42.0,93,33.9,40,38.0
"Learn","=""2450014""","Special Education Status (SWD)","Students without Disabilities",273,67.5,273,60.9,143,68.1
"Eastern Connecticut Regional Educational Service Center (EASTCONN)","=""2530014""","All Students","District",71,47.1,69,39.7,53,48.6
"Eastern Connecticut Regional Educational Service Center (EASTCONN)","=""2530014""","English Language Learners (EL)","English Learners","*","*","*","*","*","*"
"Eastern Connecticut Regional Educational Service Center (EASTCONN)","=""2530014""","English Language Learners (EL)","Not English Learners","*","*","*","*","*","*"
"Eastern Connecticut Regional Educational Service Center (EASTCONN)","=""2530014""","Gender","Female",36,49.1,36,38.9,32,42.4
"Eastern Connecticut Regional Educational Service Center (EASTCONN)","=""2530014""","Gender","Male",35,45.1,33,40.6,21,58.0
"Eastern Connecticut Regional Educational Service Center (EASTCONN)","=""2530014""","Grade","03","*","*","*","*","N/A","N/A"
"Eastern Connecticut Regional Educational Service Center (EASTCONN)","=""2530014""","Grade","04","*","*","*","*","N/A","N/A"
"Eastern Connecticut Regional Educational Service Center (EASTCONN)","=""2530014""","Grade","05","*","*","*","*",0,"N/A"
"Eastern Connecticut Regional Educational Service Center (EASTCONN)","=""2530014""","Grade","06","*","*","*","*","N/A","N/A"
"Eastern Connecticut Regional Educational Service Center (EASTCONN)","=""2530014""","Grade","07",7,"*",7,"*","N/A","N/A"
"Eastern Connecticut Regional Educational Service Center (EASTCONN)","=""2530014""","Grade","08","*","*","*","*","*","*"
"Eastern Connecticut Regional Educational Service Center (EASTCONN)","=""2530014""","Grade","11",51,51.8,51,43.0,"*","*"
"Eastern Connecticut Regional Educational Service Center (EASTCONN)","=""2530014""","High Needs (F/R, EL or SWD)","High Needs",60,44.8,58,38.8,42,46.1
"Eastern Connecticut Regional Educational Service Center (EASTCONN)","=""2530014""","High Needs (F/R, EL or SWD)","Not High Needs",11,"*",11,"*",11,"*"
"Eastern Connecticut Regional Educational Service Center (EASTCONN)","=""2530014""","Free/Reduced Price Meal Eligibility (2-level)","Eligible For Free Or Reduced Price Meals",45,46.7,43,42.2,36,47.7
"Eastern Connecticut Regional Educational Service Center (EASTCONN)","=""2530014""","Free/Reduced Price Meal Eligibility (2-level)","Not Eligible For Free Or Reduced Price Meals",26,47.8,26,35.7,17,"*"
"Eastern Connecticut Regional Educational Service Center (EASTCONN)","=""2530014""","Race/Ethnicity","Black or African American","*","*","*","*","*","*"
"Eastern Connecticut Regional Educational Service Center (EASTCONN)","=""2530014""","Race/Ethnicity","Hispanic or Latino",10,"*",10,"*",10,"*"
"Eastern Connecticut Regional Educational Service Center (EASTCONN)","=""2530014""","Race/Ethnicity","Two or More Races","*","*","*","*","*","*"
"Eastern Connecticut Regional Educational Service Center (EASTCONN)","=""2530014""","Race/Ethnicity","White",51,47.9,49,40.7,37,54.4
"Eastern Connecticut Regional Educational Service Center (EASTCONN)","=""2530014""","Special Education Status (SWD)","Students with Disabilities",31,35.9,29,29.9,15,"*"
"Eastern Connecticut Regional Educational Service Center (EASTCONN)","=""2530014""","Special Education Status (SWD)","Students without Disabilities",40,55.8,40,46.8,38,53.9
"Jumoke Academy District","=""2610013""","All Students","District",341,52.8,340,46.2,103,53.4
"Jumoke Academy District","=""2610013""","English Language Learners (EL)","English Learners",8,"*",8,"*","*","*"
"Jumoke Academy District","=""2610013""","English Language Learners (EL)","Not English Learners",333,53.1,332,46.2,"*","*"
"Jumoke Academy District","=""2610013""","Gender","Female",184,55.4,184,46.5,52,56.3
"Jumoke Academy District","=""2610013""","Gender","Male","*","*","*","*",51,50.5
"Jumoke Academy District","=""2610013""","Gender","Non-Binary","*","*","*","*","N/A","N/A"
"Jumoke Academy District","=""2610013""","Grade","03",66,57.9,66,53.3,"N/A","N/A"
"Jumoke Academy District","=""2610013""","Grade","04",60,61.3,60,58.2,"N/A","N/A"
"Jumoke Academy District","=""2610013""","Grade","05","*","*","*","*",50,53.4
"Jumoke Academy District","=""2610013""","Grade","06",56,46.5,56,34.5,"N/A","N/A"
"Jumoke Academy District","=""2610013""","Grade","07",53,48.2,53,41.3,"N/A","N/A"
"Jumoke Academy District","=""2610013""","Grade","08",51,51.0,51,40.8,50,53.3
"Jumoke Academy District","=""2610013""","Grade","11","*","*","*","*","*","*"
"Jumoke Academy District","=""2610013""","High Needs (F/R, EL or SWD)","High Needs","*","*","*","*","*","*"
"Jumoke Academy District","=""2610013""","High Needs (F/R, EL or SWD)","Not High Needs","*","*","*","*","*","*"
"Jumoke Academy District","=""2610013""","Free/Reduced Price Meal Eligibility (2-level)","Eligible For Free Or Reduced Price Meals",335,53.0,334,46.2,"*","*"
"Jumoke Academy District","=""2610013""","Free/Reduced Price Meal Eligibility (2-level)","Not Eligible For Free Or Reduced Price Meals",6,"*",6,"*","*","*"
"Jumoke Academy District","=""2610013""","Race/Ethnicity","Asian","*","*","*","*","N/A","N/A"
"Jumoke Academy District","=""2610013""","Race/Ethnicity","Black or African American",318,52.4,317,46.0,93,53.9
"Jumoke Academy District","=""2610013""","Race/Ethnicity","Hispanic or Latino",18,"*",18,"*",8,"*"
"Jumoke Academy District","=""2610013""","Race/Ethnicity","Two or More Races","*","*","*","*","*","*"
"Jumoke Academy District","=""2610013""","Race/Ethnicity","White","*","*","*","*","*","*"
"Jumoke Academy District","=""2610013""","Special Education Status (SWD)","Students with Disabilities",27,39.5,27,31.2,"*","*"
"Jumoke Academy District","=""2610013""","Special Education Status (SWD)","Students without Disabilities",314,54.0,313,47.5,"*","*"
"Odyssey Community School District","=""2630013""","All Students","District",213,67.0,213,65.1,71,63.5
"Odyssey Community School District","=""2630013""","English Language Learners (EL)","English Learners",29,65.7,29,63.8,10,"*"
"Odyssey Community School District","=""2630013""","English Language Learners (EL)","Not English Learners",184,67.2,184,65.3,61,64.8
"Odyssey Community School District","=""2630013""","Gender","Female","*","*","*","*",30,61.8
"Odyssey Community School District","=""2630013""","Gender","Male",107,65.3,107,66.0,41,64.7
"Odyssey Community School District","=""2630013""","Gender","Non-Binary","*","*","*","*","N/A","N/A"
"Odyssey Community School District","=""2630013""","Grade","03",35,70.6,35,63.6,"N/A","N/A"
"Odyssey Community School District","=""2630013""","Grade","04",34,73.5,34,74.4,"N/A","N/A"
"Odyssey Community School District","=""2630013""","Grade","05",37,66.7,37,66.1,37,66.6
"Odyssey Community School District","=""2630013""","Grade","06",35,63.6,35,65.0,"N/A","N/A"
"Odyssey Community School District","=""2630013""","Grade","07",38,69.0,38,65.4,"N/A","N/A"
"Odyssey Community School District","=""2630013""","Grade","08",34,58.7,34,56.1,34,60.1
"Odyssey Community School District","=""2630013""","High Needs (F/R, EL or SWD)","High Needs",114,62.8,114,60.6,38,62.2
"Odyssey Community School District","=""2630013""","High Needs (F/R, EL or SWD)","Not High Needs",99,71.9,99,70.2,33,64.9
"Odyssey Community School District","=""2630013""","Free/Reduced Price Meal Eligibility (2-level)","Eligible For Free Or Reduced Price Meals",98,62.5,98,59.6,33,61.2
"Odyssey Community School District","=""2630013""","Free/Reduced Price Meal Eligibility (2-level)","Not Eligible For Free Or Reduced Price Meals",115,70.9,115,69.8,38,65.4
"Odyssey Community School District","=""2630013""","Race/Ethnicity","Asian",29,76.1,29,76.6,"*","*"
"Odyssey Community School District","=""2630013""","Race/Ethnicity","Black or African American",52,64.4,52,61.5,21,62.7
"Odyssey Community School District","=""2630013""","Race/Ethnicity","Hispanic or Latino",42,60.6,42,56.4,15,"*"
"Odyssey Community School District","=""2630013""","Race/Ethnicity","Two or More Races",18,"*",18,"*","*","*"
"Odyssey Community School District","=""2630013""","Race/Ethnicity","White",72,70.1,72,70.0,23,66.0
"Odyssey Community School District","=""2630013""","Special Education Status (SWD)","Students with Disabilities",23,49.7,23,48.3,10,"*"
"Odyssey Community School District","=""2630013""","Special Education Status (SWD)","Students without Disabilities",190,69.1,190,67.1,61,64.2
"Integrated Day Charter School District","=""2640013""","All Students","District",227,68.1,226,61.3,76,69.3
"Integrated Day Charter School District","=""2640013""","English Language Learners (EL)","English Learners",36,65.3,36,59.6,9,"*"
"Integrated Day Charter School District","=""2640013""","English Language Learners (EL)","Not English Learners",191,68.6,190,61.6,67,69.5
"Integrated Day Charter School District","=""2640013""","Gender","Female",112,68.9,112,58.4,39,66.2
"Integrated Day Charter School District","=""2640013""","Gender","Male",115,67.3,114,64.2,37,72.6
"Integrated Day Charter School District","=""2640013""","Grade","03",37,62.4,37,57.8,"N/A","N/A"
"Integrated Day Charter School District","=""2640013""","Grade","04",29,68.5,29,64.5,"N/A","N/A"
"Integrated Day Charter School District","=""2640013""","Grade","05",36,68.3,36,67.4,35,71.1
"Integrated Day Charter School District","=""2640013""","Grade","06",43,73.0,42,66.7,"N/A","N/A"
"Integrated Day Charter School District","=""2640013""","Grade","07",41,70.5,41,62.6,"N/A","N/A"
"Integrated Day Charter School District","=""2640013""","Grade","08",41,65.3,41,49.9,41,67.8
"Integrated Day Charter School District","=""2640013""","High Needs (F/R, EL or SWD)","High Needs",140,65.1,139,57.3,46,65.6
"Integrated Day Charter School District","=""2640013""","High Needs (F/R, EL or SWD)","Not High Needs",87,72.9,87,67.7,30,75.0
"Integrated Day Charter School District","=""2640013""","Free/Reduced Price Meal Eligibility (2-level)","Eligible For Free Or Reduced Price Meals",124,66.0,124,57.3,42,65.3
"Integrated Day Charter School District","=""2640013""","Free/Reduced Price Meal Eligibility (2-level)","Not Eligible For Free Or Reduced Price Meals",103,70.6,102,66.1,34,74.3
"Integrated Day Charter School District","=""2640013""","Race/Ethnicity","American Indian or Alaska Native","*","*","*","*","N/A","N/A"
"Integrated Day Charter School District","=""2640013""","Race/Ethnicity","Asian",34,72.6,34,75.1,13,"*"
"Integrated Day Charter School District","=""2640013""","Race/Ethnicity","Black or African American","*","*","*","*",7,"*"
"Integrated Day Charter School District","=""2640013""","Race/Ethnicity","Hispanic or Latino",51,59.8,51,44.8,21,58.4
"Integrated Day Charter School District","=""2640013""","Race/Ethnicity","Two or More Races",24,73.5,24,63.3,8,"*"
"Integrated Day Charter School District","=""2640013""","Race/Ethnicity","White",92,71.7,91,66.3,27,74.0
"Integrated Day Charter School District","=""2640013""","Special Education Status (SWD)","Students with Disabilities",27,49.7,26,37.0,9,"*"
"Integrated Day Charter School District","=""2640013""","Special Education Status (SWD)","Students without Disabilities",200,70.6,200,64.5,67,71.5
"Interdistrict School for Arts and Comm District","=""2650013""","All Students","District",265,59.4,261,52.5,85,54.5
"Interdistrict School for Arts and Comm District","=""2650013""","English Language Learners (EL)","English Learners",87,53.9,86,48.7,28,48.0
"Interdistrict School for Arts and Comm District","=""2650013""","English Language Learners (EL)","Not English Learners",178,62.1,175,54.3,57,57.7
"Interdistrict School for Arts and Comm District","=""2650013""","Gender","Female",143,62.6,141,52.6,47,55.6
"Interdistrict School for Arts and Comm District","=""2650013""","Gender","Male","*","*","*","*",38,53.2
"Interdistrict School for Arts and Comm District","=""2650013""","Gender","Non-Binary","*","*","*","*","N/A","N/A"
"Interdistrict School for Arts and Comm District","=""2650013""","Grade","06",99,59.6,97,53.2,"N/A","N/A"
"Interdistrict School for Arts and Comm District","=""2650013""","Grade","07",80,59.1,79,50.9,"N/A","N/A"
"Interdistrict School for Arts and Comm District","=""2650013""","Grade","08",86,59.3,85,53.1,85,54.5
"Interdistrict School for Arts and Comm District","=""2650013""","High Needs (F/R, EL or SWD)","High Needs",218,56.8,214,49.5,68,51.8
"Interdistrict School for Arts and Comm District","=""2650013""","High Needs (F/R, EL or SWD)","Not High Needs",47,71.1,47,66.0,17,"*"
"Interdistrict School for Arts and Comm District","=""2650013""","Free/Reduced Price Meal Eligibility (2-level)","Eligible For Free Or Reduced Price Meals",195,57.3,191,49.8,63,51.1
"Interdistrict School for Arts and Comm District","=""2650013""","Free/Reduced Price Meal Eligibility (2-level)","Not Eligible For Free Or Reduced Price Meals",70,65.2,70,59.7,22,64.3
"Interdistrict School for Arts and Comm District","=""2650013""","Race/Ethnicity","American Indian or Alaska Native","*","*","*","*","N/A","N/A"
"Interdistrict School for Arts and Comm District","=""2650013""","Race/Ethnicity","Asian","*","*","*","*","*","*"
"Interdistrict School for Arts and Comm District","=""2650013""","Race/Ethnicity","Black or African American",47,60.2,47,48.0,18,"*"
"Interdistrict School for Arts and Comm District","=""2650013""","Race/Ethnicity","Hispanic or Latino",162,57.7,159,52.5,56,53.5
"Interdistrict School for Arts and Comm District","=""2650013""","Race/Ethnicity","Two or More Races",18,"*",18,"*","*","*"
"Interdistrict School for Arts and Comm District","=""2650013""","Race/Ethnicity","White",33,67.6,32,61.5,8,"*"
"Interdistrict School for Arts and Comm District","=""2650013""","Special Education Status (SWD)","Students with Disabilities",50,40.0,47,33.9,17,"*"
"Interdistrict School for Arts and Comm District","=""2650013""","Special Education Status (SWD)","Students without Disabilities",215,63.9,214,56.5,68,58.1
"Common Ground High School District","=""2680013""","All Students","District",41,40.5,41,37.6,39,39.3
"Common Ground High School District","=""2680013""","English Language Learners (EL)","English Learners","*","*","*","*","*","*"
"Common Ground High School District","=""2680013""","English Language Learners (EL)","Not English Learners","*","*","*","*","*","*"
"Common Ground High School District","=""2680013""","Gender","Female","*","*","*","*",11,"*"
"Common Ground High School District","=""2680013""","Gender","Male",29,37.3,29,36.7,28,38.7
"Common Ground High School District","=""2680013""","Gender","Non-Binary","*","*","*","*",0,"N/A"
"Common Ground High School District","=""2680013""","Grade","11",41,40.5,41,37.6,39,39.3
"Common Ground High School District","=""2680013""","High Needs (F/R, EL or SWD)","High Needs",32,35.8,32,34.9,30,35.4
"Common Ground High School District","=""2680013""","High Needs (F/R, EL or SWD)","Not High Needs",9,"*",9,"*",9,"*"
"Common Ground High School District","=""2680013""","Free/Reduced Price Meal Eligibility (2-level)","Eligible For Free Or Reduced Price Meals",27,38.4,27,36.3,24,37.3
"Common Ground High School District","=""2680013""","Free/Reduced Price Meal Eligibility (2-level)","Not Eligible For Free Or Reduced Price Meals",14,"*",14,"*",15,"*"
"Common Ground High School District","=""2680013""","Race/Ethnicity","Black or African American",12,"*",12,"*",10,"*"
"Common Ground High School District","=""2680013""","Race/Ethnicity","Hispanic or Latino",17,"*",17,"*",14,"*"
"Common Ground High School District","=""2680013""","Race/Ethnicity","Native Hawaiian or Other Pacific Islander","*","*","*","*","*","*"
"Common Ground High School District","=""2680013""","Race/Ethnicity","Two or More Races","*","*","*","*","*","*"
"Common Ground High School District","=""2680013""","Race/Ethnicity","White",8,"*",8,"*",10,"*"
"Common Ground High School District","=""2680013""","Special Education Status (SWD)","Students with Disabilities",15,"*",15,"*",13,"*"
"Common Ground High School District","=""2680013""","Special Education Status (SWD)","Students without Disabilities",26,44.6,26,40.8,26,44.1
"The Bridge Academy District","=""2690013""","All Students","District",136,50.0,136,45.7,90,46.6
"The Bridge Academy District","=""2690013""","English Language Learners (EL)","English Learners",10,"*",10,"*",6,"*"
"The Bridge Academy District","=""2690013""","English Language Learners (EL)","Not English Learners",126,50.4,126,46.4,84,47.1
"The Bridge Academy District","=""2690013""","Gender","Female",61,51.3,61,44.2,39,47.4
"The Bridge Academy District","=""2690013""","Gender","Male",75,49.0,75,47.0,51,46.0
"The Bridge Academy District","=""2690013""","Grade","07",46,57.4,46,49.2,"N/A","N/A"
"The Bridge Academy District","=""2690013""","Grade","08",50,51.3,50,45.8,50,48.6
"The Bridge Academy District","=""2690013""","Grade","11",40,40.1,40,41.7,40,44.1
"The Bridge Academy District","=""2690013""","High Needs (F/R, EL or SWD)","High Needs",100,47.5,100,43.3,76,45.3
"The Bridge Academy District","=""2690013""","High Needs (F/R, EL or SWD)","Not High Needs",36,57.1,36,52.6,14,"*"
"The Bridge Academy District","=""2690013""","Free/Reduced Price Meal Eligibility (2-level)","Eligible For Free Or Reduced Price Meals",92,47.6,92,43.5,71,45.8
"The Bridge Academy District","=""2690013""","Free/Reduced Price Meal Eligibility (2-level)","Not Eligible For Free Or Reduced Price Meals",44,55.1,44,50.5,19,"*"
"The Bridge Academy District","=""2690013""","Race/Ethnicity","Asian","*","*","*","*","N/A","N/A"
"The Bridge Academy District","=""2690013""","Race/Ethnicity","Black or African American",71,48.4,71,43.1,50,46.9
"The Bridge Academy District","=""2690013""","Race/Ethnicity","Hispanic or Latino",61,51.3,61,48.7,"*","*"
"The Bridge Academy District","=""2690013""","Race/Ethnicity","White","*","*","*","*","*","*"
"The Bridge Academy District","=""2690013""","Special Education Status (SWD)","Students with Disabilities",21,34.1,21,36.4,16,"*"
"The Bridge Academy District","=""2690013""","Special Education Status (SWD)","Students without Disabilities",115,52.9,115,47.4,74,48.4
"Side By Side Charter School District","=""2700013""","All Students","District",130,66.2,130,65.8,44,61.6
"Side By Side Charter School District","=""2700013""","English Language Learners (EL)","English Learners",23,57.1,23,55.1,8,"*"
"Side By Side Charter School District","=""2700013""","English Language Learners (EL)","Not English Learners",107,68.2,107,68.1,36,61.8
"Side By Side Charter School District","=""2700013""","Gender","Female",68,69.7,68,66.3,22,68.1
"Side By Side Charter School District","=""2700013""","Gender","Male",62,62.4,62,65.2,22,55.2
"Side By Side Charter School District","=""2700013""","Grade","03",23,67.9,23,63.5,"N/A","N/A"
"Side By Side Charter School District","=""2700013""","Grade","04",23,61.0,23,60.1,"N/A","N/A"
"Side By Side Charter School District","=""2700013""","Grade","05",23,62.9,23,68.2,23,64.0
"Side By Side Charter School District","=""2700013""","Grade","06",22,73.2,22,72.0,"N/A","N/A"
"Side By Side Charter School District","=""2700013""","Grade","07",18,"*",18,"*","N/A","N/A"
"Side By Side Charter School District","=""2700013""","Grade","08",21,60.8,21,60.1,21,59.1
"Side By Side Charter School District","=""2700013""","High Needs (F/R, EL or SWD)","High Needs",76,61.1,76,61.0,30,57.7
"Side By Side Charter School District","=""2700013""","High Needs (F/R, EL or SWD)","Not High Needs",54,73.4,54,72.6,14,"*"
"Side By Side Charter School District","=""2700013""","Free/Reduced Price Meal Eligibility (2-level)","Eligible For Free Or Reduced Price Meals",66,62.0,66,61.8,26,60.8
"Side By Side Charter School District","=""2700013""","Free/Reduced Price Meal Eligibility (2-level)","Not Eligible For Free Or Reduced Price Meals",64,70.5,64,69.9,18,"*"
"Side By Side Charter School District","=""2700013""","Race/Ethnicity","Black or African American",31,62.8,31,61.2,"*","*"
"Side By Side Charter School District","=""2700013""","Race/Ethnicity","Hispanic or Latino",80,65.0,80,65.5,27,63.9
"Side By Side Charter School District","=""2700013""","Race/Ethnicity","Two or More Races","*","*","*","*","*","*"
"Side By Side Charter School District","=""2700013""","Race/Ethnicity","White","*","*","*","*","N/A","N/A"
"Side By Side Charter School District","=""2700013""","Special Education Status (SWD)","Students with Disabilities",18,"*",18,"*",7,"*"
"Side By Side Charter School District","=""2700013""","Special Education Status (SWD)","Students without Disabilities",112,68.6,112,68.7,37,67.8
"Explorations District","=""2720013""","All Students","District",21,46.7,21,39.6,19,"*"
"Explorations District","=""2720013""","English Language Learners (EL)","Not English Learners",21,46.7,21,39.6,19,"*"
"Explorations District","=""2720013""","Gender","Female",14,"*",14,"*",12,"*"
"Explorations District","=""2720013""","Gender","Male","*","*","*","*","*","*"
"Explorations District","=""2720013""","Gender","Non-Binary","*","*","*","*","*","*"
"Explorations District","=""2720013""","Grade","11",21,46.7,21,39.6,19,"*"
"Explorations District","=""2720013""","High Needs (F/R, EL or SWD)","High Needs",14,"*",14,"*",12,"*"
"Explorations District","=""2720013""","High Needs (F/R, EL or SWD)","Not High Needs",7,"*",7,"*",7,"*"
"Explorations District","=""2720013""","Free/Reduced Price Meal Eligibility (2-level)","Eligible For Free Or Reduced Price Meals",12,"*",12,"*",10,"*"
"Explorations District","=""2720013""","Free/Reduced Price Meal Eligibility (2-level)","Not Eligible For Free Or Reduced Price Meals",9,"*",9,"*",9,"*"
"Explorations District","=""2720013""","Race/Ethnicity","Hispanic or Latino","*","*","*","*","*","*"
"Explorations District","=""2720013""","Race/Ethnicity","Two or More Races","*","*","*","*","*","*"
"Explorations District","=""2720013""","Race/Ethnicity","White",16,"*",16,"*",15,"*"
"Explorations District","=""2720013""","Special Education Status (SWD)","Students with Disabilities",7,"*",7,"*",6,"*"
"Explorations District","=""2720013""","Special Education Status (SWD)","Students without Disabilities",14,"*",14,"*",13,"*"
"Amistad Academy District","=""2790013""","All Students","District",606,59.1,601,50.2,232,44.6
"Amistad Academy District","=""2790013""","English Language Learners (EL)","English Learners",101,63.4,99,55.6,28,51.1
"Amistad Academy District","=""2790013""","English Language Learners (EL)","Not English Learners",505,58.3,502,49.2,204,43.7
"Amistad Academy District","=""2790013""","Gender","Female",336,60.5,332,49.8,123,45.1
"Amistad Academy District","=""2790013""","Gender","Male",270,57.5,269,50.8,109,44.1
"Amistad Academy District","=""2790013""","Grade","03",94,55.9,93,50.4,"N/A","N/A"
"Amistad Academy District","=""2790013""","Grade","04",95,66.0,95,58.1,"N/A","N/A"
"Amistad Academy District","=""2790013""","Grade","05",94,53.6,92,44.7,94,40.4
"Amistad Academy District","=""2790013""","Grade","06",90,59.6,92,47.5,"N/A","N/A"
"Amistad Academy District","=""2790013""","Grade","07",86,65.9,85,53.5,"N/A","N/A"
"Amistad Academy District","=""2790013""","Grade","08",84,65.9,81,53.2,81,57.7
"Amistad Academy District","=""2790013""","Grade","11",63,42.6,63,42.2,57,32.8
"Amistad Academy District","=""2790013""","High Needs (F/R, EL or SWD)","High Needs",510,58.2,507,49.5,182,44.8
"Amistad Academy District","=""2790013""","High Needs (F/R, EL or SWD)","Not High Needs",96,64.0,94,54.3,50,44.0
"Amistad Academy District","=""2790013""","Free/Reduced Price Meal Eligibility (2-level)","Eligible For Free Or Reduced Price Meals",478,58.0,477,49.0,172,44.5
"Amistad Academy District","=""2790013""","Free/Reduced Price Meal Eligibility (2-level)","Not Eligible For Free Or Reduced Price Meals",128,63.5,124,55.0,60,44.9
"Amistad Academy District","=""2790013""","Race/Ethnicity","American Indian or Alaska Native","*","*","*","*","*","*"
"Amistad Academy District","=""2790013""","Race/Ethnicity","Asian","*","*",7,"*","*","*"
"Amistad Academy District","=""2790013""","Race/Ethnicity","Black or African American",376,58.1,374,48.4,146,43.2
"Amistad Academy District","=""2790013""","Race/Ethnicity","Hispanic or Latino",205,60.6,203,53.1,75,47.6
"Amistad Academy District","=""2790013""","Race/Ethnicity","Two or More Races",9,"*",9,"*","*","*"
"Amistad Academy District","=""2790013""","Race/Ethnicity","White",7,"*","*","*","*","*"
"Amistad Academy District","=""2790013""","Special Education Status (SWD)","Students with Disabilities",59,42.4,59,33.3,23,37.0
"Amistad Academy District","=""2790013""","Special Education Status (SWD)","Students without Disabilities",547,60.9,542,52.1,209,45.4
"New Beginnings Inc Family Academy District","=""2800013""","All Students","District",166,52.2,165,45.3,61,49.1
"New Beginnings Inc Family Academy District","=""2800013""","English Language Learners (EL)","English Learners",16,"*",16,"*",0,"N/A"
"New Beginnings Inc Family Academy District","=""2800013""","English Language Learners (EL)","Not English Learners",150,52.5,149,44.9,61,49.1
"New Beginnings Inc Family Academy District","=""2800013""","Gender","Female",81,53.7,80,44.3,36,46.4
"New Beginnings Inc Family Academy District","=""2800013""","Gender","Male",85,50.8,85,46.3,25,53.1
"New Beginnings Inc Family Academy District","=""2800013""","Grade","03",25,64.2,25,58.8,"N/A","N/A"
"New Beginnings Inc Family Academy District","=""2800013""","Grade","04",36,57.1,36,52.8,"N/A","N/A"
"New Beginnings Inc Family Academy District","=""2800013""","Grade","05",33,46.4,33,44.4,34,53.2
"New Beginnings Inc Family Academy District","=""2800013""","Grade","06",25,56.5,25,46.3,"N/A","N/A"
"New Beginnings Inc Family Academy District","=""2800013""","Grade","07",20,42.1,20,35.3,"N/A","N/A"
"New Beginnings Inc Family Academy District","=""2800013""","Grade","08",27,45.4,26,30.0,27,44.0
"New Beginnings Inc Family Academy District","=""2800013""","High Needs (F/R, EL or SWD)","High Needs",166,52.2,165,45.3,61,49.1
"New Beginnings Inc Family Academy District","=""2800013""","Free/Reduced Price Meal Eligibility (2-level)","Eligible For Free Or Reduced Price Meals",166,52.2,165,45.3,61,49.1
"New Beginnings Inc Family Academy District","=""2800013""","Race/Ethnicity","Black or African American",100,52.1,99,44.6,40,49.1
"New Beginnings Inc Family Academy District","=""2800013""","Race/Ethnicity","Hispanic or Latino","*","*","*","*",21,49.0
"New Beginnings Inc Family Academy District","=""2800013""","Race/Ethnicity","Two or More Races","*","*","*","*","N/A","N/A"
"New Beginnings Inc Family Academy District","=""2800013""","Special Education Status (SWD)","Students with Disabilities",22,32.0,21,32.2,12,"*"
"New Beginnings Inc Family Academy District","=""2800013""","Special Education Status (SWD)","Students without Disabilities",144,55.3,144,47.3,49,49.7
"Park City Prep Charter School District","=""2830013""","All Students","District",370,64.4,362,58.8,164,60.8
"Park City Prep Charter School District","=""2830013""","English Language Learners (EL)","English Learners",68,60.2,66,58.9,32,58.9
"Park City Prep Charter School District","=""2830013""","English Language Learners (EL)","Not English Learners",302,65.4,296,58.8,132,61.3
"Park City Prep Charter School District","=""2830013""","Gender","Female",171,64.7,166,57.6,82,61.5
"Park City Prep Charter School District","=""2830013""","Gender","Male",199,64.2,196,59.8,82,60.2
"Park City Prep Charter School District","=""2830013""","Grade","04",24,61.9,24,54.4,"N/A","N/A"
"Park City Prep Charter School District","=""2830013""","Grade","05",83,63.8,83,59.4,83,59.9
"Park City Prep Charter School District","=""2830013""","Grade","06",93,62.3,92,61.2,"N/A","N/A"
"Park City Prep Charter School District","=""2830013""","Grade","07",88,65.9,82,54.8,"N/A","N/A"
"Park City Prep Charter School District","=""2830013""","Grade","08",82,66.6,81,61.0,81,61.8
"Park City Prep Charter School District","=""2830013""","High Needs (F/R, EL or SWD)","High Needs",297,63.0,291,57.9,123,58.1
"Park City Prep Charter School District","=""2830013""","High Needs (F/R, EL or SWD)","Not High Needs",73,70.4,71,62.7,41,68.9
"Park City Prep Charter School District","=""2830013""","Free/Reduced Price Meal Eligibility (2-level)","Eligible For Free Or Reduced Price Meals",273,63.6,269,58.8,115,58.1
"Park City Prep Charter School District","=""2830013""","Free/Reduced Price Meal Eligibility (2-level)","Not Eligible For Free Or Reduced Price Meals",97,66.9,93,58.8,49,67.1
"Park City Prep Charter School District","=""2830013""","Race/Ethnicity","American Indian or Alaska Native","*","*","*","*","*","*"
"Park City Prep Charter School District","=""2830013""","Race/Ethnicity","Asian","*","*","*","*","*","*"
"Park City Prep Charter School District","=""2830013""","Race/Ethnicity","Black or African American",186,64.5,182,56.8,79,58.3
"Park City Prep Charter School District","=""2830013""","Race/Ethnicity","Hispanic or Latino",153,63.3,150,59.6,67,61.0
"Park City Prep Charter School District","=""2830013""","Race/Ethnicity","Two or More Races","*","*","*","*","*","*"
"Park City Prep Charter School District","=""2830013""","Race/Ethnicity","White",20,69.7,19,"*",11,"*"
"Park City Prep Charter School District","=""2830013""","Special Education Status (SWD)","Students with Disabilities",39,43.8,39,38.0,13,"*"
"Park City Prep Charter School District","=""2830013""","Special Education Status (SWD)","Students without Disabilities",331,66.9,323,61.3,151,62.5
"Achievement First Bridgeport Academy District","=""2850013""","All Students","District",593,62.6,587,51.0,215,52.2
"Achievement First Bridgeport Academy District","=""2850013""","English Language Learners (EL)","English Learners",117,62.5,117,52.7,33,52.2
"Achievement First Bridgeport Academy District","=""2850013""","English Language Learners (EL)","Not English Learners",476,62.6,470,50.6,182,52.3
"Achievement First Bridgeport Academy District","=""2850013""","Gender","Female",311,63.3,310,50.3,99,50.5
"Achievement First Bridgeport Academy District","=""2850013""","Gender","Male",282,61.7,277,51.9,116,53.7
"Achievement First Bridgeport Academy District","=""2850013""","Grade","03",94,54.8,93,54.7,"N/A","N/A"
"Achievement First Bridgeport Academy District","=""2850013""","Grade","04",92,72.1,91,57.6,"N/A","N/A"
"Achievement First Bridgeport Academy District","=""2850013""","Grade","05",91,57.0,90,48.3,90,53.1
"Achievement First Bridgeport Academy District","=""2850013""","Grade","06",89,63.9,89,49.6,"N/A","N/A"
"Achievement First Bridgeport Academy District","=""2850013""","Grade","07",91,69.7,89,51.5,"N/A","N/A"
"Achievement First Bridgeport Academy District","=""2850013""","Grade","08",90,68.2,89,49.9,86,57.2
"Achievement First Bridgeport Academy District","=""2850013""","Grade","11",46,42.2,46,40.0,39,39.3
"Achievement First Bridgeport Academy District","=""2850013""","High Needs (F/R, EL or SWD)","High Needs",496,61.1,492,48.9,176,50.9
"Achievement First Bridgeport Academy District","=""2850013""","High Needs (F/R, EL or SWD)","Not High Needs",97,70.1,95,62.2,39,58.3
"Achievement First Bridgeport Academy District","=""2850013""","Free/Reduced Price Meal Eligibility (2-level)","Eligible For Free Or Reduced Price Meals",464,61.1,461,48.6,166,50.8
"Achievement First Bridgeport Academy District","=""2850013""","Free/Reduced Price Meal Eligibility (2-level)","Not Eligible For Free Or Reduced Price Meals",129,67.6,126,59.8,49,57.3
"Achievement First Bridgeport Academy District","=""2850013""","Race/Ethnicity","American Indian or Alaska Native","*","*","*","*","N/A","N/A"
"Achievement First Bridgeport Academy District","=""2850013""","Race/Ethnicity","Asian","*","*","*","*","*","*"
"Achievement First Bridgeport Academy District","=""2850013""","Race/Ethnicity","Black or African American",321,61.4,316,49.2,124,50.2
"Achievement First Bridgeport Academy District","=""2850013""","Race/Ethnicity","Hispanic or Latino",253,63.6,253,52.6,85,54.7
"Achievement First Bridgeport Academy District","=""2850013""","Race/Ethnicity","Two or More Races","*","*","*","*","*","*"
"Achievement First Bridgeport Academy District","=""2850013""","Race/Ethnicity","White",8,"*",8,"*","*","*"
"Achievement First Bridgeport Academy District","=""2850013""","Special Education Status (SWD)","Students with Disabilities",67,44.2,66,31.0,28,38.7
"Achievement First Bridgeport Academy District","=""2850013""","Special Education Status (SWD)","Students without Disabilities",526,64.9,521,53.6,187,54.3
"Highville Charter School District","=""2860013""","All Students","District",214,50.3,214,42.9,80,43.8
"Highville Charter School District","=""2860013""","English Language Learners (EL)","English Learners","*","*","*","*","*","*"
"Highville Charter School District","=""2860013""","English Language Learners (EL)","Not English Learners","*","*","*","*","*","*"
"Highville Charter School District","=""2860013""","Gender","Female",120,51.1,120,42.9,46,45.3
"Highville Charter School District","=""2860013""","Gender","Male",94,49.1,94,42.8,34,41.7
"Highville Charter School District","=""2860013""","Grade","03",38,50.3,38,46.4,"N/A","N/A"
"Highville Charter School District","=""2860013""","Grade","04",36,46.8,36,39.1,"N/A","N/A"
"Highville Charter School District","=""2860013""","Grade","05",31,44.0,31,42.1,30,35.9
"Highville Charter School District","=""2860013""","Grade","06",30,58.3,30,47.3,"N/A","N/A"
"Highville Charter School District","=""2860013""","Grade","07",31,53.5,31,44.3,"N/A","N/A"
"Highville Charter School District","=""2860013""","Grade","08",33,52.5,33,40.3,33,47.1
"Highville Charter School District","=""2860013""","Grade","11",15,"*",15,"*",17,"*"
"Highville Charter School District","=""2860013""","High Needs (F/R, EL or SWD)","High Needs",172,48.6,172,40.8,63,41.7
"Highville Charter School District","=""2860013""","High Needs (F/R, EL or SWD)","Not High Needs",42,57.0,42,51.2,17,"*"
"Highville Charter School District","=""2860013""","Free/Reduced Price Meal Eligibility (2-level)","Eligible For Free Or Reduced Price Meals",168,48.9,168,41.2,59,42.6
"Highville Charter School District","=""2860013""","Free/Reduced Price Meal Eligibility (2-level)","Not Eligible For Free Or Reduced Price Meals",46,55.1,46,49.0,21,47.1
"Highville Charter School District","=""2860013""","Race/Ethnicity","American Indian or Alaska Native","*","*","*","*","N/A","N/A"
"Highville Charter School District","=""2860013""","Race/Ethnicity","Asian",0,"N/A",0,"N/A","N/A","N/A"
"Highville Charter School District","=""2860013""","Race/Ethnicity","Black or African American",178,49.4,178,42.3,69,43.5
"Highville Charter School District","=""2860013""","Race/Ethnicity","Hispanic or Latino",31,54.7,31,46.1,"*","*"
"Highville Charter School District","=""2860013""","Race/Ethnicity","Two or More Races","*","*","*","*","*","*"
"Highville Charter School District","=""2860013""","Race/Ethnicity","White","*","*","*","*","N/A","N/A"
"Highville Charter School District","=""2860013""","Special Education Status (SWD)","Students with Disabilities",20,38.2,20,28.5,8,"*"
"Highville Charter School District","=""2860013""","Special Education Status (SWD)","Students without Disabilities",194,51.5,194,44.3,72,44.8
"Achievement First Hartford Academy District","=""2880013""","All Students","District",579,58.9,575,48.6,235,48.7
"Achievement First Hartford Academy District","=""2880013""","English Language Learners (EL)","English Learners",45,50.9,45,42.6,15,"*"
"Achievement First Hartford Academy District","=""2880013""","English Language Learners (EL)","Not English Learners",534,59.6,530,49.1,220,48.9
"Achievement First Hartford Academy District","=""2880013""","Gender","Female",307,60.1,305,48.3,130,49.2
"Achievement First Hartford Academy District","=""2880013""","Gender","Male","*","*","*","*","*","*"
"Achievement First Hartford Academy District","=""2880013""","Gender","Non-Binary","*","*","*","*","*","*"
"Achievement First Hartford Academy District","=""2880013""","Grade","03",89,66.1,88,59.6,"N/A","N/A"
"Achievement First Hartford Academy District","=""2880013""","Grade","04",92,67.3,91,59.0,"N/A","N/A"
"Achievement First Hartford Academy District","=""2880013""","Grade","05",84,55.7,84,46.2,84,47.7
"Achievement First Hartford Academy District","=""2880013""","Grade","06",72,57.2,72,41.4,"N/A","N/A"
"Achievement First Hartford Academy District","=""2880013""","Grade","07",92,60.1,91,47.2,"N/A","N/A"
"Achievement First Hartford Academy District","=""2880013""","Grade","08",88,61.8,87,42.9,88,54.9
"Achievement First Hartford Academy District","=""2880013""","Grade","11",62,36.7,62,39.0,63,41.2
"Achievement First Hartford Academy District","=""2880013""","High Needs (F/R, EL or SWD)","High Needs",436,59.2,432,48.5,163,48.6
"Achievement First Hartford Academy District","=""2880013""","High Needs (F/R, EL or SWD)","Not High Needs",143,58.1,143,48.9,72,48.9
"Achievement First Hartford Academy District","=""2880013""","Free/Reduced Price Meal Eligibility (2-level)","Eligible For Free Or Reduced Price Meals",398,60.4,394,49.5,146,49.6
"Achievement First Hartford Academy District","=""2880013""","Free/Reduced Price Meal Eligibility (2-level)","Not Eligible For Free Or Reduced Price Meals",181,55.6,181,46.5,89,47.2
"Achievement First Hartford Academy District","=""2880013""","Race/Ethnicity","American Indian or Alaska Native","*","*","*","*","*","*"
"Achievement First Hartford Academy District","=""2880013""","Race/Ethnicity","Black or African American",429,60.2,426,49.4,170,49.8
"Achievement First Hartford Academy District","=""2880013""","Race/Ethnicity","Hispanic or Latino",134,55.5,133,46.9,59,47.0
"Achievement First Hartford Academy District","=""2880013""","Race/Ethnicity","Two or More Races",8,"*",8,"*","*","*"
"Achievement First Hartford Academy District","=""2880013""","Race/Ethnicity","White","*","*","*","*","N/A","N/A"
"Achievement First Hartford Academy District","=""2880013""","Special Education Status (SWD)","Students with Disabilities",58,39.9,56,33.3,26,36.4
"Achievement First Hartford Academy District","=""2880013""","Special Education Status (SWD)","Students without Disabilities",521,61.0,519,50.2,209,50.2
"Elm City College Preparatory School District","=""2890013""","All Students","District",417,58.6,416,48.6,158,45.2
"Elm City College Preparatory School District","=""2890013""","English Language Learners (EL)","English Learners",45,64.4,45,56.7,12,"*"
"Elm City College Preparatory School District","=""2890013""","English Language Learners (EL)","Not English Learners",372,57.9,371,47.6,146,45.0
"Elm City College Preparatory School District","=""2890013""","Gender","Female",210,60.2,210,47.5,81,47.2
"Elm City College Preparatory School District","=""2890013""","Gender","Male",207,57.1,206,49.7,77,43.1
"Elm City College Preparatory School District","=""2890013""","Grade","03",66,61.2,66,54.3,"N/A","N/A"
"Elm City College Preparatory School District","=""2890013""","Grade","04",62,65.0,62,58.3,"N/A","N/A"
"Elm City College Preparatory School District","=""2890013""","Grade","05",60,53.1,60,48.9,60,49.3
"Elm City College Preparatory School District","=""2890013""","Grade","06",62,58.4,62,40.1,"N/A","N/A"
"Elm City College Preparatory School District","=""2890013""","Grade","07",62,66.4,62,48.8,"N/A","N/A"
"Elm City College Preparatory School District","=""2890013""","Grade","08",58,57.2,57,43.8,58,47.5
"Elm City College Preparatory School District","=""2890013""","Grade","11",47,45.5,47,44.2,40,35.9
"Elm City College Preparatory School District","=""2890013""","High Needs (F/R, EL or SWD)","High Needs",352,57.7,351,47.2,129,44.5
"Elm City College Preparatory School District","=""2890013""","High Needs (F/R, EL or SWD)","Not High Needs",65,63.8,65,56.3,29,48.4
"Elm City College Preparatory School District","=""2890013""","Free/Reduced Price Meal Eligibility (2-level)","Eligible For Free Or Reduced Price Meals",343,57.8,342,47.2,127,44.7
"Elm City College Preparatory School District","=""2890013""","Free/Reduced Price Meal Eligibility (2-level)","Not Eligible For Free Or Reduced Price Meals",74,62.4,74,55.1,31,47.3
"Elm City College Preparatory School District","=""2890013""","Race/Ethnicity","American Indian or Alaska Native","*","*","*","*","N/A","N/A"
"Elm City College Preparatory School District","=""2890013""","Race/Ethnicity","Black or African American",280,56.7,279,45.7,109,42.9
"Elm City College Preparatory School District","=""2890013""","Race/Ethnicity","Hispanic or Latino",119,62.3,119,55.2,"*","*"
"Elm City College Preparatory School District","=""2890013""","Race/Ethnicity","Two or More Races",9,"*",9,"*","N/A","N/A"
"Elm City College Preparatory School District","=""2890013""","Race/Ethnicity","White","*","*","*","*","*","*"
"Elm City College Preparatory School District","=""2890013""","Special Education Status (SWD)","Students with Disabilities",49,43.5,48,31.5,18,"*"
"Elm City College Preparatory School District","=""2890013""","Special Education Status (SWD)","Students without Disabilities",368,60.7,368,50.8,140,47.5
"Brass City Charter School District","=""2900013""","All Students","District",208,64.1,208,55.8,72,57.0
"Brass City Charter School District","=""2900013""","English Language Learners (EL)","English Learners",28,58.2,28,52.3,9,"*"
"Brass City Charter School District","=""2900013""","English Language Learners (EL)","Not English Learners",180,65.0,180,56.3,63,58.6
"Brass City Charter School District","=""2900013""","Gender","Female",114,65.6,114,55.4,42,59.3
"Brass City Charter School District","=""2900013""","Gender","Male",94,62.4,94,56.2,30,53.8
"Brass City Charter School District","=""2900013""","Grade","03",36,62.8,36,60.0,"N/A","N/A"
"Brass City Charter School District","=""2900013""","Grade","04",37,63.5,37,59.0,"N/A","N/A"
"Brass City Charter School District","=""2900013""","Grade","05",37,58.6,37,54.3,37,53.7
"Brass City Charter School District","=""2900013""","Grade","06",34,64.0,34,57.5,"N/A","N/A"
"Brass City Charter School District","=""2900013""","Grade","07",29,67.4,29,55.0,"N/A","N/A"
"Brass City Charter School District","=""2900013""","Grade","08",35,69.2,35,48.5,35,60.5
"Brass City Charter School District","=""2900013""","High Needs (F/R, EL or SWD)","High Needs",145,58.8,145,52.4,48,53.3
"Brass City Charter School District","=""2900013""","High Needs (F/R, EL or SWD)","Not High Needs",63,76.3,63,63.6,24,64.5
"Brass City Charter School District","=""2900013""","Free/Reduced Price Meal Eligibility (2-level)","Eligible For Free Or Reduced Price Meals",119,59.8,119,52.9,40,54.8
"Brass City Charter School District","=""2900013""","Free/Reduced Price Meal Eligibility (2-level)","Not Eligible For Free Or Reduced Price Meals",89,69.9,89,59.5,32,59.8
"Brass City Charter School District","=""2900013""","Race/Ethnicity","Asian",6,"*",6,"*","*","*"
"Brass City Charter School District","=""2900013""","Race/Ethnicity","Black or African American",69,60.6,69,53.3,22,56.5
"Brass City Charter School District","=""2900013""","Race/Ethnicity","Hispanic or Latino",110,64.7,110,56.2,38,55.9
"Brass City Charter School District","=""2900013""","Race/Ethnicity","Two or More Races",11,"*",11,"*","*","*"
"Brass City Charter School District","=""2900013""","Race/Ethnicity","White",12,"*",12,"*","*","*"
"Brass City Charter School District","=""2900013""","Special Education Status (SWD)","Students with Disabilities",42,48.3,42,42.5,11,"*"
"Brass City Charter School District","=""2900013""","Special Education Status (SWD)","Students without Disabilities",166,68.1,166,59.1,61,59.2
"Elm City Montessori School District","=""2910013""","All Students","District",113,64.0,113,52.8,39,61.8
"Elm City Montessori School District","=""2910013""","English Language Learners (EL)","English Learners",7,"*",7,"*","*","*"
"Elm City Montessori School District","=""2910013""","English Language Learners (EL)","Not English Learners",106,65.2,106,54.1,"*","*"
"Elm City Montessori School District","=""2910013""","Gender","Female",54,68.9,54,53.4,16,"*"
"Elm City Montessori School District","=""2910013""","Gender","Male",59,59.5,59,52.2,23,61.9
"Elm City Montessori School District","=""2910013""","Grade","03",18,"*",18,"*","N/A","N/A"
"Elm City Montessori School District","=""2910013""","Grade","04",24,74.4,24,62.2,"N/A","N/A"
"Elm City Montessori School District","=""2910013""","Grade","05",24,61.1,24,55.2,24,58.8
"Elm City Montessori School District","=""2910013""","Grade","06",14,"*",14,"*","N/A","N/A"
"Elm City Montessori School District","=""2910013""","Grade","07",18,"*",18,"*","N/A","N/A"
"Elm City Montessori School District","=""2910013""","Grade","08",15,"*",15,"*",15,"*"
"Elm City Montessori School District","=""2910013""","High Needs (F/R, EL or SWD)","High Needs",53,51.3,53,42.2,14,"*"
"Elm City Montessori School District","=""2910013""","High Needs (F/R, EL or SWD)","Not High Needs",60,75.2,60,62.1,25,70.7
"Elm City Montessori School District","=""2910013""","Free/Reduced Price Meal Eligibility (2-level)","Eligible For Free Or Reduced Price Meals",43,50.9,43,43.0,13,"*"
"Elm City Montessori School District","=""2910013""","Free/Reduced Price Meal Eligibility (2-level)","Not Eligible For Free Or Reduced Price Meals",70,72.0,70,58.8,26,69.0
"Elm City Montessori School District","=""2910013""","Race/Ethnicity","Asian","*","*","*","*","*","*"
"Elm City Montessori School District","=""2910013""","Race/Ethnicity","Black or African American",24,49.3,24,40.2,7,"*"
"Elm City Montessori School District","=""2910013""","Race/Ethnicity","Hispanic or Latino",35,56.8,35,45.5,14,"*"
"Elm City Montessori School District","=""2910013""","Race/Ethnicity","Two or More Races","*","*","*","*","*","*"
"Elm City Montessori School District","=""2910013""","Race/Ethnicity","White",41,77.2,41,64.3,14,"*"
"Elm City Montessori School District","=""2910013""","Special Education Status (SWD)","Students with Disabilities",18,"*",18,"*",6,"*"
"Elm City Montessori School District","=""2910013""","Special Education Status (SWD)","Students without Disabilities",95,68.6,95,56.0,33,66.4
"Great Oaks Charter School District","=""2940013""","All Students","District",323,51.9,327,42.2,149,43.0
"Great Oaks Charter School District","=""2940013""","English Language Learners (EL)","English Learners",50,41.5,50,39.0,32,38.0
"Great Oaks Charter School District","=""2940013""","English Language Learners (EL)","Not English Learners",273,53.8,277,42.8,117,44.3
"Great Oaks Charter School District","=""2940013""","Gender","Female",166,52.3,169,41.1,77,43.7
"Great Oaks Charter School District","=""2940013""","Gender","Male",157,51.4,158,43.4,72,42.2
"Great Oaks Charter School District","=""2940013""","Grade","06",80,56.2,83,44.6,"N/A","N/A"
"Great Oaks Charter School District","=""2940013""","Grade","07",97,54.4,98,43.0,"N/A","N/A"
"Great Oaks Charter School District","=""2940013""","Grade","08",92,53.9,92,42.7,91,45.8
"Great Oaks Charter School District","=""2940013""","Grade","11",54,37.6,54,36.4,58,38.5
"Great Oaks Charter School District","=""2940013""","High Needs (F/R, EL or SWD)","High Needs",255,50.0,259,40.6,119,42.0
"Great Oaks Charter School District","=""2940013""","High Needs (F/R, EL or SWD)","Not High Needs",68,59.1,68,48.3,30,47.0
"Great Oaks Charter School District","=""2940013""","Free/Reduced Price Meal Eligibility (2-level)","Eligible For Free Or Reduced Price Meals",235,50.2,239,40.5,111,41.9
"Great Oaks Charter School District","=""2940013""","Free/Reduced Price Meal Eligibility (2-level)","Not Eligible For Free Or Reduced Price Meals",88,56.4,88,46.8,38,46.1
"Great Oaks Charter School District","=""2940013""","Race/Ethnicity","American Indian or Alaska Native","*","*","*","*","N/A","N/A"
"Great Oaks Charter School District","=""2940013""","Race/Ethnicity","Asian","*","*","*","*","N/A","N/A"
"Great Oaks Charter School District","=""2940013""","Race/Ethnicity","Black or African American",133,49.8,135,39.5,60,39.2
"Great Oaks Charter School District","=""2940013""","Race/Ethnicity","Hispanic or Latino",172,53.0,174,44.2,81,46.0
"Great Oaks Charter School District","=""2940013""","Race/Ethnicity","Native Hawaiian or Other Pacific Islander","*","*","*","*","*","*"
"Great Oaks Charter School District","=""2940013""","Race/Ethnicity","Two or More Races","*","*","*","*","*","*"
"Great Oaks Charter School District","=""2940013""","Race/Ethnicity","White",8,"*",8,"*","*","*"
"Great Oaks Charter School District","=""2940013""","Special Education Status (SWD)","Students with Disabilities",62,40.8,63,28.8,26,33.2
"Great Oaks Charter School District","=""2940013""","Special Education Status (SWD)","Students without Disabilities",261,54.5,264,45.4,123,45.1
"Booker T. Washington Academy District","=""2950013""","All Students","District",267,58.2,266,51.5,67,53.0
"Booker T. Washington Academy District","=""2950013""","English Language Learners (EL)","English Learners",12,"*",12,"*","*","*"
"Booker T. Washington Academy District","=""2950013""","English Language Learners (EL)","Not English Learners",255,58.4,254,51.6,"*","*"
"Booker T. Washington Academy District","=""2950013""","Gender","Female",134,60.5,133,51.5,30,55.7
"Booker T. Washington Academy District","=""2950013""","Gender","Male",133,55.9,133,51.5,37,50.7
"Booker T. Washington Academy District","=""2950013""","Grade","03",51,53.4,51,50.9,"N/A","N/A"
"Booker T. Washington Academy District","=""2950013""","Grade","04",59,58.9,59,53.2,"N/A","N/A"
"Booker T. Washington Academy District","=""2950013""","Grade","05",34,67.8,34,70.4,34,50.4
"Booker T. Washington Academy District","=""2950013""","Grade","06",53,54.9,53,38.2,"N/A","N/A"
"Booker T. Washington Academy District","=""2950013""","Grade","07",37,55.3,36,48.2,"N/A","N/A"
"Booker T. Washington Academy District","=""2950013""","Grade","08",33,62.8,33,54.5,33,55.7
"Booker T. Washington Academy District","=""2950013""","High Needs (F/R, EL or SWD)","High Needs",223,56.8,222,50.9,57,51.1
"Booker T. Washington Academy District","=""2950013""","High Needs (F/R, EL or SWD)","Not High Needs",44,65.0,44,54.6,10,"*"
"Booker T. Washington Academy District","=""2950013""","Free/Reduced Price Meal Eligibility (2-level)","Eligible For Free Or Reduced Price Meals",216,57.1,215,51.2,57,51.1
"Booker T. Washington Academy District","=""2950013""","Free/Reduced Price Meal Eligibility (2-level)","Not Eligible For Free Or Reduced Price Meals",51,62.7,51,52.5,10,"*"
"Booker T. Washington Academy District","=""2950013""","Race/Ethnicity","Black or African American",220,57.0,219,50.9,53,52.4
"Booker T. Washington Academy District","=""2950013""","Race/Ethnicity","Hispanic or Latino",38,63.2,38,53.4,"*","*"
"Booker T. Washington Academy District","=""2950013""","Race/Ethnicity","Two or More Races","*","*","*","*","*","*"
"Booker T. Washington Academy District","=""2950013""","Race/Ethnicity","White","*","*","*","*","N/A","N/A"
"Booker T. Washington Academy District","=""2950013""","Special Education Status (SWD)","Students with Disabilities",26,43.0,26,34.2,"*","*"
"Booker T. Washington Academy District","=""2950013""","Special Education Status (SWD)","Students without Disabilities",241,59.8,240,53.3,"*","*"
"Stamford Charter School for Excellence District","=""2960013""","All Students","District",296,81.2,296,79.0,90,69.3
"Stamford Charter School for Excellence District","=""2960013""","English Language Learners (EL)","English Learners",60,76.2,60,75.9,14,"*"
"Stamford Charter School for Excellence District","=""2960013""","English Language Learners (EL)","Not English Learners",236,82.4,236,79.8,76,70.6
"Stamford Charter School for Excellence District","=""2960013""","Gender","Female",157,81.7,157,76.7,42,61.7
"Stamford Charter School for Excellence District","=""2960013""","Gender","Male",139,80.6,139,81.6,48,76.1
"Stamford Charter School for Excellence District","=""2960013""","Grade","03",57,87.1,57,85.4,"N/A","N/A"
"Stamford Charter School for Excellence District","=""2960013""","Grade","04",50,93.6,50,88.7,"N/A","N/A"
"Stamford Charter School for Excellence District","=""2960013""","Grade","05",54,86.9,54,86.4,54,81.7
"Stamford Charter School for Excellence District","=""2960013""","Grade","06",52,74.0,52,68.7,"N/A","N/A"
"Stamford Charter School for Excellence District","=""2960013""","Grade","07",46,72.6,46,73.6,"N/A","N/A"
"Stamford Charter School for Excellence District","=""2960013""","Grade","08",37,67.5,37,66.3,36,50.8
"Stamford Charter School for Excellence District","=""2960013""","High Needs (F/R, EL or SWD)","High Needs",185,75.3,185,72.2,55,61.1
"Stamford Charter School for Excellence District","=""2960013""","High Needs (F/R, EL or SWD)","Not High Needs",111,90.9,111,90.3,35,82.3
"Stamford Charter School for Excellence District","=""2960013""","Free/Reduced Price Meal Eligibility (2-level)","Eligible For Free Or Reduced Price Meals",161,75.5,161,71.4,49,60.2
"Stamford Charter School for Excellence District","=""2960013""","Free/Reduced Price Meal Eligibility (2-level)","Not Eligible For Free Or Reduced Price Meals",135,87.9,135,88.0,41,80.3
"Stamford Charter School for Excellence District","=""2960013""","Race/Ethnicity","Asian",56,98.7,56,100.3,15,"*"
"Stamford Charter School for Excellence District","=""2960013""","Race/Ethnicity","Black or African American",143,76.9,143,73.4,45,64.2
"Stamford Charter School for Excellence District","=""2960013""","Race/Ethnicity","Hispanic or Latino",78,75.3,78,73.4,26,62.9
"Stamford Charter School for Excellence District","=""2960013""","Race/Ethnicity","Native Hawaiian or Other Pacific Islander","*","*","*","*","N/A","N/A"
"Stamford Charter School for Excellence District","=""2960013""","Race/Ethnicity","Two or More Races",10,"*",10,"*","*","*"
"Stamford Charter School for Excellence District","=""2960013""","Race/Ethnicity","White","*","*","*","*","*","*"
"Stamford Charter School for Excellence District","=""2960013""","Special Education Status (SWD)","Students with Disabilities",23,55.8,23,53.4,9,"*"
"Stamford Charter School for Excellence District","=""2960013""","Special Education Status (SWD)","Students without Disabilities",273,83.3,273,81.1,81,71.7
"Capital Preparatory Harbor School District","=""2970013""","All Students","District",427,54.7,427,47.3,177,50.6
"Capital Preparatory Harbor School District","=""2970013""","English Language Learners (EL)","English Learners",51,45.3,51,40.1,25,45.2
"Capital Preparatory Harbor School District","=""2970013""","English Language Learners (EL)","Not English Learners",376,56.0,376,48.3,152,51.5
"Capital Preparatory Harbor School District","=""2970013""","Gender","Female",225,58.3,225,48.2,85,52.9
"Capital Preparatory Harbor School District","=""2970013""","Gender","Male",202,50.8,202,46.3,92,48.5
"Capital Preparatory Harbor School District","=""2970013""","Grade","03",63,52.5,63,45.6,"N/A","N/A"
"Capital Preparatory Harbor School District","=""2970013""","Grade","04",68,62.4,68,55.8,"N/A","N/A"
"Capital Preparatory Harbor School District","=""2970013""","Grade","05",66,55.0,66,52.0,66,53.7
"Capital Preparatory Harbor School District","=""2970013""","Grade","06",58,62.9,58,49.1,"N/A","N/A"
"Capital Preparatory Harbor School District","=""2970013""","Grade","07",61,55.5,61,44.6,"N/A","N/A"
"Capital Preparatory Harbor School District","=""2970013""","Grade","08",57,51.0,57,37.8,57,46.1
"Capital Preparatory Harbor School District","=""2970013""","Grade","11",54,41.7,54,44.0,54,51.4
"Capital Preparatory Harbor School District","=""2970013""","High Needs (F/R, EL or SWD)","High Needs",325,53.5,325,45.7,135,49.6
"Capital Preparatory Harbor School District","=""2970013""","High Needs (F/R, EL or SWD)","Not High Needs",102,58.6,102,52.6,42,53.7
"Capital Preparatory Harbor School District","=""2970013""","Free/Reduced Price Meal Eligibility (2-level)","Eligible For Free Or Reduced Price Meals",305,54.0,305,45.9,127,49.4
"Capital Preparatory Harbor School District","=""2970013""","Free/Reduced Price Meal Eligibility (2-level)","Not Eligible For Free Or Reduced Price Meals",122,56.4,122,50.8,50,53.5
"Capital Preparatory Harbor School District","=""2970013""","Race/Ethnicity","American Indian or Alaska Native","*","*","*","*","N/A","N/A"
"Capital Preparatory Harbor School District","=""2970013""","Race/Ethnicity","Asian","*","*","*","*","*","*"
"Capital Preparatory Harbor School District","=""2970013""","Race/Ethnicity","Black or African American",284,56.1,284,48.7,119,50.8
"Capital Preparatory Harbor School District","=""2970013""","Race/Ethnicity","Hispanic or Latino",136,52.4,136,45.2,54,50.8
"Capital Preparatory Harbor School District","=""2970013""","Race/Ethnicity","Native Hawaiian or Other Pacific Islander","*","*","*","*","*","*"
"Capital Preparatory Harbor School District","=""2970013""","Race/Ethnicity","Two or More Races","*","*","*","*","*","*"
"Capital Preparatory Harbor School District","=""2970013""","Race/Ethnicity","White","*","*","*","*","*","*"
"Capital Preparatory Harbor School District","=""2970013""","Special Education Status (SWD)","Students with Disabilities",47,37.2,47,30.5,24,37.1
"Capital Preparatory Harbor School District","=""2970013""","Special Education Status (SWD)","Students without Disabilities",380,56.9,380,49.4,153,52.7
"Unified School District #2","=""3470015""","All Students","District",10,"*",8,"*",10,"*"
"Unified School District #2","=""3470015""","English Language Learners (EL)","English Learners","*","*","*","*","*","*"
"Unified School District #2","=""3470015""","English Language Learners (EL)","Not English Learners","*","*","*","*","*","*"
"Unified School District #2","=""3470015""","Gender","Female",0,"N/A",0,"N/A",0,"N/A"
"Unified School District #2","=""3470015""","Gender","Male",10,"*",8,"*",10,"*"
"Unified School District #2","=""3470015""","Grade","06","*","*",0,"N/A","N/A","N/A"
"Unified School District #2","=""3470015""","Grade","07",0,"N/A",0,"N/A","N/A","N/A"
"Unified School District #2","=""3470015""","Grade","08","*","*","*","*","*","*"
"Unified School District #2","=""3470015""","Grade","11","*","*","*","*","*","*"
"Unified School District #2","=""3470015""","High Needs (F/R, EL or SWD)","High Needs",10,"*",8,"*",10,"*"
"Unified School District #2","=""3470015""","Free/Reduced Price Meal Eligibility (2-level)","Eligible For Free Or Reduced Price Meals",10,"*",8,"*",10,"*"
"Unified School District #2","=""3470015""","Race/Ethnicity","Black or African American","*","*",0,"N/A","*","*"
"Unified School District #2","=""3470015""","Race/Ethnicity","Hispanic or Latino","*","*","*","*","*","*"
"Unified School District #2","=""3470015""","Race/Ethnicity","Two or More Races","*","*","*","*","*","*"
"Unified School District #2","=""3470015""","Race/Ethnicity","White","*","*","*","*","*","*"
"Unified School District #2","=""3470015""","Special Education Status (SWD)","Students with Disabilities",10,"*",8,"*","*","*"
"Unified School District #2","=""3470015""","Special Education Status (SWD)","Students without Disabilities",0,"N/A",0,"N/A","*","*"
"Connecticut Technical Education and Career System","=""9000016""","All Students","District",2615,44.4,2615,41.1,2624,52.6
"Connecticut Technical Education and Career System","=""9000016""","English Language Learners (EL)","English Learners",198,34.5,198,34.3,199,38.5
"Connecticut Technical Education and Career System","=""9000016""","English Language Learners (EL)","Not English Learners",2417,45.2,2417,41.7,2425,53.7
"Connecticut Technical Education and Career System","=""9000016""","Gender","Female","*","*","*","*","*","*"
"Connecticut Technical Education and Career System","=""9000016""","Gender","Male",1586,44.1,1586,42.4,1586,53.3
"Connecticut Technical Education and Career System","=""9000016""","Gender","Non-Binary","*","*","*","*","*","*"
"Connecticut Technical Education and Career System","=""9000016""","Grade","11",2615,44.4,2615,41.1,2624,52.6
"Connecticut Technical Education and Career System","=""9000016""","High Needs (F/R, EL or SWD)","High Needs",1499,41.7,1499,38.5,1504,48.5
"Connecticut Technical Education and Career System","=""9000016""","High Needs (F/R, EL or SWD)","Not High Needs",1116,48.0,1116,44.7,1120,58.0
"Connecticut Technical Education and Career System","=""9000016""","Free/Reduced Price Meal Eligibility (2-level)","Eligible For Free Or Reduced Price Meals",1220,42.9,1220,39.3,1224,50.1
"Connecticut Technical Education and Career System","=""9000016""","Free/Reduced Price Meal Eligibility (2-level)","Not Eligible For Free Or Reduced Price Meals",1395,45.7,1395,42.8,1400,54.7
"Connecticut Technical Education and Career System","=""9000016""","Race/Ethnicity","American Indian or Alaska Native","*","*","*","*","*","*"
"Connecticut Technical Education and Career System","=""9000016""","Race/Ethnicity","Asian",25,52.1,25,48.5,25,62.0
"Connecticut Technical Education and Career System","=""9000016""","Race/Ethnicity","Black or African American",312,41.0,312,36.7,309,47.3
"Connecticut Technical Education and Career System","=""9000016""","Race/Ethnicity","Hispanic or Latino",1094,42.4,1094,38.4,1101,49.0
"Connecticut Technical Education and Career System","=""9000016""","Race/Ethnicity","Native Hawaiian or Other Pacific Islander","*","*","*","*","*","*"
"Connecticut Technical Education and Career System","=""9000016""","Race/Ethnicity","Two or More Races",117,45.8,117,42.3,118,54.4
"Connecticut Technical Education and Career System","=""9000016""","Race/Ethnicity","White",1056,47.1,1056,44.9,1060,57.2
"Connecticut Technical Education and Career System","=""9000016""","Special Education Status (SWD)","Students with Disabilities",378,36.7,378,34.8,380,41.9
"Connecticut Technical Education and Career System","=""9000016""","Special Education Status (SWD)","Students without Disabilities",2237,45.7,2237,42.2,2244,54.4
"Norwich Free Academy District","=""9010022""","All Students","District",450,47.9,450,45.5,449,52.3
"Norwich Free Academy District","=""9010022""","English Language Learners (EL)","English Learners",58,33.6,58,34.9,60,36.7
"Norwich Free Academy District","=""9010022""","English Language Learners (EL)","Not English Learners",392,50.1,392,47.1,389,54.8
"Norwich Free Academy District","=""9010022""","Gender","Female",239,49.7,239,45.3,238,52.7
"Norwich Free Academy District","=""9010022""","Gender","Male","*","*","*","*","*","*"
"Norwich Free Academy District","=""9010022""","Gender","Non-Binary","*","*","*","*","*","*"
"Norwich Free Academy District","=""9010022""","Grade","11",450,47.9,450,45.5,449,52.3
"Norwich Free Academy District","=""9010022""","High Needs (F/R, EL or SWD)","High Needs",235,41.7,235,39.7,237,44.6
"Norwich Free Academy District","=""9010022""","High Needs (F/R, EL or SWD)","Not High Needs",215,54.7,215,51.9,212,61.1
"Norwich Free Academy District","=""9010022""","Free/Reduced Price Meal Eligibility (2-level)","Eligible For Free Or Reduced Price Meals",207,43.0,207,40.7,207,46.3
"Norwich Free Academy District","=""9010022""","Free/Reduced Price Meal Eligibility (2-level)","Not Eligible For Free Or Reduced Price Meals",243,52.2,243,49.6,242,57.6
"Norwich Free Academy District","=""9010022""","Race/Ethnicity","American Indian or Alaska Native","*","*","*","*","*","*"
"Norwich Free Academy District","=""9010022""","Race/Ethnicity","Asian",28,57.9,28,62.5,28,66.1
"Norwich Free Academy District","=""9010022""","Race/Ethnicity","Black or African American",57,38.7,57,37.6,58,40.2
"Norwich Free Academy District","=""9010022""","Race/Ethnicity","Hispanic or Latino",106,40.4,106,39.0,111,42.5
"Norwich Free Academy District","=""9010022""","Race/Ethnicity","Native Hawaiian or Other Pacific Islander","*","*","*","*","*","*"
"Norwich Free Academy District","=""9010022""","Race/Ethnicity","Two or More Races",22,46.6,22,42.4,20,52.4
"Norwich Free Academy District","=""9010022""","Race/Ethnicity","White",226,52.7,226,48.9,221,58.5
"Norwich Free Academy District","=""9010022""","Special Education Status (SWD)","Students with Disabilities",50,31.8,50,28.6,50,28.7
"Norwich Free Academy District","=""9010022""","Special Education Status (SWD)","Students without Disabilities",400,50.0,400,47.6,399,55.3
"The Gilbert School District","=""9020022""","All Students","District",187,57.3,186,51.6,124,52.5
"The Gilbert School District","=""9020022""","English Language Learners (EL)","English Learners",18,"*",18,"*",13,"*"
"The Gilbert School District","=""9020022""","English Language Learners (EL)","Not English Learners",169,59.2,168,52.5,111,54.0
"The Gilbert School District","=""9020022""","Gender","Female",77,63.0,76,53.4,47,56.5
"The Gilbert School District","=""9020022""","Gender","Male",110,53.3,110,50.3,77,50.0
"The Gilbert School District","=""9020022""","Grade","07",60,65.4,60,59.0,"N/A","N/A"
"The Gilbert School District","=""9020022""","Grade","08",71,56.0,70,47.5,70,53.7
"The Gilbert School District","=""9020022""","Grade","11",56,50.1,56,48.8,54,50.9
"The Gilbert School District","=""9020022""","High Needs (F/R, EL or SWD)","High Needs",114,54.0,113,47.6,77,49.3
"The Gilbert School District","=""9020022""","High Needs (F/R, EL or SWD)","Not High Needs",73,62.4,73,57.8,47,57.6
"The Gilbert School District","=""9020022""","Free/Reduced Price Meal Eligibility (2-level)","Eligible For Free Or Reduced Price Meals",102,56.0,101,48.6,68,49.9
"The Gilbert School District","=""9020022""","Free/Reduced Price Meal Eligibility (2-level)","Not Eligible For Free Or Reduced Price Meals",85,58.7,85,55.1,56,55.6
"The Gilbert School District","=""9020022""","Race/Ethnicity","Asian","*","*","*","*",6,"*"
"The Gilbert School District","=""9020022""","Race/Ethnicity","Black or African American","*","*","*","*","*","*"
"The Gilbert School District","=""9020022""","Race/Ethnicity","Hispanic or Latino",38,44.4,38,44.2,29,40.1
"The Gilbert School District","=""9020022""","Race/Ethnicity","Two or More Races",8,"*",8,"*","*","*"
"The Gilbert School District","=""9020022""","Race/Ethnicity","White",132,61.8,131,53.8,82,57.8
"The Gilbert School District","=""9020022""","Special Education Status (SWD)","Students with Disabilities",24,38.3,24,31.5,16,"*"
"The Gilbert School District","=""9020022""","Special Education Status (SWD)","Students without Disabilities",163,60.0,162,54.5,108,53.3
"The Woodstock Academy District","=""9030022""","All Students","District",228,57.1,228,52.4,222,63.4
"The Woodstock Academy District","=""9030022""","English Language Learners (EL)","Not English Learners",228,57.1,228,52.4,222,63.4
"The Woodstock Academy District","=""9030022""","Gender","Female","*","*","*","*","*","*"
"The Woodstock Academy District","=""9030022""","Gender","Male",120,55.6,120,55.2,116,63.2
"The Woodstock Academy District","=""9030022""","Gender","Non-Binary","*","*","*","*","*","*"
"The Woodstock Academy District","=""9030022""","Grade","11",228,57.1,228,52.4,222,63.4
"The Woodstock Academy District","=""9030022""","High Needs (F/R, EL or SWD)","High Needs",23,44.5,23,39.0,23,51.4
"The Woodstock Academy District","=""9030022""","High Needs (F/R, EL or SWD)","Not High Needs",205,58.5,205,53.9,199,64.8
"The Woodstock Academy District","=""9030022""","Free/Reduced Price Meal Eligibility (2-level)","Eligible For Free Or Reduced Price Meals",9,"*",9,"*",9,"*"
"The Woodstock Academy District","=""9030022""","Free/Reduced Price Meal Eligibility (2-level)","Not Eligible For Free Or Reduced Price Meals",219,57.6,219,53.1,213,63.7
"The Woodstock Academy District","=""9030022""","Race/Ethnicity","American Indian or Alaska Native","*","*","*","*","*","*"
"The Woodstock Academy District","=""9030022""","Race/Ethnicity","Asian",12,"*",12,"*",12,"*"
"The Woodstock Academy District","=""9030022""","Race/Ethnicity","Black or African American","*","*","*","*","*","*"
"The Woodstock Academy District","=""9030022""","Race/Ethnicity","Hispanic or Latino",12,"*",12,"*",12,"*"
"The Woodstock Academy District","=""9030022""","Race/Ethnicity","Two or More Races",6,"*",6,"*",6,"*"
"The Woodstock Academy District","=""9030022""","Race/Ethnicity","White",195,57.8,195,51.5,189,64.0
"The Woodstock Academy District","=""9030022""","Special Education Status (SWD)","Students with Disabilities",18,"*",18,"*",18,"*"
"The Woodstock Academy District","=""9030022""","Special Education Status (SWD)","Students without Disabilities",210,58.3,210,53.6,204,64.7

