"Performance Index, 2014-15"
"All Districts"
"Notes:"
"The Performance Index is the average performance of students in a subject area (i.e., ELA, Mathematics or Science) on the state summative assessments."
"The Performance Index ranges from 0-100 and is reported for all students and for students in each individual student group."
"Connecticut's ultimate target for a Performance Index is 75."
"Starting with 2018-19, Connecticut began implementation of new science assessments aligned to the Next Generation Science Standards."
"Therefore, 2018-19 science performance index scores cannot be compared to those from prior years; they can serve as a baseline for future years."

"District Name","District Code","Category","Student Group","ELACount","ELAPerformanceIndex","MathCount","MathPerformanceIndex","ScienceCount","SciencePerformanceIndex"
"Andover School District","=""0010011""","All Students","District",160,82.9,160,76.4,50,64.0
"Andover School District","=""0010011""","English Language Learners (EL)","English Learners","*","*","*","*","*","*"
"Andover School District","=""0010011""","English Language Learners (EL)","Not English Learners","*","*","*","*","*","*"
"Andover School District","=""0010011""","High Needs (F/R, EL or SWD)","High Needs",34,74.4,34,67.2,16,"*"
"Andover School District","=""0010011""","High Needs (F/R, EL or SWD)","Not High Needs",126,85.2,126,78.8,34,71.1
"Andover School District","=""0010011""","Free/Reduced Price Meal Eligibility (2-level)","Eligible For Free Or Reduced Price Meals",21,77.2,21,67.8,8,"*"
"Andover School District","=""0010011""","Free/Reduced Price Meal Eligibility (2-level)","Not Eligible For Free Or Reduced Price Meals",139,83.8,139,77.6,42,66.6
"Andover School District","=""0010011""","Race/Ethnicity","Asian","*","*","*","*","N/A","N/A"
"Andover School District","=""0010011""","Race/Ethnicity","Black or African American","*","*","*","*","*","*"
"Andover School District","=""0010011""","Race/Ethnicity","Hispanic or Latino",6,"*",6,"*","*","*"
"Andover School District","=""0010011""","Race/Ethnicity","Two or More Races","*","*","*","*","*","*"
"Andover School District","=""0010011""","Race/Ethnicity","White",149,83.1,149,76.5,43,65.9
"Andover School District","=""0010011""","Special Education Status (SWD)","Students with Disabilities",12,"*",12,"*",9,"*"
"Andover School District","=""0010011""","Special Education Status (SWD)","Students without Disabilities",148,85.0,148,78.1,41,67.7
"Ansonia School District","=""0020011""","All Students","District",1153,60.7,1152,51.7,563,46.8
"Ansonia School District","=""0020011""","English Language Learners (EL)","English Learners",35,50.5,34,46.3,22,35.3
"Ansonia School District","=""0020011""","English Language Learners (EL)","Not English Learners",1118,61.0,1118,51.9,541,47.3
"Ansonia School District","=""0020011""","High Needs (F/R, EL or SWD)","High Needs",845,57.1,841,48.5,407,43.6
"Ansonia School District","=""0020011""","High Needs (F/R, EL or SWD)","Not High Needs",308,70.5,311,60.3,156,55.4
"Ansonia School District","=""0020011""","Free/Reduced Price Meal Eligibility (2-level)","Eligible For Free Or Reduced Price Meals",796,57.9,792,49.2,382,44.1
"Ansonia School District","=""0020011""","Free/Reduced Price Meal Eligibility (2-level)","Not Eligible For Free Or Reduced Price Meals",357,66.8,360,57.3,181,52.6
"Ansonia School District","=""0020011""","Race/Ethnicity","American Indian or Alaska Native","*","*","*","*","*","*"
"Ansonia School District","=""0020011""","Race/Ethnicity","Asian",19,"*",18,"*",8,"*"
"Ansonia School District","=""0020011""","Race/Ethnicity","Black or African American",223,52.7,223,42.1,126,40.8
"Ansonia School District","=""0020011""","Race/Ethnicity","Hispanic or Latino",311,58.8,308,50.2,148,44.5
"Ansonia School District","=""0020011""","Race/Ethnicity","Native Hawaiian or Other Pacific Islander","*","*","*","*","*","*"
"Ansonia School District","=""0020011""","Race/Ethnicity","Two or More Races",29,64.0,29,57.8,15,"*"
"Ansonia School District","=""0020011""","Race/Ethnicity","White",555,64.1,558,55.2,259,50.8
"Ansonia School District","=""0020011""","Special Education Status (SWD)","Students with Disabilities",207,40.7,207,35.8,107,31.9
"Ansonia School District","=""0020011""","Special Education Status (SWD)","Students without Disabilities",946,65.1,945,55.2,456,50.3
"Ashford School District","=""0030011""","All Students","District",251,72.0,248,61.7,86,54.2
"Ashford School District","=""0030011""","English Language Learners (EL)","English Learners","*","*","*","*","*","*"
"Ashford School District","=""0030011""","English Language Learners (EL)","Not English Learners","*","*","*","*","*","*"
"Ashford School District","=""0030011""","High Needs (F/R, EL or SWD)","High Needs",104,62.8,101,53.9,39,47.1
"Ashford School District","=""0030011""","High Needs (F/R, EL or SWD)","Not High Needs",147,78.5,147,67.1,47,60.1
"Ashford School District","=""0030011""","Free/Reduced Price Meal Eligibility (2-level)","Eligible For Free Or Reduced Price Meals",84,63.2,82,53.8,32,49.2
"Ashford School District","=""0030011""","Free/Reduced Price Meal Eligibility (2-level)","Not Eligible For Free Or Reduced Price Meals",167,76.4,166,65.6,54,57.1
"Ashford School District","=""0030011""","Race/Ethnicity","Asian","*","*","*","*","*","*"
"Ashford School District","=""0030011""","Race/Ethnicity","Black or African American","N/A","N/A","N/A","N/A","N/A","N/A"
"Ashford School District","=""0030011""","Race/Ethnicity","Hispanic or Latino",15,"*",15,"*","*","*"
"Ashford School District","=""0030011""","Race/Ethnicity","Two or More Races","*","*","*","*","N/A","N/A"
"Ashford School District","=""0030011""","Race/Ethnicity","White",229,72.2,226,62.1,78,54.8
"Ashford School District","=""0030011""","Special Education Status (SWD)","Students with Disabilities",39,52.1,36,43.3,14,"*"
"Ashford School District","=""0030011""","Special Education Status (SWD)","Students without Disabilities",212,75.7,212,64.8,72,57.8
"Avon School District","=""0040011""","All Students","District",1799,81.4,1797,75.9,801,68.1
"Avon School District","=""0040011""","English Language Learners (EL)","English Learners",44,67.2,44,64.2,12,"*"
"Avon School District","=""0040011""","English Language Learners (EL)","Not English Learners",1755,81.7,1753,76.2,789,68.5
"Avon School District","=""0040011""","High Needs (F/R, EL or SWD)","High Needs",293,62.5,293,56.0,132,52.2
"Avon School District","=""0040011""","High Needs (F/R, EL or SWD)","Not High Needs",1506,85.1,1504,79.8,669,71.3
"Avon School District","=""0040011""","Free/Reduced Price Meal Eligibility (2-level)","Eligible For Free Or Reduced Price Meals",86,64.3,86,56.2,34,56.2
"Avon School District","=""0040011""","Free/Reduced Price Meal Eligibility (2-level)","Not Eligible For Free Or Reduced Price Meals",1713,82.2,1711,76.9,767,68.7
"Avon School District","=""0040011""","Race/Ethnicity","American Indian or Alaska Native","*","*","*","*","*","*"
"Avon School District","=""0040011""","Race/Ethnicity","Asian",226,87.9,226,87.4,88,69.8
"Avon School District","=""0040011""","Race/Ethnicity","Black or African American",72,65.6,72,56.4,29,49.8
"Avon School District","=""0040011""","Race/Ethnicity","Hispanic or Latino",102,75.4,102,66.8,40,67.9
"Avon School District","=""0040011""","Race/Ethnicity","Native Hawaiian or Other Pacific Islander","*","*","*","*","*","*"
"Avon School District","=""0040011""","Race/Ethnicity","Two or More Races",63,84.5,63,80.0,26,68.7
"Avon School District","=""0040011""","Race/Ethnicity","White",1333,81.5,1331,75.5,616,68.8
"Avon School District","=""0040011""","Special Education Status (SWD)","Students with Disabilities",204,59.4,204,52.6,95,52.1
"Avon School District","=""0040011""","Special Education Status (SWD)","Students without Disabilities",1595,84.2,1593,78.9,706,70.3
"Barkhamsted School District","=""0050011""","All Students","District",194,75.1,193,62.2,46,60.4
"Barkhamsted School District","=""0050011""","English Language Learners (EL)","English Learners","N/A","N/A","N/A","N/A","N/A","N/A"
"Barkhamsted School District","=""0050011""","English Language Learners (EL)","Not English Learners",194,75.1,193,62.2,46,60.4
"Barkhamsted School District","=""0050011""","High Needs (F/R, EL or SWD)","High Needs",48,62.0,48,47.1,11,"*"
"Barkhamsted School District","=""0050011""","High Needs (F/R, EL or SWD)","Not High Needs",146,79.4,145,67.2,35,63.8
"Barkhamsted School District","=""0050011""","Free/Reduced Price Meal Eligibility (2-level)","Eligible For Free Or Reduced Price Meals",18,"*",18,"*","*","*"
"Barkhamsted School District","=""0050011""","Free/Reduced Price Meal Eligibility (2-level)","Not Eligible For Free Or Reduced Price Meals",176,76.2,175,63.6,"*","*"
"Barkhamsted School District","=""0050011""","Race/Ethnicity","Asian","*","*","*","*","*","*"
"Barkhamsted School District","=""0050011""","Race/Ethnicity","Black or African American","*","*","*","*","N/A","N/A"
"Barkhamsted School District","=""0050011""","Race/Ethnicity","Hispanic or Latino","*","*","*","*","N/A","N/A"
"Barkhamsted School District","=""0050011""","Race/Ethnicity","Two or More Races","*","*","*","*","*","*"
"Barkhamsted School District","=""0050011""","Race/Ethnicity","White",188,75.2,187,62.5,44,59.6
"Barkhamsted School District","=""0050011""","Special Education Status (SWD)","Students with Disabilities",39,59.4,39,45.1,9,"*"
"Barkhamsted School District","=""0050011""","Special Education Status (SWD)","Students without Disabilities",155,79.0,154,66.5,37,63.9
"Berlin School District","=""0070011""","All Students","District",1581,68.9,1580,64.0,697,62.4
"Berlin School District","=""0070011""","English Language Learners (EL)","English Learners",47,61.7,47,57.2,7,"*"
"Berlin School District","=""0070011""","English Language Learners (EL)","Not English Learners",1534,69.1,1533,64.2,690,62.6
"Berlin School District","=""0070011""","High Needs (F/R, EL or SWD)","High Needs",367,54.8,366,49.2,154,51.2
"Berlin School District","=""0070011""","High Needs (F/R, EL or SWD)","Not High Needs",1214,73.2,1214,68.4,543,65.6
"Berlin School District","=""0070011""","Free/Reduced Price Meal Eligibility (2-level)","Eligible For Free Or Reduced Price Meals",211,56.1,210,50.1,104,52.4
"Berlin School District","=""0070011""","Free/Reduced Price Meal Eligibility (2-level)","Not Eligible For Free Or Reduced Price Meals",1370,70.9,1370,66.1,593,64.2
"Berlin School District","=""0070011""","Race/Ethnicity","American Indian or Alaska Native","*","*","*","*","*","*"
"Berlin School District","=""0070011""","Race/Ethnicity","Asian",45,73.6,45,69.9,23,69.3
"Berlin School District","=""0070011""","Race/Ethnicity","Black or African American",33,49.7,33,44.5,21,48.0
"Berlin School District","=""0070011""","Race/Ethnicity","Hispanic or Latino",134,61.9,134,54.3,58,52.9
"Berlin School District","=""0070011""","Race/Ethnicity","Native Hawaiian or Other Pacific Islander","*","*","*","*","N/A","N/A"
"Berlin School District","=""0070011""","Race/Ethnicity","Two or More Races",45,71.0,44,66.7,21,64.6
"Berlin School District","=""0070011""","Race/Ethnicity","White",1322,69.9,1322,65.1,573,63.6
"Berlin School District","=""0070011""","Special Education Status (SWD)","Students with Disabilities",187,47.1,186,41.8,74,45.1
"Berlin School District","=""0070011""","Special Education Status (SWD)","Students without Disabilities",1394,71.8,1394,66.9,623,64.5
"Bethany School District","=""0080011""","All Students","District",231,75.8,231,70.6,61,57.3
"Bethany School District","=""0080011""","English Language Learners (EL)","English Learners","N/A","N/A","N/A","N/A","N/A","N/A"
"Bethany School District","=""0080011""","English Language Learners (EL)","Not English Learners",231,75.8,231,70.6,61,57.3
"Bethany School District","=""0080011""","High Needs (F/R, EL or SWD)","High Needs",46,55.2,46,51.7,15,"*"
"Bethany School District","=""0080011""","High Needs (F/R, EL or SWD)","Not High Needs",185,81.0,185,75.3,46,59.6
"Bethany School District","=""0080011""","Free/Reduced Price Meal Eligibility (2-level)","Eligible For Free Or Reduced Price Meals",15,"*",15,"*","*","*"
"Bethany School District","=""0080011""","Free/Reduced Price Meal Eligibility (2-level)","Not Eligible For Free Or Reduced Price Meals",216,76.9,216,71.7,"*","*"
"Bethany School District","=""0080011""","Race/Ethnicity","American Indian or Alaska Native","*","*","*","*","N/A","N/A"
"Bethany School District","=""0080011""","Race/Ethnicity","Asian",21,89.1,21,87.3,"*","*"
"Bethany School District","=""0080011""","Race/Ethnicity","Black or African American","*","*","*","*","N/A","N/A"
"Bethany School District","=""0080011""","Race/Ethnicity","Hispanic or Latino","*","*","*","*","*","*"
"Bethany School District","=""0080011""","Race/Ethnicity","Two or More Races","*","*","*","*","N/A","N/A"
"Bethany School District","=""0080011""","Race/Ethnicity","White",200,74.7,200,69.4,57,56.7
"Bethany School District","=""0080011""","Special Education Status (SWD)","Students with Disabilities",37,52.7,37,49.6,12,"*"
"Bethany School District","=""0080011""","Special Education Status (SWD)","Students without Disabilities",194,80.3,194,74.6,49,59.0
"Bethel School District","=""0090011""","All Students","District",1500,74.1,1502,62.1,637,64.3
"Bethel School District","=""0090011""","English Language Learners (EL)","English Learners",63,63.2,65,52.9,22,44.2
"Bethel School District","=""0090011""","English Language Learners (EL)","Not English Learners",1437,74.6,1437,62.5,615,65.1
"Bethel School District","=""0090011""","High Needs (F/R, EL or SWD)","High Needs",446,63.4,449,51.9,177,54.9
"Bethel School District","=""0090011""","High Needs (F/R, EL or SWD)","Not High Needs",1054,78.7,1053,66.4,460,68.0
"Bethel School District","=""0090011""","Free/Reduced Price Meal Eligibility (2-level)","Eligible For Free Or Reduced Price Meals",274,65.8,274,53.2,115,57.6
"Bethel School District","=""0090011""","Free/Reduced Price Meal Eligibility (2-level)","Not Eligible For Free Or Reduced Price Meals",1226,76.0,1228,64.0,522,65.8
"Bethel School District","=""0090011""","Race/Ethnicity","American Indian or Alaska Native","N/A","N/A","N/A","N/A","*","*"
"Bethel School District","=""0090011""","Race/Ethnicity","Asian",105,79.8,105,71.7,51,64.6
"Bethel School District","=""0090011""","Race/Ethnicity","Black or African American","*","*","*","*",13,"*"
"Bethel School District","=""0090011""","Race/Ethnicity","Hispanic or Latino",237,69.7,239,55.7,94,60.1
"Bethel School District","=""0090011""","Race/Ethnicity","Native Hawaiian or Other Pacific Islander","*","*","*","*","*","*"
"Bethel School District","=""0090011""","Race/Ethnicity","Two or More Races",37,73.5,37,62.9,13,"*"
"Bethel School District","=""0090011""","Race/Ethnicity","White",1085,75.0,1085,62.9,464,65.2
"Bethel School District","=""0090011""","Special Education Status (SWD)","Students with Disabilities",202,57.9,203,47.4,84,50.2
"Bethel School District","=""0090011""","Special Education Status (SWD)","Students without Disabilities",1298,76.7,1299,64.3,553,66.5
"Bloomfield School District","=""0110011""","All Students","District",863,64.8,861,52.1,418,50.9
"Bloomfield School District","=""0110011""","English Language Learners (EL)","English Learners",17,"*",17,"*",7,"*"
"Bloomfield School District","=""0110011""","English Language Learners (EL)","Not English Learners",846,64.9,844,52.3,411,51.0
"Bloomfield School District","=""0110011""","High Needs (F/R, EL or SWD)","High Needs",512,60.7,510,48.5,251,48.1
"Bloomfield School District","=""0110011""","High Needs (F/R, EL or SWD)","Not High Needs",351,70.7,351,57.4,167,55.1
"Bloomfield School District","=""0110011""","Free/Reduced Price Meal Eligibility (2-level)","Eligible For Free Or Reduced Price Meals",461,61.7,459,49.0,214,49.4
"Bloomfield School District","=""0110011""","Free/Reduced Price Meal Eligibility (2-level)","Not Eligible For Free Or Reduced Price Meals",402,68.3,402,55.7,204,52.4
"Bloomfield School District","=""0110011""","Race/Ethnicity","Asian","*","*","*","*","*","*"
"Bloomfield School District","=""0110011""","Race/Ethnicity","Black or African American",669,64.6,666,51.4,337,50.9
"Bloomfield School District","=""0110011""","Race/Ethnicity","Hispanic or Latino",100,63.9,100,51.7,45,48.9
"Bloomfield School District","=""0110011""","Race/Ethnicity","Native Hawaiian or Other Pacific Islander","*","*","*","*","N/A","N/A"
"Bloomfield School District","=""0110011""","Race/Ethnicity","Two or More Races",20,64.1,20,52.2,"*","*"
"Bloomfield School District","=""0110011""","Race/Ethnicity","White",59,66.8,60,58.1,25,54.6
"Bloomfield School District","=""0110011""","Special Education Status (SWD)","Students with Disabilities",143,46.5,143,37.1,86,40.7
"Bloomfield School District","=""0110011""","Special Education Status (SWD)","Students without Disabilities",720,68.4,718,55.1,332,53.5
"Bolton School District","=""0120011""","All Students","District",440,76.6,441,68.3,189,62.4
"Bolton School District","=""0120011""","English Language Learners (EL)","English Learners","*","*","*","*","*","*"
"Bolton School District","=""0120011""","English Language Learners (EL)","Not English Learners","*","*","*","*","*","*"
"Bolton School District","=""0120011""","High Needs (F/R, EL or SWD)","High Needs",114,62.3,114,52.3,39,49.2
"Bolton School District","=""0120011""","High Needs (F/R, EL or SWD)","Not High Needs",326,81.6,327,73.9,150,65.8
"Bolton School District","=""0120011""","Free/Reduced Price Meal Eligibility (2-level)","Eligible For Free Or Reduced Price Meals",71,64.7,71,54.4,25,46.0
"Bolton School District","=""0120011""","Free/Reduced Price Meal Eligibility (2-level)","Not Eligible For Free Or Reduced Price Meals",369,78.9,370,71.0,164,64.9
"Bolton School District","=""0120011""","Race/Ethnicity","Asian",11,"*",11,"*","*","*"
"Bolton School District","=""0120011""","Race/Ethnicity","Black or African American",27,66.2,27,55.2,15,"*"
"Bolton School District","=""0120011""","Race/Ethnicity","Hispanic or Latino",24,61.4,24,50.9,11,"*"
"Bolton School District","=""0120011""","Race/Ethnicity","Two or More Races",10,"*",10,"*","*","*"
"Bolton School District","=""0120011""","Race/Ethnicity","White",368,78.8,369,70.9,157,65.4
"Bolton School District","=""0120011""","Special Education Status (SWD)","Students with Disabilities",57,53.2,57,44.7,19,"*"
"Bolton School District","=""0120011""","Special Education Status (SWD)","Students without Disabilities",383,80.0,384,71.8,170,64.1
"Bozrah School District","=""0130011""","All Students","District",129,67.2,129,58.4,41,67.5
"Bozrah School District","=""0130011""","English Language Learners (EL)","English Learners","*","*","*","*","N/A","N/A"
"Bozrah School District","=""0130011""","English Language Learners (EL)","Not English Learners","*","*","*","*",41,67.5
"Bozrah School District","=""0130011""","High Needs (F/R, EL or SWD)","High Needs",41,54.1,41,45.7,12,"*"
"Bozrah School District","=""0130011""","High Needs (F/R, EL or SWD)","Not High Needs",88,73.4,88,64.3,29,71.1
"Bozrah School District","=""0130011""","Free/Reduced Price Meal Eligibility (2-level)","Eligible For Free Or Reduced Price Meals",23,59.6,23,54.6,8,"*"
"Bozrah School District","=""0130011""","Free/Reduced Price Meal Eligibility (2-level)","Not Eligible For Free Or Reduced Price Meals",106,68.9,106,59.2,33,68.2
"Bozrah School District","=""0130011""","Race/Ethnicity","Asian","*","*","*","*","*","*"
"Bozrah School District","=""0130011""","Race/Ethnicity","Black or African American",9,"*",9,"*","*","*"
"Bozrah School District","=""0130011""","Race/Ethnicity","Hispanic or Latino","*","*","*","*","N/A","N/A"
"Bozrah School District","=""0130011""","Race/Ethnicity","White",112,68.2,112,59.1,35,68.2
"Bozrah School District","=""0130011""","Special Education Status (SWD)","Students with Disabilities",20,46.5,20,33.0,"*","*"
"Bozrah School District","=""0130011""","Special Education Status (SWD)","Students without Disabilities",109,71.0,109,63.1,"*","*"
"Branford School District","=""0140011""","All Students","District",1580,69.5,1574,61.5,711,58.8
"Branford School District","=""0140011""","English Language Learners (EL)","English Learners",72,59.8,72,57.7,23,48.5
"Branford School District","=""0140011""","English Language Learners (EL)","Not English Learners",1508,69.9,1502,61.7,688,59.1
"Branford School District","=""0140011""","High Needs (F/R, EL or SWD)","High Needs",577,60.6,573,52.8,270,51.9
"Branford School District","=""0140011""","High Needs (F/R, EL or SWD)","Not High Needs",1003,74.6,1001,66.5,441,62.9
"Branford School District","=""0140011""","Free/Reduced Price Meal Eligibility (2-level)","Eligible For Free Or Reduced Price Meals",396,62.4,392,54.5,186,52.1
"Branford School District","=""0140011""","Free/Reduced Price Meal Eligibility (2-level)","Not Eligible For Free Or Reduced Price Meals",1184,71.9,1182,63.9,525,61.1
"Branford School District","=""0140011""","Race/Ethnicity","American Indian or Alaska Native","*","*","*","*","*","*"
"Branford School District","=""0140011""","Race/Ethnicity","Asian",126,75.9,126,71.0,58,58.7
"Branford School District","=""0140011""","Race/Ethnicity","Black or African American",48,58.0,48,50.9,21,50.8
"Branford School District","=""0140011""","Race/Ethnicity","Hispanic or Latino",147,63.0,145,56.7,60,53.9
"Branford School District","=""0140011""","Race/Ethnicity","Two or More Races","*","*","*","*","*","*"
"Branford School District","=""0140011""","Race/Ethnicity","White",1228,70.2,1224,61.8,559,59.8
"Branford School District","=""0140011""","Special Education Status (SWD)","Students with Disabilities",254,53.4,254,44.5,135,49.0
"Branford School District","=""0140011""","Special Education Status (SWD)","Students without Disabilities",1326,72.6,1320,64.8,576,61.0
"Bridgeport School District","=""0150011""","All Students","District",9780,52.8,9751,42.0,4198,39.9
"Bridgeport School District","=""0150011""","English Language Learners (EL)","English Learners",1505,43.5,1505,35.4,664,31.4
"Bridgeport School District","=""0150011""","English Language Learners (EL)","Not English Learners",8275,54.5,8246,43.3,3534,41.5
"Bridgeport School District","=""0150011""","High Needs (F/R, EL or SWD)","High Needs",9780,52.8,9751,42.0,"*","*"
"Bridgeport School District","=""0150011""","High Needs (F/R, EL or SWD)","Not High Needs","N/A","N/A","N/A","N/A","*","*"
"Bridgeport School District","=""0150011""","Free/Reduced Price Meal Eligibility (2-level)","Eligible For Free Or Reduced Price Meals",9780,52.8,9751,42.0,4185,39.9
"Bridgeport School District","=""0150011""","Free/Reduced Price Meal Eligibility (2-level)","Not Eligible For Free Or Reduced Price Meals","N/A","N/A","N/A","N/A",13,"*"
"Bridgeport School District","=""0150011""","Race/Ethnicity","American Indian or Alaska Native",32,63.6,32,51.3,"*","*"
"Bridgeport School District","=""0150011""","Race/Ethnicity","Asian",277,62.7,276,54.0,110,48.3
"Bridgeport School District","=""0150011""","Race/Ethnicity","Black or African American",3627,51.6,3610,40.5,1597,38.3
"Bridgeport School District","=""0150011""","Race/Ethnicity","Hispanic or Latino",4852,52.0,4845,41.3,2010,39.1
"Bridgeport School District","=""0150011""","Race/Ethnicity","Native Hawaiian or Other Pacific Islander",7,"*",7,"*","*","*"
"Bridgeport School District","=""0150011""","Race/Ethnicity","Two or More Races",42,54.6,41,44.0,18,"*"
"Bridgeport School District","=""0150011""","Race/Ethnicity","White",943,58.7,940,47.7,451,46.5
"Bridgeport School District","=""0150011""","Special Education Status (SWD)","Students with Disabilities",1569,37.7,1568,28.9,689,30.2
"Bridgeport School District","=""0150011""","Special Education Status (SWD)","Students without Disabilities",8211,55.7,8183,44.6,3509,41.8
"Bristol School District","=""0170011""","All Students","District",4093,66.4,4092,57.0,1797,54.8
"Bristol School District","=""0170011""","English Language Learners (EL)","English Learners",205,54.1,204,46.6,81,39.4
"Bristol School District","=""0170011""","English Language Learners (EL)","Not English Learners",3888,67.0,3888,57.5,1716,55.6
"Bristol School District","=""0170011""","High Needs (F/R, EL or SWD)","High Needs",2194,58.9,2195,50.0,946,48.5
"Bristol School District","=""0170011""","High Needs (F/R, EL or SWD)","Not High Needs",1899,75.0,1897,65.0,851,61.8
"Bristol School District","=""0170011""","Free/Reduced Price Meal Eligibility (2-level)","Eligible For Free Or Reduced Price Meals",1832,60.4,1834,51.5,784,49.1
"Bristol School District","=""0170011""","Free/Reduced Price Meal Eligibility (2-level)","Not Eligible For Free Or Reduced Price Meals",2261,71.2,2258,61.4,1013,59.2
"Bristol School District","=""0170011""","Race/Ethnicity","American Indian or Alaska Native","*","*","*","*","*","*"
"Bristol School District","=""0170011""","Race/Ethnicity","Asian","*","*","*","*",59,61.7
"Bristol School District","=""0170011""","Race/Ethnicity","Black or African American",271,58.8,272,47.9,131,46.9
"Bristol School District","=""0170011""","Race/Ethnicity","Hispanic or Latino",895,59.4,896,49.3,379,47.4
"Bristol School District","=""0170011""","Race/Ethnicity","Two or More Races",130,65.6,130,55.8,"*","*"
"Bristol School District","=""0170011""","Race/Ethnicity","White",2680,69.2,2677,60.1,1173,57.8
"Bristol School District","=""0170011""","Special Education Status (SWD)","Students with Disabilities",824,47.6,827,39.4,376,40.4
"Bristol School District","=""0170011""","Special Education Status (SWD)","Students without Disabilities",3269,71.1,3265,61.4,1421,58.6
"Brookfield School District","=""0180011""","All Students","District",1422,74.1,1436,67.9,671,67.2
"Brookfield School District","=""0180011""","English Language Learners (EL)","English Learners",22,62.1,21,59.3,"*","*"
"Brookfield School District","=""0180011""","English Language Learners (EL)","Not English Learners",1400,74.3,1415,68.1,"*","*"
"Brookfield School District","=""0180011""","High Needs (F/R, EL or SWD)","High Needs",311,60.4,314,53.7,138,54.1
"Brookfield School District","=""0180011""","High Needs (F/R, EL or SWD)","Not High Needs",1111,78.0,1122,71.9,533,70.6
"Brookfield School District","=""0180011""","Free/Reduced Price Meal Eligibility (2-level)","Eligible For Free Or Reduced Price Meals",111,68.1,111,61.5,47,61.5
"Brookfield School District","=""0180011""","Free/Reduced Price Meal Eligibility (2-level)","Not Eligible For Free Or Reduced Price Meals",1311,74.6,1325,68.5,624,67.7
"Brookfield School District","=""0180011""","Race/Ethnicity","American Indian or Alaska Native","*","*","*","*","*","*"
"Brookfield School District","=""0180011""","Race/Ethnicity","Asian",109,83.9,110,82.1,51,73.6
"Brookfield School District","=""0180011""","Race/Ethnicity","Black or African American",23,70.5,23,61.4,"*","*"
"Brookfield School District","=""0180011""","Race/Ethnicity","Hispanic or Latino",97,68.3,96,59.7,48,60.1
"Brookfield School District","=""0180011""","Race/Ethnicity","Native Hawaiian or Other Pacific Islander","*","*","*","*","N/A","N/A"
"Brookfield School District","=""0180011""","Race/Ethnicity","White",1190,73.7,1203,67.5,561,67.3
"Brookfield School District","=""0180011""","Special Education Status (SWD)","Students with Disabilities",209,55.6,212,48.4,95,50.3
"Brookfield School District","=""0180011""","Special Education Status (SWD)","Students without Disabilities",1213,77.3,1224,71.3,576,70.0
"Brooklyn School District","=""0190011""","All Students","District",526,74.6,528,60.2,177,60.4
"Brooklyn School District","=""0190011""","English Language Learners (EL)","English Learners","*","*","*","*","*","*"
"Brooklyn School District","=""0190011""","English Language Learners (EL)","Not English Learners","*","*","*","*","*","*"
"Brooklyn School District","=""0190011""","High Needs (F/R, EL or SWD)","High Needs",177,64.2,179,49.8,65,52.1
"Brooklyn School District","=""0190011""","High Needs (F/R, EL or SWD)","Not High Needs",349,79.9,349,65.6,112,65.2
"Brooklyn School District","=""0190011""","Free/Reduced Price Meal Eligibility (2-level)","Eligible For Free Or Reduced Price Meals",144,66.3,146,51.1,53,52.7
"Brooklyn School District","=""0190011""","Free/Reduced Price Meal Eligibility (2-level)","Not Eligible For Free Or Reduced Price Meals",382,77.8,382,63.8,124,63.7
"Brooklyn School District","=""0190011""","Race/Ethnicity","American Indian or Alaska Native","*","*","*","*","N/A","N/A"
"Brooklyn School District","=""0190011""","Race/Ethnicity","Asian","*","*","*","*","*","*"
"Brooklyn School District","=""0190011""","Race/Ethnicity","Black or African American",9,"*",9,"*","*","*"
"Brooklyn School District","=""0190011""","Race/Ethnicity","Hispanic or Latino",25,64.0,26,44.3,8,"*"
"Brooklyn School District","=""0190011""","Race/Ethnicity","Two or More Races",17,"*",17,"*",10,"*"
"Brooklyn School District","=""0190011""","Race/Ethnicity","White",467,75.6,468,61.4,156,61.3
"Brooklyn School District","=""0190011""","Special Education Status (SWD)","Students with Disabilities",55,54.1,57,40.8,23,44.3
"Brooklyn School District","=""0190011""","Special Education Status (SWD)","Students without Disabilities",471,77.0,471,62.6,154,62.8
"Canaan School District","=""0210011""","All Students","District",51,73.5,52,65.0,22,57.8
"Canaan School District","=""0210011""","English Language Learners (EL)","English Learners",6,"*",6,"*","*","*"
"Canaan School District","=""0210011""","English Language Learners (EL)","Not English Learners",45,75.2,46,66.2,"*","*"
"Canaan School District","=""0210011""","High Needs (F/R, EL or SWD)","High Needs",19,"*",19,"*",7,"*"
"Canaan School District","=""0210011""","High Needs (F/R, EL or SWD)","Not High Needs",32,81.0,33,71.4,15,"*"
"Canaan School District","=""0210011""","Free/Reduced Price Meal Eligibility (2-level)","Eligible For Free Or Reduced Price Meals",6,"*",6,"*","*","*"
"Canaan School District","=""0210011""","Free/Reduced Price Meal Eligibility (2-level)","Not Eligible For Free Or Reduced Price Meals",45,74.7,46,65.7,"*","*"
"Canaan School District","=""0210011""","Race/Ethnicity","Hispanic or Latino","*","*","*","*","*","*"
"Canaan School District","=""0210011""","Race/Ethnicity","Two or More Races","*","*","*","*","*","*"
"Canaan School District","=""0210011""","Race/Ethnicity","White",43,75.7,44,66.1,19,"*"
"Canaan School District","=""0210011""","Special Education Status (SWD)","Students with Disabilities",9,"*",9,"*","*","*"
"Canaan School District","=""0210011""","Special Education Status (SWD)","Students without Disabilities",42,76.7,43,68.4,"*","*"
"Canterbury School District","=""0220011""","All Students","District",303,69.2,303,60.6,97,60.2
"Canterbury School District","=""0220011""","English Language Learners (EL)","English Learners","N/A","N/A","N/A","N/A","N/A","N/A"
"Canterbury School District","=""0220011""","English Language Learners (EL)","Not English Learners",303,69.2,303,60.6,97,60.2
"Canterbury School District","=""0220011""","High Needs (F/R, EL or SWD)","High Needs",101,63.2,101,55.7,34,55.2
"Canterbury School District","=""0220011""","High Needs (F/R, EL or SWD)","Not High Needs",202,72.3,202,63.1,63,62.9
"Canterbury School District","=""0220011""","Free/Reduced Price Meal Eligibility (2-level)","Eligible For Free Or Reduced Price Meals",79,65.9,79,58.0,27,58.4
"Canterbury School District","=""0220011""","Free/Reduced Price Meal Eligibility (2-level)","Not Eligible For Free Or Reduced Price Meals",224,70.4,224,61.6,70,60.9
"Canterbury School District","=""0220011""","Race/Ethnicity","American Indian or Alaska Native","*","*","*","*","*","*"
"Canterbury School District","=""0220011""","Race/Ethnicity","Black or African American","*","*","*","*","*","*"
"Canterbury School District","=""0220011""","Race/Ethnicity","Hispanic or Latino",10,"*",10,"*","*","*"
"Canterbury School District","=""0220011""","Race/Ethnicity","Two or More Races",15,"*",15,"*","*","*"
"Canterbury School District","=""0220011""","Race/Ethnicity","White",274,69.2,274,60.9,88,61.1
"Canterbury School District","=""0220011""","Special Education Status (SWD)","Students with Disabilities",35,53.4,35,48.4,14,"*"
"Canterbury School District","=""0220011""","Special Education Status (SWD)","Students without Disabilities",268,71.3,268,62.2,83,62.5
"Canton School District","=""0230011""","All Students","District",892,78.2,887,69.1,379,65.4
"Canton School District","=""0230011""","English Language Learners (EL)","English Learners",8,"*",8,"*","*","*"
"Canton School District","=""0230011""","English Language Learners (EL)","Not English Learners",884,78.3,879,69.2,"*","*"
"Canton School District","=""0230011""","High Needs (F/R, EL or SWD)","High Needs",180,61.7,178,52.3,74,53.5
"Canton School District","=""0230011""","High Needs (F/R, EL or SWD)","Not High Needs",712,82.4,709,73.3,305,68.3
"Canton School District","=""0230011""","Free/Reduced Price Meal Eligibility (2-level)","Eligible For Free Or Reduced Price Meals",80,67.7,80,56.9,32,55.2
"Canton School District","=""0230011""","Free/Reduced Price Meal Eligibility (2-level)","Not Eligible For Free Or Reduced Price Meals",812,79.2,807,70.3,347,66.3
"Canton School District","=""0230011""","Race/Ethnicity","American Indian or Alaska Native","*","*","*","*","N/A","N/A"
"Canton School District","=""0230011""","Race/Ethnicity","Asian",26,80.8,26,72.9,"*","*"
"Canton School District","=""0230011""","Race/Ethnicity","Black or African American",39,62.4,39,50.5,15,"*"
"Canton School District","=""0230011""","Race/Ethnicity","Hispanic or Latino",59,73.3,59,61.6,21,54.0
"Canton School District","=""0230011""","Race/Ethnicity","Two or More Races","*","*","*","*","*","*"
"Canton School District","=""0230011""","Race/Ethnicity","White",763,79.4,759,70.6,330,66.9
"Canton School District","=""0230011""","Special Education Status (SWD)","Students with Disabilities",112,55.3,110,46.1,50,49.5
"Canton School District","=""0230011""","Special Education Status (SWD)","Students without Disabilities",780,81.5,777,72.4,329,67.8
"Chaplin School District","=""0240011""","All Students","District",58,68.6,58,57.1,21,55.5
"Chaplin School District","=""0240011""","English Language Learners (EL)","English Learners","*","*","*","*","*","*"
"Chaplin School District","=""0240011""","English Language Learners (EL)","Not English Learners","*","*","*","*","*","*"
"Chaplin School District","=""0240011""","High Needs (F/R, EL or SWD)","High Needs",31,58.1,30,51.0,12,"*"
"Chaplin School District","=""0240011""","High Needs (F/R, EL or SWD)","Not High Needs",27,80.6,28,63.6,9,"*"
"Chaplin School District","=""0240011""","Free/Reduced Price Meal Eligibility (2-level)","Eligible For Free Or Reduced Price Meals",28,59.0,27,51.4,9,"*"
"Chaplin School District","=""0240011""","Free/Reduced Price Meal Eligibility (2-level)","Not Eligible For Free Or Reduced Price Meals",30,77.5,31,62.0,12,"*"
"Chaplin School District","=""0240011""","Race/Ethnicity","Hispanic or Latino","*","*","*","*","*","*"
"Chaplin School District","=""0240011""","Race/Ethnicity","Two or More Races","*","*","*","*","*","*"
"Chaplin School District","=""0240011""","Race/Ethnicity","White",50,70.1,51,59.2,18,"*"
"Chaplin School District","=""0240011""","Special Education Status (SWD)","Students with Disabilities",13,"*",12,"*",9,"*"
"Chaplin School District","=""0240011""","Special Education Status (SWD)","Students without Disabilities",45,75.5,46,61.8,12,"*"
"Cheshire School District","=""0250011""","All Students","District",2494,79.2,2491,69.2,1188,64.9
"Cheshire School District","=""0250011""","English Language Learners (EL)","English Learners",24,62.7,24,60.0,13,"*"
"Cheshire School District","=""0250011""","English Language Learners (EL)","Not English Learners",2470,79.4,2467,69.3,1175,65.2
"Cheshire School District","=""0250011""","High Needs (F/R, EL or SWD)","High Needs",454,62.2,452,53.8,226,52.7
"Cheshire School District","=""0250011""","High Needs (F/R, EL or SWD)","Not High Needs",2040,83.0,2039,72.6,962,67.8
"Cheshire School District","=""0250011""","Free/Reduced Price Meal Eligibility (2-level)","Eligible For Free Or Reduced Price Meals",188,67.2,187,58.5,94,56.4
"Cheshire School District","=""0250011""","Free/Reduced Price Meal Eligibility (2-level)","Not Eligible For Free Or Reduced Price Meals",2306,80.2,2304,70.0,1094,65.6
"Cheshire School District","=""0250011""","Race/Ethnicity","American Indian or Alaska Native",7,"*",7,"*","*","*"
"Cheshire School District","=""0250011""","Race/Ethnicity","Asian",243,86.2,243,79.5,123,70.8
"Cheshire School District","=""0250011""","Race/Ethnicity","Black or African American",73,72.2,73,59.9,28,57.2
"Cheshire School District","=""0250011""","Race/Ethnicity","Hispanic or Latino",100,75.4,100,60.6,48,59.8
"Cheshire School District","=""0250011""","Race/Ethnicity","Two or More Races",14,"*",14,"*","*","*"
"Cheshire School District","=""0250011""","Race/Ethnicity","White",2057,78.8,2054,68.7,980,64.7
"Cheshire School District","=""0250011""","Special Education Status (SWD)","Students with Disabilities",297,57.3,295,48.6,144,49.4
"Cheshire School District","=""0250011""","Special Education Status (SWD)","Students without Disabilities",2197,82.2,2196,71.9,1044,67.0
"Chester School District","=""0260011""","All Students","District",135,83.2,135,74.4,40,63.5
"Chester School District","=""0260011""","English Language Learners (EL)","Not English Learners",135,83.2,135,74.4,40,63.5
"Chester School District","=""0260011""","High Needs (F/R, EL or SWD)","High Needs",42,74.0,42,68.3,9,"*"
"Chester School District","=""0260011""","High Needs (F/R, EL or SWD)","Not High Needs",93,87.3,93,77.1,31,66.3
"Chester School District","=""0260011""","Free/Reduced Price Meal Eligibility (2-level)","Eligible For Free Or Reduced Price Meals",16,"*",16,"*","*","*"
"Chester School District","=""0260011""","Free/Reduced Price Meal Eligibility (2-level)","Not Eligible For Free Or Reduced Price Meals",119,84.6,119,75.6,"*","*"
"Chester School District","=""0260011""","Race/Ethnicity","Asian","*","*","*","*","*","*"
"Chester School District","=""0260011""","Race/Ethnicity","Hispanic or Latino","*","*","*","*","N/A","N/A"
"Chester School District","=""0260011""","Race/Ethnicity","Two or More Races","*","*","*","*","*","*"
"Chester School District","=""0260011""","Race/Ethnicity","White",124,82.7,124,74.3,38,63.5
"Chester School District","=""0260011""","Special Education Status (SWD)","Students with Disabilities",30,73.0,30,68.9,7,"*"
"Chester School District","=""0260011""","Special Education Status (SWD)","Students without Disabilities",105,86.1,105,75.9,33,65.2
"Clinton School District","=""0270011""","All Students","District",1013,74.1,1014,65.2,422,61.9
"Clinton School District","=""0270011""","English Language Learners (EL)","English Learners",36,51.4,36,47.0,10,"*"
"Clinton School District","=""0270011""","English Language Learners (EL)","Not English Learners",977,74.9,978,65.8,412,62.5
"Clinton School District","=""0270011""","High Needs (F/R, EL or SWD)","High Needs",320,62.5,320,53.8,136,53.4
"Clinton School District","=""0270011""","High Needs (F/R, EL or SWD)","Not High Needs",693,79.4,694,70.4,286,66.0
"Clinton School District","=""0270011""","Free/Reduced Price Meal Eligibility (2-level)","Eligible For Free Or Reduced Price Meals",221,64.7,221,57.0,95,55.7
"Clinton School District","=""0270011""","Free/Reduced Price Meal Eligibility (2-level)","Not Eligible For Free Or Reduced Price Meals",792,76.7,793,67.5,327,63.7
"Clinton School District","=""0270011""","Race/Ethnicity","American Indian or Alaska Native","*","*","*","*","*","*"
"Clinton School District","=""0270011""","Race/Ethnicity","Asian",26,78.6,26,72.8,10,"*"
"Clinton School District","=""0270011""","Race/Ethnicity","Black or African American",6,"*",7,"*","*","*"
"Clinton School District","=""0270011""","Race/Ethnicity","Hispanic or Latino",91,63.1,90,55.6,40,50.1
"Clinton School District","=""0270011""","Race/Ethnicity","Native Hawaiian or Other Pacific Islander","*","*","*","*","N/A","N/A"
"Clinton School District","=""0270011""","Race/Ethnicity","Two or More Races",14,"*",14,"*",8,"*"
"Clinton School District","=""0270011""","Race/Ethnicity","White",873,75.2,874,66.1,360,63.5
"Clinton School District","=""0270011""","Special Education Status (SWD)","Students with Disabilities",137,54.7,137,45.1,62,45.8
"Clinton School District","=""0270011""","Special Education Status (SWD)","Students without Disabilities",876,77.1,877,68.3,360,64.7
"Colchester School District","=""0280011""","All Students","District",1387,75.1,1382,66.5,654,63.8
"Colchester School District","=""0280011""","English Language Learners (EL)","English Learners",13,"*",13,"*","*","*"
"Colchester School District","=""0280011""","English Language Learners (EL)","Not English Learners",1374,75.3,1369,66.7,"*","*"
"Colchester School District","=""0280011""","High Needs (F/R, EL or SWD)","High Needs",391,62.6,390,55.2,198,53.4
"Colchester School District","=""0280011""","High Needs (F/R, EL or SWD)","Not High Needs",996,80.0,992,71.0,456,68.3
"Colchester School District","=""0280011""","Free/Reduced Price Meal Eligibility (2-level)","Eligible For Free Or Reduced Price Meals",225,66.3,224,58.8,118,56.0
"Colchester School District","=""0280011""","Free/Reduced Price Meal Eligibility (2-level)","Not Eligible For Free Or Reduced Price Meals",1162,76.9,1158,68.0,536,65.5
"Colchester School District","=""0280011""","Race/Ethnicity","American Indian or Alaska Native",12,"*",12,"*",10,"*"
"Colchester School District","=""0280011""","Race/Ethnicity","Asian",29,77.8,29,68.0,14,"*"
"Colchester School District","=""0280011""","Race/Ethnicity","Black or African American",29,67.0,28,55.8,13,"*"
"Colchester School District","=""0280011""","Race/Ethnicity","Hispanic or Latino",54,68.5,54,59.0,22,57.1
"Colchester School District","=""0280011""","Race/Ethnicity","Two or More Races",23,83.3,23,74.4,10,"*"
"Colchester School District","=""0280011""","Race/Ethnicity","White",1240,75.5,1236,67.0,585,64.2
"Colchester School District","=""0280011""","Special Education Status (SWD)","Students with Disabilities",218,56.1,218,49.0,108,49.1
"Colchester School District","=""0280011""","Special Education Status (SWD)","Students without Disabilities",1169,78.7,1164,69.8,546,66.7
"Colebrook School District","=""0290011""","All Students","District",49,81.1,49,71.6,14,"*"
"Colebrook School District","=""0290011""","English Language Learners (EL)","Not English Learners",49,81.1,49,71.6,14,"*"
"Colebrook School District","=""0290011""","High Needs (F/R, EL or SWD)","High Needs",18,"*",18,"*","*","*"
"Colebrook School District","=""0290011""","High Needs (F/R, EL or SWD)","Not High Needs",31,87.2,31,77.9,"*","*"
"Colebrook School District","=""0290011""","Free/Reduced Price Meal Eligibility (2-level)","Eligible For Free Or Reduced Price Meals",11,"*",11,"*","*","*"
"Colebrook School District","=""0290011""","Free/Reduced Price Meal Eligibility (2-level)","Not Eligible For Free Or Reduced Price Meals",38,82.5,38,73.4,"*","*"
"Colebrook School District","=""0290011""","Race/Ethnicity","Hispanic or Latino","*","*","*","*","N/A","N/A"
"Colebrook School District","=""0290011""","Race/Ethnicity","Two or More Races","*","*","*","*","*","*"
"Colebrook School District","=""0290011""","Race/Ethnicity","White",42,83.1,42,73.2,"*","*"
"Colebrook School District","=""0290011""","Special Education Status (SWD)","Students with Disabilities",10,"*",10,"*","*","*"
"Colebrook School District","=""0290011""","Special Education Status (SWD)","Students without Disabilities",39,86.6,39,76.8,"*","*"
"Columbia School District","=""0300011""","All Students","District",287,73.2,286,63.4,96,58.5
"Columbia School District","=""0300011""","English Language Learners (EL)","Not English Learners",287,73.2,286,63.4,96,58.5
"Columbia School District","=""0300011""","High Needs (F/R, EL or SWD)","High Needs",83,60.2,82,50.1,30,46.3
"Columbia School District","=""0300011""","High Needs (F/R, EL or SWD)","Not High Needs",204,78.5,204,68.7,66,64.0
"Columbia School District","=""0300011""","Free/Reduced Price Meal Eligibility (2-level)","Eligible For Free Or Reduced Price Meals",53,64.9,53,54.6,15,"*"
"Columbia School District","=""0300011""","Free/Reduced Price Meal Eligibility (2-level)","Not Eligible For Free Or Reduced Price Meals",234,75.1,233,65.4,81,59.5
"Columbia School District","=""0300011""","Race/Ethnicity","Asian","*","*","*","*","*","*"
"Columbia School District","=""0300011""","Race/Ethnicity","Black or African American",6,"*",6,"*","*","*"
"Columbia School District","=""0300011""","Race/Ethnicity","Hispanic or Latino",18,"*",18,"*","*","*"
"Columbia School District","=""0300011""","Race/Ethnicity","Two or More Races","*","*","*","*","N/A","N/A"
"Columbia School District","=""0300011""","Race/Ethnicity","White",257,73.8,256,64.5,86,58.2
"Columbia School District","=""0300011""","Special Education Status (SWD)","Students with Disabilities",43,50.6,42,41.7,20,42.1
"Columbia School District","=""0300011""","Special Education Status (SWD)","Students without Disabilities",244,77.2,244,67.1,76,62.8
"Cornwall School District","=""0310011""","All Students","District",60,73.7,60,66.7,18,"*"
"Cornwall School District","=""0310011""","English Language Learners (EL)","English Learners","N/A","N/A","N/A","N/A","N/A","N/A"
"Cornwall School District","=""0310011""","English Language Learners (EL)","Not English Learners",60,73.7,60,66.7,18,"*"
"Cornwall School District","=""0310011""","High Needs (F/R, EL or SWD)","High Needs",17,"*",17,"*",6,"*"
"Cornwall School District","=""0310011""","High Needs (F/R, EL or SWD)","Not High Needs",43,76.7,43,70.3,12,"*"
"Cornwall School District","=""0310011""","Free/Reduced Price Meal Eligibility (2-level)","Eligible For Free Or Reduced Price Meals",9,"*",9,"*","*","*"
"Cornwall School District","=""0310011""","Free/Reduced Price Meal Eligibility (2-level)","Not Eligible For Free Or Reduced Price Meals",51,75.7,51,69.2,"*","*"
"Cornwall School District","=""0310011""","Race/Ethnicity","Asian","*","*","*","*","N/A","N/A"
"Cornwall School District","=""0310011""","Race/Ethnicity","Black or African American","*","*","*","*","N/A","N/A"
"Cornwall School District","=""0310011""","Race/Ethnicity","Hispanic or Latino","*","*","*","*","*","*"
"Cornwall School District","=""0310011""","Race/Ethnicity","Two or More Races","*","*","*","*","*","*"
"Cornwall School District","=""0310011""","Race/Ethnicity","White",48,75.1,48,69.3,15,"*"
"Cornwall School District","=""0310011""","Special Education Status (SWD)","Students with Disabilities",13,"*",13,"*","*","*"
"Cornwall School District","=""0310011""","Special Education Status (SWD)","Students without Disabilities",47,76.8,47,70.3,"*","*"
"Coventry School District","=""0320011""","All Students","District",838,72.7,826,63.3,370,63.8
"Coventry School District","=""0320011""","English Language Learners (EL)","Not English Learners",838,72.7,826,63.3,370,63.8
"Coventry School District","=""0320011""","High Needs (F/R, EL or SWD)","High Needs",230,61.4,225,52.8,114,55.5
"Coventry School District","=""0320011""","High Needs (F/R, EL or SWD)","Not High Needs",608,76.9,601,67.2,256,67.4
"Coventry School District","=""0320011""","Free/Reduced Price Meal Eligibility (2-level)","Eligible For Free Or Reduced Price Meals",160,63.8,158,55.9,84,57.9
"Coventry School District","=""0320011""","Free/Reduced Price Meal Eligibility (2-level)","Not Eligible For Free Or Reduced Price Meals",678,74.8,668,65.0,286,65.5
"Coventry School District","=""0320011""","Race/Ethnicity","American Indian or Alaska Native","*","*","*","*","N/A","N/A"
"Coventry School District","=""0320011""","Race/Ethnicity","Asian",10,"*",10,"*","*","*"
"Coventry School District","=""0320011""","Race/Ethnicity","Black or African American","*","*","*","*","*","*"
"Coventry School District","=""0320011""","Race/Ethnicity","Hispanic or Latino",36,71.2,35,63.6,16,"*"
"Coventry School District","=""0320011""","Race/Ethnicity","Two or More Races",29,71.7,29,58.2,10,"*"
"Coventry School District","=""0320011""","Race/Ethnicity","White",753,72.8,742,63.4,333,63.8
"Coventry School District","=""0320011""","Special Education Status (SWD)","Students with Disabilities",110,52.6,106,44.2,50,47.4
"Coventry School District","=""0320011""","Special Education Status (SWD)","Students without Disabilities",728,75.7,720,66.1,320,66.3
"Cromwell School District","=""0330011""","All Students","District",1066,72.8,1064,62.3,468,58.7
"Cromwell School District","=""0330011""","English Language Learners (EL)","English Learners",27,59.7,27,53.4,9,"*"
"Cromwell School District","=""0330011""","English Language Learners (EL)","Not English Learners",1039,73.2,1037,62.6,459,58.9
"Cromwell School District","=""0330011""","High Needs (F/R, EL or SWD)","High Needs",309,60.0,308,48.8,153,50.6
"Cromwell School District","=""0330011""","High Needs (F/R, EL or SWD)","Not High Needs",757,78.1,756,67.8,315,62.7
"Cromwell School District","=""0330011""","Free/Reduced Price Meal Eligibility (2-level)","Eligible For Free Or Reduced Price Meals",208,63.3,208,50.9,107,52.9
"Cromwell School District","=""0330011""","Free/Reduced Price Meal Eligibility (2-level)","Not Eligible For Free Or Reduced Price Meals",858,75.2,856,65.1,361,60.4
"Cromwell School District","=""0330011""","Race/Ethnicity","American Indian or Alaska Native","*","*","*","*","*","*"
"Cromwell School District","=""0330011""","Race/Ethnicity","Asian",73,74.1,73,65.3,36,59.1
"Cromwell School District","=""0330011""","Race/Ethnicity","Black or African American",92,66.1,92,52.1,39,49.8
"Cromwell School District","=""0330011""","Race/Ethnicity","Hispanic or Latino",88,64.0,88,52.3,36,52.1
"Cromwell School District","=""0330011""","Race/Ethnicity","Two or More Races","*","*","*","*","*","*"
"Cromwell School District","=""0330011""","Race/Ethnicity","White",803,74.5,801,64.5,350,60.5
"Cromwell School District","=""0330011""","Special Education Status (SWD)","Students with Disabilities",136,51.1,135,41.4,67,43.5
"Cromwell School District","=""0330011""","Special Education Status (SWD)","Students without Disabilities",930,76.0,929,65.4,401,61.3
"Danbury School District","=""0340011""","All Students","District",4739,65.1,4696,56.0,2303,49.3
"Danbury School District","=""0340011""","English Language Learners (EL)","English Learners",1174,56.3,1169,48.1,441,37.0
"Danbury School District","=""0340011""","English Language Learners (EL)","Not English Learners",3565,68.1,3527,58.6,1862,52.2
"Danbury School District","=""0340011""","High Needs (F/R, EL or SWD)","High Needs",3025,59.6,2993,50.7,1402,43.5
"Danbury School District","=""0340011""","High Needs (F/R, EL or SWD)","Not High Needs",1714,74.9,1703,65.3,901,58.2
"Danbury School District","=""0340011""","Free/Reduced Price Meal Eligibility (2-level)","Eligible For Free Or Reduced Price Meals",2586,60.7,2558,51.5,1168,44.5
"Danbury School District","=""0340011""","Free/Reduced Price Meal Eligibility (2-level)","Not Eligible For Free Or Reduced Price Meals",2153,70.4,2138,61.3,1135,54.2
"Danbury School District","=""0340011""","Race/Ethnicity","American Indian or Alaska Native","*","*","*","*","*","*"
"Danbury School District","=""0340011""","Race/Ethnicity","Asian",337,74.3,338,66.6,154,56.0
"Danbury School District","=""0340011""","Race/Ethnicity","Black or African American",356,58.8,349,49.7,205,43.9
"Danbury School District","=""0340011""","Race/Ethnicity","Hispanic or Latino",2123,60.6,2104,51.5,1007,44.3
"Danbury School District","=""0340011""","Race/Ethnicity","Native Hawaiian or Other Pacific Islander","*","*","*","*","*","*"
"Danbury School District","=""0340011""","Race/Ethnicity","Two or More Races",126,69.2,125,61.1,54,59.7
"Danbury School District","=""0340011""","Race/Ethnicity","White",1788,69.7,1771,60.2,880,54.4
"Danbury School District","=""0340011""","Special Education Status (SWD)","Students with Disabilities",680,45.3,669,38.5,345,36.1
"Danbury School District","=""0340011""","Special Education Status (SWD)","Students without Disabilities",4059,68.4,4027,58.9,1958,51.6
"Darien School District","=""0350011""","All Students","District",2532,82.6,2510,77.0,1111,67.3
"Darien School District","=""0350011""","English Language Learners (EL)","English Learners",11,"*",11,"*",7,"*"
"Darien School District","=""0350011""","English Language Learners (EL)","Not English Learners",2521,82.7,2499,77.1,1104,67.4
"Darien School District","=""0350011""","High Needs (F/R, EL or SWD)","High Needs",444,68.4,443,62.7,197,53.9
"Darien School District","=""0350011""","High Needs (F/R, EL or SWD)","Not High Needs",2088,85.6,2067,80.0,914,70.2
"Darien School District","=""0350011""","Free/Reduced Price Meal Eligibility (2-level)","Eligible For Free Or Reduced Price Meals",48,69.1,48,60.7,29,53.4
"Darien School District","=""0350011""","Free/Reduced Price Meal Eligibility (2-level)","Not Eligible For Free Or Reduced Price Meals",2484,82.9,2462,77.3,1082,67.7
"Darien School District","=""0350011""","Race/Ethnicity","American Indian or Alaska Native","*","*","*","*","*","*"
"Darien School District","=""0350011""","Race/Ethnicity","Asian",108,93.6,108,93.8,49,77.1
"Darien School District","=""0350011""","Race/Ethnicity","Black or African American",16,"*",16,"*",11,"*"
"Darien School District","=""0350011""","Race/Ethnicity","Hispanic or Latino",98,75.9,97,70.1,44,61.6
"Darien School District","=""0350011""","Race/Ethnicity","Two or More Races","*","*","*","*","*","*"
"Darien School District","=""0350011""","Race/Ethnicity","White",2293,82.5,2272,76.7,1002,67.2
"Darien School District","=""0350011""","Special Education Status (SWD)","Students with Disabilities",406,67.8,405,62.2,177,53.3
"Darien School District","=""0350011""","Special Education Status (SWD)","Students without Disabilities",2126,85.4,2105,79.8,934,69.9
"Deep River School District","=""0360011""","All Students","District",196,75.5,196,66.8,57,63.0
"Deep River School District","=""0360011""","English Language Learners (EL)","English Learners","*","*","*","*","*","*"
"Deep River School District","=""0360011""","English Language Learners (EL)","Not English Learners","*","*","*","*","*","*"
"Deep River School District","=""0360011""","High Needs (F/R, EL or SWD)","High Needs",61,65.4,61,55.9,16,"*"
"Deep River School District","=""0360011""","High Needs (F/R, EL or SWD)","Not High Needs",135,80.0,135,71.7,41,64.2
"Deep River School District","=""0360011""","Free/Reduced Price Meal Eligibility (2-level)","Eligible For Free Or Reduced Price Meals",33,70.9,33,59.9,7,"*"
"Deep River School District","=""0360011""","Free/Reduced Price Meal Eligibility (2-level)","Not Eligible For Free Or Reduced Price Meals",163,76.4,163,68.2,50,62.4
"Deep River School District","=""0360011""","Race/Ethnicity","Black or African American","*","*","*","*","N/A","N/A"
"Deep River School District","=""0360011""","Race/Ethnicity","Hispanic or Latino",9,"*",9,"*","*","*"
"Deep River School District","=""0360011""","Race/Ethnicity","Two or More Races","*","*","*","*","*","*"
"Deep River School District","=""0360011""","Race/Ethnicity","White",179,76.4,179,67.6,55,63.1
"Deep River School District","=""0360011""","Special Education Status (SWD)","Students with Disabilities",35,57.0,35,50.6,9,"*"
"Deep River School District","=""0360011""","Special Education Status (SWD)","Students without Disabilities",161,79.5,161,70.3,48,65.0
"Derby School District","=""0370011""","All Students","District",740,62.2,735,52.3,323,48.7
"Derby School District","=""0370011""","English Language Learners (EL)","English Learners",55,52.0,55,44.4,22,40.2
"Derby School District","=""0370011""","English Language Learners (EL)","Not English Learners",685,63.0,680,52.9,301,49.3
"Derby School District","=""0370011""","High Needs (F/R, EL or SWD)","High Needs",493,57.3,489,48.0,216,45.5
"Derby School District","=""0370011""","High Needs (F/R, EL or SWD)","Not High Needs",247,71.9,246,60.7,107,55.1
"Derby School District","=""0370011""","Free/Reduced Price Meal Eligibility (2-level)","Eligible For Free Or Reduced Price Meals",448,58.2,445,48.6,201,46.0
"Derby School District","=""0370011""","Free/Reduced Price Meal Eligibility (2-level)","Not Eligible For Free Or Reduced Price Meals",292,68.3,290,58.0,122,53.0
"Derby School District","=""0370011""","Race/Ethnicity","Asian","*","*","*","*",8,"*"
"Derby School District","=""0370011""","Race/Ethnicity","Black or African American",103,54.2,102,43.7,56,42.2
"Derby School District","=""0370011""","Race/Ethnicity","Hispanic or Latino",195,57.9,194,48.8,79,46.4
"Derby School District","=""0370011""","Race/Ethnicity","Native Hawaiian or Other Pacific Islander","*","*","*","*","*","*"
"Derby School District","=""0370011""","Race/Ethnicity","Two or More Races",25,65.8,25,54.9,"*","*"
"Derby School District","=""0370011""","Race/Ethnicity","White",399,65.9,396,55.7,171,51.6
"Derby School District","=""0370011""","Special Education Status (SWD)","Students with Disabilities",120,42.7,119,35.6,43,32.4
"Derby School District","=""0370011""","Special Education Status (SWD)","Students without Disabilities",620,66.0,616,55.5,280,51.2
"Eastford School District","=""0390011""","All Students","District",83,75.8,83,67.9,28,62.9
"Eastford School District","=""0390011""","English Language Learners (EL)","Not English Learners",83,75.8,83,67.9,28,62.9
"Eastford School District","=""0390011""","High Needs (F/R, EL or SWD)","High Needs",24,70.6,24,56.6,"*","*"
"Eastford School District","=""0390011""","High Needs (F/R, EL or SWD)","Not High Needs",59,77.9,59,72.4,"*","*"
"Eastford School District","=""0390011""","Free/Reduced Price Meal Eligibility (2-level)","Eligible For Free Or Reduced Price Meals",8,"*",8,"*","N/A","N/A"
"Eastford School District","=""0390011""","Free/Reduced Price Meal Eligibility (2-level)","Not Eligible For Free Or Reduced Price Meals",75,75.2,75,67.5,28,62.9
"Eastford School District","=""0390011""","Race/Ethnicity","Asian","*","*","*","*","N/A","N/A"
"Eastford School District","=""0390011""","Race/Ethnicity","Hispanic or Latino","*","*","*","*","*","*"
"Eastford School District","=""0390011""","Race/Ethnicity","Two or More Races","*","*","*","*","N/A","N/A"
"Eastford School District","=""0390011""","Race/Ethnicity","White",78,76.4,78,69.0,"*","*"
"Eastford School District","=""0390011""","Special Education Status (SWD)","Students with Disabilities",17,"*",17,"*","*","*"
"Eastford School District","=""0390011""","Special Education Status (SWD)","Students without Disabilities",66,78.5,66,72.6,"*","*"
"East Granby School District","=""0400011""","All Students","District",464,76.0,462,69.1,198,63.5
"East Granby School District","=""0400011""","English Language Learners (EL)","English Learners","*","*","*","*","*","*"
"East Granby School District","=""0400011""","English Language Learners (EL)","Not English Learners","*","*","*","*","*","*"
"East Granby School District","=""0400011""","High Needs (F/R, EL or SWD)","High Needs",104,59.2,102,51.6,46,51.7
"East Granby School District","=""0400011""","High Needs (F/R, EL or SWD)","Not High Needs",360,80.9,360,74.0,152,67.1
"East Granby School District","=""0400011""","Free/Reduced Price Meal Eligibility (2-level)","Eligible For Free Or Reduced Price Meals",39,60.6,38,52.1,17,"*"
"East Granby School District","=""0400011""","Free/Reduced Price Meal Eligibility (2-level)","Not Eligible For Free Or Reduced Price Meals",425,77.4,424,70.6,181,64.9
"East Granby School District","=""0400011""","Race/Ethnicity","American Indian or Alaska Native","*","*","*","*","*","*"
"East Granby School District","=""0400011""","Race/Ethnicity","Asian",23,78.2,23,74.5,6,"*"
"East Granby School District","=""0400011""","Race/Ethnicity","Black or African American",36,57.1,36,44.2,14,"*"
"East Granby School District","=""0400011""","Race/Ethnicity","Hispanic or Latino",26,67.2,26,57.8,9,"*"
"East Granby School District","=""0400011""","Race/Ethnicity","Two or More Races","*","*","*","*","*","*"
"East Granby School District","=""0400011""","Race/Ethnicity","White",366,78.4,364,71.9,163,65.1
"East Granby School District","=""0400011""","Special Education Status (SWD)","Students with Disabilities",69,56.5,67,49.0,31,50.3
"East Granby School District","=""0400011""","Special Education Status (SWD)","Students without Disabilities",395,79.4,395,72.5,167,66.0
"East Haddam School District","=""0410011""","All Students","District",579,73.9,578,64.3,255,60.6
"East Haddam School District","=""0410011""","English Language Learners (EL)","English Learners","*","*","*","*","N/A","N/A"
"East Haddam School District","=""0410011""","English Language Learners (EL)","Not English Learners","*","*","*","*",255,60.6
"East Haddam School District","=""0410011""","High Needs (F/R, EL or SWD)","High Needs",164,63.7,164,53.7,68,54.5
"East Haddam School District","=""0410011""","High Needs (F/R, EL or SWD)","Not High Needs",415,77.9,414,68.4,187,62.8
"East Haddam School District","=""0410011""","Free/Reduced Price Meal Eligibility (2-level)","Eligible For Free Or Reduced Price Meals",83,69.6,83,59.1,32,60.6
"East Haddam School District","=""0410011""","Free/Reduced Price Meal Eligibility (2-level)","Not Eligible For Free Or Reduced Price Meals",496,74.6,495,65.1,223,60.6
"East Haddam School District","=""0410011""","Race/Ethnicity","Asian",7,"*",7,"*","*","*"
"East Haddam School District","=""0410011""","Race/Ethnicity","Black or African American","*","*","*","*","N/A","N/A"
"East Haddam School District","=""0410011""","Race/Ethnicity","Hispanic or Latino",8,"*",8,"*","*","*"
"East Haddam School District","=""0410011""","Race/Ethnicity","Two or More Races","*","*","*","*","*","*"
"East Haddam School District","=""0410011""","Race/Ethnicity","White",559,73.9,558,64.1,247,60.7
"East Haddam School District","=""0410011""","Special Education Status (SWD)","Students with Disabilities",96,56.2,96,46.8,41,48.9
"East Haddam School District","=""0410011""","Special Education Status (SWD)","Students without Disabilities",483,77.4,482,67.7,214,62.8
"East Hampton School District","=""0420011""","All Students","District",977,72.3,974,62.3,434,62.6
"East Hampton School District","=""0420011""","English Language Learners (EL)","English Learners","*","*","*","*","*","*"
"East Hampton School District","=""0420011""","English Language Learners (EL)","Not English Learners","*","*","*","*","*","*"
"East Hampton School District","=""0420011""","High Needs (F/R, EL or SWD)","High Needs",190,59.1,189,50.6,82,52.9
"East Hampton School District","=""0420011""","High Needs (F/R, EL or SWD)","Not High Needs",787,75.5,785,65.2,352,64.8
"East Hampton School District","=""0420011""","Free/Reduced Price Meal Eligibility (2-level)","Eligible For Free Or Reduced Price Meals",119,61.1,119,52.8,55,54.4
"East Hampton School District","=""0420011""","Free/Reduced Price Meal Eligibility (2-level)","Not Eligible For Free Or Reduced Price Meals",858,73.9,855,63.7,379,63.7
"East Hampton School District","=""0420011""","Race/Ethnicity","American Indian or Alaska Native","*","*","*","*","*","*"
"East Hampton School District","=""0420011""","Race/Ethnicity","Asian",16,"*",16,"*",14,"*"
"East Hampton School District","=""0420011""","Race/Ethnicity","Black or African American","*","*","*","*",6,"*"
"East Hampton School District","=""0420011""","Race/Ethnicity","Hispanic or Latino",45,66.7,45,55.5,25,60.0
"East Hampton School District","=""0420011""","Race/Ethnicity","Native Hawaiian or Other Pacific Islander","*","*","*","*","N/A","N/A"
"East Hampton School District","=""0420011""","Race/Ethnicity","Two or More Races",14,"*",14,"*","*","*"
"East Hampton School District","=""0420011""","Race/Ethnicity","White",895,72.6,892,62.7,384,62.9
"East Hampton School District","=""0420011""","Special Education Status (SWD)","Students with Disabilities",93,51.9,92,43.5,38,47.8
"East Hampton School District","=""0420011""","Special Education Status (SWD)","Students without Disabilities",884,74.5,882,64.3,396,64.0
"East Hartford School District","=""0430011""","All Students","District",3324,57.3,3311,47.7,1488,47.4
"East Hartford School District","=""0430011""","English Language Learners (EL)","English Learners",392,48.1,389,40.4,172,38.2
"East Hartford School District","=""0430011""","English Language Learners (EL)","Not English Learners",2932,58.5,2922,48.7,1316,48.6
"East Hartford School District","=""0430011""","High Needs (F/R, EL or SWD)","High Needs",2477,54.1,2466,44.5,1106,44.4
"East Hartford School District","=""0430011""","High Needs (F/R, EL or SWD)","Not High Needs",847,66.6,845,57.0,382,56.1
"East Hartford School District","=""0430011""","Free/Reduced Price Meal Eligibility (2-level)","Eligible For Free Or Reduced Price Meals",2293,54.7,2283,45.1,1016,44.6
"East Hartford School District","=""0430011""","Free/Reduced Price Meal Eligibility (2-level)","Not Eligible For Free Or Reduced Price Meals",1031,63.0,1028,53.7,472,53.4
"East Hartford School District","=""0430011""","Race/Ethnicity","American Indian or Alaska Native",11,"*",11,"*","*","*"
"East Hartford School District","=""0430011""","Race/Ethnicity","Asian",177,70.2,176,60.1,83,55.9
"East Hartford School District","=""0430011""","Race/Ethnicity","Black or African American",1169,54.9,1164,45.2,557,45.9
"East Hartford School District","=""0430011""","Race/Ethnicity","Hispanic or Latino",1392,55.0,1386,45.5,586,44.5
"East Hartford School District","=""0430011""","Race/Ethnicity","Two or More Races",11,"*",11,"*","*","*"
"East Hartford School District","=""0430011""","Race/Ethnicity","White",564,63.5,563,54.5,252,54.3
"East Hartford School District","=""0430011""","Special Education Status (SWD)","Students with Disabilities",643,38.6,638,31.1,274,35.2
"East Hartford School District","=""0430011""","Special Education Status (SWD)","Students without Disabilities",2681,61.8,2673,51.7,1214,50.1
"East Haven School District","=""0440011""","All Students","District",1516,63.0,1512,52.5,667,52.2
"East Haven School District","=""0440011""","English Language Learners (EL)","English Learners",147,53.7,147,47.9,50,41.5
"East Haven School District","=""0440011""","English Language Learners (EL)","Not English Learners",1369,64.0,1365,53.0,617,53.1
"East Haven School District","=""0440011""","High Needs (F/R, EL or SWD)","High Needs",866,57.3,863,47.7,385,47.6
"East Haven School District","=""0440011""","High Needs (F/R, EL or SWD)","Not High Needs",650,70.7,649,58.9,282,58.5
"East Haven School District","=""0440011""","Free/Reduced Price Meal Eligibility (2-level)","Eligible For Free Or Reduced Price Meals",735,58.4,730,48.6,334,48.4
"East Haven School District","=""0440011""","Free/Reduced Price Meal Eligibility (2-level)","Not Eligible For Free Or Reduced Price Meals",781,67.3,782,56.1,333,56.1
"East Haven School District","=""0440011""","Race/Ethnicity","American Indian or Alaska Native","*","*","*","*","*","*"
"East Haven School District","=""0440011""","Race/Ethnicity","Asian",73,68.4,73,61.0,30,55.3
"East Haven School District","=""0440011""","Race/Ethnicity","Black or African American",60,56.3,59,43.9,27,45.8
"East Haven School District","=""0440011""","Race/Ethnicity","Hispanic or Latino",320,59.3,320,50.1,126,50.2
"East Haven School District","=""0440011""","Race/Ethnicity","Two or More Races","*","*","*","*","*","*"
"East Haven School District","=""0440011""","Race/Ethnicity","White",1039,64.1,1036,53.1,476,53.0
"East Haven School District","=""0440011""","Special Education Status (SWD)","Students with Disabilities",233,44.4,232,37.2,123,37.0
"East Haven School District","=""0440011""","Special Education Status (SWD)","Students without Disabilities",1283,66.4,1280,55.2,544,55.7
"East Lyme School District","=""0450011""","All Students","District",1429,78.4,1427,71.0,658,65.6
"East Lyme School District","=""0450011""","English Language Learners (EL)","English Learners",34,69.0,34,67.0,11,"*"
"East Lyme School District","=""0450011""","English Language Learners (EL)","Not English Learners",1395,78.7,1393,71.1,647,65.9
"East Lyme School District","=""0450011""","High Needs (F/R, EL or SWD)","High Needs",381,64.3,380,57.3,178,55.1
"East Lyme School District","=""0450011""","High Needs (F/R, EL or SWD)","Not High Needs",1048,83.6,1047,75.9,480,69.5
"East Lyme School District","=""0450011""","Free/Reduced Price Meal Eligibility (2-level)","Eligible For Free Or Reduced Price Meals",206,69.7,206,61.9,104,57.3
"East Lyme School District","=""0450011""","Free/Reduced Price Meal Eligibility (2-level)","Not Eligible For Free Or Reduced Price Meals",1223,79.9,1221,72.5,554,67.1
"East Lyme School District","=""0450011""","Race/Ethnicity","American Indian or Alaska Native","*","*","*","*","*","*"
"East Lyme School District","=""0450011""","Race/Ethnicity","Asian",145,86.4,145,85.5,61,69.7
"East Lyme School District","=""0450011""","Race/Ethnicity","Black or African American",35,73.0,35,65.5,12,"*"
"East Lyme School District","=""0450011""","Race/Ethnicity","Hispanic or Latino",82,72.3,82,61.4,15,"*"
"East Lyme School District","=""0450011""","Race/Ethnicity","Native Hawaiian or Other Pacific Islander","*","*","*","*","*","*"
"East Lyme School District","=""0450011""","Race/Ethnicity","Two or More Races",26,83.8,26,74.3,42,61.5
"East Lyme School District","=""0450011""","Race/Ethnicity","White",1138,77.9,1136,69.9,525,65.7
"East Lyme School District","=""0450011""","Special Education Status (SWD)","Students with Disabilities",204,56.4,203,49.5,92,50.8
"East Lyme School District","=""0450011""","Special Education Status (SWD)","Students without Disabilities",1225,82.1,1224,74.5,566,68.0
"Easton School District","=""0460011""","All Students","District",628,78.0,628,71.5,213,64.5
"Easton School District","=""0460011""","English Language Learners (EL)","English Learners",6,"*",6,"*","*","*"
"Easton School District","=""0460011""","English Language Learners (EL)","Not English Learners",622,78.2,622,71.7,"*","*"
"Easton School District","=""0460011""","High Needs (F/R, EL or SWD)","High Needs",94,60.2,94,51.7,32,49.2
"Easton School District","=""0460011""","High Needs (F/R, EL or SWD)","Not High Needs",534,81.1,534,75.0,181,67.2
"Easton School District","=""0460011""","Free/Reduced Price Meal Eligibility (2-level)","Eligible For Free Or Reduced Price Meals",25,64.6,25,59.9,8,"*"
"Easton School District","=""0460011""","Free/Reduced Price Meal Eligibility (2-level)","Not Eligible For Free Or Reduced Price Meals",603,78.5,603,72.0,205,65.1
"Easton School District","=""0460011""","Race/Ethnicity","American Indian or Alaska Native","*","*","*","*","N/A","N/A"
"Easton School District","=""0460011""","Race/Ethnicity","Asian",30,84.8,30,83.4,13,"*"
"Easton School District","=""0460011""","Race/Ethnicity","Black or African American","*","*","*","*","*","*"
"Easton School District","=""0460011""","Race/Ethnicity","Hispanic or Latino",36,73.6,36,67.0,11,"*"
"Easton School District","=""0460011""","Race/Ethnicity","Two or More Races",16,"*",16,"*","*","*"
"Easton School District","=""0460011""","Race/Ethnicity","White",541,77.7,541,70.9,179,64.1
"Easton School District","=""0460011""","Special Education Status (SWD)","Students with Disabilities",70,57.5,70,47.6,26,49.2
"Easton School District","=""0460011""","Special Education Status (SWD)","Students without Disabilities",558,80.5,558,74.5,187,66.6
"East Windsor School District","=""0470011""","All Students","District",528,65.8,529,57.0,238,58.4
"East Windsor School District","=""0470011""","English Language Learners (EL)","English Learners",25,65.8,25,58.4,8,"*"
"East Windsor School District","=""0470011""","English Language Learners (EL)","Not English Learners",503,65.8,504,56.9,230,58.7
"East Windsor School District","=""0470011""","High Needs (F/R, EL or SWD)","High Needs",265,59.3,266,50.0,133,53.3
"East Windsor School District","=""0470011""","High Needs (F/R, EL or SWD)","Not High Needs",263,72.4,263,64.1,105,64.9
"East Windsor School District","=""0470011""","Free/Reduced Price Meal Eligibility (2-level)","Eligible For Free Or Reduced Price Meals",206,60.8,206,51.0,103,53.3
"East Windsor School District","=""0470011""","Free/Reduced Price Meal Eligibility (2-level)","Not Eligible For Free Or Reduced Price Meals",322,69.0,323,60.8,135,62.3
"East Windsor School District","=""0470011""","Race/Ethnicity","American Indian or Alaska Native","*","*","*","*","*","*"
"East Windsor School District","=""0470011""","Race/Ethnicity","Asian","*","*","*","*","*","*"
"East Windsor School District","=""0470011""","Race/Ethnicity","Black or African American",59,54.3,59,43.9,26,48.3
"East Windsor School District","=""0470011""","Race/Ethnicity","Hispanic or Latino",84,63.7,84,53.4,37,53.8
"East Windsor School District","=""0470011""","Race/Ethnicity","Two or More Races",24,71.3,24,59.2,16,"*"
"East Windsor School District","=""0470011""","Race/Ethnicity","White",340,67.3,341,59.3,151,60.4
"East Windsor School District","=""0470011""","Special Education Status (SWD)","Students with Disabilities",103,47.8,104,40.5,52,46.7
"East Windsor School District","=""0470011""","Special Education Status (SWD)","Students without Disabilities",425,70.2,425,61.0,186,61.7
"Ellington School District","=""0480011""","All Students","District",1426,75.4,1427,68.0,655,64.5
"Ellington School District","=""0480011""","English Language Learners (EL)","English Learners",29,72.6,29,67.1,9,"*"
"Ellington School District","=""0480011""","English Language Learners (EL)","Not English Learners",1397,75.5,1398,68.0,646,64.6
"Ellington School District","=""0480011""","High Needs (F/R, EL or SWD)","High Needs",294,63.0,294,54.4,131,51.5
"Ellington School District","=""0480011""","High Needs (F/R, EL or SWD)","Not High Needs",1132,78.7,1133,71.5,524,67.7
"Ellington School District","=""0480011""","Free/Reduced Price Meal Eligibility (2-level)","Eligible For Free Or Reduced Price Meals",137,65.3,137,55.6,61,55.5
"Ellington School District","=""0480011""","Free/Reduced Price Meal Eligibility (2-level)","Not Eligible For Free Or Reduced Price Meals",1289,76.5,1290,69.3,594,65.4
"Ellington School District","=""0480011""","Race/Ethnicity","American Indian or Alaska Native","*","*","*","*","*","*"
"Ellington School District","=""0480011""","Race/Ethnicity","Asian",93,87.2,93,80.4,34,68.8
"Ellington School District","=""0480011""","Race/Ethnicity","Black or African American",53,62.3,53,54.6,27,51.1
"Ellington School District","=""0480011""","Race/Ethnicity","Hispanic or Latino",52,64.2,51,57.9,31,52.7
"Ellington School District","=""0480011""","Race/Ethnicity","Two or More Races","*","*","*","*","*","*"
"Ellington School District","=""0480011""","Race/Ethnicity","White",1190,75.6,1192,68.2,549,65.6
"Ellington School District","=""0480011""","Special Education Status (SWD)","Students with Disabilities",177,57.9,177,48.3,84,44.6
"Ellington School District","=""0480011""","Special Education Status (SWD)","Students without Disabilities",1249,77.9,1250,70.8,571,67.4
"Enfield School District","=""0490011""","All Students","District",2538,68.4,2526,59.5,1069,58.2
"Enfield School District","=""0490011""","English Language Learners (EL)","English Learners",73,56.8,73,52.1,16,"*"
"Enfield School District","=""0490011""","English Language Learners (EL)","Not English Learners",2465,68.7,2453,59.7,1053,58.4
"Enfield School District","=""0490011""","High Needs (F/R, EL or SWD)","High Needs",1145,61.8,1134,53.9,469,52.7
"Enfield School District","=""0490011""","High Needs (F/R, EL or SWD)","Not High Needs",1393,73.8,1392,64.1,600,62.5
"Enfield School District","=""0490011""","Free/Reduced Price Meal Eligibility (2-level)","Eligible For Free Or Reduced Price Meals",920,63.1,910,55.0,364,54.0
"Enfield School District","=""0490011""","Free/Reduced Price Meal Eligibility (2-level)","Not Eligible For Free Or Reduced Price Meals",1618,71.4,1616,62.0,705,60.3
"Enfield School District","=""0490011""","Race/Ethnicity","American Indian or Alaska Native",14,"*",14,"*","*","*"
"Enfield School District","=""0490011""","Race/Ethnicity","Asian",58,70.2,58,62.8,17,"*"
"Enfield School District","=""0490011""","Race/Ethnicity","Black or African American",135,58.9,134,48.3,66,49.8
"Enfield School District","=""0490011""","Race/Ethnicity","Hispanic or Latino",285,63.0,283,53.8,111,54.2
"Enfield School District","=""0490011""","Race/Ethnicity","Native Hawaiian or Other Pacific Islander",6,"*",6,"*","*","*"
"Enfield School District","=""0490011""","Race/Ethnicity","Two or More Races",141,68.3,141,58.1,53,56.0
"Enfield School District","=""0490011""","Race/Ethnicity","White",1899,69.8,1890,61.2,816,59.5
"Enfield School District","=""0490011""","Special Education Status (SWD)","Students with Disabilities",433,52.7,428,46.4,193,46.2
"Enfield School District","=""0490011""","Special Education Status (SWD)","Students without Disabilities",2105,71.6,2098,62.2,876,60.8
"Essex School District","=""0500011""","All Students","District",255,80.8,253,69.9,84,68.4
"Essex School District","=""0500011""","English Language Learners (EL)","English Learners","*","*","*","*","*","*"
"Essex School District","=""0500011""","English Language Learners (EL)","Not English Learners","*","*","*","*","*","*"
"Essex School District","=""0500011""","High Needs (F/R, EL or SWD)","High Needs",54,64.1,52,56.1,14,"*"
"Essex School District","=""0500011""","High Needs (F/R, EL or SWD)","Not High Needs",201,85.3,201,73.4,70,70.4
"Essex School District","=""0500011""","Free/Reduced Price Meal Eligibility (2-level)","Eligible For Free Or Reduced Price Meals",18,"*",18,"*","*","*"
"Essex School District","=""0500011""","Free/Reduced Price Meal Eligibility (2-level)","Not Eligible For Free Or Reduced Price Meals",237,81.5,235,70.3,"*","*"
"Essex School District","=""0500011""","Race/Ethnicity","Asian",9,"*",9,"*","*","*"
"Essex School District","=""0500011""","Race/Ethnicity","Hispanic or Latino",7,"*",7,"*","*","*"
"Essex School District","=""0500011""","Race/Ethnicity","Two or More Races",9,"*",9,"*","*","*"
"Essex School District","=""0500011""","Race/Ethnicity","White",230,81.5,228,70.3,77,69.0
"Essex School District","=""0500011""","Special Education Status (SWD)","Students with Disabilities",43,59.7,41,52.7,12,"*"
"Essex School District","=""0500011""","Special Education Status (SWD)","Students without Disabilities",212,85.1,212,73.2,72,70.6
"Fairfield School District","=""0510011""","All Students","District",5453,76.9,5383,69.3,2321,64.9
"Fairfield School District","=""0510011""","English Language Learners (EL)","English Learners",150,57.0,148,50.6,47,44.5
"Fairfield School District","=""0510011""","English Language Learners (EL)","Not English Learners",5303,77.4,5235,69.8,2274,65.3
"Fairfield School District","=""0510011""","High Needs (F/R, EL or SWD)","High Needs",1161,61.3,1139,53.4,512,52.3
"Fairfield School District","=""0510011""","High Needs (F/R, EL or SWD)","Not High Needs",4292,81.1,4244,73.5,1809,68.4
"Fairfield School District","=""0510011""","Free/Reduced Price Meal Eligibility (2-level)","Eligible For Free Or Reduced Price Meals",529,63.9,518,55.1,248,54.0
"Fairfield School District","=""0510011""","Free/Reduced Price Meal Eligibility (2-level)","Not Eligible For Free Or Reduced Price Meals",4924,78.3,4865,70.8,2073,66.2
"Fairfield School District","=""0510011""","Race/Ethnicity","American Indian or Alaska Native","*","*","*","*","*","*"
"Fairfield School District","=""0510011""","Race/Ethnicity","Asian",291,81.4,291,77.9,121,68.4
"Fairfield School District","=""0510011""","Race/Ethnicity","Black or African American",131,63.7,127,54.3,56,50.9
"Fairfield School District","=""0510011""","Race/Ethnicity","Hispanic or Latino",486,68.4,479,59.9,225,57.7
"Fairfield School District","=""0510011""","Race/Ethnicity","Native Hawaiian or Other Pacific Islander","*","*","*","*","*","*"
"Fairfield School District","=""0510011""","Race/Ethnicity","Two or More Races",166,79.1,160,72.2,61,66.4
"Fairfield School District","=""0510011""","Race/Ethnicity","White",4369,77.8,4316,70.1,1855,65.9
"Fairfield School District","=""0510011""","Special Education Status (SWD)","Students with Disabilities",694,57.1,680,49.5,310,48.7
"Fairfield School District","=""0510011""","Special Education Status (SWD)","Students without Disabilities",4759,79.8,4703,72.1,2011,67.4
"Farmington School District","=""0520011""","All Students","District",2114,79.3,2088,72.3,949,69.8
"Farmington School District","=""0520011""","English Language Learners (EL)","English Learners",56,70.5,56,68.4,19,"*"
"Farmington School District","=""0520011""","English Language Learners (EL)","Not English Learners",2058,79.5,2032,72.4,930,70.1
"Farmington School District","=""0520011""","High Needs (F/R, EL or SWD)","High Needs",467,63.8,457,56.9,212,54.8
"Farmington School District","=""0520011""","High Needs (F/R, EL or SWD)","Not High Needs",1647,83.6,1631,76.6,737,74.1
"Farmington School District","=""0520011""","Free/Reduced Price Meal Eligibility (2-level)","Eligible For Free Or Reduced Price Meals",193,67.8,189,57.8,96,56.1
"Farmington School District","=""0520011""","Free/Reduced Price Meal Eligibility (2-level)","Not Eligible For Free Or Reduced Price Meals",1921,80.4,1899,73.7,853,71.3
"Farmington School District","=""0520011""","Race/Ethnicity","American Indian or Alaska Native","*","*","*","*","*","*"
"Farmington School District","=""0520011""","Race/Ethnicity","Asian",388,86.8,384,84.9,150,77.5
"Farmington School District","=""0520011""","Race/Ethnicity","Black or African American",102,63.7,96,52.8,53,55.5
"Farmington School District","=""0520011""","Race/Ethnicity","Hispanic or Latino",120,72.2,117,60.8,55,56.9
"Farmington School District","=""0520011""","Race/Ethnicity","Two or More Races","*","*","*","*","*","*"
"Farmington School District","=""0520011""","Race/Ethnicity","White",1487,78.9,1474,71.2,683,70.4
"Farmington School District","=""0520011""","Special Education Status (SWD)","Students with Disabilities",297,58.2,290,51.8,134,51.3
"Farmington School District","=""0520011""","Special Education Status (SWD)","Students without Disabilities",1817,82.7,1798,75.6,815,72.8
"Franklin School District","=""0530011""","All Students","District",104,73.2,104,63.4,36,57.9
"Franklin School District","=""0530011""","English Language Learners (EL)","Not English Learners",104,73.2,104,63.4,36,57.9
"Franklin School District","=""0530011""","High Needs (F/R, EL or SWD)","High Needs",29,55.7,29,49.9,11,"*"
"Franklin School District","=""0530011""","High Needs (F/R, EL or SWD)","Not High Needs",75,80.0,75,68.6,25,63.3
"Franklin School District","=""0530011""","Free/Reduced Price Meal Eligibility (2-level)","Eligible For Free Or Reduced Price Meals",18,"*",18,"*",7,"*"
"Franklin School District","=""0530011""","Free/Reduced Price Meal Eligibility (2-level)","Not Eligible For Free Or Reduced Price Meals",86,77.2,86,66.5,29,61.4
"Franklin School District","=""0530011""","Race/Ethnicity","Asian","*","*","*","*","*","*"
"Franklin School District","=""0530011""","Race/Ethnicity","Black or African American","N/A","N/A","N/A","N/A","N/A","N/A"
"Franklin School District","=""0530011""","Race/Ethnicity","Hispanic or Latino",8,"*",8,"*","*","*"
"Franklin School District","=""0530011""","Race/Ethnicity","Native Hawaiian or Other Pacific Islander","*","*","*","*","N/A","N/A"
"Franklin School District","=""0530011""","Race/Ethnicity","Two or More Races","*","*","*","*","*","*"
"Franklin School District","=""0530011""","Race/Ethnicity","White",91,74.6,91,64.9,32,57.9
"Franklin School District","=""0530011""","Special Education Status (SWD)","Students with Disabilities",17,"*",17,"*",6,"*"
"Franklin School District","=""0530011""","Special Education Status (SWD)","Students without Disabilities",87,77.1,87,66.3,30,61.0
"Glastonbury School District","=""0540011""","All Students","District",3391,79.4,3387,73.3,1470,68.4
"Glastonbury School District","=""0540011""","English Language Learners (EL)","English Learners",56,61.3,56,61.4,23,41.0
"Glastonbury School District","=""0540011""","English Language Learners (EL)","Not English Learners",3335,79.7,3331,73.5,1447,68.8
"Glastonbury School District","=""0540011""","High Needs (F/R, EL or SWD)","High Needs",639,62.3,636,55.1,253,53.5
"Glastonbury School District","=""0540011""","High Needs (F/R, EL or SWD)","Not High Needs",2752,83.3,2751,77.5,1217,71.5
"Glastonbury School District","=""0540011""","Free/Reduced Price Meal Eligibility (2-level)","Eligible For Free Or Reduced Price Meals",293,65.1,292,56.7,127,55.2
"Glastonbury School District","=""0540011""","Free/Reduced Price Meal Eligibility (2-level)","Not Eligible For Free Or Reduced Price Meals",3098,80.7,3095,74.9,1343,69.6
"Glastonbury School District","=""0540011""","Race/Ethnicity","American Indian or Alaska Native","*","*","*","*","*","*"
"Glastonbury School District","=""0540011""","Race/Ethnicity","Asian",317,85.2,317,83.1,140,70.5
"Glastonbury School District","=""0540011""","Race/Ethnicity","Black or African American",102,66.2,102,55.9,45,54.7
"Glastonbury School District","=""0540011""","Race/Ethnicity","Hispanic or Latino",234,70.6,232,62.2,111,59.2
"Glastonbury School District","=""0540011""","Race/Ethnicity","Native Hawaiian or Other Pacific Islander","*","*","*","*","*","*"
"Glastonbury School District","=""0540011""","Race/Ethnicity","Two or More Races",130,81.7,130,74.8,49,68.9
"Glastonbury School District","=""0540011""","Race/Ethnicity","White",2600,79.9,2598,73.7,1118,69.6
"Glastonbury School District","=""0540011""","Special Education Status (SWD)","Students with Disabilities",400,57.1,397,49.4,149,49.6
"Glastonbury School District","=""0540011""","Special Education Status (SWD)","Students without Disabilities",2991,82.4,2990,76.5,1321,70.5
"Granby School District","=""0560011""","All Students","District",1008,77.0,1004,70.4,476,70.7
"Granby School District","=""0560011""","English Language Learners (EL)","English Learners",7,"*",7,"*","*","*"
"Granby School District","=""0560011""","English Language Learners (EL)","Not English Learners",1001,77.2,997,70.5,"*","*"
"Granby School District","=""0560011""","High Needs (F/R, EL or SWD)","High Needs",220,64.1,218,58.1,109,59.4
"Granby School District","=""0560011""","High Needs (F/R, EL or SWD)","Not High Needs",788,80.7,786,73.9,367,74.1
"Granby School District","=""0560011""","Free/Reduced Price Meal Eligibility (2-level)","Eligible For Free Or Reduced Price Meals",107,68.3,108,61.5,54,61.9
"Granby School District","=""0560011""","Free/Reduced Price Meal Eligibility (2-level)","Not Eligible For Free Or Reduced Price Meals",901,78.1,896,71.5,422,71.9
"Granby School District","=""0560011""","Race/Ethnicity","American Indian or Alaska Native","*","*","*","*","*","*"
"Granby School District","=""0560011""","Race/Ethnicity","Asian","*","*","*","*","*","*"
"Granby School District","=""0560011""","Race/Ethnicity","Black or African American",45,61.1,46,51.0,18,"*"
"Granby School District","=""0560011""","Race/Ethnicity","Hispanic or Latino",39,74.5,39,64.9,17,"*"
"Granby School District","=""0560011""","Race/Ethnicity","Two or More Races",33,76.8,33,69.6,8,"*"
"Granby School District","=""0560011""","Race/Ethnicity","White",879,78.0,873,71.7,426,71.5
"Granby School District","=""0560011""","Special Education Status (SWD)","Students with Disabilities",135,59.3,132,53.5,68,56.2
"Granby School District","=""0560011""","Special Education Status (SWD)","Students without Disabilities",873,79.8,872,73.0,408,73.2
"Greenwich School District","=""0570011""","All Students","District",4504,80.1,4504,72.6,1955,65.1
"Greenwich School District","=""0570011""","English Language Learners (EL)","English Learners",296,66.8,297,62.3,110,52.4
"Greenwich School District","=""0570011""","English Language Learners (EL)","Not English Learners",4208,81.1,4207,73.3,1845,65.8
"Greenwich School District","=""0570011""","High Needs (F/R, EL or SWD)","High Needs",1201,64.4,1202,56.2,537,51.7
"Greenwich School District","=""0570011""","High Needs (F/R, EL or SWD)","Not High Needs",3303,85.9,3302,78.5,1418,70.2
"Greenwich School District","=""0570011""","Free/Reduced Price Meal Eligibility (2-level)","Eligible For Free Or Reduced Price Meals",659,65.5,660,54.4,282,51.8
"Greenwich School District","=""0570011""","Free/Reduced Price Meal Eligibility (2-level)","Not Eligible For Free Or Reduced Price Meals",3845,82.7,3844,75.7,1673,67.3
"Greenwich School District","=""0570011""","Race/Ethnicity","American Indian or Alaska Native","*","*","*","*","*","*"
"Greenwich School District","=""0570011""","Race/Ethnicity","Asian",358,85.3,358,85.5,158,67.1
"Greenwich School District","=""0570011""","Race/Ethnicity","Black or African American",134,65.4,134,52.3,50,50.2
"Greenwich School District","=""0570011""","Race/Ethnicity","Hispanic or Latino",859,71.6,860,61.5,366,57.3
"Greenwich School District","=""0570011""","Race/Ethnicity","Native Hawaiian or Other Pacific Islander","*","*","*","*","*","*"
"Greenwich School District","=""0570011""","Race/Ethnicity","Two or More Races",148,86.9,148,82.0,60,71.8
"Greenwich School District","=""0570011""","Race/Ethnicity","White",2998,82.3,2997,74.7,1315,67.3
"Greenwich School District","=""0570011""","Special Education Status (SWD)","Students with Disabilities",540,55.6,541,47.3,254,47.5
"Greenwich School District","=""0570011""","Special Education Status (SWD)","Students without Disabilities",3964,83.5,3963,76.0,1701,67.7
"Griswold School District","=""0580011""","All Students","District",914,69.8,912,60.0,409,56.8
"Griswold School District","=""0580011""","English Language Learners (EL)","English Learners",7,"*",7,"*","*","*"
"Griswold School District","=""0580011""","English Language Learners (EL)","Not English Learners",907,69.8,905,60.0,"*","*"
"Griswold School District","=""0580011""","High Needs (F/R, EL or SWD)","High Needs",402,60.7,399,52.0,182,50.5
"Griswold School District","=""0580011""","High Needs (F/R, EL or SWD)","Not High Needs",512,76.9,513,66.2,227,61.9
"Griswold School District","=""0580011""","Free/Reduced Price Meal Eligibility (2-level)","Eligible For Free Or Reduced Price Meals",338,62.6,335,53.7,147,51.7
"Griswold School District","=""0580011""","Free/Reduced Price Meal Eligibility (2-level)","Not Eligible For Free Or Reduced Price Meals",576,74.0,577,63.6,262,59.7
"Griswold School District","=""0580011""","Race/Ethnicity","American Indian or Alaska Native","*","*","*","*","*","*"
"Griswold School District","=""0580011""","Race/Ethnicity","Asian",13,"*",13,"*",6,"*"
"Griswold School District","=""0580011""","Race/Ethnicity","Black or African American",33,61.7,33,47.7,12,"*"
"Griswold School District","=""0580011""","Race/Ethnicity","Hispanic or Latino",55,69.6,55,58.8,28,56.4
"Griswold School District","=""0580011""","Race/Ethnicity","Native Hawaiian or Other Pacific Islander","*","*","*","*","*","*"
"Griswold School District","=""0580011""","Race/Ethnicity","Two or More Races",53,68.1,52,56.8,15,"*"
"Griswold School District","=""0580011""","Race/Ethnicity","White",746,70.4,745,60.8,344,57.5
"Griswold School District","=""0580011""","Special Education Status (SWD)","Students with Disabilities",151,48.3,150,40.3,74,41.3
"Griswold School District","=""0580011""","Special Education Status (SWD)","Students without Disabilities",763,74.0,762,63.8,335,60.3
"Groton School District","=""0590011""","All Students","District",1983,66.7,1980,60.1,910,55.9
"Groton School District","=""0590011""","English Language Learners (EL)","English Learners",72,47.7,72,42.7,31,33.3
"Groton School District","=""0590011""","English Language Learners (EL)","Not English Learners",1911,67.4,1908,60.7,879,56.7
"Groton School District","=""0590011""","High Needs (F/R, EL or SWD)","High Needs",1086,59.1,1085,52.6,455,48.3
"Groton School District","=""0590011""","High Needs (F/R, EL or SWD)","Not High Needs",897,75.9,895,69.2,455,63.5
"Groton School District","=""0590011""","Free/Reduced Price Meal Eligibility (2-level)","Eligible For Free Or Reduced Price Meals",902,60.4,902,53.8,355,50.4
"Groton School District","=""0590011""","Free/Reduced Price Meal Eligibility (2-level)","Not Eligible For Free Or Reduced Price Meals",1081,71.9,1078,65.3,555,59.4
"Groton School District","=""0590011""","Race/Ethnicity","American Indian or Alaska Native","*","*","*","*","*","*"
"Groton School District","=""0590011""","Race/Ethnicity","Asian",131,71.7,131,66.4,66,60.7
"Groton School District","=""0590011""","Race/Ethnicity","Black or African American",185,56.6,185,49.7,100,46.0
"Groton School District","=""0590011""","Race/Ethnicity","Hispanic or Latino",366,58.7,364,51.7,151,49.1
"Groton School District","=""0590011""","Race/Ethnicity","Native Hawaiian or Other Pacific Islander","*","*","*","*","*","*"
"Groton School District","=""0590011""","Race/Ethnicity","Two or More Races",131,64.7,132,57.2,42,54.0
"Groton School District","=""0590011""","Race/Ethnicity","White",1146,70.7,1144,64.2,534,59.5
"Groton School District","=""0590011""","Special Education Status (SWD)","Students with Disabilities",389,48.3,385,43.1,177,41.2
"Groton School District","=""0590011""","Special Education Status (SWD)","Students without Disabilities",1594,71.2,1595,64.2,733,59.4
"Guilford School District","=""0600011""","All Students","District",1871,80.1,1870,72.3,803,65.5
"Guilford School District","=""0600011""","English Language Learners (EL)","English Learners",33,64.6,33,62.7,10,"*"
"Guilford School District","=""0600011""","English Language Learners (EL)","Not English Learners",1838,80.4,1837,72.4,793,65.7
"Guilford School District","=""0600011""","High Needs (F/R, EL or SWD)","High Needs",406,65.0,405,56.7,172,54.9
"Guilford School District","=""0600011""","High Needs (F/R, EL or SWD)","Not High Needs",1465,84.3,1465,76.6,631,68.4
"Guilford School District","=""0600011""","Free/Reduced Price Meal Eligibility (2-level)","Eligible For Free Or Reduced Price Meals",181,71.4,181,62.8,68,58.6
"Guilford School District","=""0600011""","Free/Reduced Price Meal Eligibility (2-level)","Not Eligible For Free Or Reduced Price Meals",1690,81.0,1689,73.3,735,66.1
"Guilford School District","=""0600011""","Race/Ethnicity","American Indian or Alaska Native","*","*","*","*","N/A","N/A"
"Guilford School District","=""0600011""","Race/Ethnicity","Asian",71,84.1,71,80.5,36,67.7
"Guilford School District","=""0600011""","Race/Ethnicity","Black or African American",24,60.0,24,52.9,10,"*"
"Guilford School District","=""0600011""","Race/Ethnicity","Hispanic or Latino",129,76.0,129,67.9,50,61.1
"Guilford School District","=""0600011""","Race/Ethnicity","Native Hawaiian or Other Pacific Islander","*","*","*","*","N/A","N/A"
"Guilford School District","=""0600011""","Race/Ethnicity","Two or More Races",53,82.8,53,76.1,16,"*"
"Guilford School District","=""0600011""","Race/Ethnicity","White",1592,80.5,1591,72.4,691,65.8
"Guilford School District","=""0600011""","Special Education Status (SWD)","Students with Disabilities",256,58.8,255,50.0,111,52.3
"Guilford School District","=""0600011""","Special Education Status (SWD)","Students without Disabilities",1615,83.5,1615,75.8,692,67.6
"Hamden School District","=""0620011""","All Students","District",2691,67.8,2699,58.1,1220,52.8
"Hamden School District","=""0620011""","English Language Learners (EL)","English Learners",170,54.3,167,50.7,68,38.1
"Hamden School District","=""0620011""","English Language Learners (EL)","Not English Learners",2521,68.7,2532,58.6,1152,53.7
"Hamden School District","=""0620011""","High Needs (F/R, EL or SWD)","High Needs",1324,57.9,1317,48.5,603,43.7
"Hamden School District","=""0620011""","High Needs (F/R, EL or SWD)","Not High Needs",1367,77.4,1382,67.3,617,61.7
"Hamden School District","=""0620011""","Free/Reduced Price Meal Eligibility (2-level)","Eligible For Free Or Reduced Price Meals",1073,58.8,1065,49.0,500,44.2
"Hamden School District","=""0620011""","Free/Reduced Price Meal Eligibility (2-level)","Not Eligible For Free Or Reduced Price Meals",1618,73.8,1634,64.1,720,58.8
"Hamden School District","=""0620011""","Race/Ethnicity","Asian",215,76.0,215,70.8,100,57.0
"Hamden School District","=""0620011""","Race/Ethnicity","Black or African American",754,58.0,757,46.5,349,42.2
"Hamden School District","=""0620011""","Race/Ethnicity","Hispanic or Latino",482,61.8,486,51.8,208,48.0
"Hamden School District","=""0620011""","Race/Ethnicity","Two or More Races",129,72.2,130,62.4,46,55.6
"Hamden School District","=""0620011""","Race/Ethnicity","White",1111,75.0,1111,65.9,517,60.8
"Hamden School District","=""0620011""","Special Education Status (SWD)","Students with Disabilities",476,49.0,471,40.0,225,36.4
"Hamden School District","=""0620011""","Special Education Status (SWD)","Students without Disabilities",2215,71.9,2228,62.0,995,56.5
"Hampton School District","=""0630011""","All Students","District",44,71.2,43,65.0,12,"*"
"Hampton School District","=""0630011""","English Language Learners (EL)","English Learners","*","*","*","*","*","*"
"Hampton School District","=""0630011""","English Language Learners (EL)","Not English Learners","*","*","*","*","*","*"
"Hampton School District","=""0630011""","High Needs (F/R, EL or SWD)","High Needs",18,"*",18,"*","*","*"
"Hampton School District","=""0630011""","High Needs (F/R, EL or SWD)","Not High Needs",26,76.6,25,72.4,"*","*"
"Hampton School District","=""0630011""","Free/Reduced Price Meal Eligibility (2-level)","Eligible For Free Or Reduced Price Meals",14,"*",14,"*","*","*"
"Hampton School District","=""0630011""","Free/Reduced Price Meal Eligibility (2-level)","Not Eligible For Free Or Reduced Price Meals",30,74.5,29,69.2,"*","*"
"Hampton School District","=""0630011""","Race/Ethnicity","Hispanic or Latino","*","*","*","*","*","*"
"Hampton School District","=""0630011""","Race/Ethnicity","White","*","*","*","*","*","*"
"Hampton School District","=""0630011""","Special Education Status (SWD)","Students with Disabilities",7,"*",7,"*","*","*"
"Hampton School District","=""0630011""","Special Education Status (SWD)","Students without Disabilities",37,73.0,36,69.1,"*","*"
"Hartford School District","=""0640011""","All Students","District",9599,54.3,9577,45.2,4287,44.1
"Hartford School District","=""0640011""","English Language Learners (EL)","English Learners",1802,44.5,1801,37.4,760,33.0
"Hartford School District","=""0640011""","English Language Learners (EL)","Not English Learners",7797,56.6,7776,47.0,3527,46.5
"Hartford School District","=""0640011""","High Needs (F/R, EL or SWD)","High Needs",8394,51.9,8367,42.9,3677,41.4
"Hartford School District","=""0640011""","High Needs (F/R, EL or SWD)","Not High Needs",1205,70.8,1210,61.5,610,60.4
"Hartford School District","=""0640011""","Free/Reduced Price Meal Eligibility (2-level)","Eligible For Free Or Reduced Price Meals",8183,51.9,8158,42.8,3530,41.6
"Hartford School District","=""0640011""","Free/Reduced Price Meal Eligibility (2-level)","Not Eligible For Free Or Reduced Price Meals",1416,68.0,1419,59.2,757,56.1
"Hartford School District","=""0640011""","Race/Ethnicity","American Indian or Alaska Native",32,56.6,32,46.2,11,"*"
"Hartford School District","=""0640011""","Race/Ethnicity","Asian",298,66.0,300,60.5,131,56.1
"Hartford School District","=""0640011""","Race/Ethnicity","Black or African American",2987,53.3,2994,43.2,1413,41.9
"Hartford School District","=""0640011""","Race/Ethnicity","Hispanic or Latino",4828,50.2,4802,41.4,2102,40.4
"Hartford School District","=""0640011""","Race/Ethnicity","Native Hawaiian or Other Pacific Islander",12,"*",11,"*",9,"*"
"Hartford School District","=""0640011""","Race/Ethnicity","Two or More Races",253,61.9,253,52.2,101,53.9
"Hartford School District","=""0640011""","Race/Ethnicity","White",1189,68.9,1185,60.8,520,60.1
"Hartford School District","=""0640011""","Special Education Status (SWD)","Students with Disabilities",1776,39.4,1766,31.9,866,32.1
"Hartford School District","=""0640011""","Special Education Status (SWD)","Students without Disabilities",7823,57.7,7811,48.3,3421,47.2
"Hartland School District","=""0650011""","All Students","District",133,70.2,133,62.6,54,63.8
"Hartland School District","=""0650011""","English Language Learners (EL)","Not English Learners",133,70.2,133,62.6,54,63.8
"Hartland School District","=""0650011""","High Needs (F/R, EL or SWD)","High Needs",35,55.5,35,50.2,15,"*"
"Hartland School District","=""0650011""","High Needs (F/R, EL or SWD)","Not High Needs",98,75.5,98,67.0,39,70.8
"Hartland School District","=""0650011""","Free/Reduced Price Meal Eligibility (2-level)","Eligible For Free Or Reduced Price Meals",16,"*",16,"*",6,"*"
"Hartland School District","=""0650011""","Free/Reduced Price Meal Eligibility (2-level)","Not Eligible For Free Or Reduced Price Meals",117,72.1,117,64.5,48,65.7
"Hartland School District","=""0650011""","Race/Ethnicity","American Indian or Alaska Native","*","*","*","*","N/A","N/A"
"Hartland School District","=""0650011""","Race/Ethnicity","Asian","*","*","*","*","*","*"
"Hartland School District","=""0650011""","Race/Ethnicity","Black or African American","*","*","*","*","*","*"
"Hartland School District","=""0650011""","Race/Ethnicity","Two or More Races","*","*","*","*","*","*"
"Hartland School District","=""0650011""","Race/Ethnicity","White",126,71.2,126,63.7,50,65.1
"Hartland School District","=""0650011""","Special Education Status (SWD)","Students with Disabilities",26,53.4,26,47.9,14,"*"
"Hartland School District","=""0650011""","Special Education Status (SWD)","Students without Disabilities",107,74.3,107,66.1,40,71.0
"Hebron School District","=""0670011""","All Students","District",488,72.8,488,65.4,120,63.2
"Hebron School District","=""0670011""","English Language Learners (EL)","English Learners","*","*","*","*","*","*"
"Hebron School District","=""0670011""","English Language Learners (EL)","Not English Learners","*","*","*","*","*","*"
"Hebron School District","=""0670011""","High Needs (F/R, EL or SWD)","High Needs",97,58.5,98,52.0,17,"*"
"Hebron School District","=""0670011""","High Needs (F/R, EL or SWD)","Not High Needs",391,76.4,390,68.8,103,65.4
"Hebron School District","=""0670011""","Free/Reduced Price Meal Eligibility (2-level)","Eligible For Free Or Reduced Price Meals",37,60.6,37,54.7,7,"*"
"Hebron School District","=""0670011""","Free/Reduced Price Meal Eligibility (2-level)","Not Eligible For Free Or Reduced Price Meals",451,73.8,451,66.3,113,63.5
"Hebron School District","=""0670011""","Race/Ethnicity","Asian","*","*","*","*","N/A","N/A"
"Hebron School District","=""0670011""","Race/Ethnicity","Black or African American","*","*","*","*","*","*"
"Hebron School District","=""0670011""","Race/Ethnicity","Hispanic or Latino",19,"*",19,"*","*","*"
"Hebron School District","=""0670011""","Race/Ethnicity","Two or More Races",15,"*",15,"*","*","*"
"Hebron School District","=""0670011""","Race/Ethnicity","White",452,73.0,452,65.7,111,63.4
"Hebron School District","=""0670011""","Special Education Status (SWD)","Students with Disabilities",72,55.9,73,48.6,12,"*"
"Hebron School District","=""0670011""","Special Education Status (SWD)","Students without Disabilities",416,75.8,415,68.4,108,65.2
"Kent School District","=""0680011""","All Students","District",165,80.4,165,69.2,62,58.5
"Kent School District","=""0680011""","English Language Learners (EL)","English Learners","*","*","*","*","*","*"
"Kent School District","=""0680011""","English Language Learners (EL)","Not English Learners","*","*","*","*","*","*"
"Kent School District","=""0680011""","High Needs (F/R, EL or SWD)","High Needs",39,69.0,39,54.6,13,"*"
"Kent School District","=""0680011""","High Needs (F/R, EL or SWD)","Not High Needs",126,84.0,126,73.7,49,61.8
"Kent School District","=""0680011""","Free/Reduced Price Meal Eligibility (2-level)","Eligible For Free Or Reduced Price Meals",24,72.5,24,64.0,8,"*"
"Kent School District","=""0680011""","Free/Reduced Price Meal Eligibility (2-level)","Not Eligible For Free Or Reduced Price Meals",141,81.8,141,70.0,54,59.6
"Kent School District","=""0680011""","Race/Ethnicity","Asian","*","*","*","*","*","*"
"Kent School District","=""0680011""","Race/Ethnicity","Hispanic or Latino",17,"*",17,"*","*","*"
"Kent School District","=""0680011""","Race/Ethnicity","Two or More Races","*","*","*","*",6,"*"
"Kent School District","=""0680011""","Race/Ethnicity","White",130,80.0,130,68.5,50,57.2
"Kent School District","=""0680011""","Special Education Status (SWD)","Students with Disabilities",22,62.6,22,43.2,6,"*"
"Kent School District","=""0680011""","Special Education Status (SWD)","Students without Disabilities",143,83.2,143,73.2,56,60.5
"Killingly School District","=""0690011""","All Students","District",1185,66.2,1180,55.6,578,53.4
"Killingly School District","=""0690011""","English Language Learners (EL)","English Learners",34,60.4,34,54.0,14,"*"
"Killingly School District","=""0690011""","English Language Learners (EL)","Not English Learners",1151,66.4,1146,55.6,564,53.8
"Killingly School District","=""0690011""","High Needs (F/R, EL or SWD)","High Needs",625,61.3,621,51.3,308,49.7
"Killingly School District","=""0690011""","High Needs (F/R, EL or SWD)","Not High Needs",560,71.7,559,60.3,270,57.7
"Killingly School District","=""0690011""","Free/Reduced Price Meal Eligibility (2-level)","Eligible For Free Or Reduced Price Meals",531,62.8,527,52.8,257,51.2
"Killingly School District","=""0690011""","Free/Reduced Price Meal Eligibility (2-level)","Not Eligible For Free Or Reduced Price Meals",654,68.9,653,57.8,321,55.2
"Killingly School District","=""0690011""","Race/Ethnicity","American Indian or Alaska Native",10,"*",10,"*",9,"*"
"Killingly School District","=""0690011""","Race/Ethnicity","Asian",25,68.0,25,60.0,18,"*"
"Killingly School District","=""0690011""","Race/Ethnicity","Black or African American",18,"*",18,"*",14,"*"
"Killingly School District","=""0690011""","Race/Ethnicity","Hispanic or Latino",43,63.7,43,54.3,27,48.3
"Killingly School District","=""0690011""","Race/Ethnicity","Two or More Races",74,70.6,74,57.2,33,54.0
"Killingly School District","=""0690011""","Race/Ethnicity","White",1015,66.0,1010,55.5,477,53.9
"Killingly School District","=""0690011""","Special Education Status (SWD)","Students with Disabilities",179,49.6,179,40.4,98,40.2
"Killingly School District","=""0690011""","Special Education Status (SWD)","Students without Disabilities",1006,69.1,1001,58.3,480,56.1
"Lebanon School District","=""0710011""","All Students","District",553,70.3,545,63.4,261,60.6
"Lebanon School District","=""0710011""","English Language Learners (EL)","English Learners","*","*","*","*","*","*"
"Lebanon School District","=""0710011""","English Language Learners (EL)","Not English Learners","*","*","*","*","*","*"
"Lebanon School District","=""0710011""","High Needs (F/R, EL or SWD)","High Needs",177,59.5,174,51.6,80,51.6
"Lebanon School District","=""0710011""","High Needs (F/R, EL or SWD)","Not High Needs",376,75.4,371,69.0,181,64.6
"Lebanon School District","=""0710011""","Free/Reduced Price Meal Eligibility (2-level)","Eligible For Free Or Reduced Price Meals",97,64.8,95,58.1,43,56.3
"Lebanon School District","=""0710011""","Free/Reduced Price Meal Eligibility (2-level)","Not Eligible For Free Or Reduced Price Meals",456,71.5,450,64.6,218,61.4
"Lebanon School District","=""0710011""","Race/Ethnicity","American Indian or Alaska Native",6,"*",6,"*","*","*"
"Lebanon School District","=""0710011""","Race/Ethnicity","Asian",8,"*",7,"*","*","*"
"Lebanon School District","=""0710011""","Race/Ethnicity","Black or African American",7,"*",7,"*","*","*"
"Lebanon School District","=""0710011""","Race/Ethnicity","Hispanic or Latino",22,65.7,22,56.0,8,"*"
"Lebanon School District","=""0710011""","Race/Ethnicity","Native Hawaiian or Other Pacific Islander","*","*","*","*","N/A","N/A"
"Lebanon School District","=""0710011""","Race/Ethnicity","Two or More Races","*","*","*","*","*","*"
"Lebanon School District","=""0710011""","Race/Ethnicity","White",506,70.7,499,64.1,242,61.4
"Lebanon School District","=""0710011""","Special Education Status (SWD)","Students with Disabilities",106,52.9,104,44.5,48,45.6
"Lebanon School District","=""0710011""","Special Education Status (SWD)","Students without Disabilities",447,74.4,441,67.9,213,64.0
"Ledyard School District","=""0720011""","All Students","District",1225,71.1,1231,63.4,561,63.8
"Ledyard School District","=""0720011""","English Language Learners (EL)","English Learners",20,52.7,21,47.1,7,"*"
"Ledyard School District","=""0720011""","English Language Learners (EL)","Not English Learners",1205,71.4,1210,63.6,554,64.0
"Ledyard School District","=""0720011""","High Needs (F/R, EL or SWD)","High Needs",389,60.4,393,53.8,178,55.8
"Ledyard School District","=""0720011""","High Needs (F/R, EL or SWD)","Not High Needs",836,76.1,838,67.8,383,67.6
"Ledyard School District","=""0720011""","Free/Reduced Price Meal Eligibility (2-level)","Eligible For Free Or Reduced Price Meals",223,64.7,223,57.1,87,56.3
"Ledyard School District","=""0720011""","Free/Reduced Price Meal Eligibility (2-level)","Not Eligible For Free Or Reduced Price Meals",1002,72.5,1008,64.7,474,65.2
"Ledyard School District","=""0720011""","Race/Ethnicity","American Indian or Alaska Native",56,56.5,56,50.8,17,"*"
"Ledyard School District","=""0720011""","Race/Ethnicity","Asian",50,74.1,50,66.9,22,60.3
"Ledyard School District","=""0720011""","Race/Ethnicity","Black or African American",85,66.8,85,55.6,43,55.6
"Ledyard School District","=""0720011""","Race/Ethnicity","Hispanic or Latino",108,66.9,108,57.4,46,58.0
"Ledyard School District","=""0720011""","Race/Ethnicity","Native Hawaiian or Other Pacific Islander","*","*","*","*","*","*"
"Ledyard School District","=""0720011""","Race/Ethnicity","Two or More Races","*","*","*","*","*","*"
"Ledyard School District","=""0720011""","Race/Ethnicity","White",889,72.8,892,65.4,425,66.2
"Ledyard School District","=""0720011""","Special Education Status (SWD)","Students with Disabilities",201,54.9,204,48.5,102,53.8
"Ledyard School District","=""0720011""","Special Education Status (SWD)","Students without Disabilities",1024,74.3,1027,66.3,459,66.1
"Lisbon School District","=""0730011""","All Students","District",252,71.8,252,56.4,87,60.9
"Lisbon School District","=""0730011""","English Language Learners (EL)","English Learners","*","*","*","*","N/A","N/A"
"Lisbon School District","=""0730011""","English Language Learners (EL)","Not English Learners","*","*","*","*",87,60.9
"Lisbon School District","=""0730011""","High Needs (F/R, EL or SWD)","High Needs",91,64.9,91,51.6,27,54.5
"Lisbon School District","=""0730011""","High Needs (F/R, EL or SWD)","Not High Needs",161,75.8,161,59.1,60,63.7
"Lisbon School District","=""0730011""","Free/Reduced Price Meal Eligibility (2-level)","Eligible For Free Or Reduced Price Meals",63,69.8,63,54.6,20,55.0
"Lisbon School District","=""0730011""","Free/Reduced Price Meal Eligibility (2-level)","Not Eligible For Free Or Reduced Price Meals",189,72.5,189,57.0,67,62.6
"Lisbon School District","=""0730011""","Race/Ethnicity","American Indian or Alaska Native","*","*","*","*","N/A","N/A"
"Lisbon School District","=""0730011""","Race/Ethnicity","Asian","*","*","*","*","*","*"
"Lisbon School District","=""0730011""","Race/Ethnicity","Black or African American","*","*","*","*","*","*"
"Lisbon School District","=""0730011""","Race/Ethnicity","Hispanic or Latino",9,"*",9,"*","N/A","N/A"
"Lisbon School District","=""0730011""","Race/Ethnicity","Two or More Races",19,"*",19,"*",8,"*"
"Lisbon School District","=""0730011""","Race/Ethnicity","White",218,71.4,218,56.1,77,60.7
"Lisbon School District","=""0730011""","Special Education Status (SWD)","Students with Disabilities",36,50.0,36,40.2,11,"*"
"Lisbon School District","=""0730011""","Special Education Status (SWD)","Students without Disabilities",216,75.5,216,59.1,76,62.7
"Litchfield School District","=""0740011""","All Students","District",549,75.0,549,69.4,236,67.9
"Litchfield School District","=""0740011""","English Language Learners (EL)","English Learners","*","*","*","*","N/A","N/A"
"Litchfield School District","=""0740011""","English Language Learners (EL)","Not English Learners","*","*","*","*",236,67.9
"Litchfield School District","=""0740011""","High Needs (F/R, EL or SWD)","High Needs",125,61.1,124,56.4,46,57.1
"Litchfield School District","=""0740011""","High Needs (F/R, EL or SWD)","Not High Needs",424,79.1,425,73.2,190,70.5
"Litchfield School District","=""0740011""","Free/Reduced Price Meal Eligibility (2-level)","Eligible For Free Or Reduced Price Meals",67,64.2,66,59.2,30,60.6
"Litchfield School District","=""0740011""","Free/Reduced Price Meal Eligibility (2-level)","Not Eligible For Free Or Reduced Price Meals",482,76.5,483,70.8,206,69.0
"Litchfield School District","=""0740011""","Race/Ethnicity","Asian",8,"*",8,"*","*","*"
"Litchfield School District","=""0740011""","Race/Ethnicity","Black or African American","*","*","*","*","*","*"
"Litchfield School District","=""0740011""","Race/Ethnicity","Hispanic or Latino",27,64.9,26,57.6,8,"*"
"Litchfield School District","=""0740011""","Race/Ethnicity","Native Hawaiian or Other Pacific Islander",9,"*",9,"*","*","*"
"Litchfield School District","=""0740011""","Race/Ethnicity","Two or More Races","*","*","*","*","*","*"
"Litchfield School District","=""0740011""","Race/Ethnicity","White",495,75.4,496,69.6,219,67.7
"Litchfield School District","=""0740011""","Special Education Status (SWD)","Students with Disabilities",81,55.1,81,51.2,26,52.3
"Litchfield School District","=""0740011""","Special Education Status (SWD)","Students without Disabilities",468,78.4,468,72.6,210,69.8
"Madison School District","=""0760011""","All Students","District",1320,76.9,1317,69.9,749,65.9
"Madison School District","=""0760011""","English Language Learners (EL)","English Learners",12,"*",10,"*","*","*"
"Madison School District","=""0760011""","English Language Learners (EL)","Not English Learners",1308,77.1,1307,69.9,"*","*"
"Madison School District","=""0760011""","High Needs (F/R, EL or SWD)","High Needs",234,62.2,232,54.7,117,53.3
"Madison School District","=""0760011""","High Needs (F/R, EL or SWD)","Not High Needs",1086,80.1,1085,73.1,632,68.3
"Madison School District","=""0760011""","Free/Reduced Price Meal Eligibility (2-level)","Eligible For Free Or Reduced Price Meals",64,67.0,63,59.3,32,59.3
"Madison School District","=""0760011""","Free/Reduced Price Meal Eligibility (2-level)","Not Eligible For Free Or Reduced Price Meals",1256,77.4,1254,70.4,717,66.2
"Madison School District","=""0760011""","Race/Ethnicity","American Indian or Alaska Native","*","*","*","*","*","*"
"Madison School District","=""0760011""","Race/Ethnicity","Asian",49,84.9,50,83.5,27,75.2
"Madison School District","=""0760011""","Race/Ethnicity","Black or African American","*","*","*","*","*","*"
"Madison School District","=""0760011""","Race/Ethnicity","Hispanic or Latino",48,66.1,46,61.9,18,"*"
"Madison School District","=""0760011""","Race/Ethnicity","Native Hawaiian or Other Pacific Islander","N/A","N/A","N/A","N/A","N/A","N/A"
"Madison School District","=""0760011""","Race/Ethnicity","Two or More Races",45,84.5,45,72.9,17,"*"
"Madison School District","=""0760011""","Race/Ethnicity","White",1169,76.8,1167,69.6,677,65.7
"Madison School District","=""0760011""","Special Education Status (SWD)","Students with Disabilities",183,59.7,182,52.5,93,50.3
"Madison School District","=""0760011""","Special Education Status (SWD)","Students without Disabilities",1137,79.7,1135,72.7,656,68.2
"Manchester School District","=""0770011""","All Students","District",2743,60.6,2736,53.7,1277,49.4
"Manchester School District","=""0770011""","English Language Learners (EL)","English Learners",199,52.2,202,46.7,77,39.7
"Manchester School District","=""0770011""","English Language Learners (EL)","Not English Learners",2544,61.2,2534,54.3,1200,50.0
"Manchester School District","=""0770011""","High Needs (F/R, EL or SWD)","High Needs",1709,54.5,1704,47.3,814,44.2
"Manchester School District","=""0770011""","High Needs (F/R, EL or SWD)","Not High Needs",1034,70.6,1032,64.3,463,58.6
"Manchester School District","=""0770011""","Free/Reduced Price Meal Eligibility (2-level)","Eligible For Free Or Reduced Price Meals",1523,55.2,1516,47.8,737,45.0
"Manchester School District","=""0770011""","Free/Reduced Price Meal Eligibility (2-level)","Not Eligible For Free Or Reduced Price Meals",1220,67.3,1220,61.0,540,55.5
"Manchester School District","=""0770011""","Race/Ethnicity","American Indian or Alaska Native","*","*","*","*","*","*"
"Manchester School District","=""0770011""","Race/Ethnicity","Asian",204,66.8,205,62.7,85,55.9
"Manchester School District","=""0770011""","Race/Ethnicity","Black or African American",588,54.4,586,46.0,269,42.4
"Manchester School District","=""0770011""","Race/Ethnicity","Hispanic or Latino",750,54.8,751,47.4,359,44.3
"Manchester School District","=""0770011""","Race/Ethnicity","Native Hawaiian or Other Pacific Islander","*","*","*","*","*","*"
"Manchester School District","=""0770011""","Race/Ethnicity","Two or More Races",130,63.0,129,56.6,52,53.0
"Manchester School District","=""0770011""","Race/Ethnicity","White",1055,66.7,1049,60.5,502,55.5
"Manchester School District","=""0770011""","Special Education Status (SWD)","Students with Disabilities",456,41.6,452,34.9,212,33.6
"Manchester School District","=""0770011""","Special Education Status (SWD)","Students without Disabilities",2287,64.4,2284,57.5,1065,52.5
"Mansfield School District","=""0780011""","All Students","District",713,81.5,716,75.4,249,69.6
"Mansfield School District","=""0780011""","English Language Learners (EL)","English Learners",18,"*",17,"*",11,"*"
"Mansfield School District","=""0780011""","English Language Learners (EL)","Not English Learners",695,82.1,699,75.8,238,70.6
"Mansfield School District","=""0780011""","High Needs (F/R, EL or SWD)","High Needs",246,68.9,244,63.1,87,59.5
"Mansfield School District","=""0780011""","High Needs (F/R, EL or SWD)","Not High Needs",467,88.2,472,81.8,162,75.1
"Mansfield School District","=""0780011""","Free/Reduced Price Meal Eligibility (2-level)","Eligible For Free Or Reduced Price Meals",170,71.9,169,64.8,61,58.1
"Mansfield School District","=""0780011""","Free/Reduced Price Meal Eligibility (2-level)","Not Eligible For Free Or Reduced Price Meals",543,84.5,547,78.7,188,73.4
"Mansfield School District","=""0780011""","Race/Ethnicity","American Indian or Alaska Native","*","*","*","*","*","*"
"Mansfield School District","=""0780011""","Race/Ethnicity","Asian",61,94.0,61,92.5,24,74.8
"Mansfield School District","=""0780011""","Race/Ethnicity","Black or African American","*","*","*","*","*","*"
"Mansfield School District","=""0780011""","Race/Ethnicity","Hispanic or Latino",72,71.8,71,65.4,21,53.5
"Mansfield School District","=""0780011""","Race/Ethnicity","Two or More Races",27,83.0,27,79.0,9,"*"
"Mansfield School District","=""0780011""","Race/Ethnicity","White",538,81.7,542,75.1,186,71.6
"Mansfield School District","=""0780011""","Special Education Status (SWD)","Students with Disabilities",118,58.2,117,53.0,46,55.9
"Mansfield School District","=""0780011""","Special Education Status (SWD)","Students without Disabilities",595,86.1,599,79.8,203,72.8
"Marlborough School District","=""0790011""","All Students","District",365,78.6,365,73.1,77,63.3
"Marlborough School District","=""0790011""","English Language Learners (EL)","English Learners","*","*","*","*","N/A","N/A"
"Marlborough School District","=""0790011""","English Language Learners (EL)","Not English Learners","*","*","*","*",77,63.3
"Marlborough School District","=""0790011""","High Needs (F/R, EL or SWD)","High Needs",65,62.7,65,56.2,12,"*"
"Marlborough School District","=""0790011""","High Needs (F/R, EL or SWD)","Not High Needs",300,82.0,300,76.7,65,64.3
"Marlborough School District","=""0790011""","Free/Reduced Price Meal Eligibility (2-level)","Eligible For Free Or Reduced Price Meals",36,66.5,36,59.2,9,"*"
"Marlborough School District","=""0790011""","Free/Reduced Price Meal Eligibility (2-level)","Not Eligible For Free Or Reduced Price Meals",329,79.9,329,74.6,68,63.4
"Marlborough School District","=""0790011""","Race/Ethnicity","Asian","*","*","*","*","N/A","N/A"
"Marlborough School District","=""0790011""","Race/Ethnicity","Black or African American","*","*","*","*","N/A","N/A"
"Marlborough School District","=""0790011""","Race/Ethnicity","Hispanic or Latino",17,"*",17,"*","*","*"
"Marlborough School District","=""0790011""","Race/Ethnicity","Two or More Races",13,"*",13,"*","*","*"
"Marlborough School District","=""0790011""","Race/Ethnicity","White",330,79.1,330,73.8,72,62.9
"Marlborough School District","=""0790011""","Special Education Status (SWD)","Students with Disabilities",42,57.7,42,51.7,6,"*"
"Marlborough School District","=""0790011""","Special Education Status (SWD)","Students without Disabilities",323,81.3,323,75.9,71,64.6
"Meriden School District","=""0800011""","All Students","District",3667,60.0,3655,48.5,1662,45.1
"Meriden School District","=""0800011""","English Language Learners (EL)","English Learners",540,46.5,533,38.2,240,31.6
"Meriden School District","=""0800011""","English Language Learners (EL)","Not English Learners",3127,62.3,3122,50.3,1422,47.4
"Meriden School District","=""0800011""","High Needs (F/R, EL or SWD)","High Needs",2676,55.2,2668,44.3,1216,41.1
"Meriden School District","=""0800011""","High Needs (F/R, EL or SWD)","Not High Needs",991,73.0,987,59.9,446,56.1
"Meriden School District","=""0800011""","Free/Reduced Price Meal Eligibility (2-level)","Eligible For Free Or Reduced Price Meals",2489,55.7,2480,44.5,1124,41.4
"Meriden School District","=""0800011""","Free/Reduced Price Meal Eligibility (2-level)","Not Eligible For Free Or Reduced Price Meals",1178,69.1,1175,57.0,538,52.9
"Meriden School District","=""0800011""","Race/Ethnicity","American Indian or Alaska Native",17,"*",17,"*","*","*"
"Meriden School District","=""0800011""","Race/Ethnicity","Asian",141,66.8,140,57.5,45,52.9
"Meriden School District","=""0800011""","Race/Ethnicity","Black or African American",392,57.5,390,43.3,178,40.8
"Meriden School District","=""0800011""","Race/Ethnicity","Hispanic or Latino",1782,55.1,1777,44.1,842,41.4
"Meriden School District","=""0800011""","Race/Ethnicity","Native Hawaiian or Other Pacific Islander",16,"*",16,"*","*","*"
"Meriden School District","=""0800011""","Race/Ethnicity","Two or More Races",67,62.3,68,48.9,40,44.8
"Meriden School District","=""0800011""","Race/Ethnicity","White",1252,66.6,1247,55.2,546,51.6
"Meriden School District","=""0800011""","Special Education Status (SWD)","Students with Disabilities",686,41.2,687,33.3,334,32.0
"Meriden School District","=""0800011""","Special Education Status (SWD)","Students without Disabilities",2981,64.3,2968,52.1,1328,48.4
"Middletown School District","=""0830011""","All Students","District",2362,67.1,2359,57.3,1043,51.8
"Middletown School District","=""0830011""","English Language Learners (EL)","English Learners",83,55.5,82,49.1,33,36.1
"Middletown School District","=""0830011""","English Language Learners (EL)","Not English Learners",2279,67.6,2277,57.6,1010,52.4
"Middletown School District","=""0830011""","High Needs (F/R, EL or SWD)","High Needs",1182,57.9,1180,48.0,514,43.9
"Middletown School District","=""0830011""","High Needs (F/R, EL or SWD)","Not High Needs",1180,76.4,1179,66.7,529,59.5
"Middletown School District","=""0830011""","Free/Reduced Price Meal Eligibility (2-level)","Eligible For Free Or Reduced Price Meals",1054,58.8,1052,48.4,452,45.0
"Middletown School District","=""0830011""","Free/Reduced Price Meal Eligibility (2-level)","Not Eligible For Free Or Reduced Price Meals",1308,73.9,1307,64.5,591,57.1
"Middletown School District","=""0830011""","Race/Ethnicity","American Indian or Alaska Native","*","*","*","*",6,"*"
"Middletown School District","=""0830011""","Race/Ethnicity","Asian",90,78.7,90,69.9,28,63.5
"Middletown School District","=""0830011""","Race/Ethnicity","Black or African American",463,57.5,460,45.9,204,42.7
"Middletown School District","=""0830011""","Race/Ethnicity","Hispanic or Latino",396,58.4,397,48.9,172,43.6
"Middletown School District","=""0830011""","Race/Ethnicity","Native Hawaiian or Other Pacific Islander","*","*","*","*","N/A","N/A"
"Middletown School District","=""0830011""","Race/Ethnicity","Two or More Races",130,68.0,130,57.5,44,50.4
"Middletown School District","=""0830011""","Race/Ethnicity","White",1275,72.5,1274,63.2,589,57.0
"Middletown School District","=""0830011""","Special Education Status (SWD)","Students with Disabilities",317,42.9,316,35.5,154,32.8
"Middletown School District","=""0830011""","Special Education Status (SWD)","Students without Disabilities",2045,70.9,2043,60.7,889,55.1
"Milford School District","=""0840011""","All Students","District",3226,71.7,3223,63.2,1470,57.1
"Milford School District","=""0840011""","English Language Learners (EL)","English Learners",82,62.2,83,56.8,20,37.7
"Milford School District","=""0840011""","English Language Learners (EL)","Not English Learners",3144,71.9,3140,63.4,1450,57.3
"Milford School District","=""0840011""","High Needs (F/R, EL or SWD)","High Needs",996,60.5,997,51.9,444,48.6
"Milford School District","=""0840011""","High Needs (F/R, EL or SWD)","Not High Needs",2230,76.7,2226,68.2,1026,60.7
"Milford School District","=""0840011""","Free/Reduced Price Meal Eligibility (2-level)","Eligible For Free Or Reduced Price Meals",632,63.1,633,54.1,295,51.2
"Milford School District","=""0840011""","Free/Reduced Price Meal Eligibility (2-level)","Not Eligible For Free Or Reduced Price Meals",2594,73.8,2590,65.4,1175,58.5
"Milford School District","=""0840011""","Race/Ethnicity","American Indian or Alaska Native","*","*","*","*","*","*"
"Milford School District","=""0840011""","Race/Ethnicity","Asian",286,79.0,287,73.1,88,61.3
"Milford School District","=""0840011""","Race/Ethnicity","Black or African American",167,65.2,167,55.0,75,50.7
"Milford School District","=""0840011""","Race/Ethnicity","Hispanic or Latino",197,64.7,196,56.5,85,50.6
"Milford School District","=""0840011""","Race/Ethnicity","Native Hawaiian or Other Pacific Islander",7,"*",7,"*","*","*"
"Milford School District","=""0840011""","Race/Ethnicity","Two or More Races","*","*","*","*",8,"*"
"Milford School District","=""0840011""","Race/Ethnicity","White",2561,71.8,2558,63.1,1210,57.6
"Milford School District","=""0840011""","Special Education Status (SWD)","Students with Disabilities",451,52.0,449,43.4,215,42.4
"Milford School District","=""0840011""","Special Education Status (SWD)","Students without Disabilities",2775,74.9,2774,66.4,1255,59.6
"Monroe School District","=""0850011""","All Students","District",1708,82.1,1705,69.3,788,67.9
"Monroe School District","=""0850011""","English Language Learners (EL)","English Learners",13,"*",13,"*",6,"*"
"Monroe School District","=""0850011""","English Language Learners (EL)","Not English Learners",1695,82.2,1692,69.5,782,67.9
"Monroe School District","=""0850011""","High Needs (F/R, EL or SWD)","High Needs",325,68.4,325,54.1,169,56.1
"Monroe School District","=""0850011""","High Needs (F/R, EL or SWD)","Not High Needs",1383,85.3,1380,72.9,619,71.1
"Monroe School District","=""0850011""","Free/Reduced Price Meal Eligibility (2-level)","Eligible For Free Or Reduced Price Meals",131,75.1,131,61.3,70,60.0
"Monroe School District","=""0850011""","Free/Reduced Price Meal Eligibility (2-level)","Not Eligible For Free Or Reduced Price Meals",1577,82.7,1574,70.0,718,68.6
"Monroe School District","=""0850011""","Race/Ethnicity","American Indian or Alaska Native","*","*","*","*","*","*"
"Monroe School District","=""0850011""","Race/Ethnicity","Asian",73,91.7,73,83.4,41,74.1
"Monroe School District","=""0850011""","Race/Ethnicity","Black or African American","*","*","*","*","*","*"
"Monroe School District","=""0850011""","Race/Ethnicity","Hispanic or Latino",113,76.5,114,63.1,46,63.4
"Monroe School District","=""0850011""","Race/Ethnicity","Two or More Races",44,79.5,43,68.4,23,64.2
"Monroe School District","=""0850011""","Race/Ethnicity","White",1451,82.4,1448,69.4,665,68.0
"Monroe School District","=""0850011""","Special Education Status (SWD)","Students with Disabilities",218,63.3,219,48.2,113,52.5
"Monroe School District","=""0850011""","Special Education Status (SWD)","Students without Disabilities",1490,84.9,1486,72.4,675,70.4
"Montville School District","=""0860011""","All Students","District",1209,69.4,1206,59.6,542,59.2
"Montville School District","=""0860011""","English Language Learners (EL)","English Learners",52,61.9,52,58.8,12,"*"
"Montville School District","=""0860011""","English Language Learners (EL)","Not English Learners",1157,69.7,1154,59.6,530,59.5
"Montville School District","=""0860011""","High Needs (F/R, EL or SWD)","High Needs",541,61.2,540,53.1,234,52.3
"Montville School District","=""0860011""","High Needs (F/R, EL or SWD)","Not High Needs",668,76.0,666,64.9,308,64.5
"Montville School District","=""0860011""","Free/Reduced Price Meal Eligibility (2-level)","Eligible For Free Or Reduced Price Meals",425,63.8,424,55.7,192,54.0
"Montville School District","=""0860011""","Free/Reduced Price Meal Eligibility (2-level)","Not Eligible For Free Or Reduced Price Meals",784,72.4,782,61.7,350,62.1
"Montville School District","=""0860011""","Race/Ethnicity","American Indian or Alaska Native","*","*","*","*","*","*"
"Montville School District","=""0860011""","Race/Ethnicity","Asian",113,75.9,113,70.6,42,65.9
"Montville School District","=""0860011""","Race/Ethnicity","Black or African American",38,62.9,38,55.7,21,55.2
"Montville School District","=""0860011""","Race/Ethnicity","Hispanic or Latino",98,65.5,98,55.2,58,54.6
"Montville School District","=""0860011""","Race/Ethnicity","Native Hawaiian or Other Pacific Islander","*","*","*","*","*","*"
"Montville School District","=""0860011""","Race/Ethnicity","Two or More Races",120,65.0,120,56.2,56,55.2
"Montville School District","=""0860011""","Race/Ethnicity","White",817,69.9,814,59.4,354,60.1
"Montville School District","=""0860011""","Special Education Status (SWD)","Students with Disabilities",175,48.4,175,39.7,72,43.1
"Montville School District","=""0860011""","Special Education Status (SWD)","Students without Disabilities",1034,72.9,1031,63.0,470,61.7
"Naugatuck School District","=""0880011""","All Students","District",2176,64.8,2170,55.0,973,50.8
"Naugatuck School District","=""0880011""","English Language Learners (EL)","English Learners",101,54.3,101,48.9,37,39.4
"Naugatuck School District","=""0880011""","English Language Learners (EL)","Not English Learners",2075,65.3,2069,55.3,936,51.2
"Naugatuck School District","=""0880011""","High Needs (F/R, EL or SWD)","High Needs",1193,58.0,1188,48.7,556,44.7
"Naugatuck School District","=""0880011""","High Needs (F/R, EL or SWD)","Not High Needs",983,73.1,982,62.5,417,58.8
"Naugatuck School District","=""0880011""","Free/Reduced Price Meal Eligibility (2-level)","Eligible For Free Or Reduced Price Meals",991,59.9,987,50.3,462,45.7
"Naugatuck School District","=""0880011""","Free/Reduced Price Meal Eligibility (2-level)","Not Eligible For Free Or Reduced Price Meals",1185,68.9,1183,58.9,511,55.3
"Naugatuck School District","=""0880011""","Race/Ethnicity","American Indian or Alaska Native","*","*","*","*","N/A","N/A"
"Naugatuck School District","=""0880011""","Race/Ethnicity","Asian",67,73.5,67,65.8,26,53.7
"Naugatuck School District","=""0880011""","Race/Ethnicity","Black or African American",147,56.0,146,45.2,77,41.6
"Naugatuck School District","=""0880011""","Race/Ethnicity","Hispanic or Latino",451,61.9,450,50.8,204,48.0
"Naugatuck School District","=""0880011""","Race/Ethnicity","Native Hawaiian or Other Pacific Islander","*","*","*","*","N/A","N/A"
"Naugatuck School District","=""0880011""","Race/Ethnicity","Two or More Races",100,62.9,100,51.3,48,45.8
"Naugatuck School District","=""0880011""","Race/Ethnicity","White",1407,66.4,1403,57.1,618,53.1
"Naugatuck School District","=""0880011""","Special Education Status (SWD)","Students with Disabilities",380,43.2,377,36.4,200,37.0
"Naugatuck School District","=""0880011""","Special Education Status (SWD)","Students without Disabilities",1796,69.4,1793,58.9,773,54.3
"New Britain School District","=""0890011""","All Students","District",4543,52.2,4554,44.7,2034,40.4
"New Britain School District","=""0890011""","English Language Learners (EL)","English Learners",857,43.5,861,37.2,385,32.4
"New Britain School District","=""0890011""","English Language Learners (EL)","Not English Learners",3686,54.2,3693,46.5,1649,42.3
"New Britain School District","=""0890011""","High Needs (F/R, EL or SWD)","High Needs",3905,49.9,3915,42.5,1721,38.3
"New Britain School District","=""0890011""","High Needs (F/R, EL or SWD)","Not High Needs",638,66.1,639,58.3,313,51.9
"New Britain School District","=""0890011""","Free/Reduced Price Meal Eligibility (2-level)","Eligible For Free Or Reduced Price Meals",3726,50.2,3735,42.7,1622,38.6
"New Britain School District","=""0890011""","Free/Reduced Price Meal Eligibility (2-level)","Not Eligible For Free Or Reduced Price Meals",817,61.3,819,54.0,412,47.5
"New Britain School District","=""0890011""","Race/Ethnicity","American Indian or Alaska Native","*","*","*","*","*","*"
"New Britain School District","=""0890011""","Race/Ethnicity","Asian",111,61.1,111,56.1,58,47.2
"New Britain School District","=""0890011""","Race/Ethnicity","Black or African American",593,53.1,593,44.4,255,39.2
"New Britain School District","=""0890011""","Race/Ethnicity","Hispanic or Latino",2802,49.1,2810,41.7,1263,38.1
"New Britain School District","=""0890011""","Race/Ethnicity","Native Hawaiian or Other Pacific Islander","*","*","*","*","*","*"
"New Britain School District","=""0890011""","Race/Ethnicity","Two or More Races",81,57.2,81,48.3,56,45.0
"New Britain School District","=""0890011""","Race/Ethnicity","White",943,59.1,946,52.1,399,46.8
"New Britain School District","=""0890011""","Special Education Status (SWD)","Students with Disabilities",855,37.4,861,30.1,415,29.4
"New Britain School District","=""0890011""","Special Education Status (SWD)","Students without Disabilities",3688,55.6,3693,48.1,1619,43.2
"New Canaan School District","=""0900011""","All Students","District",2185,82.0,2184,77.4,945,71.6
"New Canaan School District","=""0900011""","English Language Learners (EL)","English Learners",26,66.2,26,67.5,7,"*"
"New Canaan School District","=""0900011""","English Language Learners (EL)","Not English Learners",2159,82.2,2158,77.5,938,71.7
"New Canaan School District","=""0900011""","High Needs (F/R, EL or SWD)","High Needs",268,61.5,268,56.1,115,58.3
"New Canaan School District","=""0900011""","High Needs (F/R, EL or SWD)","Not High Needs",1917,84.9,1916,80.4,830,73.4
"New Canaan School District","=""0900011""","Free/Reduced Price Meal Eligibility (2-level)","Eligible For Free Or Reduced Price Meals","N/A","N/A","N/A","N/A","*","*"
"New Canaan School District","=""0900011""","Free/Reduced Price Meal Eligibility (2-level)","Not Eligible For Free Or Reduced Price Meals",2185,82.0,2184,77.4,"*","*"
"New Canaan School District","=""0900011""","Race/Ethnicity","American Indian or Alaska Native","*","*","*","*","N/A","N/A"
"New Canaan School District","=""0900011""","Race/Ethnicity","Asian",116,88.0,116,88.2,45,74.0
"New Canaan School District","=""0900011""","Race/Ethnicity","Black or African American","*","*","*","*",9,"*"
"New Canaan School District","=""0900011""","Race/Ethnicity","Hispanic or Latino",73,75.6,73,69.7,29,57.7
"New Canaan School District","=""0900011""","Race/Ethnicity","Two or More Races",42,81.8,42,80.8,10,"*"
"New Canaan School District","=""0900011""","Race/Ethnicity","White",1919,82.1,1918,77.3,852,72.0
"New Canaan School District","=""0900011""","Special Education Status (SWD)","Students with Disabilities",245,60.8,245,54.7,109,58.0
"New Canaan School District","=""0900011""","Special Education Status (SWD)","Students without Disabilities",1940,84.7,1939,80.2,836,73.3
"New Fairfield School District","=""0910011""","All Students","District",1197,72.2,1175,63.6,650,64.0
"New Fairfield School District","=""0910011""","English Language Learners (EL)","English Learners",29,57.3,28,48.4,7,"*"
"New Fairfield School District","=""0910011""","English Language Learners (EL)","Not English Learners",1168,72.6,1147,64.0,643,64.2
"New Fairfield School District","=""0910011""","High Needs (F/R, EL or SWD)","High Needs",244,59.6,238,51.7,123,50.8
"New Fairfield School District","=""0910011""","High Needs (F/R, EL or SWD)","Not High Needs",953,75.4,937,66.6,527,67.1
"New Fairfield School District","=""0910011""","Free/Reduced Price Meal Eligibility (2-level)","Eligible For Free Or Reduced Price Meals",119,66.9,121,56.5,59,57.1
"New Fairfield School District","=""0910011""","Free/Reduced Price Meal Eligibility (2-level)","Not Eligible For Free Or Reduced Price Meals",1078,72.8,1054,64.4,591,64.7
"New Fairfield School District","=""0910011""","Race/Ethnicity","American Indian or Alaska Native","*","*","*","*","*","*"
"New Fairfield School District","=""0910011""","Race/Ethnicity","Asian",31,77.8,31,71.7,17,"*"
"New Fairfield School District","=""0910011""","Race/Ethnicity","Black or African American",19,"*","*","*","*","*"
"New Fairfield School District","=""0910011""","Race/Ethnicity","Hispanic or Latino",88,71.4,86,60.0,45,58.8
"New Fairfield School District","=""0910011""","Race/Ethnicity","Two or More Races","*","*",19,"*",13,"*"
"New Fairfield School District","=""0910011""","Race/Ethnicity","White",1037,72.1,1016,63.8,565,64.6
"New Fairfield School District","=""0910011""","Special Education Status (SWD)","Students with Disabilities",128,51.4,121,44.7,72,43.9
"New Fairfield School District","=""0910011""","Special Education Status (SWD)","Students without Disabilities",1069,74.7,1054,65.8,578,66.5
"New Hartford School District","=""0920011""","All Students","District",299,76.6,294,67.6,79,67.3
"New Hartford School District","=""0920011""","English Language Learners (EL)","English Learners","*","*","*","*","N/A","N/A"
"New Hartford School District","=""0920011""","English Language Learners (EL)","Not English Learners","*","*","*","*",79,67.3
"New Hartford School District","=""0920011""","High Needs (F/R, EL or SWD)","High Needs",68,62.1,68,54.1,15,"*"
"New Hartford School District","=""0920011""","High Needs (F/R, EL or SWD)","Not High Needs",231,80.9,226,71.6,64,69.1
"New Hartford School District","=""0920011""","Free/Reduced Price Meal Eligibility (2-level)","Eligible For Free Or Reduced Price Meals",27,64.5,27,56.1,"*","*"
"New Hartford School District","=""0920011""","Free/Reduced Price Meal Eligibility (2-level)","Not Eligible For Free Or Reduced Price Meals",272,77.8,267,68.7,"*","*"
"New Hartford School District","=""0920011""","Race/Ethnicity","Asian","*","*","*","*","N/A","N/A"
"New Hartford School District","=""0920011""","Race/Ethnicity","Hispanic or Latino",9,"*",9,"*","*","*"
"New Hartford School District","=""0920011""","Race/Ethnicity","Two or More Races","*","*","*","*","*","*"
"New Hartford School District","=""0920011""","Race/Ethnicity","White",278,76.9,273,67.8,76,67.7
"New Hartford School District","=""0920011""","Special Education Status (SWD)","Students with Disabilities",49,57.7,49,49.9,11,"*"
"New Hartford School District","=""0920011""","Special Education Status (SWD)","Students without Disabilities",250,80.3,245,71.1,68,68.8
"New Haven School District","=""0930011""","All Students","District",9352,55.8,9313,46.0,4205,44.7
"New Haven School District","=""0930011""","English Language Learners (EL)","English Learners",1637,47.2,1653,40.0,586,34.4
"New Haven School District","=""0930011""","English Language Learners (EL)","Not English Learners",7715,57.7,7660,47.3,3619,46.4
"New Haven School District","=""0930011""","High Needs (F/R, EL or SWD)","High Needs",6442,51.1,6429,41.8,2863,40.2
"New Haven School District","=""0930011""","High Needs (F/R, EL or SWD)","Not High Needs",2910,66.4,2884,55.2,1342,54.3
"New Haven School District","=""0930011""","Free/Reduced Price Meal Eligibility (2-level)","Eligible For Free Or Reduced Price Meals",5487,51.8,5462,42.2,2475,40.7
"New Haven School District","=""0930011""","Free/Reduced Price Meal Eligibility (2-level)","Not Eligible For Free Or Reduced Price Meals",3865,61.6,3851,51.3,1730,50.5
"New Haven School District","=""0930011""","Race/Ethnicity","American Indian or Alaska Native",21,61.8,21,52.1,"*","*"
"New Haven School District","=""0930011""","Race/Ethnicity","Asian",189,75.6,198,71.6,95,63.0
"New Haven School District","=""0930011""","Race/Ethnicity","Black or African American",3905,52.6,3868,42.2,1803,40.7
"New Haven School District","=""0930011""","Race/Ethnicity","Hispanic or Latino",3886,53.7,3882,44.2,1627,42.7
"New Haven School District","=""0930011""","Race/Ethnicity","Native Hawaiian or Other Pacific Islander","N/A","N/A","N/A","N/A","*","*"
"New Haven School District","=""0930011""","Race/Ethnicity","Two or More Races",30,52.0,31,46.4,17,"*"
"New Haven School District","=""0930011""","Race/Ethnicity","White",1321,68.9,1313,58.5,646,58.1
"New Haven School District","=""0930011""","Special Education Status (SWD)","Students with Disabilities",1516,40.2,1518,32.4,687,33.8
"New Haven School District","=""0930011""","Special Education Status (SWD)","Students without Disabilities",7836,58.9,7795,48.6,3518,46.8
"Newington School District","=""0940011""","All Students","District",2151,70.3,2147,64.7,956,61.6
"Newington School District","=""0940011""","English Language Learners (EL)","English Learners",97,63.2,97,58.0,24,46.5
"Newington School District","=""0940011""","English Language Learners (EL)","Not English Learners",2054,70.6,2050,65.1,932,62.0
"Newington School District","=""0940011""","High Needs (F/R, EL or SWD)","High Needs",718,61.1,713,55.5,295,51.6
"Newington School District","=""0940011""","High Needs (F/R, EL or SWD)","Not High Needs",1433,74.9,1434,69.3,661,66.1
"Newington School District","=""0940011""","Free/Reduced Price Meal Eligibility (2-level)","Eligible For Free Or Reduced Price Meals",447,64.0,444,58.0,187,53.5
"Newington School District","=""0940011""","Free/Reduced Price Meal Eligibility (2-level)","Not Eligible For Free Or Reduced Price Meals",1704,71.9,1703,66.5,769,63.6
"Newington School District","=""0940011""","Race/Ethnicity","American Indian or Alaska Native","*","*","*","*","*","*"
"Newington School District","=""0940011""","Race/Ethnicity","Asian",186,76.5,185,72.6,73,66.8
"Newington School District","=""0940011""","Race/Ethnicity","Black or African American",116,62.1,116,54.8,51,51.7
"Newington School District","=""0940011""","Race/Ethnicity","Hispanic or Latino",345,66.7,345,59.1,148,56.9
"Newington School District","=""0940011""","Race/Ethnicity","Native Hawaiian or Other Pacific Islander","*","*","*","*","*","*"
"Newington School District","=""0940011""","Race/Ethnicity","Two or More Races",99,67.7,99,63.4,43,60.2
"Newington School District","=""0940011""","Race/Ethnicity","White",1400,71.2,1397,66.1,639,63.1
"Newington School District","=""0940011""","Special Education Status (SWD)","Students with Disabilities",304,53.0,302,47.5,146,46.4
"Newington School District","=""0940011""","Special Education Status (SWD)","Students without Disabilities",1847,73.1,1845,67.6,810,64.4
"New London School District","=""0950011""","All Students","District",1482,57.0,1468,49.7,662,44.9
"New London School District","=""0950011""","English Language Learners (EL)","English Learners",365,47.8,363,43.3,159,32.9
"New London School District","=""0950011""","English Language Learners (EL)","Not English Learners",1117,60.0,1105,51.8,503,48.7
"New London School District","=""0950011""","High Needs (F/R, EL or SWD)","High Needs",1297,55.1,1283,47.9,566,42.3
"New London School District","=""0950011""","High Needs (F/R, EL or SWD)","Not High Needs",185,70.1,185,61.5,96,60.3
"New London School District","=""0950011""","Free/Reduced Price Meal Eligibility (2-level)","Eligible For Free Or Reduced Price Meals",1228,55.7,1214,48.2,527,42.7
"New London School District","=""0950011""","Free/Reduced Price Meal Eligibility (2-level)","Not Eligible For Free Or Reduced Price Meals",254,63.3,254,56.8,135,53.4
"New London School District","=""0950011""","Race/Ethnicity","American Indian or Alaska Native","*","*","*","*","*","*"
"New London School District","=""0950011""","Race/Ethnicity","Asian",16,"*",16,"*",8,"*"
"New London School District","=""0950011""","Race/Ethnicity","Black or African American",353,55.3,348,46.2,174,43.0
"New London School District","=""0950011""","Race/Ethnicity","Hispanic or Latino",760,54.1,755,48.0,317,41.8
"New London School District","=""0950011""","Race/Ethnicity","Native Hawaiian or Other Pacific Islander","*","*","*","*","*","*"
"New London School District","=""0950011""","Race/Ethnicity","Two or More Races",106,60.1,106,53.7,44,49.6
"New London School District","=""0950011""","Race/Ethnicity","White",235,66.2,231,57.3,115,53.7
"New London School District","=""0950011""","Special Education Status (SWD)","Students with Disabilities",292,41.4,287,35.9,146,34.6
"New London School District","=""0950011""","Special Education Status (SWD)","Students without Disabilities",1190,60.8,1181,53.0,516,47.8
"New Milford School District","=""0960011""","All Students","District",2103,66.8,2116,60.8,967,60.0
"New Milford School District","=""0960011""","English Language Learners (EL)","English Learners",84,54.1,84,50.6,28,42.6
"New Milford School District","=""0960011""","English Language Learners (EL)","Not English Learners",2019,67.4,2032,61.2,939,60.5
"New Milford School District","=""0960011""","High Needs (F/R, EL or SWD)","High Needs",659,55.9,660,49.7,317,51.3
"New Milford School District","=""0960011""","High Needs (F/R, EL or SWD)","Not High Needs",1444,71.8,1456,65.8,650,64.3
"New Milford School District","=""0960011""","Free/Reduced Price Meal Eligibility (2-level)","Eligible For Free Or Reduced Price Meals",391,58.7,393,52.4,177,53.7
"New Milford School District","=""0960011""","Free/Reduced Price Meal Eligibility (2-level)","Not Eligible For Free Or Reduced Price Meals",1712,68.7,1723,62.7,790,61.5
"New Milford School District","=""0960011""","Race/Ethnicity","American Indian or Alaska Native","*","*","*","*","*","*"
"New Milford School District","=""0960011""","Race/Ethnicity","Asian",75,78.1,76,75.1,33,66.2
"New Milford School District","=""0960011""","Race/Ethnicity","Black or African American","*","*","*","*",23,55.1
"New Milford School District","=""0960011""","Race/Ethnicity","Hispanic or Latino",220,59.7,225,51.9,95,52.4
"New Milford School District","=""0960011""","Race/Ethnicity","Two or More Races",49,68.3,49,62.4,"*","*"
"New Milford School District","=""0960011""","Race/Ethnicity","White",1715,67.4,1722,61.5,793,60.8
"New Milford School District","=""0960011""","Special Education Status (SWD)","Students with Disabilities",344,47.9,345,41.9,187,46.0
"New Milford School District","=""0960011""","Special Education Status (SWD)","Students without Disabilities",1759,70.5,1771,64.4,780,63.4
"Newtown School District","=""0970011""","All Students","District",2471,76.4,2425,69.7,1166,65.4
"Newtown School District","=""0970011""","English Language Learners (EL)","English Learners",6,"*",6,"*","N/A","N/A"
"Newtown School District","=""0970011""","English Language Learners (EL)","Not English Learners",2465,76.5,2419,69.7,1166,65.4
"Newtown School District","=""0970011""","High Needs (F/R, EL or SWD)","High Needs",405,61.9,394,55.9,199,53.2
"Newtown School District","=""0970011""","High Needs (F/R, EL or SWD)","Not High Needs",2066,79.3,2031,72.4,967,67.9
"Newtown School District","=""0970011""","Free/Reduced Price Meal Eligibility (2-level)","Eligible For Free Or Reduced Price Meals",195,65.9,191,59.7,99,58.0
"Newtown School District","=""0970011""","Free/Reduced Price Meal Eligibility (2-level)","Not Eligible For Free Or Reduced Price Meals",2276,77.3,2234,70.5,1067,66.1
"Newtown School District","=""0970011""","Race/Ethnicity","American Indian or Alaska Native","*","*","*","*","N/A","N/A"
"Newtown School District","=""0970011""","Race/Ethnicity","Asian",105,79.6,106,75.7,44,63.0
"Newtown School District","=""0970011""","Race/Ethnicity","Black or African American","*","*","*","*",15,"*"
"Newtown School District","=""0970011""","Race/Ethnicity","Hispanic or Latino",122,70.7,116,63.6,46,57.1
"Newtown School District","=""0970011""","Race/Ethnicity","Two or More Races",40,83.1,40,80.4,11,"*"
"Newtown School District","=""0970011""","Race/Ethnicity","White",2175,76.5,2134,69.5,1050,65.9
"Newtown School District","=""0970011""","Special Education Status (SWD)","Students with Disabilities",249,57.0,242,50.7,123,47.8
"Newtown School District","=""0970011""","Special Education Status (SWD)","Students without Disabilities",2222,78.6,2183,71.8,1043,67.5
"Norfolk School District","=""0980011""","All Students","District",64,70.6,64,65.6,20,56.3
"Norfolk School District","=""0980011""","English Language Learners (EL)","Not English Learners",64,70.6,64,65.6,20,56.3
"Norfolk School District","=""0980011""","High Needs (F/R, EL or SWD)","High Needs",22,57.0,22,51.5,6,"*"
"Norfolk School District","=""0980011""","High Needs (F/R, EL or SWD)","Not High Needs",42,77.7,42,73.0,14,"*"
"Norfolk School District","=""0980011""","Free/Reduced Price Meal Eligibility (2-level)","Eligible For Free Or Reduced Price Meals",12,"*",12,"*","*","*"
"Norfolk School District","=""0980011""","Free/Reduced Price Meal Eligibility (2-level)","Not Eligible For Free Or Reduced Price Meals",52,73.2,52,68.8,"*","*"
"Norfolk School District","=""0980011""","Race/Ethnicity","Hispanic or Latino","*","*","*","*","*","*"
"Norfolk School District","=""0980011""","Race/Ethnicity","White","*","*","*","*","*","*"
"Norfolk School District","=""0980011""","Special Education Status (SWD)","Students with Disabilities",15,"*",15,"*","*","*"
"Norfolk School District","=""0980011""","Special Education Status (SWD)","Students without Disabilities",49,76.2,49,71.7,"*","*"
"North Branford School District","=""0990011""","All Students","District",1037,67.3,1038,59.0,460,57.2
"North Branford School District","=""0990011""","English Language Learners (EL)","English Learners",9,"*",9,"*",6,"*"
"North Branford School District","=""0990011""","English Language Learners (EL)","Not English Learners",1028,67.3,1029,59.0,454,57.3
"North Branford School District","=""0990011""","High Needs (F/R, EL or SWD)","High Needs",318,54.5,318,47.4,150,47.5
"North Branford School District","=""0990011""","High Needs (F/R, EL or SWD)","Not High Needs",719,72.9,720,64.1,310,61.8
"North Branford School District","=""0990011""","Free/Reduced Price Meal Eligibility (2-level)","Eligible For Free Or Reduced Price Meals",177,60.3,177,52.8,86,48.8
"North Branford School District","=""0990011""","Free/Reduced Price Meal Eligibility (2-level)","Not Eligible For Free Or Reduced Price Meals",860,68.7,861,60.3,374,59.1
"North Branford School District","=""0990011""","Race/Ethnicity","American Indian or Alaska Native","*","*","*","*","*","*"
"North Branford School District","=""0990011""","Race/Ethnicity","Asian",24,68.4,24,66.8,13,"*"
"North Branford School District","=""0990011""","Race/Ethnicity","Black or African American",33,60.5,33,51.3,"*","*"
"North Branford School District","=""0990011""","Race/Ethnicity","Hispanic or Latino",42,68.3,42,57.0,19,"*"
"North Branford School District","=""0990011""","Race/Ethnicity","Two or More Races","*","*","*","*","N/A","N/A"
"North Branford School District","=""0990011""","Race/Ethnicity","White",936,67.4,937,59.2,415,57.1
"North Branford School District","=""0990011""","Special Education Status (SWD)","Students with Disabilities",176,45.4,176,40.0,83,43.2
"North Branford School District","=""0990011""","Special Education Status (SWD)","Students without Disabilities",861,71.7,862,62.8,377,60.3
"North Canaan School District","=""1000011""","All Students","District",156,68.3,156,60.9,70,57.3
"North Canaan School District","=""1000011""","English Language Learners (EL)","English Learners","*","*","*","*","*","*"
"North Canaan School District","=""1000011""","English Language Learners (EL)","Not English Learners","*","*","*","*","*","*"
"North Canaan School District","=""1000011""","High Needs (F/R, EL or SWD)","High Needs",61,60.8,61,54.3,30,51.2
"North Canaan School District","=""1000011""","High Needs (F/R, EL or SWD)","Not High Needs",95,73.0,95,65.1,40,61.8
"North Canaan School District","=""1000011""","Free/Reduced Price Meal Eligibility (2-level)","Eligible For Free Or Reduced Price Meals",45,63.5,45,58.2,24,51.9
"North Canaan School District","=""1000011""","Free/Reduced Price Meal Eligibility (2-level)","Not Eligible For Free Or Reduced Price Meals",111,70.2,111,61.9,46,60.1
"North Canaan School District","=""1000011""","Race/Ethnicity","Asian","*","*","*","*","*","*"
"North Canaan School District","=""1000011""","Race/Ethnicity","Black or African American","*","*","*","*","*","*"
"North Canaan School District","=""1000011""","Race/Ethnicity","Hispanic or Latino",20,70.5,20,67.0,9,"*"
"North Canaan School District","=""1000011""","Race/Ethnicity","Two or More Races","*","*","*","*","*","*"
"North Canaan School District","=""1000011""","Race/Ethnicity","White",131,67.7,131,59.8,58,56.9
"North Canaan School District","=""1000011""","Special Education Status (SWD)","Students with Disabilities",24,51.8,24,43.1,10,"*"
"North Canaan School District","=""1000011""","Special Education Status (SWD)","Students without Disabilities",132,71.3,132,64.1,60,59.5
"North Haven School District","=""1010011""","All Students","District",1447,67.1,1435,61.9,784,59.5
"North Haven School District","=""1010011""","English Language Learners (EL)","English Learners",34,54.2,34,50.4,20,38.0
"North Haven School District","=""1010011""","English Language Learners (EL)","Not English Learners",1413,67.4,1401,62.2,764,60.1
"North Haven School District","=""1010011""","High Needs (F/R, EL or SWD)","High Needs",370,56.0,367,51.5,194,48.4
"North Haven School District","=""1010011""","High Needs (F/R, EL or SWD)","Not High Needs",1077,71.0,1068,65.5,590,63.2
"North Haven School District","=""1010011""","Free/Reduced Price Meal Eligibility (2-level)","Eligible For Free Or Reduced Price Meals",207,58.1,206,53.8,111,50.9
"North Haven School District","=""1010011""","Free/Reduced Price Meal Eligibility (2-level)","Not Eligible For Free Or Reduced Price Meals",1240,68.6,1229,63.3,673,61.0
"North Haven School District","=""1010011""","Race/Ethnicity","American Indian or Alaska Native","*","*","*","*","*","*"
"North Haven School District","=""1010011""","Race/Ethnicity","Asian",83,76.1,83,71.4,46,62.9
"North Haven School District","=""1010011""","Race/Ethnicity","Black or African American",49,57.3,48,56.5,31,49.5
"North Haven School District","=""1010011""","Race/Ethnicity","Hispanic or Latino",95,60.8,94,54.6,50,51.5
"North Haven School District","=""1010011""","Race/Ethnicity","Two or More Races","*","*","*","*","*","*"
"North Haven School District","=""1010011""","Race/Ethnicity","White",1185,67.3,1175,61.9,636,60.3
"North Haven School District","=""1010011""","Special Education Status (SWD)","Students with Disabilities",204,51.2,203,46.5,98,44.6
"North Haven School District","=""1010011""","Special Education Status (SWD)","Students without Disabilities",1243,69.7,1232,64.5,686,61.7
"North Stonington School District","=""1020011""","All Students","District",368,73.8,368,68.6,160,65.7
"North Stonington School District","=""1020011""","English Language Learners (EL)","English Learners","*","*","*","*","*","*"
"North Stonington School District","=""1020011""","English Language Learners (EL)","Not English Learners","*","*","*","*","*","*"
"North Stonington School District","=""1020011""","High Needs (F/R, EL or SWD)","High Needs",84,58.9,84,56.8,37,51.7
"North Stonington School District","=""1020011""","High Needs (F/R, EL or SWD)","Not High Needs",284,78.2,284,72.1,123,70.0
"North Stonington School District","=""1020011""","Free/Reduced Price Meal Eligibility (2-level)","Eligible For Free Or Reduced Price Meals",58,60.9,58,59.5,26,55.1
"North Stonington School District","=""1020011""","Free/Reduced Price Meal Eligibility (2-level)","Not Eligible For Free Or Reduced Price Meals",310,76.2,310,70.3,134,67.8
"North Stonington School District","=""1020011""","Race/Ethnicity","American Indian or Alaska Native",8,"*",8,"*","*","*"
"North Stonington School District","=""1020011""","Race/Ethnicity","Asian","*","*","*","*","*","*"
"North Stonington School District","=""1020011""","Race/Ethnicity","Black or African American",8,"*",8,"*","*","*"
"North Stonington School District","=""1020011""","Race/Ethnicity","Hispanic or Latino",11,"*",11,"*","*","*"
"North Stonington School District","=""1020011""","Race/Ethnicity","Native Hawaiian or Other Pacific Islander","*","*","*","*","N/A","N/A"
"North Stonington School District","=""1020011""","Race/Ethnicity","Two or More Races",8,"*",8,"*","*","*"
"North Stonington School District","=""1020011""","Race/Ethnicity","White",328,74.1,328,69.1,148,66.5
"North Stonington School District","=""1020011""","Special Education Status (SWD)","Students with Disabilities",42,51.9,42,47.8,16,"*"
"North Stonington School District","=""1020011""","Special Education Status (SWD)","Students without Disabilities",326,76.6,326,71.2,144,68.4
"Norwalk School District","=""1030011""","All Students","District",5503,64.7,5497,54.5,2402,54.6
"Norwalk School District","=""1030011""","English Language Learners (EL)","English Learners",856,52.8,856,45.3,318,40.0
"Norwalk School District","=""1030011""","English Language Learners (EL)","Not English Learners",4647,66.9,4641,56.2,2084,56.8
"Norwalk School District","=""1030011""","High Needs (F/R, EL or SWD)","High Needs",3163,58.4,3158,48.3,1331,48.0
"Norwalk School District","=""1030011""","High Needs (F/R, EL or SWD)","Not High Needs",2340,73.3,2339,62.9,1071,62.8
"Norwalk School District","=""1030011""","Free/Reduced Price Meal Eligibility (2-level)","Eligible For Free Or Reduced Price Meals",2804,59.2,2799,48.9,1153,48.8
"Norwalk School District","=""1030011""","Free/Reduced Price Meal Eligibility (2-level)","Not Eligible For Free Or Reduced Price Meals",2699,70.5,2698,60.4,1249,60.0
"Norwalk School District","=""1030011""","Race/Ethnicity","American Indian or Alaska Native","*","*","*","*","*","*"
"Norwalk School District","=""1030011""","Race/Ethnicity","Asian",255,75.9,253,66.9,107,63.4
"Norwalk School District","=""1030011""","Race/Ethnicity","Black or African American",1023,56.5,1022,45.7,487,47.0
"Norwalk School District","=""1030011""","Race/Ethnicity","Hispanic or Latino",2356,60.8,2354,50.5,951,50.5
"Norwalk School District","=""1030011""","Race/Ethnicity","Native Hawaiian or Other Pacific Islander","*","*","*","*","*","*"
"Norwalk School District","=""1030011""","Race/Ethnicity","Two or More Races",67,71.6,67,59.3,27,56.3
"Norwalk School District","=""1030011""","Race/Ethnicity","White",1798,72.8,1797,62.8,825,62.6
"Norwalk School District","=""1030011""","Special Education Status (SWD)","Students with Disabilities",777,47.4,775,39.1,321,39.2
"Norwalk School District","=""1030011""","Special Education Status (SWD)","Students without Disabilities",4726,67.6,4722,57.0,2081,57.0
"Norwich School District","=""1040011""","All Students","District",2129,56.8,2125,48.8,741,47.7
"Norwich School District","=""1040011""","English Language Learners (EL)","English Learners",305,48.0,307,41.1,107,35.8
"Norwich School District","=""1040011""","English Language Learners (EL)","Not English Learners",1824,58.2,1818,50.1,634,49.7
"Norwich School District","=""1040011""","High Needs (F/R, EL or SWD)","High Needs",1715,54.3,1713,46.2,586,44.8
"Norwich School District","=""1040011""","High Needs (F/R, EL or SWD)","Not High Needs",414,67.1,412,59.3,155,58.7
"Norwich School District","=""1040011""","Free/Reduced Price Meal Eligibility (2-level)","Eligible For Free Or Reduced Price Meals",1631,54.6,1629,46.4,547,45.1
"Norwich School District","=""1040011""","Free/Reduced Price Meal Eligibility (2-level)","Not Eligible For Free Or Reduced Price Meals",498,63.7,496,56.5,194,54.8
"Norwich School District","=""1040011""","Race/Ethnicity","American Indian or Alaska Native","*","*","*","*","*","*"
"Norwich School District","=""1040011""","Race/Ethnicity","Asian",140,70.8,140,67.0,46,56.0
"Norwich School District","=""1040011""","Race/Ethnicity","Black or African American",425,51.4,423,42.6,165,41.2
"Norwich School District","=""1040011""","Race/Ethnicity","Hispanic or Latino",580,53.5,584,45.3,205,44.4
"Norwich School District","=""1040011""","Race/Ethnicity","Native Hawaiian or Other Pacific Islander","*","*","*","*","*","*"
"Norwich School District","=""1040011""","Race/Ethnicity","Two or More Races",193,59.0,192,49.5,59,47.0
"Norwich School District","=""1040011""","Race/Ethnicity","White",771,59.3,766,51.5,257,53.2
"Norwich School District","=""1040011""","Special Education Status (SWD)","Students with Disabilities",409,41.1,409,34.0,150,36.6
"Norwich School District","=""1040011""","Special Education Status (SWD)","Students without Disabilities",1720,60.5,1716,52.3,591,50.5
"Old Saybrook School District","=""1060011""","All Students","District",726,74.2,728,64.5,303,64.2
"Old Saybrook School District","=""1060011""","English Language Learners (EL)","English Learners",17,"*",17,"*",8,"*"
"Old Saybrook School District","=""1060011""","English Language Learners (EL)","Not English Learners",709,74.5,711,64.8,295,64.8
"Old Saybrook School District","=""1060011""","High Needs (F/R, EL or SWD)","High Needs",216,64.9,217,54.5,87,57.0
"Old Saybrook School District","=""1060011""","High Needs (F/R, EL or SWD)","Not High Needs",510,78.1,511,68.7,216,67.1
"Old Saybrook School District","=""1060011""","Free/Reduced Price Meal Eligibility (2-level)","Eligible For Free Or Reduced Price Meals",116,70.2,117,60.1,43,58.7
"Old Saybrook School District","=""1060011""","Free/Reduced Price Meal Eligibility (2-level)","Not Eligible For Free Or Reduced Price Meals",610,74.9,611,65.4,260,65.1
"Old Saybrook School District","=""1060011""","Race/Ethnicity","Asian",34,75.0,34,67.2,13,"*"
"Old Saybrook School District","=""1060011""","Race/Ethnicity","Black or African American",15,"*",15,"*",8,"*"
"Old Saybrook School District","=""1060011""","Race/Ethnicity","Hispanic or Latino",45,72.4,46,60.0,14,"*"
"Old Saybrook School District","=""1060011""","Race/Ethnicity","Two or More Races",13,"*",13,"*",6,"*"
"Old Saybrook School District","=""1060011""","Race/Ethnicity","White",619,74.5,620,64.9,262,64.3
"Old Saybrook School District","=""1060011""","Special Education Status (SWD)","Students with Disabilities",128,58.5,128,48.1,54,54.2
"Old Saybrook School District","=""1060011""","Special Education Status (SWD)","Students without Disabilities",598,77.5,600,68.0,249,66.4
"Orange School District","=""1070011""","All Students","District",693,80.7,693,73.4,195,64.4
"Orange School District","=""1070011""","English Language Learners (EL)","English Learners",17,"*",17,"*",6,"*"
"Orange School District","=""1070011""","English Language Learners (EL)","Not English Learners",676,81.0,676,73.5,189,64.3
"Orange School District","=""1070011""","High Needs (F/R, EL or SWD)","High Needs",112,64.4,111,58.2,33,56.5
"Orange School District","=""1070011""","High Needs (F/R, EL or SWD)","Not High Needs",581,83.8,582,76.3,162,66.0
"Orange School District","=""1070011""","Free/Reduced Price Meal Eligibility (2-level)","Eligible For Free Or Reduced Price Meals",38,67.6,37,59.6,13,"*"
"Orange School District","=""1070011""","Free/Reduced Price Meal Eligibility (2-level)","Not Eligible For Free Or Reduced Price Meals",655,81.5,656,74.2,182,64.7
"Orange School District","=""1070011""","Race/Ethnicity","American Indian or Alaska Native","*","*","*","*","*","*"
"Orange School District","=""1070011""","Race/Ethnicity","Asian",82,88.9,82,86.5,18,"*"
"Orange School District","=""1070011""","Race/Ethnicity","Black or African American",16,"*",16,"*","*","*"
"Orange School District","=""1070011""","Race/Ethnicity","Hispanic or Latino",35,73.2,35,65.7,8,"*"
"Orange School District","=""1070011""","Race/Ethnicity","Two or More Races","*","*","*","*","*","*"
"Orange School District","=""1070011""","Race/Ethnicity","White",551,80.1,551,72.3,159,63.9
"Orange School District","=""1070011""","Special Education Status (SWD)","Students with Disabilities",75,59.2,74,54.5,21,51.8
"Orange School District","=""1070011""","Special Education Status (SWD)","Students without Disabilities",618,83.3,619,75.7,174,65.9
"Oxford School District","=""1080011""","All Students","District",1108,75.3,1104,63.4,514,63.7
"Oxford School District","=""1080011""","English Language Learners (EL)","English Learners",20,67.7,20,58.3,7,"*"
"Oxford School District","=""1080011""","English Language Learners (EL)","Not English Learners",1088,75.4,1084,63.4,507,63.9
"Oxford School District","=""1080011""","High Needs (F/R, EL or SWD)","High Needs",241,62.7,239,51.5,106,51.0
"Oxford School District","=""1080011""","High Needs (F/R, EL or SWD)","Not High Needs",867,78.8,865,66.6,408,67.0
"Oxford School District","=""1080011""","Free/Reduced Price Meal Eligibility (2-level)","Eligible For Free Or Reduced Price Meals",89,69.5,88,56.2,42,55.6
"Oxford School District","=""1080011""","Free/Reduced Price Meal Eligibility (2-level)","Not Eligible For Free Or Reduced Price Meals",1019,75.8,1016,64.0,472,64.4
"Oxford School District","=""1080011""","Race/Ethnicity","American Indian or Alaska Native","*","*","*","*","N/A","N/A"
"Oxford School District","=""1080011""","Race/Ethnicity","Asian",23,86.6,23,72.1,8,"*"
"Oxford School District","=""1080011""","Race/Ethnicity","Black or African American","*","*","*","*",7,"*"
"Oxford School District","=""1080011""","Race/Ethnicity","Hispanic or Latino",57,70.2,57,57.9,23,61.6
"Oxford School District","=""1080011""","Race/Ethnicity","Two or More Races",16,"*",16,"*",10,"*"
"Oxford School District","=""1080011""","Race/Ethnicity","White",996,75.6,992,63.8,466,63.8
"Oxford School District","=""1080011""","Special Education Status (SWD)","Students with Disabilities",160,55.5,159,45.9,68,45.9
"Oxford School District","=""1080011""","Special Education Status (SWD)","Students without Disabilities",948,78.6,945,66.3,446,66.4
"Plainfield School District","=""1090011""","All Students","District",1140,64.3,1166,54.9,527,53.3
"Plainfield School District","=""1090011""","English Language Learners (EL)","English Learners",9,"*",9,"*","*","*"
"Plainfield School District","=""1090011""","English Language Learners (EL)","Not English Learners",1131,64.3,1157,55.0,"*","*"
"Plainfield School District","=""1090011""","High Needs (F/R, EL or SWD)","High Needs",582,58.9,589,50.1,275,49.1
"Plainfield School District","=""1090011""","High Needs (F/R, EL or SWD)","Not High Needs",558,69.8,577,59.7,252,57.9
"Plainfield School District","=""1090011""","Free/Reduced Price Meal Eligibility (2-level)","Eligible For Free Or Reduced Price Meals",532,60.1,540,51.0,248,50.7
"Plainfield School District","=""1090011""","Free/Reduced Price Meal Eligibility (2-level)","Not Eligible For Free Or Reduced Price Meals",608,67.9,626,58.2,279,55.7
"Plainfield School District","=""1090011""","Race/Ethnicity","American Indian or Alaska Native",8,"*",8,"*","*","*"
"Plainfield School District","=""1090011""","Race/Ethnicity","Asian",27,65.8,28,55.2,15,"*"
"Plainfield School District","=""1090011""","Race/Ethnicity","Black or African American",43,60.1,45,48.1,26,54.9
"Plainfield School District","=""1090011""","Race/Ethnicity","Hispanic or Latino",14,"*",14,"*",8,"*"
"Plainfield School District","=""1090011""","Race/Ethnicity","Native Hawaiian or Other Pacific Islander","*","*","*","*","*","*"
"Plainfield School District","=""1090011""","Race/Ethnicity","Two or More Races","*","*","*","*","*","*"
"Plainfield School District","=""1090011""","Race/Ethnicity","White",1040,64.4,1063,55.2,470,53.4
"Plainfield School District","=""1090011""","Special Education Status (SWD)","Students with Disabilities",148,44.4,148,40.8,82,38.7
"Plainfield School District","=""1090011""","Special Education Status (SWD)","Students without Disabilities",992,67.2,1018,56.9,445,56.0
"Plainville School District","=""1100011""","All Students","District",1231,68.4,1231,58.6,557,57.7
"Plainville School District","=""1100011""","English Language Learners (EL)","English Learners",70,65.2,70,58.9,21,40.4
"Plainville School District","=""1100011""","English Language Learners (EL)","Not English Learners",1161,68.6,1161,58.6,536,58.3
"Plainville School District","=""1100011""","High Needs (F/R, EL or SWD)","High Needs",555,61.2,555,52.2,252,51.5
"Plainville School District","=""1100011""","High Needs (F/R, EL or SWD)","Not High Needs",676,74.2,676,63.9,305,62.7
"Plainville School District","=""1100011""","Free/Reduced Price Meal Eligibility (2-level)","Eligible For Free Or Reduced Price Meals",415,62.7,415,54.1,198,53.5
"Plainville School District","=""1100011""","Free/Reduced Price Meal Eligibility (2-level)","Not Eligible For Free Or Reduced Price Meals",816,71.2,816,61.0,359,59.9
"Plainville School District","=""1100011""","Race/Ethnicity","American Indian or Alaska Native","*","*","*","*","N/A","N/A"
"Plainville School District","=""1100011""","Race/Ethnicity","Asian","*","*","*","*",10,"*"
"Plainville School District","=""1100011""","Race/Ethnicity","Black or African American",60,62.3,60,50.6,35,50.4
"Plainville School District","=""1100011""","Race/Ethnicity","Hispanic or Latino",177,62.6,177,53.7,79,53.1
"Plainville School District","=""1100011""","Race/Ethnicity","Two or More Races",40,68.4,40,58.8,16,"*"
"Plainville School District","=""1100011""","Race/Ethnicity","White",924,69.6,924,59.8,417,59.1
"Plainville School District","=""1100011""","Special Education Status (SWD)","Students with Disabilities",195,49.9,195,40.3,83,41.5
"Plainville School District","=""1100011""","Special Education Status (SWD)","Students without Disabilities",1036,71.8,1036,62.1,474,60.5
"Plymouth School District","=""1110011""","All Students","District",759,66.6,758,57.4,365,54.3
"Plymouth School District","=""1110011""","English Language Learners (EL)","English Learners",8,"*",8,"*","*","*"
"Plymouth School District","=""1110011""","English Language Learners (EL)","Not English Learners",751,66.8,750,57.6,"*","*"
"Plymouth School District","=""1110011""","High Needs (F/R, EL or SWD)","High Needs",315,57.6,314,49.7,141,46.7
"Plymouth School District","=""1110011""","High Needs (F/R, EL or SWD)","Not High Needs",444,72.9,444,62.9,224,59.0
"Plymouth School District","=""1110011""","Free/Reduced Price Meal Eligibility (2-level)","Eligible For Free Or Reduced Price Meals",242,60.3,241,52.2,119,47.6
"Plymouth School District","=""1110011""","Free/Reduced Price Meal Eligibility (2-level)","Not Eligible For Free Or Reduced Price Meals",517,69.5,517,59.8,246,57.5
"Plymouth School District","=""1110011""","Race/Ethnicity","American Indian or Alaska Native","*","*","*","*","*","*"
"Plymouth School District","=""1110011""","Race/Ethnicity","Asian",13,"*",13,"*","*","*"
"Plymouth School District","=""1110011""","Race/Ethnicity","Black or African American",9,"*",9,"*",7,"*"
"Plymouth School District","=""1110011""","Race/Ethnicity","Hispanic or Latino",42,60.1,40,47.1,22,47.9
"Plymouth School District","=""1110011""","Race/Ethnicity","Two or More Races","*","*","*","*","*","*"
"Plymouth School District","=""1110011""","Race/Ethnicity","White",687,67.4,687,58.4,329,54.9
"Plymouth School District","=""1110011""","Special Education Status (SWD)","Students with Disabilities",135,46.5,135,39.7,57,39.1
"Plymouth School District","=""1110011""","Special Education Status (SWD)","Students without Disabilities",624,70.9,623,61.2,308,57.1
"Pomfret School District","=""1120011""","All Students","District",288,77.0,288,70.1,106,64.5
"Pomfret School District","=""1120011""","English Language Learners (EL)","English Learners","*","*","*","*","N/A","N/A"
"Pomfret School District","=""1120011""","English Language Learners (EL)","Not English Learners","*","*","*","*",106,64.5
"Pomfret School District","=""1120011""","High Needs (F/R, EL or SWD)","High Needs",73,67.1,73,61.0,17,"*"
"Pomfret School District","=""1120011""","High Needs (F/R, EL or SWD)","Not High Needs",215,80.4,215,73.2,89,67.3
"Pomfret School District","=""1120011""","Free/Reduced Price Meal Eligibility (2-level)","Eligible For Free Or Reduced Price Meals",48,71.8,48,65.2,8,"*"
"Pomfret School District","=""1120011""","Free/Reduced Price Meal Eligibility (2-level)","Not Eligible For Free Or Reduced Price Meals",240,78.1,240,71.1,98,64.9
"Pomfret School District","=""1120011""","Race/Ethnicity","American Indian or Alaska Native","*","*","*","*","N/A","N/A"
"Pomfret School District","=""1120011""","Race/Ethnicity","Asian",9,"*",9,"*","*","*"
"Pomfret School District","=""1120011""","Race/Ethnicity","Black or African American","*","*","*","*","*","*"
"Pomfret School District","=""1120011""","Race/Ethnicity","Hispanic or Latino",7,"*",7,"*","N/A","N/A"
"Pomfret School District","=""1120011""","Race/Ethnicity","Two or More Races","*","*","*","*","*","*"
"Pomfret School District","=""1120011""","Race/Ethnicity","White",264,77.1,264,70.2,100,64.8
"Pomfret School District","=""1120011""","Special Education Status (SWD)","Students with Disabilities",40,57.8,40,52.0,11,"*"
"Pomfret School District","=""1120011""","Special Education Status (SWD)","Students without Disabilities",248,80.1,248,73.0,95,67.0
"Portland School District","=""1130011""","All Students","District",694,79.1,693,69.1,321,64.2
"Portland School District","=""1130011""","English Language Learners (EL)","English Learners",15,"*",15,"*","*","*"
"Portland School District","=""1130011""","English Language Learners (EL)","Not English Learners",679,79.4,678,69.3,"*","*"
"Portland School District","=""1130011""","High Needs (F/R, EL or SWD)","High Needs",196,66.7,196,56.0,82,56.1
"Portland School District","=""1130011""","High Needs (F/R, EL or SWD)","Not High Needs",498,84.1,497,74.2,239,67.0
"Portland School District","=""1130011""","Free/Reduced Price Meal Eligibility (2-level)","Eligible For Free Or Reduced Price Meals",144,68.9,144,58.2,68,58.4
"Portland School District","=""1130011""","Free/Reduced Price Meal Eligibility (2-level)","Not Eligible For Free Or Reduced Price Meals",550,81.8,549,71.9,253,65.8
"Portland School District","=""1130011""","Race/Ethnicity","American Indian or Alaska Native","*","*","*","*","N/A","N/A"
"Portland School District","=""1130011""","Race/Ethnicity","Asian",11,"*",11,"*","*","*"
"Portland School District","=""1130011""","Race/Ethnicity","Black or African American",18,"*",18,"*",7,"*"
"Portland School District","=""1130011""","Race/Ethnicity","Hispanic or Latino",63,67.7,63,57.3,25,59.7
"Portland School District","=""1130011""","Race/Ethnicity","Native Hawaiian or Other Pacific Islander","*","*","*","*","*","*"
"Portland School District","=""1130011""","Race/Ethnicity","Two or More Races",25,72.4,25,60.3,11,"*"
"Portland School District","=""1130011""","Race/Ethnicity","White",575,80.7,574,70.8,273,65.1
"Portland School District","=""1130011""","Special Education Status (SWD)","Students with Disabilities",89,58.4,89,47.5,29,48.2
"Portland School District","=""1130011""","Special Education Status (SWD)","Students without Disabilities",605,82.2,604,72.3,292,65.8
"Preston School District","=""1140011""","All Students","District",253,72.6,252,67.7,87,61.0
"Preston School District","=""1140011""","English Language Learners (EL)","English Learners",10,"*",10,"*","*","*"
"Preston School District","=""1140011""","English Language Learners (EL)","Not English Learners",243,72.3,242,67.4,"*","*"
"Preston School District","=""1140011""","High Needs (F/R, EL or SWD)","High Needs",104,60.6,103,57.3,37,55.7
"Preston School District","=""1140011""","High Needs (F/R, EL or SWD)","Not High Needs",149,81.0,149,74.8,50,64.9
"Preston School District","=""1140011""","Free/Reduced Price Meal Eligibility (2-level)","Eligible For Free Or Reduced Price Meals",61,64.4,61,61.0,25,57.9
"Preston School District","=""1140011""","Free/Reduced Price Meal Eligibility (2-level)","Not Eligible For Free Or Reduced Price Meals",192,75.2,191,69.8,62,62.2
"Preston School District","=""1140011""","Race/Ethnicity","American Indian or Alaska Native",11,"*",11,"*","N/A","N/A"
"Preston School District","=""1140011""","Race/Ethnicity","Asian","*","*","*","*","*","*"
"Preston School District","=""1140011""","Race/Ethnicity","Black or African American",8,"*",8,"*","*","*"
"Preston School District","=""1140011""","Race/Ethnicity","Hispanic or Latino",7,"*",7,"*","*","*"
"Preston School District","=""1140011""","Race/Ethnicity","Native Hawaiian or Other Pacific Islander","*","*","*","*","N/A","N/A"
"Preston School District","=""1140011""","Race/Ethnicity","Two or More Races",6,"*",6,"*","*","*"
"Preston School District","=""1140011""","Race/Ethnicity","White",215,74.0,214,69.1,80,62.4
"Preston School District","=""1140011""","Special Education Status (SWD)","Students with Disabilities",59,50.9,58,48.3,18,"*"
"Preston School District","=""1140011""","Special Education Status (SWD)","Students without Disabilities",194,79.2,194,73.4,69,65.1
"Putnam School District","=""1160011""","All Students","District",603,62.8,605,53.7,276,50.8
"Putnam School District","=""1160011""","English Language Learners (EL)","English Learners",13,"*",13,"*","*","*"
"Putnam School District","=""1160011""","English Language Learners (EL)","Not English Learners",590,63.1,592,54.0,"*","*"
"Putnam School District","=""1160011""","High Needs (F/R, EL or SWD)","High Needs",368,57.1,370,48.5,166,46.7
"Putnam School District","=""1160011""","High Needs (F/R, EL or SWD)","Not High Needs",235,71.8,235,62.0,110,57.1
"Putnam School District","=""1160011""","Free/Reduced Price Meal Eligibility (2-level)","Eligible For Free Or Reduced Price Meals",337,58.2,339,49.1,150,47.8
"Putnam School District","=""1160011""","Free/Reduced Price Meal Eligibility (2-level)","Not Eligible For Free Or Reduced Price Meals",266,68.7,266,59.7,126,54.4
"Putnam School District","=""1160011""","Race/Ethnicity","American Indian or Alaska Native","*","*","*","*","*","*"
"Putnam School District","=""1160011""","Race/Ethnicity","Asian",9,"*",9,"*","*","*"
"Putnam School District","=""1160011""","Race/Ethnicity","Black or African American",6,"*",6,"*",7,"*"
"Putnam School District","=""1160011""","Race/Ethnicity","Hispanic or Latino",46,54.0,47,47.3,19,"*"
"Putnam School District","=""1160011""","Race/Ethnicity","Native Hawaiian or Other Pacific Islander","*","*","*","*","N/A","N/A"
"Putnam School District","=""1160011""","Race/Ethnicity","Two or More Races",23,57.1,23,46.8,14,"*"
"Putnam School District","=""1160011""","Race/Ethnicity","White",514,64.0,515,54.8,230,51.6
"Putnam School District","=""1160011""","Special Education Status (SWD)","Students with Disabilities",101,44.1,101,38.8,61,38.4
"Putnam School District","=""1160011""","Special Education Status (SWD)","Students without Disabilities",502,66.6,504,56.7,215,54.4
"Redding School District","=""1170011""","All Students","District",638,77.4,623,73.1,261,63.5
"Redding School District","=""1170011""","English Language Learners (EL)","English Learners","*","*","*","*","*","*"
"Redding School District","=""1170011""","English Language Learners (EL)","Not English Learners","*","*","*","*","*","*"
"Redding School District","=""1170011""","High Needs (F/R, EL or SWD)","High Needs",107,61.3,103,58.4,49,54.4
"Redding School District","=""1170011""","High Needs (F/R, EL or SWD)","Not High Needs",531,80.6,520,76.0,212,65.6
"Redding School District","=""1170011""","Free/Reduced Price Meal Eligibility (2-level)","Eligible For Free Or Reduced Price Meals",22,68.2,19,"*",8,"*"
"Redding School District","=""1170011""","Free/Reduced Price Meal Eligibility (2-level)","Not Eligible For Free Or Reduced Price Meals",616,77.7,604,73.4,253,63.6
"Redding School District","=""1170011""","Race/Ethnicity","Asian",17,"*",17,"*","*","*"
"Redding School District","=""1170011""","Race/Ethnicity","Black or African American","*","*","*","*","*","*"
"Redding School District","=""1170011""","Race/Ethnicity","Hispanic or Latino",26,71.1,25,66.9,9,"*"
"Redding School District","=""1170011""","Race/Ethnicity","Native Hawaiian or Other Pacific Islander","*","*","*","*","*","*"
"Redding School District","=""1170011""","Race/Ethnicity","Two or More Races",49,76.9,46,74.6,17,"*"
"Redding School District","=""1170011""","Race/Ethnicity","White",542,77.3,531,72.8,229,63.5
"Redding School District","=""1170011""","Special Education Status (SWD)","Students with Disabilities",89,59.2,87,56.8,43,53.9
"Redding School District","=""1170011""","Special Education Status (SWD)","Students without Disabilities",549,80.3,536,75.7,218,65.3
"Ridgefield School District","=""1180011""","All Students","District",2546,82.2,2501,72.8,1238,67.9
"Ridgefield School District","=""1180011""","English Language Learners (EL)","English Learners",27,71.9,27,63.6,10,"*"
"Ridgefield School District","=""1180011""","English Language Learners (EL)","Not English Learners",2519,82.3,2474,72.9,1228,68.0
"Ridgefield School District","=""1180011""","High Needs (F/R, EL or SWD)","High Needs",341,61.4,331,53.0,157,51.8
"Ridgefield School District","=""1180011""","High Needs (F/R, EL or SWD)","Not High Needs",2205,85.4,2170,75.9,1081,70.2
"Ridgefield School District","=""1180011""","Free/Reduced Price Meal Eligibility (2-level)","Eligible For Free Or Reduced Price Meals",53,67.7,53,59.2,26,60.5
"Ridgefield School District","=""1180011""","Free/Reduced Price Meal Eligibility (2-level)","Not Eligible For Free Or Reduced Price Meals",2493,82.5,2448,73.1,1212,68.1
"Ridgefield School District","=""1180011""","Race/Ethnicity","American Indian or Alaska Native","*","*","*","*","*","*"
"Ridgefield School District","=""1180011""","Race/Ethnicity","Asian",153,89.8,152,85.2,57,73.7
"Ridgefield School District","=""1180011""","Race/Ethnicity","Black or African American",10,"*",10,"*",8,"*"
"Ridgefield School District","=""1180011""","Race/Ethnicity","Hispanic or Latino",152,76.0,152,67.4,63,61.0
"Ridgefield School District","=""1180011""","Race/Ethnicity","Native Hawaiian or Other Pacific Islander","*","*","*","*","*","*"
"Ridgefield School District","=""1180011""","Race/Ethnicity","Two or More Races",54,86.3,54,77.1,21,70.3
"Ridgefield School District","=""1180011""","Race/Ethnicity","White",2172,82.0,2129,72.3,1086,67.9
"Ridgefield School District","=""1180011""","Special Education Status (SWD)","Students with Disabilities",286,58.7,276,50.4,135,49.8
"Ridgefield School District","=""1180011""","Special Education Status (SWD)","Students without Disabilities",2260,85.1,2225,75.6,1103,70.1
"Rocky Hill School District","=""1190011""","All Students","District",1192,76.6,1187,67.3,547,63.6
"Rocky Hill School District","=""1190011""","English Language Learners (EL)","English Learners",66,64.6,66,58.3,17,"*"
"Rocky Hill School District","=""1190011""","English Language Learners (EL)","Not English Learners",1126,77.3,1121,67.9,530,64.0
"Rocky Hill School District","=""1190011""","High Needs (F/R, EL or SWD)","High Needs",301,63.0,301,53.4,135,53.6
"Rocky Hill School District","=""1190011""","High Needs (F/R, EL or SWD)","Not High Needs",891,81.2,886,72.1,412,66.8
"Rocky Hill School District","=""1190011""","Free/Reduced Price Meal Eligibility (2-level)","Eligible For Free Or Reduced Price Meals",174,65.0,174,53.6,77,56.0
"Rocky Hill School District","=""1190011""","Free/Reduced Price Meal Eligibility (2-level)","Not Eligible For Free Or Reduced Price Meals",1018,78.6,1013,69.7,470,64.8
"Rocky Hill School District","=""1190011""","Race/Ethnicity","American Indian or Alaska Native","*","*","*","*","N/A","N/A"
"Rocky Hill School District","=""1190011""","Race/Ethnicity","Asian",217,82.4,217,77.8,73,65.5
"Rocky Hill School District","=""1190011""","Race/Ethnicity","Black or African American",29,73.5,29,60.1,14,"*"
"Rocky Hill School District","=""1190011""","Race/Ethnicity","Hispanic or Latino",104,66.4,104,54.2,49,59.1
"Rocky Hill School District","=""1190011""","Race/Ethnicity","Two or More Races","*","*","*","*",13,"*"
"Rocky Hill School District","=""1190011""","Race/Ethnicity","White",820,76.4,815,66.4,398,64.3
"Rocky Hill School District","=""1190011""","Special Education Status (SWD)","Students with Disabilities",136,51.8,136,43.7,66,48.9
"Rocky Hill School District","=""1190011""","Special Education Status (SWD)","Students without Disabilities",1056,79.8,1051,70.4,481,65.6
"Salem School District","=""1210011""","All Students","District",258,78.5,258,73.9,85,61.0
"Salem School District","=""1210011""","English Language Learners (EL)","English Learners","*","*","*","*","N/A","N/A"
"Salem School District","=""1210011""","English Language Learners (EL)","Not English Learners","*","*","*","*",85,61.0
"Salem School District","=""1210011""","High Needs (F/R, EL or SWD)","High Needs",71,62.8,71,58.4,22,45.7
"Salem School District","=""1210011""","High Needs (F/R, EL or SWD)","Not High Needs",187,84.4,187,79.7,63,66.4
"Salem School District","=""1210011""","Free/Reduced Price Meal Eligibility (2-level)","Eligible For Free Or Reduced Price Meals",40,68.5,40,63.9,12,"*"
"Salem School District","=""1210011""","Free/Reduced Price Meal Eligibility (2-level)","Not Eligible For Free Or Reduced Price Meals",218,80.3,218,75.7,73,62.7
"Salem School District","=""1210011""","Race/Ethnicity","American Indian or Alaska Native","*","*","*","*","N/A","N/A"
"Salem School District","=""1210011""","Race/Ethnicity","Asian",15,"*",15,"*",8,"*"
"Salem School District","=""1210011""","Race/Ethnicity","Black or African American",11,"*",11,"*","*","*"
"Salem School District","=""1210011""","Race/Ethnicity","Hispanic or Latino",10,"*",10,"*","*","*"
"Salem School District","=""1210011""","Race/Ethnicity","Native Hawaiian or Other Pacific Islander","*","*","*","*","N/A","N/A"
"Salem School District","=""1210011""","Race/Ethnicity","Two or More Races","*","*","*","*","*","*"
"Salem School District","=""1210011""","Race/Ethnicity","White",216,77.9,216,73.6,67,61.3
"Salem School District","=""1210011""","Special Education Status (SWD)","Students with Disabilities",37,53.3,37,49.9,12,"*"
"Salem School District","=""1210011""","Special Education Status (SWD)","Students without Disabilities",221,82.7,221,77.9,73,64.5
"Salisbury School District","=""1220011""","All Students","District",159,84.4,159,72.5,67,65.9
"Salisbury School District","=""1220011""","English Language Learners (EL)","English Learners","N/A","N/A","N/A","N/A","N/A","N/A"
"Salisbury School District","=""1220011""","English Language Learners (EL)","Not English Learners",159,84.4,159,72.5,67,65.9
"Salisbury School District","=""1220011""","High Needs (F/R, EL or SWD)","High Needs",37,72.3,37,55.4,18,"*"
"Salisbury School District","=""1220011""","High Needs (F/R, EL or SWD)","Not High Needs",122,88.1,122,77.8,49,68.1
"Salisbury School District","=""1220011""","Free/Reduced Price Meal Eligibility (2-level)","Eligible For Free Or Reduced Price Meals",20,79.2,20,62.8,12,"*"
"Salisbury School District","=""1220011""","Free/Reduced Price Meal Eligibility (2-level)","Not Eligible For Free Or Reduced Price Meals",139,85.2,139,73.9,55,66.4
"Salisbury School District","=""1220011""","Race/Ethnicity","Asian","*","*","*","*","*","*"
"Salisbury School District","=""1220011""","Race/Ethnicity","Black or African American","*","*","*","*","N/A","N/A"
"Salisbury School District","=""1220011""","Race/Ethnicity","Hispanic or Latino",9,"*",9,"*","*","*"
"Salisbury School District","=""1220011""","Race/Ethnicity","Two or More Races",12,"*",12,"*",9,"*"
"Salisbury School District","=""1220011""","Race/Ethnicity","White",131,83.6,131,72.7,54,66.5
"Salisbury School District","=""1220011""","Special Education Status (SWD)","Students with Disabilities",21,65.7,21,45.8,7,"*"
"Salisbury School District","=""1220011""","Special Education Status (SWD)","Students without Disabilities",138,87.3,138,76.6,60,67.4
"Scotland School District","=""1230011""","All Students","District",64,74.6,63,65.3,11,"*"
"Scotland School District","=""1230011""","English Language Learners (EL)","Not English Learners",64,74.6,63,65.3,11,"*"
"Scotland School District","=""1230011""","High Needs (F/R, EL or SWD)","High Needs",32,67.7,31,56.3,"*","*"
"Scotland School District","=""1230011""","High Needs (F/R, EL or SWD)","Not High Needs",32,81.6,32,74.1,"*","*"
"Scotland School District","=""1230011""","Free/Reduced Price Meal Eligibility (2-level)","Eligible For Free Or Reduced Price Meals",21,67.8,21,58.0,"*","*"
"Scotland School District","=""1230011""","Free/Reduced Price Meal Eligibility (2-level)","Not Eligible For Free Or Reduced Price Meals",43,78.0,42,69.0,"*","*"
"Scotland School District","=""1230011""","Race/Ethnicity","Black or African American","*","*","*","*","N/A","N/A"
"Scotland School District","=""1230011""","Race/Ethnicity","Hispanic or Latino","*","*","*","*","N/A","N/A"
"Scotland School District","=""1230011""","Race/Ethnicity","Two or More Races","N/A","N/A","N/A","N/A","N/A","N/A"
"Scotland School District","=""1230011""","Race/Ethnicity","White",58,74.8,57,66.5,11,"*"
"Scotland School District","=""1230011""","Special Education Status (SWD)","Students with Disabilities",19,"*",18,"*","*","*"
"Scotland School District","=""1230011""","Special Education Status (SWD)","Students without Disabilities",45,79.3,45,70.0,"*","*"
"Seymour School District","=""1240011""","All Students","District",1229,68.3,1227,61.6,566,54.9
"Seymour School District","=""1240011""","English Language Learners (EL)","English Learners",49,59.4,49,54.3,12,"*"
"Seymour School District","=""1240011""","English Language Learners (EL)","Not English Learners",1180,68.7,1178,61.9,554,55.3
"Seymour School District","=""1240011""","High Needs (F/R, EL or SWD)","High Needs",486,60.7,486,53.1,226,47.9
"Seymour School District","=""1240011""","High Needs (F/R, EL or SWD)","Not High Needs",743,73.4,741,67.1,340,59.6
"Seymour School District","=""1240011""","Free/Reduced Price Meal Eligibility (2-level)","Eligible For Free Or Reduced Price Meals",357,63.0,356,55.2,180,50.0
"Seymour School District","=""1240011""","Free/Reduced Price Meal Eligibility (2-level)","Not Eligible For Free Or Reduced Price Meals",872,70.5,871,64.2,386,57.2
"Seymour School District","=""1240011""","Race/Ethnicity","American Indian or Alaska Native","*","*","*","*","*","*"
"Seymour School District","=""1240011""","Race/Ethnicity","Asian",48,78.4,48,73.4,23,67.2
"Seymour School District","=""1240011""","Race/Ethnicity","Black or African American",52,60.1,52,50.4,27,44.5
"Seymour School District","=""1240011""","Race/Ethnicity","Hispanic or Latino",123,62.1,124,54.9,41,47.1
"Seymour School District","=""1240011""","Race/Ethnicity","Two or More Races","*","*","*","*","*","*"
"Seymour School District","=""1240011""","Race/Ethnicity","White",992,69.1,989,62.5,470,55.7
"Seymour School District","=""1240011""","Special Education Status (SWD)","Students with Disabilities",177,49.0,178,41.4,79,38.0
"Seymour School District","=""1240011""","Special Education Status (SWD)","Students without Disabilities",1052,71.6,1049,65.0,487,57.7
"Sharon School District","=""1250011""","All Students","District",90,63.0,90,57.2,46,58.5
"Sharon School District","=""1250011""","English Language Learners (EL)","Not English Learners",90,63.0,90,57.2,46,58.5
"Sharon School District","=""1250011""","High Needs (F/R, EL or SWD)","High Needs",32,52.0,32,46.3,17,"*"
"Sharon School District","=""1250011""","High Needs (F/R, EL or SWD)","Not High Needs",58,69.0,58,63.1,29,61.1
"Sharon School District","=""1250011""","Free/Reduced Price Meal Eligibility (2-level)","Eligible For Free Or Reduced Price Meals",16,"*",16,"*",10,"*"
"Sharon School District","=""1250011""","Free/Reduced Price Meal Eligibility (2-level)","Not Eligible For Free Or Reduced Price Meals",74,65.3,74,59.2,36,59.4
"Sharon School District","=""1250011""","Race/Ethnicity","Asian","*","*","*","*","*","*"
"Sharon School District","=""1250011""","Race/Ethnicity","Black or African American","*","*","*","*","*","*"
"Sharon School District","=""1250011""","Race/Ethnicity","Hispanic or Latino","*","*","*","*","N/A","N/A"
"Sharon School District","=""1250011""","Race/Ethnicity","Two or More Races","*","*","*","*","N/A","N/A"
"Sharon School District","=""1250011""","Race/Ethnicity","White",82,63.1,82,57.5,43,58.8
"Sharon School District","=""1250011""","Special Education Status (SWD)","Students with Disabilities",25,50.1,25,44.0,12,"*"
"Sharon School District","=""1250011""","Special Education Status (SWD)","Students without Disabilities",65,67.9,65,62.2,34,60.9
"Shelton School District","=""1260011""","All Students","District",2685,73.8,2686,65.0,1162,60.8
"Shelton School District","=""1260011""","English Language Learners (EL)","English Learners",123,66.5,123,57.8,36,47.6
"Shelton School District","=""1260011""","English Language Learners (EL)","Not English Learners",2562,74.1,2563,65.4,1126,61.2
"Shelton School District","=""1260011""","High Needs (F/R, EL or SWD)","High Needs",895,63.2,894,54.4,380,52.9
"Shelton School District","=""1260011""","High Needs (F/R, EL or SWD)","Not High Needs",1790,79.0,1792,70.3,782,64.6
"Shelton School District","=""1260011""","Free/Reduced Price Meal Eligibility (2-level)","Eligible For Free Or Reduced Price Meals",553,65.2,553,55.8,252,53.5
"Shelton School District","=""1260011""","Free/Reduced Price Meal Eligibility (2-level)","Not Eligible For Free Or Reduced Price Meals",2132,76.0,2133,67.4,910,62.8
"Shelton School District","=""1260011""","Race/Ethnicity","American Indian or Alaska Native","*","*","*","*","*","*"
"Shelton School District","=""1260011""","Race/Ethnicity","Asian",183,82.9,183,77.2,69,67.5
"Shelton School District","=""1260011""","Race/Ethnicity","Black or African American",117,64.9,118,52.7,46,54.4
"Shelton School District","=""1260011""","Race/Ethnicity","Hispanic or Latino",256,66.7,256,56.8,116,54.0
"Shelton School District","=""1260011""","Race/Ethnicity","Native Hawaiian or Other Pacific Islander","*","*","*","*","N/A","N/A"
"Shelton School District","=""1260011""","Race/Ethnicity","Two or More Races",31,74.4,31,62.4,"*","*"
"Shelton School District","=""1260011""","Race/Ethnicity","White",2093,74.3,2093,65.7,923,61.6
"Shelton School District","=""1260011""","Special Education Status (SWD)","Students with Disabilities",425,54.6,426,46.2,174,47.8
"Shelton School District","=""1260011""","Special Education Status (SWD)","Students without Disabilities",2260,77.4,2260,68.5,988,63.1
"Sherman School District","=""1270011""","All Students","District",119,71.5,120,65.2,87,62.1
"Sherman School District","=""1270011""","English Language Learners (EL)","English Learners","*","*","*","*","N/A","N/A"
"Sherman School District","=""1270011""","English Language Learners (EL)","Not English Learners","*","*","*","*",87,62.1
"Sherman School District","=""1270011""","High Needs (F/R, EL or SWD)","High Needs",29,55.5,27,50.9,19,"*"
"Sherman School District","=""1270011""","High Needs (F/R, EL or SWD)","Not High Needs",90,76.7,93,69.3,68,64.9
"Sherman School District","=""1270011""","Free/Reduced Price Meal Eligibility (2-level)","Eligible For Free Or Reduced Price Meals",8,"*",8,"*",7,"*"
"Sherman School District","=""1270011""","Free/Reduced Price Meal Eligibility (2-level)","Not Eligible For Free Or Reduced Price Meals",111,71.8,112,65.7,80,62.8
"Sherman School District","=""1270011""","Race/Ethnicity","American Indian or Alaska Native","*","*","*","*","N/A","N/A"
"Sherman School District","=""1270011""","Race/Ethnicity","Asian","*","*","*","*","*","*"
"Sherman School District","=""1270011""","Race/Ethnicity","Hispanic or Latino","*","*","*","*","*","*"
"Sherman School District","=""1270011""","Race/Ethnicity","Two or More Races","*","*","*","*","*","*"
"Sherman School District","=""1270011""","Race/Ethnicity","White",107,71.8,109,65.8,79,62.9
"Sherman School District","=""1270011""","Special Education Status (SWD)","Students with Disabilities",23,51.4,21,46.9,14,"*"
"Sherman School District","=""1270011""","Special Education Status (SWD)","Students without Disabilities",96,76.4,99,69.0,73,64.7
"Simsbury School District","=""1280011""","All Students","District",2301,80.8,2296,71.9,1082,70.4
"Simsbury School District","=""1280011""","English Language Learners (EL)","English Learners",38,66.1,38,60.9,10,"*"
"Simsbury School District","=""1280011""","English Language Learners (EL)","Not English Learners",2263,81.0,2258,72.1,1072,70.6
"Simsbury School District","=""1280011""","High Needs (F/R, EL or SWD)","High Needs",490,63.2,488,54.2,239,54.9
"Simsbury School District","=""1280011""","High Needs (F/R, EL or SWD)","Not High Needs",1811,85.5,1808,76.6,843,74.8
"Simsbury School District","=""1280011""","Free/Reduced Price Meal Eligibility (2-level)","Eligible For Free Or Reduced Price Meals",195,65.9,194,57.0,95,55.0
"Simsbury School District","=""1280011""","Free/Reduced Price Meal Eligibility (2-level)","Not Eligible For Free Or Reduced Price Meals",2106,82.1,2102,73.2,987,71.9
"Simsbury School District","=""1280011""","Race/Ethnicity","Asian",139,85.2,138,81.3,60,71.1
"Simsbury School District","=""1280011""","Race/Ethnicity","Black or African American",114,65.8,114,54.0,59,54.8
"Simsbury School District","=""1280011""","Race/Ethnicity","Hispanic or Latino",139,74.7,139,64.3,45,62.5
"Simsbury School District","=""1280011""","Race/Ethnicity","Two or More Races",22,86.4,22,74.0,6,"*"
"Simsbury School District","=""1280011""","Race/Ethnicity","White",1887,81.7,1883,72.8,912,71.7
"Simsbury School District","=""1280011""","Special Education Status (SWD)","Students with Disabilities",333,59.1,331,50.0,165,52.6
"Simsbury School District","=""1280011""","Special Education Status (SWD)","Students without Disabilities",1968,84.4,1965,75.6,917,73.6
"Somers School District","=""1290011""","All Students","District",822,73.0,821,64.3,355,64.1
"Somers School District","=""1290011""","English Language Learners (EL)","English Learners","*","*","*","*","*","*"
"Somers School District","=""1290011""","English Language Learners (EL)","Not English Learners","*","*","*","*","*","*"
"Somers School District","=""1290011""","High Needs (F/R, EL or SWD)","High Needs",171,56.3,171,49.7,69,49.5
"Somers School District","=""1290011""","High Needs (F/R, EL or SWD)","Not High Needs",651,77.4,650,68.2,286,67.6
"Somers School District","=""1290011""","Free/Reduced Price Meal Eligibility (2-level)","Eligible For Free Or Reduced Price Meals",71,59.8,71,51.4,31,47.5
"Somers School District","=""1290011""","Free/Reduced Price Meal Eligibility (2-level)","Not Eligible For Free Or Reduced Price Meals",751,74.3,750,65.5,324,65.6
"Somers School District","=""1290011""","Race/Ethnicity","Asian","*","*","*","*","*","*"
"Somers School District","=""1290011""","Race/Ethnicity","Black or African American",19,"*",19,"*",11,"*"
"Somers School District","=""1290011""","Race/Ethnicity","Hispanic or Latino",26,67.6,26,57.1,14,"*"
"Somers School District","=""1290011""","Race/Ethnicity","Native Hawaiian or Other Pacific Islander","*","*","*","*","N/A","N/A"
"Somers School District","=""1290011""","Race/Ethnicity","Two or More Races",13,"*",13,"*","*","*"
"Somers School District","=""1290011""","Race/Ethnicity","White",751,73.2,750,64.8,320,65.0
"Somers School District","=""1290011""","Special Education Status (SWD)","Students with Disabilities",114,52.4,114,46.0,46,48.2
"Somers School District","=""1290011""","Special Education Status (SWD)","Students without Disabilities",708,76.3,707,67.3,309,66.4
"Southington School District","=""1310011""","All Students","District",3487,73.0,3484,67.0,1471,63.7
"Southington School District","=""1310011""","English Language Learners (EL)","English Learners",87,64.4,87,61.4,22,46.9
"Southington School District","=""1310011""","English Language Learners (EL)","Not English Learners",3400,73.2,3397,67.1,1449,64.0
"Southington School District","=""1310011""","High Needs (F/R, EL or SWD)","High Needs",913,60.7,911,54.7,390,52.0
"Southington School District","=""1310011""","High Needs (F/R, EL or SWD)","Not High Needs",2574,77.4,2573,71.3,1081,68.0
"Southington School District","=""1310011""","Free/Reduced Price Meal Eligibility (2-level)","Eligible For Free Or Reduced Price Meals",512,64.3,511,57.8,215,53.9
"Southington School District","=""1310011""","Free/Reduced Price Meal Eligibility (2-level)","Not Eligible For Free Or Reduced Price Meals",2975,74.5,2973,68.6,1256,65.4
"Southington School District","=""1310011""","Race/Ethnicity","American Indian or Alaska Native","*","*","*","*","*","*"
"Southington School District","=""1310011""","Race/Ethnicity","Asian",117,76.2,117,72.7,42,67.4
"Southington School District","=""1310011""","Race/Ethnicity","Black or African American",64,61.9,65,52.8,32,50.1
"Southington School District","=""1310011""","Race/Ethnicity","Hispanic or Latino",215,63.6,216,56.9,96,54.6
"Southington School District","=""1310011""","Race/Ethnicity","Native Hawaiian or Other Pacific Islander","*","*","*","*","*","*"
"Southington School District","=""1310011""","Race/Ethnicity","Two or More Races",88,71.8,88,67.3,39,63.3
"Southington School District","=""1310011""","Race/Ethnicity","White",2997,73.8,2992,67.8,1260,64.7
"Southington School District","=""1310011""","Special Education Status (SWD)","Students with Disabilities",481,52.6,481,47.0,224,48.7
"Southington School District","=""1310011""","Special Education Status (SWD)","Students without Disabilities",3006,76.3,3003,70.2,1247,66.4
"South Windsor School District","=""1320011""","All Students","District",2019,76.1,2015,70.8,963,65.3
"South Windsor School District","=""1320011""","English Language Learners (EL)","English Learners",78,68.1,78,65.0,20,48.4
"South Windsor School District","=""1320011""","English Language Learners (EL)","Not English Learners",1941,76.4,1937,71.0,943,65.7
"South Windsor School District","=""1320011""","High Needs (F/R, EL or SWD)","High Needs",559,63.5,557,58.3,253,52.9
"South Windsor School District","=""1320011""","High Needs (F/R, EL or SWD)","Not High Needs",1460,80.9,1458,75.6,710,69.7
"South Windsor School District","=""1320011""","Free/Reduced Price Meal Eligibility (2-level)","Eligible For Free Or Reduced Price Meals",276,64.6,275,58.4,115,57.5
"South Windsor School District","=""1320011""","Free/Reduced Price Meal Eligibility (2-level)","Not Eligible For Free Or Reduced Price Meals",1743,77.9,1740,72.8,848,66.3
"South Windsor School District","=""1320011""","Race/Ethnicity","American Indian or Alaska Native","*","*","*","*","*","*"
"South Windsor School District","=""1320011""","Race/Ethnicity","Asian",289,84.7,289,82.4,102,71.9
"South Windsor School District","=""1320011""","Race/Ethnicity","Black or African American",136,62.8,135,56.7,53,56.7
"South Windsor School District","=""1320011""","Race/Ethnicity","Hispanic or Latino",149,65.8,149,59.0,81,57.0
"South Windsor School District","=""1320011""","Race/Ethnicity","Native Hawaiian or Other Pacific Islander","*","*","*","*","*","*"
"South Windsor School District","=""1320011""","Race/Ethnicity","Two or More Races",71,79.4,71,73.9,32,64.6
"South Windsor School District","=""1320011""","Race/Ethnicity","White",1365,76.5,1362,70.8,688,66.0
"South Windsor School District","=""1320011""","Special Education Status (SWD)","Students with Disabilities",310,57.7,308,52.6,147,48.2
"South Windsor School District","=""1320011""","Special Education Status (SWD)","Students without Disabilities",1709,79.4,1707,74.1,816,68.4
"Sprague School District","=""1330011""","All Students","District",215,68.1,215,59.1,82,59.4
"Sprague School District","=""1330011""","English Language Learners (EL)","English Learners","N/A","N/A","N/A","N/A","N/A","N/A"
"Sprague School District","=""1330011""","English Language Learners (EL)","Not English Learners",215,68.1,215,59.1,82,59.4
"Sprague School District","=""1330011""","High Needs (F/R, EL or SWD)","High Needs",119,63.1,119,55.0,45,55.8
"Sprague School District","=""1330011""","High Needs (F/R, EL or SWD)","Not High Needs",96,74.2,96,64.1,37,63.7
"Sprague School District","=""1330011""","Free/Reduced Price Meal Eligibility (2-level)","Eligible For Free Or Reduced Price Meals",109,64.6,109,56.4,40,58.2
"Sprague School District","=""1330011""","Free/Reduced Price Meal Eligibility (2-level)","Not Eligible For Free Or Reduced Price Meals",106,71.6,106,61.8,42,60.5
"Sprague School District","=""1330011""","Race/Ethnicity","American Indian or Alaska Native","*","*","*","*","*","*"
"Sprague School District","=""1330011""","Race/Ethnicity","Asian","*","*","*","*","N/A","N/A"
"Sprague School District","=""1330011""","Race/Ethnicity","Black or African American","*","*","*","*","*","*"
"Sprague School District","=""1330011""","Race/Ethnicity","Hispanic or Latino",25,58.7,25,50.4,11,"*"
"Sprague School District","=""1330011""","Race/Ethnicity","Two or More Races",22,64.6,22,54.0,9,"*"
"Sprague School District","=""1330011""","Race/Ethnicity","White",164,69.9,164,61.0,60,63.1
"Sprague School District","=""1330011""","Special Education Status (SWD)","Students with Disabilities",30,46.6,30,35.4,11,"*"
"Sprague School District","=""1330011""","Special Education Status (SWD)","Students without Disabilities",185,71.6,185,62.9,71,62.0
"Stafford School District","=""1340011""","All Students","District",795,72.6,793,64.4,328,60.6
"Stafford School District","=""1340011""","English Language Learners (EL)","English Learners","*","*","*","*","*","*"
"Stafford School District","=""1340011""","English Language Learners (EL)","Not English Learners","*","*","*","*","*","*"
"Stafford School District","=""1340011""","High Needs (F/R, EL or SWD)","High Needs",310,63.9,308,57.3,138,53.6
"Stafford School District","=""1340011""","High Needs (F/R, EL or SWD)","Not High Needs",485,78.2,485,68.9,190,65.7
"Stafford School District","=""1340011""","Free/Reduced Price Meal Eligibility (2-level)","Eligible For Free Or Reduced Price Meals",253,64.6,252,58.7,110,54.5
"Stafford School District","=""1340011""","Free/Reduced Price Meal Eligibility (2-level)","Not Eligible For Free Or Reduced Price Meals",542,76.4,541,67.0,218,63.6
"Stafford School District","=""1340011""","Race/Ethnicity","American Indian or Alaska Native",9,"*",9,"*","*","*"
"Stafford School District","=""1340011""","Race/Ethnicity","Asian",14,"*",14,"*","*","*"
"Stafford School District","=""1340011""","Race/Ethnicity","Black or African American",9,"*",9,"*","*","*"
"Stafford School District","=""1340011""","Race/Ethnicity","Hispanic or Latino",38,72.6,38,61.5,22,60.1
"Stafford School District","=""1340011""","Race/Ethnicity","Native Hawaiian or Other Pacific Islander","N/A","N/A","N/A","N/A","N/A","N/A"
"Stafford School District","=""1340011""","Race/Ethnicity","Two or More Races",11,"*",11,"*","*","*"
"Stafford School District","=""1340011""","Race/Ethnicity","White",714,72.8,712,64.7,287,61.3
"Stafford School District","=""1340011""","Special Education Status (SWD)","Students with Disabilities",104,54.6,102,46.8,53,45.7
"Stafford School District","=""1340011""","Special Education Status (SWD)","Students without Disabilities",691,75.3,691,67.0,275,63.4
"Stamford School District","=""1350011""","All Students","District",7703,65.6,7662,58.2,3385,52.3
"Stamford School District","=""1350011""","English Language Learners (EL)","English Learners",1174,50.8,1172,44.5,489,36.2
"Stamford School District","=""1350011""","English Language Learners (EL)","Not English Learners",6529,68.2,6490,60.6,2896,55.0
"Stamford School District","=""1350011""","High Needs (F/R, EL or SWD)","High Needs",4428,57.4,4407,49.6,1928,44.3
"Stamford School District","=""1350011""","High Needs (F/R, EL or SWD)","Not High Needs",3275,76.6,3255,69.8,1457,62.8
"Stamford School District","=""1350011""","Free/Reduced Price Meal Eligibility (2-level)","Eligible For Free Or Reduced Price Meals",3951,58.4,3931,50.3,1686,44.9
"Stamford School District","=""1350011""","Free/Reduced Price Meal Eligibility (2-level)","Not Eligible For Free Or Reduced Price Meals",3752,73.1,3731,66.5,1699,59.6
"Stamford School District","=""1350011""","Race/Ethnicity","American Indian or Alaska Native","*","*","*","*","*","*"
"Stamford School District","=""1350011""","Race/Ethnicity","Asian",621,78.6,621,75.0,227,63.4
"Stamford School District","=""1350011""","Race/Ethnicity","Black or African American",1462,56.5,1448,46.9,643,43.6
"Stamford School District","=""1350011""","Race/Ethnicity","Hispanic or Latino",2945,59.9,2932,52.2,1276,46.1
"Stamford School District","=""1350011""","Race/Ethnicity","Native Hawaiian or Other Pacific Islander","*","*","*","*","*","*"
"Stamford School District","=""1350011""","Race/Ethnicity","Two or More Races",89,67.8,87,60.4,30,50.7
"Stamford School District","=""1350011""","Race/Ethnicity","White",2580,74.0,2568,67.2,1206,61.3
"Stamford School District","=""1350011""","Special Education Status (SWD)","Students with Disabilities",991,42.7,984,35.7,472,36.5
"Stamford School District","=""1350011""","Special Education Status (SWD)","Students without Disabilities",6712,68.9,6678,61.5,2913,54.8
"Sterling School District","=""1360011""","All Students","District",307,64.8,305,53.2,98,52.3
"Sterling School District","=""1360011""","English Language Learners (EL)","English Learners","*","*","*","*","N/A","N/A"
"Sterling School District","=""1360011""","English Language Learners (EL)","Not English Learners","*","*","*","*",98,52.3
"Sterling School District","=""1360011""","High Needs (F/R, EL or SWD)","High Needs",129,54.5,127,44.8,45,45.5
"Sterling School District","=""1360011""","High Needs (F/R, EL or SWD)","Not High Needs",178,72.2,178,59.2,53,58.0
"Sterling School District","=""1360011""","Free/Reduced Price Meal Eligibility (2-level)","Eligible For Free Or Reduced Price Meals",102,56.0,101,45.8,39,45.5
"Sterling School District","=""1360011""","Free/Reduced Price Meal Eligibility (2-level)","Not Eligible For Free Or Reduced Price Meals",205,69.1,204,56.9,59,56.8
"Sterling School District","=""1360011""","Race/Ethnicity","American Indian or Alaska Native","*","*","*","*","N/A","N/A"
"Sterling School District","=""1360011""","Race/Ethnicity","Asian","*","*","*","*","*","*"
"Sterling School District","=""1360011""","Race/Ethnicity","Black or African American","*","*","*","*","*","*"
"Sterling School District","=""1360011""","Race/Ethnicity","Hispanic or Latino",8,"*",8,"*","*","*"
"Sterling School District","=""1360011""","Race/Ethnicity","Two or More Races",12,"*",11,"*","*","*"
"Sterling School District","=""1360011""","Race/Ethnicity","White",281,65.0,280,53.0,91,52.2
"Sterling School District","=""1360011""","Special Education Status (SWD)","Students with Disabilities",49,43.4,47,39.4,17,"*"
"Sterling School District","=""1360011""","Special Education Status (SWD)","Students without Disabilities",258,68.8,258,55.7,81,55.0
"Stonington School District","=""1370011""","All Students","District",995,74.1,987,67.4,519,60.1
"Stonington School District","=""1370011""","English Language Learners (EL)","English Learners",11,"*",11,"*","*","*"
"Stonington School District","=""1370011""","English Language Learners (EL)","Not English Learners",984,74.2,976,67.5,"*","*"
"Stonington School District","=""1370011""","High Needs (F/R, EL or SWD)","High Needs",329,61.2,326,55.2,167,50.6
"Stonington School District","=""1370011""","High Needs (F/R, EL or SWD)","Not High Needs",666,80.4,661,73.5,352,64.6
"Stonington School District","=""1370011""","Free/Reduced Price Meal Eligibility (2-level)","Eligible For Free Or Reduced Price Meals",219,64.4,216,58.2,113,51.5
"Stonington School District","=""1370011""","Free/Reduced Price Meal Eligibility (2-level)","Not Eligible For Free Or Reduced Price Meals",776,76.8,771,70.0,406,62.5
"Stonington School District","=""1370011""","Race/Ethnicity","American Indian or Alaska Native","N/A","N/A","N/A","N/A","*","*"
"Stonington School District","=""1370011""","Race/Ethnicity","Asian",29,74.3,29,67.3,14,"*"
"Stonington School District","=""1370011""","Race/Ethnicity","Black or African American",13,"*",13,"*","*","*"
"Stonington School District","=""1370011""","Race/Ethnicity","Hispanic or Latino",42,68.9,42,63.0,12,"*"
"Stonington School District","=""1370011""","Race/Ethnicity","Native Hawaiian or Other Pacific Islander","N/A","N/A","N/A","N/A","*","*"
"Stonington School District","=""1370011""","Race/Ethnicity","Two or More Races",13,"*",13,"*","*","*"
"Stonington School District","=""1370011""","Race/Ethnicity","White",898,74.5,890,67.9,480,60.4
"Stonington School District","=""1370011""","Special Education Status (SWD)","Students with Disabilities",173,51.5,173,46.8,92,45.5
"Stonington School District","=""1370011""","Special Education Status (SWD)","Students without Disabilities",822,78.8,814,71.8,427,63.2
"Stratford School District","=""1380011""","All Students","District",3664,66.8,3654,52.8,1549,54.4
"Stratford School District","=""1380011""","English Language Learners (EL)","English Learners",252,60.1,253,47.3,78,48.2
"Stratford School District","=""1380011""","English Language Learners (EL)","Not English Learners",3412,67.3,3401,53.2,1471,54.8
"Stratford School District","=""1380011""","High Needs (F/R, EL or SWD)","High Needs",1933,59.8,1929,46.4,794,48.7
"Stratford School District","=""1380011""","High Needs (F/R, EL or SWD)","Not High Needs",1731,74.6,1725,60.0,755,60.4
"Stratford School District","=""1380011""","Free/Reduced Price Meal Eligibility (2-level)","Eligible For Free Or Reduced Price Meals",1655,61.3,1652,47.5,678,49.8
"Stratford School District","=""1380011""","Free/Reduced Price Meal Eligibility (2-level)","Not Eligible For Free Or Reduced Price Meals",2009,71.3,2002,57.2,871,58.1
"Stratford School District","=""1380011""","Race/Ethnicity","American Indian or Alaska Native","*","*","*","*","*","*"
"Stratford School District","=""1380011""","Race/Ethnicity","Asian",121,76.1,121,64.5,51,58.1
"Stratford School District","=""1380011""","Race/Ethnicity","Black or African American",824,60.9,823,46.4,349,47.3
"Stratford School District","=""1380011""","Race/Ethnicity","Hispanic or Latino",993,63.0,992,48.5,416,52.0
"Stratford School District","=""1380011""","Race/Ethnicity","Two or More Races","*","*","*","*","*","*"
"Stratford School District","=""1380011""","Race/Ethnicity","White",1620,71.5,1612,57.9,696,59.0
"Stratford School District","=""1380011""","Special Education Status (SWD)","Students with Disabilities",472,44.8,471,34.6,221,40.2
"Stratford School District","=""1380011""","Special Education Status (SWD)","Students without Disabilities",3192,70.0,3183,55.5,1328,56.8
"Suffield School District","=""1390011""","All Students","District",1224,74.9,1217,64.3,591,62.6
"Suffield School District","=""1390011""","English Language Learners (EL)","English Learners",7,"*",7,"*","*","*"
"Suffield School District","=""1390011""","English Language Learners (EL)","Not English Learners",1217,74.9,1210,64.4,"*","*"
"Suffield School District","=""1390011""","High Needs (F/R, EL or SWD)","High Needs",235,59.8,233,50.4,129,50.9
"Suffield School District","=""1390011""","High Needs (F/R, EL or SWD)","Not High Needs",989,78.4,984,67.6,462,65.9
"Suffield School District","=""1390011""","Free/Reduced Price Meal Eligibility (2-level)","Eligible For Free Or Reduced Price Meals",120,61.9,120,52.4,60,55.0
"Suffield School District","=""1390011""","Free/Reduced Price Meal Eligibility (2-level)","Not Eligible For Free Or Reduced Price Meals",1104,76.3,1097,65.6,531,63.5
"Suffield School District","=""1390011""","Race/Ethnicity","American Indian or Alaska Native","*","*","*","*","*","*"
"Suffield School District","=""1390011""","Race/Ethnicity","Asian",39,79.9,39,72.0,19,"*"
"Suffield School District","=""1390011""","Race/Ethnicity","Black or African American",31,65.0,31,51.8,16,"*"
"Suffield School District","=""1390011""","Race/Ethnicity","Hispanic or Latino",58,61.6,58,49.0,26,50.3
"Suffield School District","=""1390011""","Race/Ethnicity","Two or More Races","*","*","*","*","*","*"
"Suffield School District","=""1390011""","Race/Ethnicity","White",1081,75.9,1074,65.4,520,63.6
"Suffield School District","=""1390011""","Special Education Status (SWD)","Students with Disabilities",139,54.6,137,46.4,74,46.7
"Suffield School District","=""1390011""","Special Education Status (SWD)","Students without Disabilities",1085,77.4,1080,66.6,517,64.9
"Thomaston School District","=""1400011""","All Students","District",495,68.4,496,62.3,219,57.2
"Thomaston School District","=""1400011""","English Language Learners (EL)","English Learners","*","*","*","*","N/A","N/A"
"Thomaston School District","=""1400011""","English Language Learners (EL)","Not English Learners","*","*","*","*",219,57.2
"Thomaston School District","=""1400011""","High Needs (F/R, EL or SWD)","High Needs",173,59.6,173,52.9,75,49.9
"Thomaston School District","=""1400011""","High Needs (F/R, EL or SWD)","Not High Needs",322,73.2,323,67.4,144,60.9
"Thomaston School District","=""1400011""","Free/Reduced Price Meal Eligibility (2-level)","Eligible For Free Or Reduced Price Meals",120,63.6,120,56.2,48,53.1
"Thomaston School District","=""1400011""","Free/Reduced Price Meal Eligibility (2-level)","Not Eligible For Free Or Reduced Price Meals",375,70.0,376,64.2,171,58.3
"Thomaston School District","=""1400011""","Race/Ethnicity","American Indian or Alaska Native","*","*","*","*","N/A","N/A"
"Thomaston School District","=""1400011""","Race/Ethnicity","Asian","*","*","*","*","*","*"
"Thomaston School District","=""1400011""","Race/Ethnicity","Black or African American",6,"*",6,"*","*","*"
"Thomaston School District","=""1400011""","Race/Ethnicity","Hispanic or Latino",14,"*",14,"*","*","*"
"Thomaston School District","=""1400011""","Race/Ethnicity","Two or More Races",8,"*",8,"*","*","*"
"Thomaston School District","=""1400011""","Race/Ethnicity","White",460,68.8,461,62.8,207,56.8
"Thomaston School District","=""1400011""","Special Education Status (SWD)","Students with Disabilities",83,50.3,83,44.1,38,44.1
"Thomaston School District","=""1400011""","Special Education Status (SWD)","Students without Disabilities",412,72.1,413,66.0,181,59.9
"Thompson School District","=""1410011""","All Students","District",531,66.1,530,55.7,236,53.3
"Thompson School District","=""1410011""","English Language Learners (EL)","English Learners","*","*","*","*","N/A","N/A"
"Thompson School District","=""1410011""","English Language Learners (EL)","Not English Learners","*","*","*","*",236,53.3
"Thompson School District","=""1410011""","High Needs (F/R, EL or SWD)","High Needs",212,59.0,211,49.8,94,46.9
"Thompson School District","=""1410011""","High Needs (F/R, EL or SWD)","Not High Needs",319,70.8,319,59.6,142,57.5
"Thompson School District","=""1410011""","Free/Reduced Price Meal Eligibility (2-level)","Eligible For Free Or Reduced Price Meals",181,60.0,181,50.2,77,48.0
"Thompson School District","=""1410011""","Free/Reduced Price Meal Eligibility (2-level)","Not Eligible For Free Or Reduced Price Meals",350,69.3,349,58.5,159,55.8
"Thompson School District","=""1410011""","Race/Ethnicity","American Indian or Alaska Native","*","*","*","*","*","*"
"Thompson School District","=""1410011""","Race/Ethnicity","Asian","*","*","*","*","N/A","N/A"
"Thompson School District","=""1410011""","Race/Ethnicity","Black or African American","*","*","*","*","*","*"
"Thompson School District","=""1410011""","Race/Ethnicity","Hispanic or Latino",17,"*",17,"*",7,"*"
"Thompson School District","=""1410011""","Race/Ethnicity","Two or More Races",20,69.9,20,55.4,"*","*"
"Thompson School District","=""1410011""","Race/Ethnicity","White",485,66.2,484,55.9,221,53.8
"Thompson School District","=""1410011""","Special Education Status (SWD)","Students with Disabilities",60,49.3,59,43.0,30,40.3
"Thompson School District","=""1410011""","Special Education Status (SWD)","Students without Disabilities",471,68.2,471,57.3,206,55.2
"Tolland School District","=""1420011""","All Students","District",1420,74.9,1422,70.4,633,67.8
"Tolland School District","=""1420011""","English Language Learners (EL)","English Learners",12,"*",12,"*","*","*"
"Tolland School District","=""1420011""","English Language Learners (EL)","Not English Learners",1408,75.0,1410,70.5,"*","*"
"Tolland School District","=""1420011""","High Needs (F/R, EL or SWD)","High Needs",282,60.4,284,55.3,126,55.1
"Tolland School District","=""1420011""","High Needs (F/R, EL or SWD)","Not High Needs",1138,78.6,1138,74.1,507,71.0
"Tolland School District","=""1420011""","Free/Reduced Price Meal Eligibility (2-level)","Eligible For Free Or Reduced Price Meals",110,62.7,110,59.3,49,59.4
"Tolland School District","=""1420011""","Free/Reduced Price Meal Eligibility (2-level)","Not Eligible For Free Or Reduced Price Meals",1310,76.0,1312,71.3,584,68.5
"Tolland School District","=""1420011""","Race/Ethnicity","American Indian or Alaska Native","*","*","*","*","*","*"
"Tolland School District","=""1420011""","Race/Ethnicity","Asian",46,77.6,46,73.4,17,"*"
"Tolland School District","=""1420011""","Race/Ethnicity","Black or African American",21,64.4,22,59.6,9,"*"
"Tolland School District","=""1420011""","Race/Ethnicity","Hispanic or Latino",52,68.1,52,67.4,14,"*"
"Tolland School District","=""1420011""","Race/Ethnicity","Two or More Races","*","*","*","*","*","*"
"Tolland School District","=""1420011""","Race/Ethnicity","White",1294,75.3,1295,70.5,588,68.1
"Tolland School District","=""1420011""","Special Education Status (SWD)","Students with Disabilities",193,57.7,195,51.4,93,52.0
"Tolland School District","=""1420011""","Special Education Status (SWD)","Students without Disabilities",1227,77.7,1227,73.4,540,70.5
"Torrington School District","=""1430011""","All Students","District",2165,64.3,2142,53.5,905,52.4
"Torrington School District","=""1430011""","English Language Learners (EL)","English Learners",206,55.0,205,48.0,67,37.7
"Torrington School District","=""1430011""","English Language Learners (EL)","Not English Learners",1959,65.2,1937,54.1,838,53.6
"Torrington School District","=""1430011""","High Needs (F/R, EL or SWD)","High Needs",1271,59.7,1257,49.1,508,48.0
"Torrington School District","=""1430011""","High Needs (F/R, EL or SWD)","Not High Needs",894,70.8,885,59.7,397,57.9
"Torrington School District","=""1430011""","Free/Reduced Price Meal Eligibility (2-level)","Eligible For Free Or Reduced Price Meals",1068,61.5,1056,50.7,427,48.7
"Torrington School District","=""1430011""","Free/Reduced Price Meal Eligibility (2-level)","Not Eligible For Free Or Reduced Price Meals",1097,66.9,1086,56.2,478,55.7
"Torrington School District","=""1430011""","Race/Ethnicity","American Indian or Alaska Native",7,"*",7,"*","*","*"
"Torrington School District","=""1430011""","Race/Ethnicity","Asian",77,74.7,76,67.5,29,59.8
"Torrington School District","=""1430011""","Race/Ethnicity","Black or African American",95,59.0,91,45.7,30,46.4
"Torrington School District","=""1430011""","Race/Ethnicity","Hispanic or Latino",457,59.6,453,49.6,173,45.4
"Torrington School District","=""1430011""","Race/Ethnicity","Native Hawaiian or Other Pacific Islander",6,"*",6,"*","*","*"
"Torrington School District","=""1430011""","Race/Ethnicity","Two or More Races",78,59.7,76,47.9,31,49.9
"Torrington School District","=""1430011""","Race/Ethnicity","White",1445,65.9,1433,54.9,637,54.4
"Torrington School District","=""1430011""","Special Education Status (SWD)","Students with Disabilities",447,49.8,441,40.1,179,43.0
"Torrington School District","=""1430011""","Special Education Status (SWD)","Students without Disabilities",1718,68.0,1701,57.0,726,54.7
"Trumbull School District","=""1440011""","All Students","District",3156,75.8,3150,69.9,1582,67.1
"Trumbull School District","=""1440011""","English Language Learners (EL)","English Learners",75,61.9,75,59.4,25,47.4
"Trumbull School District","=""1440011""","English Language Learners (EL)","Not English Learners",3081,76.2,3075,70.2,1557,67.4
"Trumbull School District","=""1440011""","High Needs (F/R, EL or SWD)","High Needs",674,61.7,670,56.1,321,52.8
"Trumbull School District","=""1440011""","High Needs (F/R, EL or SWD)","Not High Needs",2482,79.7,2480,73.6,1261,70.7
"Trumbull School District","=""1440011""","Free/Reduced Price Meal Eligibility (2-level)","Eligible For Free Or Reduced Price Meals",318,66.4,317,59.2,149,55.9
"Trumbull School District","=""1440011""","Free/Reduced Price Meal Eligibility (2-level)","Not Eligible For Free Or Reduced Price Meals",2838,76.9,2833,71.1,1433,68.2
"Trumbull School District","=""1440011""","Race/Ethnicity","American Indian or Alaska Native","*","*","*","*","*","*"
"Trumbull School District","=""1440011""","Race/Ethnicity","Asian",265,85.8,271,82.7,117,70.8
"Trumbull School District","=""1440011""","Race/Ethnicity","Black or African American",139,68.2,143,59.3,68,55.0
"Trumbull School District","=""1440011""","Race/Ethnicity","Hispanic or Latino",241,68.6,237,61.9,130,60.6
"Trumbull School District","=""1440011""","Race/Ethnicity","Native Hawaiian or Other Pacific Islander","*","*","*","*","N/A","N/A"
"Trumbull School District","=""1440011""","Race/Ethnicity","Two or More Races",11,"*",11,"*","*","*"
"Trumbull School District","=""1440011""","Race/Ethnicity","White",2490,75.9,2478,69.8,1262,68.0
"Trumbull School District","=""1440011""","Special Education Status (SWD)","Students with Disabilities",377,55.8,375,50.9,197,49.2
"Trumbull School District","=""1440011""","Special Education Status (SWD)","Students without Disabilities",2779,78.6,2775,72.5,1385,69.6
"Union School District","=""1450011""","All Students","District",54,74.3,54,68.2,18,"*"
"Union School District","=""1450011""","English Language Learners (EL)","Not English Learners",54,74.3,54,68.2,18,"*"
"Union School District","=""1450011""","High Needs (F/R, EL or SWD)","High Needs",9,"*",9,"*","*","*"
"Union School District","=""1450011""","High Needs (F/R, EL or SWD)","Not High Needs",45,76.6,45,70.8,"*","*"
"Union School District","=""1450011""","Free/Reduced Price Meal Eligibility (2-level)","Not Eligible For Free Or Reduced Price Meals",54,74.3,54,68.2,18,"*"
"Union School District","=""1450011""","Race/Ethnicity","Black or African American","*","*","*","*","N/A","N/A"
"Union School District","=""1450011""","Race/Ethnicity","White","*","*","*","*",18,"*"
"Union School District","=""1450011""","Special Education Status (SWD)","Students with Disabilities",9,"*",9,"*","*","*"
"Union School District","=""1450011""","Special Education Status (SWD)","Students without Disabilities",45,76.6,45,70.8,"*","*"
"Vernon School District","=""1460011""","All Students","District",1520,64.2,1516,55.6,713,54.3
"Vernon School District","=""1460011""","English Language Learners (EL)","English Learners",59,51.6,58,45.2,26,41.6
"Vernon School District","=""1460011""","English Language Learners (EL)","Not English Learners",1461,64.7,1458,56.0,687,54.8
"Vernon School District","=""1460011""","High Needs (F/R, EL or SWD)","High Needs",734,56.0,735,47.4,335,47.1
"Vernon School District","=""1460011""","High Needs (F/R, EL or SWD)","Not High Needs",786,71.8,781,63.3,378,60.7
"Vernon School District","=""1460011""","Free/Reduced Price Meal Eligibility (2-level)","Eligible For Free Or Reduced Price Meals",624,56.6,628,47.9,284,48.5
"Vernon School District","=""1460011""","Free/Reduced Price Meal Eligibility (2-level)","Not Eligible For Free Or Reduced Price Meals",896,69.4,888,61.0,429,58.2
"Vernon School District","=""1460011""","Race/Ethnicity","American Indian or Alaska Native","*","*","*","*","*","*"
"Vernon School District","=""1460011""","Race/Ethnicity","Asian",92,65.2,91,57.4,34,53.6
"Vernon School District","=""1460011""","Race/Ethnicity","Black or African American",182,55.1,181,46.3,92,43.7
"Vernon School District","=""1460011""","Race/Ethnicity","Hispanic or Latino",186,58.3,187,49.8,85,47.2
"Vernon School District","=""1460011""","Race/Ethnicity","Two or More Races","*","*","*","*","*","*"
"Vernon School District","=""1460011""","Race/Ethnicity","White",1014,66.8,1010,58.3,487,57.6
"Vernon School District","=""1460011""","Special Education Status (SWD)","Students with Disabilities",254,48.0,252,38.6,119,39.2
"Vernon School District","=""1460011""","Special Education Status (SWD)","Students without Disabilities",1266,67.4,1264,59.0,594,57.3
"Voluntown School District","=""1470011""","All Students","District",192,74.2,192,64.4,69,56.9
"Voluntown School District","=""1470011""","English Language Learners (EL)","English Learners","N/A","N/A","N/A","N/A","N/A","N/A"
"Voluntown School District","=""1470011""","English Language Learners (EL)","Not English Learners",192,74.2,192,64.4,69,56.9
"Voluntown School District","=""1470011""","High Needs (F/R, EL or SWD)","High Needs",75,63.7,75,53.5,27,50.1
"Voluntown School District","=""1470011""","High Needs (F/R, EL or SWD)","Not High Needs",117,81.0,117,71.4,42,61.2
"Voluntown School District","=""1470011""","Free/Reduced Price Meal Eligibility (2-level)","Eligible For Free Or Reduced Price Meals",40,70.3,40,58.4,14,"*"
"Voluntown School District","=""1470011""","Free/Reduced Price Meal Eligibility (2-level)","Not Eligible For Free Or Reduced Price Meals",152,75.3,152,66.0,55,57.7
"Voluntown School District","=""1470011""","Race/Ethnicity","American Indian or Alaska Native","*","*","*","*","*","*"
"Voluntown School District","=""1470011""","Race/Ethnicity","Asian","*","*","*","*","N/A","N/A"
"Voluntown School District","=""1470011""","Race/Ethnicity","Black or African American","*","*","*","*","*","*"
"Voluntown School District","=""1470011""","Race/Ethnicity","Hispanic or Latino","*","*","*","*","*","*"
"Voluntown School District","=""1470011""","Race/Ethnicity","Two or More Races",9,"*",9,"*","*","*"
"Voluntown School District","=""1470011""","Race/Ethnicity","White",170,74.2,170,64.2,60,58.3
"Voluntown School District","=""1470011""","Special Education Status (SWD)","Students with Disabilities",49,56.3,49,46.3,17,"*"
"Voluntown School District","=""1470011""","Special Education Status (SWD)","Students without Disabilities",143,80.4,143,70.6,52,60.7
"Wallingford School District","=""1480011""","All Students","District",3181,69.0,3183,62.1,1438,60.1
"Wallingford School District","=""1480011""","English Language Learners (EL)","English Learners",188,56.4,189,53.1,75,44.2
"Wallingford School District","=""1480011""","English Language Learners (EL)","Not English Learners",2993,69.8,2994,62.7,1363,60.9
"Wallingford School District","=""1480011""","High Needs (F/R, EL or SWD)","High Needs",1003,58.5,1002,52.4,451,50.7
"Wallingford School District","=""1480011""","High Needs (F/R, EL or SWD)","Not High Needs",2178,73.9,2181,66.6,987,64.3
"Wallingford School District","=""1480011""","Free/Reduced Price Meal Eligibility (2-level)","Eligible For Free Or Reduced Price Meals",612,60.9,614,53.9,256,52.1
"Wallingford School District","=""1480011""","Free/Reduced Price Meal Eligibility (2-level)","Not Eligible For Free Or Reduced Price Meals",2569,71.0,2569,64.1,1182,61.8
"Wallingford School District","=""1480011""","Race/Ethnicity","American Indian or Alaska Native","*","*","*","*","*","*"
"Wallingford School District","=""1480011""","Race/Ethnicity","Asian",172,73.5,172,69.7,82,59.7
"Wallingford School District","=""1480011""","Race/Ethnicity","Black or African American",65,60.6,65,52.2,32,52.5
"Wallingford School District","=""1480011""","Race/Ethnicity","Hispanic or Latino",495,62.4,494,54.7,239,53.6
"Wallingford School District","=""1480011""","Race/Ethnicity","Native Hawaiian or Other Pacific Islander","*","*","*","*","N/A","N/A"
"Wallingford School District","=""1480011""","Race/Ethnicity","Two or More Races",13,"*",13,"*","*","*"
"Wallingford School District","=""1480011""","Race/Ethnicity","White",2430,70.2,2433,63.3,1077,61.7
"Wallingford School District","=""1480011""","Special Education Status (SWD)","Students with Disabilities",440,51.1,438,45.7,216,47.0
"Wallingford School District","=""1480011""","Special Education Status (SWD)","Students without Disabilities",2741,71.9,2745,64.8,1222,62.4
"Waterbury School District","=""1510011""","All Students","District",9049,53.5,9048,44.2,3875,42.1
"Waterbury School District","=""1510011""","English Language Learners (EL)","English Learners",1245,41.8,1246,34.7,529,32.4
"Waterbury School District","=""1510011""","English Language Learners (EL)","Not English Learners",7804,55.4,7802,45.7,3346,43.6
"Waterbury School District","=""1510011""","High Needs (F/R, EL or SWD)","High Needs",7691,51.1,7688,42.1,3239,40.1
"Waterbury School District","=""1510011""","High Needs (F/R, EL or SWD)","Not High Needs",1358,67.2,1360,56.0,636,52.4
"Waterbury School District","=""1510011""","Free/Reduced Price Meal Eligibility (2-level)","Eligible For Free Or Reduced Price Meals",7432,51.3,7425,42.3,3097,40.3
"Waterbury School District","=""1510011""","Free/Reduced Price Meal Eligibility (2-level)","Not Eligible For Free Or Reduced Price Meals",1617,63.5,1623,52.7,778,49.4
"Waterbury School District","=""1510011""","Race/Ethnicity","American Indian or Alaska Native","*","*","*","*","*","*"
"Waterbury School District","=""1510011""","Race/Ethnicity","Asian",135,66.5,134,59.8,69,51.6
"Waterbury School District","=""1510011""","Race/Ethnicity","Black or African American",2189,51.1,2184,40.9,959,39.7
"Waterbury School District","=""1510011""","Race/Ethnicity","Hispanic or Latino",4565,50.6,4565,41.4,1921,39.5
"Waterbury School District","=""1510011""","Race/Ethnicity","Native Hawaiian or Other Pacific Islander","*","*","*","*","*","*"
"Waterbury School District","=""1510011""","Race/Ethnicity","Two or More Races",265,57.6,265,48.3,103,47.4
"Waterbury School District","=""1510011""","Race/Ethnicity","White",1839,62.1,1844,53.0,798,49.7
"Waterbury School District","=""1510011""","Special Education Status (SWD)","Students with Disabilities",1868,38.2,1872,31.0,857,32.1
"Waterbury School District","=""1510011""","Special Education Status (SWD)","Students without Disabilities",7181,57.5,7176,47.6,3018,44.9
"Waterford School District","=""1520011""","All Students","District",1385,72.7,1381,62.2,623,61.7
"Waterford School District","=""1520011""","English Language Learners (EL)","English Learners",34,58.6,34,49.7,16,"*"
"Waterford School District","=""1520011""","English Language Learners (EL)","Not English Learners",1351,73.0,1347,62.5,607,62.1
"Waterford School District","=""1520011""","High Needs (F/R, EL or SWD)","High Needs",431,59.7,429,49.5,193,53.2
"Waterford School District","=""1520011""","High Needs (F/R, EL or SWD)","Not High Needs",954,78.5,952,67.9,430,65.6
"Waterford School District","=""1520011""","Free/Reduced Price Meal Eligibility (2-level)","Eligible For Free Or Reduced Price Meals",238,64.2,236,53.4,109,54.3
"Waterford School District","=""1520011""","Free/Reduced Price Meal Eligibility (2-level)","Not Eligible For Free Or Reduced Price Meals",1147,74.4,1145,64.0,514,63.3
"Waterford School District","=""1520011""","Race/Ethnicity","American Indian or Alaska Native",14,"*",13,"*","*","*"
"Waterford School District","=""1520011""","Race/Ethnicity","Asian",67,80.0,67,72.7,39,63.8
"Waterford School District","=""1520011""","Race/Ethnicity","Black or African American",50,64.7,50,53.1,25,54.9
"Waterford School District","=""1520011""","Race/Ethnicity","Hispanic or Latino",137,67.6,137,55.2,60,54.1
"Waterford School District","=""1520011""","Race/Ethnicity","Two or More Races",32,66.5,32,56.4,"*","*"
"Waterford School District","=""1520011""","Race/Ethnicity","White",1085,73.5,1082,63.0,484,63.0
"Waterford School District","=""1520011""","Special Education Status (SWD)","Students with Disabilities",250,52.5,249,43.1,111,49.9
"Waterford School District","=""1520011""","Special Education Status (SWD)","Students without Disabilities",1135,77.1,1132,66.4,512,64.3
"Watertown School District","=""1530011""","All Students","District",1383,69.6,1374,59.2,689,57.0
"Watertown School District","=""1530011""","English Language Learners (EL)","English Learners",51,65.8,48,58.1,12,"*"
"Watertown School District","=""1530011""","English Language Learners (EL)","Not English Learners",1332,69.7,1326,59.2,677,57.2
"Watertown School District","=""1530011""","High Needs (F/R, EL or SWD)","High Needs",526,61.2,520,51.4,257,50.2
"Watertown School District","=""1530011""","High Needs (F/R, EL or SWD)","Not High Needs",857,74.7,854,63.9,432,61.1
"Watertown School District","=""1530011""","Free/Reduced Price Meal Eligibility (2-level)","Eligible For Free Or Reduced Price Meals",373,64.6,367,54.3,185,51.8
"Watertown School District","=""1530011""","Free/Reduced Price Meal Eligibility (2-level)","Not Eligible For Free Or Reduced Price Meals",1010,71.4,1007,60.9,504,58.9
"Watertown School District","=""1530011""","Race/Ethnicity","American Indian or Alaska Native","*","*","*","*","*","*"
"Watertown School District","=""1530011""","Race/Ethnicity","Asian",30,74.6,30,68.8,"*","*"
"Watertown School District","=""1530011""","Race/Ethnicity","Black or African American","*","*","*","*",21,43.6
"Watertown School District","=""1530011""","Race/Ethnicity","Hispanic or Latino",96,69.4,96,56.1,55,54.1
"Watertown School District","=""1530011""","Race/Ethnicity","Two or More Races",38,64.8,38,53.7,19,"*"
"Watertown School District","=""1530011""","Race/Ethnicity","White",1194,69.9,1186,59.6,575,57.7
"Watertown School District","=""1530011""","Special Education Status (SWD)","Students with Disabilities",210,48.5,210,40.3,108,43.8
"Watertown School District","=""1530011""","Special Education Status (SWD)","Students without Disabilities",1173,73.4,1164,62.6,581,59.5
"Westbrook School District","=""1540011""","All Students","District",337,81.5,337,71.6,197,60.3
"Westbrook School District","=""1540011""","English Language Learners (EL)","English Learners",19,"*",19,"*",7,"*"
"Westbrook School District","=""1540011""","English Language Learners (EL)","Not English Learners",318,82.0,318,72.5,190,61.0
"Westbrook School District","=""1540011""","High Needs (F/R, EL or SWD)","High Needs",97,69.5,97,59.3,56,51.6
"Westbrook School District","=""1540011""","High Needs (F/R, EL or SWD)","Not High Needs",240,86.3,240,76.5,141,63.7
"Westbrook School District","=""1540011""","Free/Reduced Price Meal Eligibility (2-level)","Eligible For Free Or Reduced Price Meals",53,72.1,53,60.9,31,54.9
"Westbrook School District","=""1540011""","Free/Reduced Price Meal Eligibility (2-level)","Not Eligible For Free Or Reduced Price Meals",284,83.2,284,73.6,166,61.3
"Westbrook School District","=""1540011""","Race/Ethnicity","American Indian or Alaska Native","*","*","*","*","*","*"
"Westbrook School District","=""1540011""","Race/Ethnicity","Asian",10,"*",10,"*","*","*"
"Westbrook School District","=""1540011""","Race/Ethnicity","Black or African American","N/A","N/A","N/A","N/A","*","*"
"Westbrook School District","=""1540011""","Race/Ethnicity","Hispanic or Latino",34,71.7,34,60.4,24,53.7
"Westbrook School District","=""1540011""","Race/Ethnicity","Two or More Races","*","*","*","*","*","*"
"Westbrook School District","=""1540011""","Race/Ethnicity","White",289,82.3,289,72.8,164,61.7
"Westbrook School District","=""1540011""","Special Education Status (SWD)","Students with Disabilities",55,62.8,55,54.5,29,48.3
"Westbrook School District","=""1540011""","Special Education Status (SWD)","Students without Disabilities",282,85.1,282,74.9,168,62.4
"West Hartford School District","=""1550011""","All Students","District",4960,76.4,4927,67.2,2310,65.1
"West Hartford School District","=""1550011""","English Language Learners (EL)","English Learners",327,60.2,327,52.4,106,45.5
"West Hartford School District","=""1550011""","English Language Learners (EL)","Not English Learners",4633,77.5,4600,68.2,2204,66.1
"West Hartford School District","=""1550011""","High Needs (F/R, EL or SWD)","High Needs",1491,62.7,1481,53.1,686,52.3
"West Hartford School District","=""1550011""","High Needs (F/R, EL or SWD)","Not High Needs",3469,82.3,3446,73.2,1624,70.5
"West Hartford School District","=""1550011""","Free/Reduced Price Meal Eligibility (2-level)","Eligible For Free Or Reduced Price Meals",965,64.3,957,54.0,437,53.6
"West Hartford School District","=""1550011""","Free/Reduced Price Meal Eligibility (2-level)","Not Eligible For Free Or Reduced Price Meals",3995,79.3,3970,70.3,1873,67.8
"West Hartford School District","=""1550011""","Race/Ethnicity","American Indian or Alaska Native","*","*","*","*","*","*"
"West Hartford School District","=""1550011""","Race/Ethnicity","Asian",585,77.9,584,70.9,247,65.7
"West Hartford School District","=""1550011""","Race/Ethnicity","Black or African American",390,65.1,383,52.0,192,54.2
"West Hartford School District","=""1550011""","Race/Ethnicity","Hispanic or Latino",734,64.9,733,53.8,363,53.9
"West Hartford School District","=""1550011""","Race/Ethnicity","Native Hawaiian or Other Pacific Islander","*","*","*","*","*","*"
"West Hartford School District","=""1550011""","Race/Ethnicity","Two or More Races",177,78.0,177,68.6,90,69.0
"West Hartford School District","=""1550011""","Race/Ethnicity","White",3061,80.2,3037,71.5,1412,69.2
"West Hartford School District","=""1550011""","Special Education Status (SWD)","Students with Disabilities",636,55.5,631,45.6,310,47.8
"West Hartford School District","=""1550011""","Special Education Status (SWD)","Students without Disabilities",4324,79.5,4296,70.3,2000,67.8
"West Haven School District","=""1560011""","All Students","District",2999,63.1,2982,53.0,1239,51.9
"West Haven School District","=""1560011""","English Language Learners (EL)","English Learners",408,54.0,408,47.8,143,38.8
"West Haven School District","=""1560011""","English Language Learners (EL)","Not English Learners",2591,64.5,2574,53.9,1096,53.6
"West Haven School District","=""1560011""","High Needs (F/R, EL or SWD)","High Needs",2047,59.2,2039,49.7,826,47.3
"West Haven School District","=""1560011""","High Needs (F/R, EL or SWD)","Not High Needs",952,71.4,943,60.3,413,61.0
"West Haven School District","=""1560011""","Free/Reduced Price Meal Eligibility (2-level)","Eligible For Free Or Reduced Price Meals",1881,60.0,1872,50.3,751,48.2
"West Haven School District","=""1560011""","Free/Reduced Price Meal Eligibility (2-level)","Not Eligible For Free Or Reduced Price Meals",1118,68.1,1110,57.6,488,57.5
"West Haven School District","=""1560011""","Race/Ethnicity","American Indian or Alaska Native","*","*","*","*","N/A","N/A"
"West Haven School District","=""1560011""","Race/Ethnicity","Asian",109,74.3,110,68.0,49,63.8
"West Haven School District","=""1560011""","Race/Ethnicity","Black or African American",660,57.6,656,47.3,305,47.1
"West Haven School District","=""1560011""","Race/Ethnicity","Hispanic or Latino",1007,60.2,1004,50.4,415,47.8
"West Haven School District","=""1560011""","Race/Ethnicity","Native Hawaiian or Other Pacific Islander","*","*","*","*","N/A","N/A"
"West Haven School District","=""1560011""","Race/Ethnicity","Two or More Races",107,64.8,106,55.0,37,60.1
"West Haven School District","=""1560011""","Race/Ethnicity","White",1109,67.7,1100,57.2,433,57.1
"West Haven School District","=""1560011""","Special Education Status (SWD)","Students with Disabilities",521,46.9,519,39.4,218,38.5
"West Haven School District","=""1560011""","Special Education Status (SWD)","Students without Disabilities",2478,66.4,2463,55.9,1021,54.7
"Weston School District","=""1570011""","All Students","District",1241,78.0,1238,73.9,591,66.5
"Weston School District","=""1570011""","English Language Learners (EL)","English Learners","*","*","*","*","*","*"
"Weston School District","=""1570011""","English Language Learners (EL)","Not English Learners","*","*","*","*","*","*"
"Weston School District","=""1570011""","High Needs (F/R, EL or SWD)","High Needs",160,60.9,160,54.7,73,51.8
"Weston School District","=""1570011""","High Needs (F/R, EL or SWD)","Not High Needs",1081,80.5,1078,76.7,518,68.6
"Weston School District","=""1570011""","Free/Reduced Price Meal Eligibility (2-level)","Eligible For Free Or Reduced Price Meals",37,63.5,37,58.8,13,"*"
"Weston School District","=""1570011""","Free/Reduced Price Meal Eligibility (2-level)","Not Eligible For Free Or Reduced Price Meals",1204,78.4,1201,74.3,578,66.7
"Weston School District","=""1570011""","Race/Ethnicity","Asian",55,81.0,55,78.3,27,65.2
"Weston School District","=""1570011""","Race/Ethnicity","Black or African American",17,"*",16,"*",8,"*"
"Weston School District","=""1570011""","Race/Ethnicity","Hispanic or Latino",33,70.3,33,67.9,18,"*"
"Weston School District","=""1570011""","Race/Ethnicity","Two or More Races",39,77.0,39,74.3,16,"*"
"Weston School District","=""1570011""","Race/Ethnicity","White",1097,78.2,1095,74.1,522,67.0
"Weston School District","=""1570011""","Special Education Status (SWD)","Students with Disabilities",128,59.5,128,53.3,60,50.3
"Weston School District","=""1570011""","Special Education Status (SWD)","Students without Disabilities",1113,80.1,1110,76.2,531,68.3
"Westport School District","=""1580011""","All Students","District",2773,82.8,2769,75.8,1358,68.4
"Westport School District","=""1580011""","English Language Learners (EL)","English Learners",36,71.4,36,63.1,14,"*"
"Westport School District","=""1580011""","English Language Learners (EL)","Not English Learners",2737,83.0,2733,76.0,1344,68.5
"Westport School District","=""1580011""","High Needs (F/R, EL or SWD)","High Needs",437,65.9,435,55.8,207,54.6
"Westport School District","=""1580011""","High Needs (F/R, EL or SWD)","Not High Needs",2336,86.0,2334,79.6,1151,70.9
"Westport School District","=""1580011""","Free/Reduced Price Meal Eligibility (2-level)","Eligible For Free Or Reduced Price Meals",106,67.8,106,57.3,45,57.0
"Westport School District","=""1580011""","Free/Reduced Price Meal Eligibility (2-level)","Not Eligible For Free Or Reduced Price Meals",2667,83.4,2663,76.6,1313,68.8
"Westport School District","=""1580011""","Race/Ethnicity","American Indian or Alaska Native","*","*","*","*","*","*"
"Westport School District","=""1580011""","Race/Ethnicity","Asian",163,88.3,163,85.9,80,71.3
"Westport School District","=""1580011""","Race/Ethnicity","Black or African American","*","*","*","*","*","*"
"Westport School District","=""1580011""","Race/Ethnicity","Hispanic or Latino",129,74.9,129,64.7,47,60.8
"Westport School District","=""1580011""","Race/Ethnicity","Two or More Races",76,90.9,76,84.4,25,69.4
"Westport School District","=""1580011""","Race/Ethnicity","White",2362,82.9,2358,75.8,1182,68.7
"Westport School District","=""1580011""","Special Education Status (SWD)","Students with Disabilities",344,62.9,342,52.4,175,52.5
"Westport School District","=""1580011""","Special Education Status (SWD)","Students without Disabilities",2429,85.6,2427,79.1,1183,70.8
"Wethersfield School District","=""1590011""","All Students","District",1782,68.4,1791,61.7,843,59.8
"Wethersfield School District","=""1590011""","English Language Learners (EL)","English Learners",133,50.6,133,45.0,51,41.4
"Wethersfield School District","=""1590011""","English Language Learners (EL)","Not English Learners",1649,69.9,1658,63.0,792,61.0
"Wethersfield School District","=""1590011""","High Needs (F/R, EL or SWD)","High Needs",618,56.3,619,50.0,276,49.1
"Wethersfield School District","=""1590011""","High Needs (F/R, EL or SWD)","Not High Needs",1164,74.9,1172,67.8,567,65.1
"Wethersfield School District","=""1590011""","Free/Reduced Price Meal Eligibility (2-level)","Eligible For Free Or Reduced Price Meals",368,58.1,371,51.8,163,50.2
"Wethersfield School District","=""1590011""","Free/Reduced Price Meal Eligibility (2-level)","Not Eligible For Free Or Reduced Price Meals",1414,71.1,1420,64.3,680,62.1
"Wethersfield School District","=""1590011""","Race/Ethnicity","American Indian or Alaska Native","*","*","*","*","*","*"
"Wethersfield School District","=""1590011""","Race/Ethnicity","Asian",94,73.0,93,69.0,51,63.1
"Wethersfield School District","=""1590011""","Race/Ethnicity","Black or African American",83,58.8,83,50.9,20,48.7
"Wethersfield School District","=""1590011""","Race/Ethnicity","Hispanic or Latino",262,60.4,264,52.4,125,53.1
"Wethersfield School District","=""1590011""","Race/Ethnicity","Native Hawaiian or Other Pacific Islander","*","*","*","*","N/A","N/A"
"Wethersfield School District","=""1590011""","Race/Ethnicity","Two or More Races",41,72.7,41,64.5,"*","*"
"Wethersfield School District","=""1590011""","Race/Ethnicity","White",1293,70.2,1301,63.7,630,61.3
"Wethersfield School District","=""1590011""","Special Education Status (SWD)","Students with Disabilities",304,50.8,300,44.6,137,45.9
"Wethersfield School District","=""1590011""","Special Education Status (SWD)","Students without Disabilities",1478,72.1,1491,65.1,706,62.5
"Willington School District","=""1600011""","All Students","District",273,68.9,273,63.7,92,60.5
"Willington School District","=""1600011""","English Language Learners (EL)","English Learners","*","*","*","*","N/A","N/A"
"Willington School District","=""1600011""","English Language Learners (EL)","Not English Learners","*","*","*","*",92,60.5
"Willington School District","=""1600011""","High Needs (F/R, EL or SWD)","High Needs",96,59.3,96,54.6,27,52.1
"Willington School District","=""1600011""","High Needs (F/R, EL or SWD)","Not High Needs",177,74.0,177,68.6,65,63.9
"Willington School District","=""1600011""","Free/Reduced Price Meal Eligibility (2-level)","Eligible For Free Or Reduced Price Meals",61,63.7,61,57.2,17,"*"
"Willington School District","=""1600011""","Free/Reduced Price Meal Eligibility (2-level)","Not Eligible For Free Or Reduced Price Meals",212,70.3,212,65.5,75,61.3
"Willington School District","=""1600011""","Race/Ethnicity","Asian","N/A","N/A","N/A","N/A","N/A","N/A"
"Willington School District","=""1600011""","Race/Ethnicity","Black or African American","*","*","*","*","*","*"
"Willington School District","=""1600011""","Race/Ethnicity","Hispanic or Latino",9,"*",9,"*","*","*"
"Willington School District","=""1600011""","Race/Ethnicity","Two or More Races","*","*","*","*","*","*"
"Willington School District","=""1600011""","Race/Ethnicity","White",256,68.8,256,63.6,88,60.6
"Willington School District","=""1600011""","Special Education Status (SWD)","Students with Disabilities",53,51.3,53,46.6,14,"*"
"Willington School District","=""1600011""","Special Education Status (SWD)","Students without Disabilities",220,73.1,220,67.8,78,63.3
"Wilton School District","=""1610011""","All Students","District",2314,75.7,2306,69.0,992,68.8
"Wilton School District","=""1610011""","English Language Learners (EL)","English Learners",15,"*",15,"*","*","*"
"Wilton School District","=""1610011""","English Language Learners (EL)","Not English Learners",2299,75.8,2291,69.1,"*","*"
"Wilton School District","=""1610011""","High Needs (F/R, EL or SWD)","High Needs",374,59.4,372,51.4,155,56.0
"Wilton School District","=""1610011""","High Needs (F/R, EL or SWD)","Not High Needs",1940,78.8,1934,72.4,837,71.2
"Wilton School District","=""1610011""","Free/Reduced Price Meal Eligibility (2-level)","Eligible For Free Or Reduced Price Meals",32,68.7,32,59.7,13,"*"
"Wilton School District","=""1610011""","Free/Reduced Price Meal Eligibility (2-level)","Not Eligible For Free Or Reduced Price Meals",2282,75.8,2274,69.1,979,68.8
"Wilton School District","=""1610011""","Race/Ethnicity","American Indian or Alaska Native","*","*","*","*","*","*"
"Wilton School District","=""1610011""","Race/Ethnicity","Asian",221,83.1,222,82.0,74,74.3
"Wilton School District","=""1610011""","Race/Ethnicity","Black or African American",29,67.6,29,59.3,15,"*"
"Wilton School District","=""1610011""","Race/Ethnicity","Hispanic or Latino",62,72.3,61,64.2,25,67.2
"Wilton School District","=""1610011""","Race/Ethnicity","Native Hawaiian or Other Pacific Islander","*","*","*","*","*","*"
"Wilton School District","=""1610011""","Race/Ethnicity","Two or More Races",43,82.2,43,75.0,21,69.2
"Wilton School District","=""1610011""","Race/Ethnicity","White",1953,74.9,1945,67.6,849,68.5
"Wilton School District","=""1610011""","Special Education Status (SWD)","Students with Disabilities",349,58.2,347,50.2,143,55.4
"Wilton School District","=""1610011""","Special Education Status (SWD)","Students without Disabilities",1965,78.8,1959,72.3,849,71.1
"Winchester School District","=""1620011""","All Students","District",290,65.8,290,55.8,78,47.9
"Winchester School District","=""1620011""","English Language Learners (EL)","English Learners",13,"*",14,"*","*","*"
"Winchester School District","=""1620011""","English Language Learners (EL)","Not English Learners",277,66.4,276,56.0,"*","*"
"Winchester School District","=""1620011""","High Needs (F/R, EL or SWD)","High Needs",195,62.2,195,52.3,54,44.5
"Winchester School District","=""1620011""","High Needs (F/R, EL or SWD)","Not High Needs",95,73.2,95,63.1,24,55.5
"Winchester School District","=""1620011""","Free/Reduced Price Meal Eligibility (2-level)","Eligible For Free Or Reduced Price Meals",160,65.0,160,54.0,43,47.9
"Winchester School District","=""1620011""","Free/Reduced Price Meal Eligibility (2-level)","Not Eligible For Free Or Reduced Price Meals",130,66.8,130,58.1,35,47.8
"Winchester School District","=""1620011""","Race/Ethnicity","Black or African American","*","*","*","*","*","*"
"Winchester School District","=""1620011""","Race/Ethnicity","Hispanic or Latino",26,66.2,27,52.7,8,"*"
"Winchester School District","=""1620011""","Race/Ethnicity","Two or More Races","*","*","*","*","*","*"
"Winchester School District","=""1620011""","Race/Ethnicity","White",255,66.0,254,56.5,61,49.0
"Winchester School District","=""1620011""","Special Education Status (SWD)","Students with Disabilities",67,52.5,67,43.5,20,32.6
"Winchester School District","=""1620011""","Special Education Status (SWD)","Students without Disabilities",223,69.8,223,59.5,58,53.1
"Windham School District","=""1630011""","All Students","District",1519,55.0,1510,47.8,620,42.2
"Windham School District","=""1630011""","English Language Learners (EL)","English Learners",444,44.5,443,39.1,192,32.8
"Windham School District","=""1630011""","English Language Learners (EL)","Not English Learners",1075,59.3,1067,51.4,428,46.4
"Windham School District","=""1630011""","High Needs (F/R, EL or SWD)","High Needs",1253,51.8,1245,44.9,531,39.7
"Windham School District","=""1630011""","High Needs (F/R, EL or SWD)","Not High Needs",266,69.8,265,61.5,89,57.0
"Windham School District","=""1630011""","Free/Reduced Price Meal Eligibility (2-level)","Eligible For Free Or Reduced Price Meals",1199,52.2,1193,45.2,501,39.9
"Windham School District","=""1630011""","Free/Reduced Price Meal Eligibility (2-level)","Not Eligible For Free Or Reduced Price Meals",320,65.5,317,57.6,119,51.7
"Windham School District","=""1630011""","Race/Ethnicity","American Indian or Alaska Native","*","*","*","*","*","*"
"Windham School District","=""1630011""","Race/Ethnicity","Asian","*","*","*","*","*","*"
"Windham School District","=""1630011""","Race/Ethnicity","Black or African American",65,52.9,65,44.5,30,43.5
"Windham School District","=""1630011""","Race/Ethnicity","Hispanic or Latino",990,51.0,982,43.7,416,38.1
"Windham School District","=""1630011""","Race/Ethnicity","Two or More Races",38,64.4,38,56.0,11,"*"
"Windham School District","=""1630011""","Race/Ethnicity","White",407,63.5,406,56.9,151,51.4
"Windham School District","=""1630011""","Special Education Status (SWD)","Students with Disabilities",269,37.7,263,31.8,124,32.3
"Windham School District","=""1630011""","Special Education Status (SWD)","Students without Disabilities",1250,58.7,1247,51.1,496,44.6
"Windsor School District","=""1640011""","All Students","District",1420,63.7,1423,56.4,709,56.1
"Windsor School District","=""1640011""","English Language Learners (EL)","English Learners",60,54.3,60,48.5,22,41.7
"Windsor School District","=""1640011""","English Language Learners (EL)","Not English Learners",1360,64.1,1363,56.8,687,56.6
"Windsor School District","=""1640011""","High Needs (F/R, EL or SWD)","High Needs",663,54.8,664,47.3,321,48.3
"Windsor School District","=""1640011""","High Needs (F/R, EL or SWD)","Not High Needs",757,71.4,759,64.5,388,62.6
"Windsor School District","=""1640011""","Free/Reduced Price Meal Eligibility (2-level)","Eligible For Free Or Reduced Price Meals",494,57.2,495,49.0,235,48.8
"Windsor School District","=""1640011""","Free/Reduced Price Meal Eligibility (2-level)","Not Eligible For Free Or Reduced Price Meals",926,67.1,928,60.4,474,59.8
"Windsor School District","=""1640011""","Race/Ethnicity","American Indian or Alaska Native","*","*","*","*","N/A","N/A"
"Windsor School District","=""1640011""","Race/Ethnicity","Asian",47,72.8,47,68.6,"*","*"
"Windsor School District","=""1640011""","Race/Ethnicity","Black or African American",651,58.1,656,50.0,337,51.3
"Windsor School District","=""1640011""","Race/Ethnicity","Hispanic or Latino",245,60.7,246,52.4,112,52.1
"Windsor School District","=""1640011""","Race/Ethnicity","Native Hawaiian or Other Pacific Islander","*","*","*","*","*","*"
"Windsor School District","=""1640011""","Race/Ethnicity","Two or More Races",71,72.5,69,67.9,34,60.4
"Windsor School District","=""1640011""","Race/Ethnicity","White",402,72.0,401,66.1,200,65.7
"Windsor School District","=""1640011""","Special Education Status (SWD)","Students with Disabilities",274,44.3,274,37.2,140,43.0
"Windsor School District","=""1640011""","Special Education Status (SWD)","Students without Disabilities",1146,68.3,1149,61.0,569,59.4
"Windsor Locks School District","=""1650011""","All Students","District",847,61.9,842,55.3,344,52.1
"Windsor Locks School District","=""1650011""","English Language Learners (EL)","English Learners",39,56.4,38,47.9,12,"*"
"Windsor Locks School District","=""1650011""","English Language Learners (EL)","Not English Learners",808,62.2,804,55.6,332,52.6
"Windsor Locks School District","=""1650011""","High Needs (F/R, EL or SWD)","High Needs",415,54.8,411,47.9,160,45.7
"Windsor Locks School District","=""1650011""","High Needs (F/R, EL or SWD)","Not High Needs",432,68.7,431,62.3,184,57.7
"Windsor Locks School District","=""1650011""","Free/Reduced Price Meal Eligibility (2-level)","Eligible For Free Or Reduced Price Meals",337,56.8,335,49.7,136,46.3
"Windsor Locks School District","=""1650011""","Free/Reduced Price Meal Eligibility (2-level)","Not Eligible For Free Or Reduced Price Meals",510,65.3,507,59.0,208,55.9
"Windsor Locks School District","=""1650011""","Race/Ethnicity","American Indian or Alaska Native","*","*","*","*","N/A","N/A"
"Windsor Locks School District","=""1650011""","Race/Ethnicity","Asian",72,70.5,72,65.0,35,56.6
"Windsor Locks School District","=""1650011""","Race/Ethnicity","Black or African American",86,50.2,85,45.5,42,45.3
"Windsor Locks School District","=""1650011""","Race/Ethnicity","Hispanic or Latino",96,57.7,94,49.5,"*","*"
"Windsor Locks School District","=""1650011""","Race/Ethnicity","Native Hawaiian or Other Pacific Islander","*","*","*","*","N/A","N/A"
"Windsor Locks School District","=""1650011""","Race/Ethnicity","Two or More Races",27,70.9,27,54.8,"*","*"
"Windsor Locks School District","=""1650011""","Race/Ethnicity","White",562,62.8,560,56.4,236,53.5
"Windsor Locks School District","=""1650011""","Special Education Status (SWD)","Students with Disabilities",140,43.8,136,35.7,54,37.0
"Windsor Locks School District","=""1650011""","Special Education Status (SWD)","Students without Disabilities",707,65.5,706,59.1,290,55.0
"Wolcott School District","=""1660011""","All Students","District",1326,70.3,1329,63.7,578,61.4
"Wolcott School District","=""1660011""","English Language Learners (EL)","English Learners",18,"*",18,"*","*","*"
"Wolcott School District","=""1660011""","English Language Learners (EL)","Not English Learners",1308,70.5,1311,63.8,"*","*"
"Wolcott School District","=""1660011""","High Needs (F/R, EL or SWD)","High Needs",380,60.3,382,54.6,164,54.9
"Wolcott School District","=""1660011""","High Needs (F/R, EL or SWD)","Not High Needs",946,74.3,947,67.4,414,64.0
"Wolcott School District","=""1660011""","Free/Reduced Price Meal Eligibility (2-level)","Eligible For Free Or Reduced Price Meals",268,64.6,269,58.8,119,58.3
"Wolcott School District","=""1660011""","Free/Reduced Price Meal Eligibility (2-level)","Not Eligible For Free Or Reduced Price Meals",1058,71.7,1060,65.0,459,62.2
"Wolcott School District","=""1660011""","Race/Ethnicity","American Indian or Alaska Native","*","*","*","*","N/A","N/A"
"Wolcott School District","=""1660011""","Race/Ethnicity","Asian","*","*","*","*",11,"*"
"Wolcott School District","=""1660011""","Race/Ethnicity","Black or African American",32,62.5,32,54.3,13,"*"
"Wolcott School District","=""1660011""","Race/Ethnicity","Hispanic or Latino",64,68.7,65,62.8,22,56.0
"Wolcott School District","=""1660011""","Race/Ethnicity","Two or More Races",41,72.7,41,65.2,18,"*"
"Wolcott School District","=""1660011""","Race/Ethnicity","White",1163,70.5,1165,63.8,514,62.0
"Wolcott School District","=""1660011""","Special Education Status (SWD)","Students with Disabilities",163,49.4,165,43.3,68,44.3
"Wolcott School District","=""1660011""","Special Education Status (SWD)","Students without Disabilities",1163,73.2,1164,66.6,510,63.7
"Woodbridge School District","=""1670011""","All Students","District",420,78.1,418,72.7,128,66.5
"Woodbridge School District","=""1670011""","English Language Learners (EL)","English Learners",18,"*",18,"*",6,"*"
"Woodbridge School District","=""1670011""","English Language Learners (EL)","Not English Learners",402,78.5,400,72.7,122,67.4
"Woodbridge School District","=""1670011""","High Needs (F/R, EL or SWD)","High Needs",80,58.8,80,56.4,26,53.1
"Woodbridge School District","=""1670011""","High Needs (F/R, EL or SWD)","Not High Needs",340,82.6,338,76.6,102,69.9
"Woodbridge School District","=""1670011""","Free/Reduced Price Meal Eligibility (2-level)","Eligible For Free Or Reduced Price Meals",29,64.5,29,59.3,9,"*"
"Woodbridge School District","=""1670011""","Free/Reduced Price Meal Eligibility (2-level)","Not Eligible For Free Or Reduced Price Meals",391,79.1,389,73.7,119,67.6
"Woodbridge School District","=""1670011""","Race/Ethnicity","American Indian or Alaska Native","*","*","*","*","N/A","N/A"
"Woodbridge School District","=""1670011""","Race/Ethnicity","Asian",70,81.2,70,83.3,17,"*"
"Woodbridge School District","=""1670011""","Race/Ethnicity","Black or African American",16,"*",16,"*","*","*"
"Woodbridge School District","=""1670011""","Race/Ethnicity","Hispanic or Latino",15,"*",15,"*","*","*"
"Woodbridge School District","=""1670011""","Race/Ethnicity","Native Hawaiian or Other Pacific Islander","*","*","*","*","N/A","N/A"
"Woodbridge School District","=""1670011""","Race/Ethnicity","Two or More Races",8,"*",8,"*","*","*"
"Woodbridge School District","=""1670011""","Race/Ethnicity","White",306,77.5,304,70.4,100,66.2
"Woodbridge School District","=""1670011""","Special Education Status (SWD)","Students with Disabilities",51,52.2,51,48.7,18,"*"
"Woodbridge School District","=""1670011""","Special Education Status (SWD)","Students without Disabilities",369,81.6,367,76.1,110,68.5
"Woodstock School District","=""1690011""","All Students","District",575,75.1,574,65.2,197,66.1
"Woodstock School District","=""1690011""","English Language Learners (EL)","Not English Learners",575,75.1,574,65.2,197,66.1
"Woodstock School District","=""1690011""","High Needs (F/R, EL or SWD)","High Needs",129,63.9,129,54.3,40,58.5
"Woodstock School District","=""1690011""","High Needs (F/R, EL or SWD)","Not High Needs",446,78.3,445,68.3,157,68.0
"Woodstock School District","=""1690011""","Free/Reduced Price Meal Eligibility (2-level)","Eligible For Free Or Reduced Price Meals",81,67.6,81,58.9,28,62.7
"Woodstock School District","=""1690011""","Free/Reduced Price Meal Eligibility (2-level)","Not Eligible For Free Or Reduced Price Meals",494,76.3,493,66.2,169,66.6
"Woodstock School District","=""1690011""","Race/Ethnicity","Asian","*","*","*","*","*","*"
"Woodstock School District","=""1690011""","Race/Ethnicity","Black or African American","*","*","*","*","*","*"
"Woodstock School District","=""1690011""","Race/Ethnicity","Hispanic or Latino",15,"*",15,"*","*","*"
"Woodstock School District","=""1690011""","Race/Ethnicity","Two or More Races",14,"*",14,"*","*","*"
"Woodstock School District","=""1690011""","Race/Ethnicity","White",536,75.3,535,65.4,184,66.6
"Woodstock School District","=""1690011""","Special Education Status (SWD)","Students with Disabilities",71,55.6,71,45.9,20,52.0
"Woodstock School District","=""1690011""","Special Education Status (SWD)","Students without Disabilities",504,77.8,503,67.9,177,67.7
"Regional School District 01","=""2010012""","All Students","District",92,66.6,101,56.7,113,60.6
"Regional School District 01","=""2010012""","English Language Learners (EL)","English Learners","*","*","*","*","N/A","N/A"
"Regional School District 01","=""2010012""","English Language Learners (EL)","Not English Learners","*","*","*","*",113,60.6
"Regional School District 01","=""2010012""","High Needs (F/R, EL or SWD)","High Needs",28,55.6,28,46.7,33,49.4
"Regional School District 01","=""2010012""","High Needs (F/R, EL or SWD)","Not High Needs",64,71.5,73,60.5,80,65.3
"Regional School District 01","=""2010012""","Free/Reduced Price Meal Eligibility (2-level)","Eligible For Free Or Reduced Price Meals",19,"*",19,"*",17,"*"
"Regional School District 01","=""2010012""","Free/Reduced Price Meal Eligibility (2-level)","Not Eligible For Free Or Reduced Price Meals",73,68.5,82,57.6,96,62.8
"Regional School District 01","=""2010012""","Race/Ethnicity","Asian","*","*","*","*","*","*"
"Regional School District 01","=""2010012""","Race/Ethnicity","Black or African American","*","*","*","*","*","*"
"Regional School District 01","=""2010012""","Race/Ethnicity","Hispanic or Latino","*","*","*","*","*","*"
"Regional School District 01","=""2010012""","Race/Ethnicity","White",83,66.0,92,56.2,105,61.2
"Regional School District 01","=""2010012""","Special Education Status (SWD)","Students with Disabilities",12,"*",12,"*",22,49.1
"Regional School District 01","=""2010012""","Special Education Status (SWD)","Students without Disabilities",80,69.8,89,60.2,91,63.4
"Regional School District 04","=""2040012""","All Students","District",468,75.2,467,63.3,318,66.6
"Regional School District 04","=""2040012""","English Language Learners (EL)","English Learners","*","*","*","*","*","*"
"Regional School District 04","=""2040012""","English Language Learners (EL)","Not English Learners","*","*","*","*","*","*"
"Regional School District 04","=""2040012""","High Needs (F/R, EL or SWD)","High Needs",116,60.7,117,48.4,81,55.0
"Regional School District 04","=""2040012""","High Needs (F/R, EL or SWD)","Not High Needs",352,80.0,350,68.3,237,70.6
"Regional School District 04","=""2040012""","Free/Reduced Price Meal Eligibility (2-level)","Eligible For Free Or Reduced Price Meals",53,66.4,52,54.9,34,59.9
"Regional School District 04","=""2040012""","Free/Reduced Price Meal Eligibility (2-level)","Not Eligible For Free Or Reduced Price Meals",415,76.4,415,64.3,284,67.4
"Regional School District 04","=""2040012""","Race/Ethnicity","American Indian or Alaska Native","*","*","*","*","N/A","N/A"
"Regional School District 04","=""2040012""","Race/Ethnicity","Asian",9,"*",9,"*","*","*"
"Regional School District 04","=""2040012""","Race/Ethnicity","Black or African American","*","*","*","*","*","*"
"Regional School District 04","=""2040012""","Race/Ethnicity","Hispanic or Latino",29,67.6,30,52.3,11,"*"
"Regional School District 04","=""2040012""","Race/Ethnicity","Two or More Races",10,"*",10,"*",7,"*"
"Regional School District 04","=""2040012""","Race/Ethnicity","White",414,76.1,412,64.4,292,67.8
"Regional School District 04","=""2040012""","Special Education Status (SWD)","Students with Disabilities",75,54.9,76,42.0,53,51.5
"Regional School District 04","=""2040012""","Special Education Status (SWD)","Students without Disabilities",393,79.1,391,67.4,265,69.7
"Regional School District 05","=""2050012""","All Students","District",1104,72.7,1106,66.6,750,68.2
"Regional School District 05","=""2050012""","English Language Learners (EL)","English Learners",18,"*",18,"*",10,"*"
"Regional School District 05","=""2050012""","English Language Learners (EL)","Not English Learners",1086,73.1,1088,66.7,740,68.4
"Regional School District 05","=""2050012""","High Needs (F/R, EL or SWD)","High Needs",193,53.2,193,48.6,137,54.5
"Regional School District 05","=""2050012""","High Needs (F/R, EL or SWD)","Not High Needs",911,76.8,913,70.4,613,71.3
"Regional School District 05","=""2050012""","Free/Reduced Price Meal Eligibility (2-level)","Eligible For Free Or Reduced Price Meals",58,56.1,58,50.7,37,58.2
"Regional School District 05","=""2050012""","Free/Reduced Price Meal Eligibility (2-level)","Not Eligible For Free Or Reduced Price Meals",1046,73.6,1048,67.4,713,68.7
"Regional School District 05","=""2050012""","Race/Ethnicity","American Indian or Alaska Native","*","*","*","*","*","*"
"Regional School District 05","=""2050012""","Race/Ethnicity","Asian",127,84.0,127,83.1,85,74.9
"Regional School District 05","=""2050012""","Race/Ethnicity","Black or African American",32,61.0,32,50.5,28,52.9
"Regional School District 05","=""2050012""","Race/Ethnicity","Hispanic or Latino",53,67.7,53,61.9,35,64.8
"Regional School District 05","=""2050012""","Race/Ethnicity","Native Hawaiian or Other Pacific Islander","*","*","*","*","*","*"
"Regional School District 05","=""2050012""","Race/Ethnicity","Two or More Races",20,82.1,20,75.8,15,"*"
"Regional School District 05","=""2050012""","Race/Ethnicity","White",868,71.7,870,65.0,585,68.1
"Regional School District 05","=""2050012""","Special Education Status (SWD)","Students with Disabilities",134,51.0,134,44.2,101,52.1
"Regional School District 05","=""2050012""","Special Education Status (SWD)","Students without Disabilities",970,75.7,972,69.7,649,70.7
"Regional School District 06","=""2060012""","All Students","District",406,71.9,399,61.1,227,62.4
"Regional School District 06","=""2060012""","English Language Learners (EL)","English Learners","*","*","*","*","*","*"
"Regional School District 06","=""2060012""","English Language Learners (EL)","Not English Learners","*","*","*","*","*","*"
"Regional School District 06","=""2060012""","High Needs (F/R, EL or SWD)","High Needs",104,62.6,103,51.9,65,53.6
"Regional School District 06","=""2060012""","High Needs (F/R, EL or SWD)","Not High Needs",302,75.1,296,64.3,162,65.9
"Regional School District 06","=""2060012""","Free/Reduced Price Meal Eligibility (2-level)","Eligible For Free Or Reduced Price Meals",50,68.2,50,59.4,36,57.3
"Regional School District 06","=""2060012""","Free/Reduced Price Meal Eligibility (2-level)","Not Eligible For Free Or Reduced Price Meals",356,72.4,349,61.4,191,63.3
"Regional School District 06","=""2060012""","Race/Ethnicity","American Indian or Alaska Native","*","*","*","*","*","*"
"Regional School District 06","=""2060012""","Race/Ethnicity","Asian","*","*","*","*","*","*"
"Regional School District 06","=""2060012""","Race/Ethnicity","Black or African American","*","*","*","*","*","*"
"Regional School District 06","=""2060012""","Race/Ethnicity","Hispanic or Latino",14,"*",14,"*",7,"*"
"Regional School District 06","=""2060012""","Race/Ethnicity","Native Hawaiian or Other Pacific Islander","*","*","*","*","*","*"
"Regional School District 06","=""2060012""","Race/Ethnicity","Two or More Races","*","*","*","*","*","*"
"Regional School District 06","=""2060012""","Race/Ethnicity","White",377,72.2,370,61.5,212,62.8
"Regional School District 06","=""2060012""","Special Education Status (SWD)","Students with Disabilities",63,56.6,62,44.7,39,49.2
"Regional School District 06","=""2060012""","Special Education Status (SWD)","Students without Disabilities",343,74.7,337,64.2,188,65.1
"Regional School District 07","=""2070012""","All Students","District",499,66.7,495,63.5,391,66.0
"Regional School District 07","=""2070012""","English Language Learners (EL)","English Learners","N/A","N/A","N/A","N/A","N/A","N/A"
"Regional School District 07","=""2070012""","English Language Learners (EL)","Not English Learners",499,66.7,495,63.5,391,66.0
"Regional School District 07","=""2070012""","High Needs (F/R, EL or SWD)","High Needs",98,49.7,96,48.6,70,51.5
"Regional School District 07","=""2070012""","High Needs (F/R, EL or SWD)","Not High Needs",401,70.9,399,67.1,321,69.2
"Regional School District 07","=""2070012""","Free/Reduced Price Meal Eligibility (2-level)","Eligible For Free Or Reduced Price Meals",34,53.3,34,54.3,28,55.6
"Regional School District 07","=""2070012""","Free/Reduced Price Meal Eligibility (2-level)","Not Eligible For Free Or Reduced Price Meals",465,67.7,461,64.2,363,66.8
"Regional School District 07","=""2070012""","Race/Ethnicity","American Indian or Alaska Native","*","*","*","*","N/A","N/A"
"Regional School District 07","=""2070012""","Race/Ethnicity","Asian","*","*","*","*","*","*"
"Regional School District 07","=""2070012""","Race/Ethnicity","Black or African American","N/A","N/A","N/A","N/A","N/A","N/A"
"Regional School District 07","=""2070012""","Race/Ethnicity","Hispanic or Latino",8,"*",8,"*","*","*"
"Regional School District 07","=""2070012""","Race/Ethnicity","Two or More Races","*","*","*","*","N/A","N/A"
"Regional School District 07","=""2070012""","Race/Ethnicity","White",487,66.9,483,63.7,382,66.1
"Regional School District 07","=""2070012""","Special Education Status (SWD)","Students with Disabilities",71,46.8,69,44.3,53,47.5
"Regional School District 07","=""2070012""","Special Education Status (SWD)","Students without Disabilities",428,70.0,426,66.6,338,68.9
"Regional School District 08","=""2080012""","All Students","District",810,71.5,811,64.1,533,63.9
"Regional School District 08","=""2080012""","English Language Learners (EL)","English Learners","*","*","*","*","N/A","N/A"
"Regional School District 08","=""2080012""","English Language Learners (EL)","Not English Learners","*","*","*","*",533,63.9
"Regional School District 08","=""2080012""","High Needs (F/R, EL or SWD)","High Needs",151,53.5,152,44.2,105,49.8
"Regional School District 08","=""2080012""","High Needs (F/R, EL or SWD)","Not High Needs",659,75.7,659,68.7,428,67.4
"Regional School District 08","=""2080012""","Free/Reduced Price Meal Eligibility (2-level)","Eligible For Free Or Reduced Price Meals",54,59.7,54,50.9,36,52.5
"Regional School District 08","=""2080012""","Free/Reduced Price Meal Eligibility (2-level)","Not Eligible For Free Or Reduced Price Meals",756,72.4,757,65.1,497,64.8
"Regional School District 08","=""2080012""","Race/Ethnicity","American Indian or Alaska Native","*","*","*","*","N/A","N/A"
"Regional School District 08","=""2080012""","Race/Ethnicity","Asian",19,"*",19,"*",9,"*"
"Regional School District 08","=""2080012""","Race/Ethnicity","Black or African American",7,"*",7,"*","*","*"
"Regional School District 08","=""2080012""","Race/Ethnicity","Hispanic or Latino",20,69.2,20,57.9,16,"*"
"Regional School District 08","=""2080012""","Race/Ethnicity","Two or More Races","*","*","*","*","*","*"
"Regional School District 08","=""2080012""","Race/Ethnicity","White",760,71.7,761,64.4,504,64.4
"Regional School District 08","=""2080012""","Special Education Status (SWD)","Students with Disabilities",109,49.3,110,39.6,81,46.7
"Regional School District 08","=""2080012""","Special Education Status (SWD)","Students without Disabilities",701,75.0,701,68.0,452,67.0
"Regional School District 09","=""2090012""","All Students","District",77,77.6,95,70.5,273,72.2
"Regional School District 09","=""2090012""","English Language Learners (EL)","English Learners","N/A","N/A","N/A","N/A","*","*"
"Regional School District 09","=""2090012""","English Language Learners (EL)","Not English Learners",77,77.6,95,70.5,"*","*"
"Regional School District 09","=""2090012""","High Needs (F/R, EL or SWD)","High Needs",11,"*",17,"*",43,56.0
"Regional School District 09","=""2090012""","High Needs (F/R, EL or SWD)","Not High Needs",66,82.4,78,74.7,230,75.3
"Regional School District 09","=""2090012""","Free/Reduced Price Meal Eligibility (2-level)","Eligible For Free Or Reduced Price Meals","*","*","*","*",12,"*"
"Regional School District 09","=""2090012""","Free/Reduced Price Meal Eligibility (2-level)","Not Eligible For Free Or Reduced Price Meals","*","*","*","*",261,72.8
"Regional School District 09","=""2090012""","Race/Ethnicity","American Indian or Alaska Native","N/A","N/A","*","*","*","*"
"Regional School District 09","=""2090012""","Race/Ethnicity","Asian","*","*","*","*",10,"*"
"Regional School District 09","=""2090012""","Race/Ethnicity","Black or African American","*","*","*","*","*","*"
"Regional School District 09","=""2090012""","Race/Ethnicity","Hispanic or Latino","*","*","*","*",16,"*"
"Regional School District 09","=""2090012""","Race/Ethnicity","Two or More Races","*","*","*","*",6,"*"
"Regional School District 09","=""2090012""","Race/Ethnicity","White",66,76.7,85,71.0,236,72.3
"Regional School District 09","=""2090012""","Special Education Status (SWD)","Students with Disabilities",10,"*",15,"*",35,53.2
"Regional School District 09","=""2090012""","Special Education Status (SWD)","Students without Disabilities",67,82.8,80,75.0,238,75.0
"Regional School District 10","=""2100012""","All Students","District",1327,76.7,1325,70.1,606,62.6
"Regional School District 10","=""2100012""","English Language Learners (EL)","English Learners",21,77.4,21,66.2,"*","*"
"Regional School District 10","=""2100012""","English Language Learners (EL)","Not English Learners",1306,76.7,1304,70.1,"*","*"
"Regional School District 10","=""2100012""","High Needs (F/R, EL or SWD)","High Needs",263,63.4,262,58.0,111,50.4
"Regional School District 10","=""2100012""","High Needs (F/R, EL or SWD)","Not High Needs",1064,80.0,1063,73.0,495,65.3
"Regional School District 10","=""2100012""","Free/Reduced Price Meal Eligibility (2-level)","Eligible For Free Or Reduced Price Meals",123,69.4,123,62.7,42,56.3
"Regional School District 10","=""2100012""","Free/Reduced Price Meal Eligibility (2-level)","Not Eligible For Free Or Reduced Price Meals",1204,77.5,1202,70.8,564,63.0
"Regional School District 10","=""2100012""","Race/Ethnicity","American Indian or Alaska Native","*","*","*","*","N/A","N/A"
"Regional School District 10","=""2100012""","Race/Ethnicity","Asian",26,88.6,26,81.0,8,"*"
"Regional School District 10","=""2100012""","Race/Ethnicity","Black or African American",9,"*",9,"*","*","*"
"Regional School District 10","=""2100012""","Race/Ethnicity","Hispanic or Latino",36,69.4,36,61.2,28,59.0
"Regional School District 10","=""2100012""","Race/Ethnicity","Native Hawaiian or Other Pacific Islander","*","*","*","*","*","*"
"Regional School District 10","=""2100012""","Race/Ethnicity","Two or More Races","*","*","*","*","*","*"
"Regional School District 10","=""2100012""","Race/Ethnicity","White",1249,76.9,1247,70.3,565,62.8
"Regional School District 10","=""2100012""","Special Education Status (SWD)","Students with Disabilities",152,55.6,151,51.3,76,46.1
"Regional School District 10","=""2100012""","Special Education Status (SWD)","Students without Disabilities",1175,79.5,1174,72.5,530,64.9
"Regional School District 11","=""2110012""","All Students","District",137,64.1,136,48.2,104,56.2
"Regional School District 11","=""2110012""","English Language Learners (EL)","English Learners","*","*","*","*","*","*"
"Regional School District 11","=""2110012""","English Language Learners (EL)","Not English Learners","*","*","*","*","*","*"
"Regional School District 11","=""2110012""","High Needs (F/R, EL or SWD)","High Needs",65,56.1,65,42.5,48,50.5
"Regional School District 11","=""2110012""","High Needs (F/R, EL or SWD)","Not High Needs",72,71.3,71,53.4,56,61.0
"Regional School District 11","=""2110012""","Free/Reduced Price Meal Eligibility (2-level)","Eligible For Free Or Reduced Price Meals",45,58.8,45,43.3,40,50.2
"Regional School District 11","=""2110012""","Free/Reduced Price Meal Eligibility (2-level)","Not Eligible For Free Or Reduced Price Meals",92,66.6,91,50.6,64,59.9
"Regional School District 11","=""2110012""","Race/Ethnicity","Asian","N/A","N/A","N/A","N/A","N/A","N/A"
"Regional School District 11","=""2110012""","Race/Ethnicity","Black or African American",7,"*",7,"*","*","*"
"Regional School District 11","=""2110012""","Race/Ethnicity","Hispanic or Latino",16,"*",16,"*",10,"*"
"Regional School District 11","=""2110012""","Race/Ethnicity","Native Hawaiian or Other Pacific Islander","*","*","*","*","*","*"
"Regional School District 11","=""2110012""","Race/Ethnicity","Two or More Races","*","*","*","*","*","*"
"Regional School District 11","=""2110012""","Race/Ethnicity","White",112,65.4,111,49.3,89,56.8
"Regional School District 11","=""2110012""","Special Education Status (SWD)","Students with Disabilities",31,47.6,31,39.1,21,47.2
"Regional School District 11","=""2110012""","Special Education Status (SWD)","Students without Disabilities",106,68.9,105,50.9,83,58.4
"Regional School District 12","=""2120012""","All Students","District",404,76.0,406,66.5,171,63.6
"Regional School District 12","=""2120012""","English Language Learners (EL)","English Learners","*","*","*","*","*","*"
"Regional School District 12","=""2120012""","English Language Learners (EL)","Not English Learners","*","*","*","*","*","*"
"Regional School District 12","=""2120012""","High Needs (F/R, EL or SWD)","High Needs",97,62.5,99,53.1,43,51.3
"Regional School District 12","=""2120012""","High Needs (F/R, EL or SWD)","Not High Needs",307,80.3,307,70.8,128,67.7
"Regional School District 12","=""2120012""","Free/Reduced Price Meal Eligibility (2-level)","Eligible For Free Or Reduced Price Meals",36,73.5,36,63.0,17,"*"
"Regional School District 12","=""2120012""","Free/Reduced Price Meal Eligibility (2-level)","Not Eligible For Free Or Reduced Price Meals",368,76.3,370,66.9,154,64.0
"Regional School District 12","=""2120012""","Race/Ethnicity","American Indian or Alaska Native","*","*","*","*","*","*"
"Regional School District 12","=""2120012""","Race/Ethnicity","Asian","*","*","*","*","*","*"
"Regional School District 12","=""2120012""","Race/Ethnicity","Black or African American","*","*","*","*","*","*"
"Regional School District 12","=""2120012""","Race/Ethnicity","Hispanic or Latino",21,70.9,21,59.8,9,"*"
"Regional School District 12","=""2120012""","Race/Ethnicity","Native Hawaiian or Other Pacific Islander","*","*","*","*","*","*"
"Regional School District 12","=""2120012""","Race/Ethnicity","Two or More Races","*","*","*","*","N/A","N/A"
"Regional School District 12","=""2120012""","Race/Ethnicity","White",369,76.0,371,66.7,157,64.5
"Regional School District 12","=""2120012""","Special Education Status (SWD)","Students with Disabilities",67,55.6,69,46.7,28,44.1
"Regional School District 12","=""2120012""","Special Education Status (SWD)","Students without Disabilities",337,80.1,337,70.6,143,67.4
"Regional School District 13","=""2130012""","All Students","District",1002,72.6,998,63.4,448,64.4
"Regional School District 13","=""2130012""","English Language Learners (EL)","English Learners",6,"*",6,"*","*","*"
"Regional School District 13","=""2130012""","English Language Learners (EL)","Not English Learners",996,72.7,992,63.4,"*","*"
"Regional School District 13","=""2130012""","High Needs (F/R, EL or SWD)","High Needs",251,60.0,251,50.9,104,52.5
"Regional School District 13","=""2130012""","High Needs (F/R, EL or SWD)","Not High Needs",751,76.8,747,67.6,344,68.0
"Regional School District 13","=""2130012""","Free/Reduced Price Meal Eligibility (2-level)","Eligible For Free Or Reduced Price Meals",81,64.5,81,54.0,24,49.8
"Regional School District 13","=""2130012""","Free/Reduced Price Meal Eligibility (2-level)","Not Eligible For Free Or Reduced Price Meals",921,73.3,917,64.2,424,65.3
"Regional School District 13","=""2130012""","Race/Ethnicity","American Indian or Alaska Native","N/A","N/A","N/A","N/A","*","*"
"Regional School District 13","=""2130012""","Race/Ethnicity","Asian","*","*","*","*",8,"*"
"Regional School District 13","=""2130012""","Race/Ethnicity","Black or African American","*","*","*","*","*","*"
"Regional School District 13","=""2130012""","Race/Ethnicity","Hispanic or Latino",41,64.7,40,54.1,14,"*"
"Regional School District 13","=""2130012""","Race/Ethnicity","Two or More Races",34,76.6,34,71.0,15,"*"
"Regional School District 13","=""2130012""","Race/Ethnicity","White",901,72.6,898,63.2,407,64.7
"Regional School District 13","=""2130012""","Special Education Status (SWD)","Students with Disabilities",193,57.1,193,48.9,92,51.9
"Regional School District 13","=""2130012""","Special Education Status (SWD)","Students without Disabilities",809,76.3,805,66.8,356,67.7
"Regional School District 14","=""2140012""","All Students","District",870,70.8,869,62.9,425,62.2
"Regional School District 14","=""2140012""","English Language Learners (EL)","English Learners",14,"*",14,"*",6,"*"
"Regional School District 14","=""2140012""","English Language Learners (EL)","Not English Learners",856,70.9,855,62.9,419,62.4
"Regional School District 14","=""2140012""","High Needs (F/R, EL or SWD)","High Needs",194,58.1,193,49.7,100,53.3
"Regional School District 14","=""2140012""","High Needs (F/R, EL or SWD)","Not High Needs",676,74.4,676,66.7,325,64.9
"Regional School District 14","=""2140012""","Free/Reduced Price Meal Eligibility (2-level)","Eligible For Free Or Reduced Price Meals",88,63.0,87,54.6,46,58.7
"Regional School District 14","=""2140012""","Free/Reduced Price Meal Eligibility (2-level)","Not Eligible For Free Or Reduced Price Meals",782,71.6,782,63.8,379,62.6
"Regional School District 14","=""2140012""","Race/Ethnicity","American Indian or Alaska Native","*","*","*","*","N/A","N/A"
"Regional School District 14","=""2140012""","Race/Ethnicity","Asian",16,"*",16,"*","*","*"
"Regional School District 14","=""2140012""","Race/Ethnicity","Black or African American",8,"*",8,"*","*","*"
"Regional School District 14","=""2140012""","Race/Ethnicity","Hispanic or Latino",20,65.8,20,60.7,9,"*"
"Regional School District 14","=""2140012""","Race/Ethnicity","Two or More Races","*","*","*","*","*","*"
"Regional School District 14","=""2140012""","Race/Ethnicity","White",821,70.9,820,63.0,405,62.5
"Regional School District 14","=""2140012""","Special Education Status (SWD)","Students with Disabilities",117,51.5,117,43.7,61,47.9
"Regional School District 14","=""2140012""","Special Education Status (SWD)","Students without Disabilities",753,73.8,752,65.9,364,64.6
"Regional School District 15","=""2150012""","All Students","District",2126,78.8,2119,70.4,986,64.6
"Regional School District 15","=""2150012""","English Language Learners (EL)","English Learners",23,62.3,23,53.0,7,"*"
"Regional School District 15","=""2150012""","English Language Learners (EL)","Not English Learners",2103,79.0,2096,70.6,979,64.7
"Regional School District 15","=""2150012""","High Needs (F/R, EL or SWD)","High Needs",399,60.7,398,52.7,221,52.6
"Regional School District 15","=""2150012""","High Needs (F/R, EL or SWD)","Not High Needs",1727,83.0,1721,74.4,765,68.0
"Regional School District 15","=""2150012""","Free/Reduced Price Meal Eligibility (2-level)","Eligible For Free Or Reduced Price Meals",114,65.3,113,57.8,54,54.6
"Regional School District 15","=""2150012""","Free/Reduced Price Meal Eligibility (2-level)","Not Eligible For Free Or Reduced Price Meals",2012,79.5,2006,71.1,932,65.1
"Regional School District 15","=""2150012""","Race/Ethnicity","American Indian or Alaska Native","*","*","*","*","N/A","N/A"
"Regional School District 15","=""2150012""","Race/Ethnicity","Asian",116,86.7,116,81.2,53,72.4
"Regional School District 15","=""2150012""","Race/Ethnicity","Black or African American",34,71.8,34,64.8,16,"*"
"Regional School District 15","=""2150012""","Race/Ethnicity","Hispanic or Latino",73,76.6,72,67.2,54,62.1
"Regional School District 15","=""2150012""","Race/Ethnicity","Native Hawaiian or Other Pacific Islander","*","*","*","*","N/A","N/A"
"Regional School District 15","=""2150012""","Race/Ethnicity","Two or More Races",19,"*",19,"*",8,"*"
"Regional School District 15","=""2150012""","Race/Ethnicity","White",1879,78.4,1873,69.9,855,64.4
"Regional School District 15","=""2150012""","Special Education Status (SWD)","Students with Disabilities",310,57.5,309,49.3,184,51.1
"Regional School District 15","=""2150012""","Special Education Status (SWD)","Students without Disabilities",1816,82.4,1810,74.0,802,67.7
"Regional School District 16","=""2160012""","All Students","District",1224,68.0,1200,61.7,541,58.7
"Regional School District 16","=""2160012""","English Language Learners (EL)","English Learners",26,51.3,25,51.6,8,"*"
"Regional School District 16","=""2160012""","English Language Learners (EL)","Not English Learners",1198,68.3,1175,61.9,533,58.9
"Regional School District 16","=""2160012""","High Needs (F/R, EL or SWD)","High Needs",325,57.1,318,51.3,141,49.5
"Regional School District 16","=""2160012""","High Needs (F/R, EL or SWD)","Not High Needs",899,71.9,882,65.4,400,61.9
"Regional School District 16","=""2160012""","Free/Reduced Price Meal Eligibility (2-level)","Eligible For Free Or Reduced Price Meals",162,61.4,157,54.2,70,53.6
"Regional School District 16","=""2160012""","Free/Reduced Price Meal Eligibility (2-level)","Not Eligible For Free Or Reduced Price Meals",1062,69.0,1043,62.8,471,59.4
"Regional School District 16","=""2160012""","Race/Ethnicity","American Indian or Alaska Native","*","*","*","*","N/A","N/A"
"Regional School District 16","=""2160012""","Race/Ethnicity","Asian",19,"*",18,"*","*","*"
"Regional School District 16","=""2160012""","Race/Ethnicity","Black or African American",32,68.0,32,61.8,17,"*"
"Regional School District 16","=""2160012""","Race/Ethnicity","Hispanic or Latino",56,66.3,55,58.5,29,53.8
"Regional School District 16","=""2160012""","Race/Ethnicity","Two or More Races","*","*","*","*","*","*"
"Regional School District 16","=""2160012""","Race/Ethnicity","White",1111,68.1,1089,61.8,488,59.0
"Regional School District 16","=""2160012""","Special Education Status (SWD)","Students with Disabilities",193,50.5,190,45.7,85,44.7
"Regional School District 16","=""2160012""","Special Education Status (SWD)","Students without Disabilities",1031,71.3,1010,64.7,456,61.3
"Regional School District 17","=""2170012""","All Students","District",1225,76.7,1226,66.3,495,68.4
"Regional School District 17","=""2170012""","English Language Learners (EL)","English Learners",6,"*",6,"*","*","*"
"Regional School District 17","=""2170012""","English Language Learners (EL)","Not English Learners",1219,76.7,1220,66.4,"*","*"
"Regional School District 17","=""2170012""","High Needs (F/R, EL or SWD)","High Needs",310,63.5,310,52.7,114,56.4
"Regional School District 17","=""2170012""","High Needs (F/R, EL or SWD)","Not High Needs",915,81.2,916,70.9,381,72.0
"Regional School District 17","=""2170012""","Free/Reduced Price Meal Eligibility (2-level)","Eligible For Free Or Reduced Price Meals",111,66.8,111,56.7,46,60.7
"Regional School District 17","=""2170012""","Free/Reduced Price Meal Eligibility (2-level)","Not Eligible For Free Or Reduced Price Meals",1114,77.7,1115,67.2,449,69.2
"Regional School District 17","=""2170012""","Race/Ethnicity","American Indian or Alaska Native","*","*","*","*","N/A","N/A"
"Regional School District 17","=""2170012""","Race/Ethnicity","Asian",29,81.1,29,68.5,12,"*"
"Regional School District 17","=""2170012""","Race/Ethnicity","Black or African American",15,"*",15,"*",7,"*"
"Regional School District 17","=""2170012""","Race/Ethnicity","Hispanic or Latino","*","*","*","*","*","*"
"Regional School District 17","=""2170012""","Race/Ethnicity","Two or More Races",18,"*",18,"*","*","*"
"Regional School District 17","=""2170012""","Race/Ethnicity","White",1154,76.8,1155,66.5,470,68.7
"Regional School District 17","=""2170012""","Special Education Status (SWD)","Students with Disabilities",225,60.5,225,49.8,79,52.5
"Regional School District 17","=""2170012""","Special Education Status (SWD)","Students without Disabilities",1000,80.3,1001,70.0,416,71.4
"Regional School District 18","=""2180012""","All Students","District",732,79.1,725,73.5,361,64.8
"Regional School District 18","=""2180012""","English Language Learners (EL)","English Learners",7,"*",7,"*","*","*"
"Regional School District 18","=""2180012""","English Language Learners (EL)","Not English Learners",725,79.1,718,73.4,"*","*"
"Regional School District 18","=""2180012""","High Needs (F/R, EL or SWD)","High Needs",148,67.0,148,60.0,67,51.4
"Regional School District 18","=""2180012""","High Needs (F/R, EL or SWD)","Not High Needs",584,82.2,577,77.0,294,67.9
"Regional School District 18","=""2180012""","Free/Reduced Price Meal Eligibility (2-level)","Eligible For Free Or Reduced Price Meals",57,69.3,57,61.7,25,60.4
"Regional School District 18","=""2180012""","Free/Reduced Price Meal Eligibility (2-level)","Not Eligible For Free Or Reduced Price Meals",675,79.9,668,74.5,336,65.1
"Regional School District 18","=""2180012""","Race/Ethnicity","American Indian or Alaska Native","*","*","*","*","*","*"
"Regional School District 18","=""2180012""","Race/Ethnicity","Asian",21,83.2,20,81.0,13,"*"
"Regional School District 18","=""2180012""","Race/Ethnicity","Black or African American","*","*","*","*","N/A","N/A"
"Regional School District 18","=""2180012""","Race/Ethnicity","Hispanic or Latino",28,71.0,29,62.5,16,"*"
"Regional School District 18","=""2180012""","Race/Ethnicity","Two or More Races",13,"*",14,"*","*","*"
"Regional School District 18","=""2180012""","Race/Ethnicity","White",666,79.5,658,73.9,326,65.0
"Regional School District 18","=""2180012""","Special Education Status (SWD)","Students with Disabilities",106,63.3,106,56.9,51,47.6
"Regional School District 18","=""2180012""","Special Education Status (SWD)","Students without Disabilities",626,81.8,619,76.4,310,67.6
"Regional School District 19","=""2190012""","All Students","District",56,59.5,54,52.6,280,62.2
"Regional School District 19","=""2190012""","English Language Learners (EL)","English Learners","*","*","*","*","*","*"
"Regional School District 19","=""2190012""","English Language Learners (EL)","Not English Learners","*","*","*","*","*","*"
"Regional School District 19","=""2190012""","High Needs (F/R, EL or SWD)","High Needs",25,53.9,23,42.7,79,50.8
"Regional School District 19","=""2190012""","High Needs (F/R, EL or SWD)","Not High Needs",31,63.9,31,59.9,201,66.6
"Regional School District 19","=""2190012""","Free/Reduced Price Meal Eligibility (2-level)","Eligible For Free Or Reduced Price Meals",12,"*",11,"*",49,56.2
"Regional School District 19","=""2190012""","Free/Reduced Price Meal Eligibility (2-level)","Not Eligible For Free Or Reduced Price Meals",44,60.9,43,56.3,231,63.4
"Regional School District 19","=""2190012""","Race/Ethnicity","American Indian or Alaska Native","N/A","N/A","N/A","N/A","N/A","N/A"
"Regional School District 19","=""2190012""","Race/Ethnicity","Asian","*","*","*","*",11,"*"
"Regional School District 19","=""2190012""","Race/Ethnicity","Black or African American","*","*","N/A","N/A","*","*"
"Regional School District 19","=""2190012""","Race/Ethnicity","Hispanic or Latino",8,"*","*","*",22,53.4
"Regional School District 19","=""2190012""","Race/Ethnicity","Native Hawaiian or Other Pacific Islander","N/A","N/A","N/A","N/A","*","*"
"Regional School District 19","=""2190012""","Race/Ethnicity","Two or More Races","N/A","N/A","N/A","N/A","*","*"
"Regional School District 19","=""2190012""","Race/Ethnicity","White",42,58.6,41,50.2,240,62.5
"Regional School District 19","=""2190012""","Special Education Status (SWD)","Students with Disabilities",16,"*",14,"*",42,41.6
"Regional School District 19","=""2190012""","Special Education Status (SWD)","Students without Disabilities",40,62.6,40,58.2,238,65.8
"Capitol Region Education Council","=""2410014""","All Students","District",3434,64.1,3442,54.6,1469,54.6
"Capitol Region Education Council","=""2410014""","English Language Learners (EL)","English Learners",162,49.7,165,41.7,55,38.8
"Capitol Region Education Council","=""2410014""","English Language Learners (EL)","Not English Learners",3272,64.8,3277,55.2,1414,55.2
"Capitol Region Education Council","=""2410014""","High Needs (F/R, EL or SWD)","High Needs",1997,55.9,1999,46.5,817,48.0
"Capitol Region Education Council","=""2410014""","High Needs (F/R, EL or SWD)","Not High Needs",1437,75.5,1443,65.7,652,62.8
"Capitol Region Education Council","=""2410014""","Free/Reduced Price Meal Eligibility (2-level)","Eligible For Free Or Reduced Price Meals",1674,57.0,1671,47.2,720,47.8
"Capitol Region Education Council","=""2410014""","Free/Reduced Price Meal Eligibility (2-level)","Not Eligible For Free Or Reduced Price Meals",1760,70.9,1771,61.5,749,61.0
"Capitol Region Education Council","=""2410014""","Race/Ethnicity","American Indian or Alaska Native",11,"*",11,"*","*","*"
"Capitol Region Education Council","=""2410014""","Race/Ethnicity","Asian",204,80.8,205,75.5,65,68.2
"Capitol Region Education Council","=""2410014""","Race/Ethnicity","Black or African American",1002,59.2,1005,48.3,468,48.7
"Capitol Region Education Council","=""2410014""","Race/Ethnicity","Hispanic or Latino",1093,58.8,1093,49.0,464,48.5
"Capitol Region Education Council","=""2410014""","Race/Ethnicity","Native Hawaiian or Other Pacific Islander",6,"*",6,"*","*","*"
"Capitol Region Education Council","=""2410014""","Race/Ethnicity","Two or More Races",131,67.0,130,55.8,56,59.5
"Capitol Region Education Council","=""2410014""","Race/Ethnicity","White",987,71.2,992,62.8,411,65.2
"Capitol Region Education Council","=""2410014""","Special Education Status (SWD)","Students with Disabilities",640,44.7,643,37.3,225,42.5
"Capitol Region Education Council","=""2410014""","Special Education Status (SWD)","Students without Disabilities",2794,68.6,2799,58.5,1244,56.7
"EdAdvance","=""2420014""","All Students","District",6,"*","*","*","N/A","N/A"
"EdAdvance","=""2420014""","English Language Learners (EL)","English Learners","N/A","N/A","N/A","N/A","N/A","N/A"
"EdAdvance","=""2420014""","English Language Learners (EL)","Not English Learners",6,"*","*","*","N/A","N/A"
"EdAdvance","=""2420014""","High Needs (F/R, EL or SWD)","High Needs",6,"*","*","*","N/A","N/A"
"EdAdvance","=""2420014""","Free/Reduced Price Meal Eligibility (2-level)","Eligible For Free Or Reduced Price Meals","*","*","*","*","N/A","N/A"
"EdAdvance","=""2420014""","Free/Reduced Price Meal Eligibility (2-level)","Not Eligible For Free Or Reduced Price Meals","*","*","*","*","N/A","N/A"
"EdAdvance","=""2420014""","Race/Ethnicity","Black or African American","N/A","N/A","N/A","N/A","N/A","N/A"
"EdAdvance","=""2420014""","Race/Ethnicity","Hispanic or Latino","*","*","*","*","N/A","N/A"
"EdAdvance","=""2420014""","Race/Ethnicity","Two or More Races","*","*","*","*","N/A","N/A"
"EdAdvance","=""2420014""","Race/Ethnicity","White","*","*","*","*","N/A","N/A"
"EdAdvance","=""2420014""","Special Education Status (SWD)","Students with Disabilities",6,"*","*","*","N/A","N/A"
"Cooperative Educational Services","=""2430014""","All Students","District",394,55.3,395,48.1,89,56.5
"Cooperative Educational Services","=""2430014""","English Language Learners (EL)","English Learners","*","*","*","*","N/A","N/A"
"Cooperative Educational Services","=""2430014""","English Language Learners (EL)","Not English Learners","*","*","*","*",89,56.5
"Cooperative Educational Services","=""2430014""","High Needs (F/R, EL or SWD)","High Needs",237,44.0,238,36.5,36,51.6
"Cooperative Educational Services","=""2430014""","High Needs (F/R, EL or SWD)","Not High Needs",157,72.5,157,65.7,53,59.8
"Cooperative Educational Services","=""2430014""","Free/Reduced Price Meal Eligibility (2-level)","Eligible For Free Or Reduced Price Meals",128,47.3,129,39.7,29,54.0
"Cooperative Educational Services","=""2430014""","Free/Reduced Price Meal Eligibility (2-level)","Not Eligible For Free Or Reduced Price Meals",266,59.2,266,52.2,60,57.6
"Cooperative Educational Services","=""2430014""","Race/Ethnicity","American Indian or Alaska Native","*","*","*","*","N/A","N/A"
"Cooperative Educational Services","=""2430014""","Race/Ethnicity","Asian",18,"*",18,"*","*","*"
"Cooperative Educational Services","=""2430014""","Race/Ethnicity","Black or African American",117,53.6,119,47.7,38,53.9
"Cooperative Educational Services","=""2430014""","Race/Ethnicity","Hispanic or Latino",135,59.1,135,50.9,35,55.6
"Cooperative Educational Services","=""2430014""","Race/Ethnicity","Two or More Races","*","*","*","*","N/A","N/A"
"Cooperative Educational Services","=""2430014""","Race/Ethnicity","White",112,52.6,111,45.0,"*","*"
"Cooperative Educational Services","=""2430014""","Special Education Status (SWD)","Students with Disabilities",184,37.1,184,29.7,11,"*"
"Cooperative Educational Services","=""2430014""","Special Education Status (SWD)","Students without Disabilities",210,71.3,211,64.2,78,58.3
"Area Cooperative Educational Services","=""2440014""","All Students","District",1398,56.7,1397,46.3,380,48.0
"Area Cooperative Educational Services","=""2440014""","English Language Learners (EL)","English Learners",66,44.2,66,35.2,12,"*"
"Area Cooperative Educational Services","=""2440014""","English Language Learners (EL)","Not English Learners",1332,57.4,1331,46.8,368,48.2
"Area Cooperative Educational Services","=""2440014""","High Needs (F/R, EL or SWD)","High Needs",940,50.4,940,39.4,211,41.0
"Area Cooperative Educational Services","=""2440014""","High Needs (F/R, EL or SWD)","Not High Needs",458,69.8,457,60.2,169,56.7
"Area Cooperative Educational Services","=""2440014""","Free/Reduced Price Meal Eligibility (2-level)","Eligible For Free Or Reduced Price Meals",787,52.3,788,41.0,186,42.4
"Area Cooperative Educational Services","=""2440014""","Free/Reduced Price Meal Eligibility (2-level)","Not Eligible For Free Or Reduced Price Meals",611,62.4,609,53.1,194,53.3
"Area Cooperative Educational Services","=""2440014""","Race/Ethnicity","American Indian or Alaska Native","*","*","*","*","N/A","N/A"
"Area Cooperative Educational Services","=""2440014""","Race/Ethnicity","Asian",57,62.2,57,55.6,20,56.9
"Area Cooperative Educational Services","=""2440014""","Race/Ethnicity","Black or African American",385,53.0,383,41.1,111,43.3
"Area Cooperative Educational Services","=""2440014""","Race/Ethnicity","Hispanic or Latino",458,54.4,460,43.6,114,45.8
"Area Cooperative Educational Services","=""2440014""","Race/Ethnicity","Native Hawaiian or Other Pacific Islander","*","*","*","*","N/A","N/A"
"Area Cooperative Educational Services","=""2440014""","Race/Ethnicity","Two or More Races",47,58.0,47,46.2,11,"*"
"Area Cooperative Educational Services","=""2440014""","Race/Ethnicity","White",446,61.5,445,52.4,124,52.8
"Area Cooperative Educational Services","=""2440014""","Special Education Status (SWD)","Students with Disabilities",425,37.8,425,27.9,62,27.9
"Area Cooperative Educational Services","=""2440014""","Special Education Status (SWD)","Students without Disabilities",973,65.0,972,54.3,318,51.9
"Learn","=""2450014""","All Students","District",579,67.4,583,53.5,295,55.8
"Learn","=""2450014""","English Language Learners (EL)","English Learners",69,56.1,70,47.1,31,42.7
"Learn","=""2450014""","English Language Learners (EL)","Not English Learners",510,68.9,513,54.4,264,57.4
"Learn","=""2450014""","High Needs (F/R, EL or SWD)","High Needs",353,61.4,359,48.3,181,47.4
"Learn","=""2450014""","High Needs (F/R, EL or SWD)","Not High Needs",226,76.7,224,61.9,114,69.1
"Learn","=""2450014""","Free/Reduced Price Meal Eligibility (2-level)","Eligible For Free Or Reduced Price Meals",309,62.5,312,49.3,156,47.3
"Learn","=""2450014""","Free/Reduced Price Meal Eligibility (2-level)","Not Eligible For Free Or Reduced Price Meals",270,72.9,271,58.3,139,65.4
"Learn","=""2450014""","Race/Ethnicity","American Indian or Alaska Native","*","*","*","*","*","*"
"Learn","=""2450014""","Race/Ethnicity","Asian",20,77.2,20,68.5,11,"*"
"Learn","=""2450014""","Race/Ethnicity","Black or African American",69,56.4,69,43.5,38,42.7
"Learn","=""2450014""","Race/Ethnicity","Hispanic or Latino",186,61.5,191,47.6,103,48.7
"Learn","=""2450014""","Race/Ethnicity","Native Hawaiian or Other Pacific Islander","*","*","*","*","*","*"
"Learn","=""2450014""","Race/Ethnicity","Two or More Races",57,68.9,57,57.4,21,56.6
"Learn","=""2450014""","Race/Ethnicity","White",243,74.0,242,59.0,120,65.4
"Learn","=""2450014""","Special Education Status (SWD)","Students with Disabilities",104,48.1,107,35.8,52,40.3
"Learn","=""2450014""","Special Education Status (SWD)","Students without Disabilities",475,71.6,476,57.5,243,59.1
"Eastern Connecticut Regional Educational Service Center (EASTCONN)","=""2530014""","All Students","District",97,40.7,95,32.6,78,50.1
"Eastern Connecticut Regional Educational Service Center (EASTCONN)","=""2530014""","English Language Learners (EL)","English Learners","*","*","*","*","*","*"
"Eastern Connecticut Regional Educational Service Center (EASTCONN)","=""2530014""","English Language Learners (EL)","Not English Learners","*","*","*","*","*","*"
"Eastern Connecticut Regional Educational Service Center (EASTCONN)","=""2530014""","High Needs (F/R, EL or SWD)","High Needs",69,35.3,67,29.8,38,47.7
"Eastern Connecticut Regional Educational Service Center (EASTCONN)","=""2530014""","High Needs (F/R, EL or SWD)","Not High Needs",28,54.1,28,39.1,40,52.5
"Eastern Connecticut Regional Educational Service Center (EASTCONN)","=""2530014""","Free/Reduced Price Meal Eligibility (2-level)","Eligible For Free Or Reduced Price Meals",48,39.2,48,30.2,25,48.0
"Eastern Connecticut Regional Educational Service Center (EASTCONN)","=""2530014""","Free/Reduced Price Meal Eligibility (2-level)","Not Eligible For Free Or Reduced Price Meals",49,42.2,47,35.0,53,51.1
"Eastern Connecticut Regional Educational Service Center (EASTCONN)","=""2530014""","Race/Ethnicity","American Indian or Alaska Native","*","*","*","*","N/A","N/A"
"Eastern Connecticut Regional Educational Service Center (EASTCONN)","=""2530014""","Race/Ethnicity","Asian","*","*","*","*","*","*"
"Eastern Connecticut Regional Educational Service Center (EASTCONN)","=""2530014""","Race/Ethnicity","Black or African American",7,"*",7,"*","*","*"
"Eastern Connecticut Regional Educational Service Center (EASTCONN)","=""2530014""","Race/Ethnicity","Hispanic or Latino",18,"*",18,"*",10,"*"
"Eastern Connecticut Regional Educational Service Center (EASTCONN)","=""2530014""","Race/Ethnicity","Two or More Races","*","*","*","*","*","*"
"Eastern Connecticut Regional Educational Service Center (EASTCONN)","=""2530014""","Race/Ethnicity","White",65,40.0,63,32.5,62,52.1
"Eastern Connecticut Regional Educational Service Center (EASTCONN)","=""2530014""","Special Education Status (SWD)","Students with Disabilities",54,28.3,52,26.8,18,"*"
"Eastern Connecticut Regional Educational Service Center (EASTCONN)","=""2530014""","Special Education Status (SWD)","Students without Disabilities",43,56.3,43,39.5,60,52.3
"Jumoke Academy District","=""2610013""","All Students","District",411,62.8,411,51.9,145,49.6
"Jumoke Academy District","=""2610013""","English Language Learners (EL)","English Learners","*","*","*","*","*","*"
"Jumoke Academy District","=""2610013""","English Language Learners (EL)","Not English Learners","*","*","*","*","*","*"
"Jumoke Academy District","=""2610013""","High Needs (F/R, EL or SWD)","High Needs",252,59.5,252,49.0,80,44.9
"Jumoke Academy District","=""2610013""","High Needs (F/R, EL or SWD)","Not High Needs",159,68.0,159,56.3,65,55.4
"Jumoke Academy District","=""2610013""","Free/Reduced Price Meal Eligibility (2-level)","Eligible For Free Or Reduced Price Meals",243,60.0,243,49.4,77,45.3
"Jumoke Academy District","=""2610013""","Free/Reduced Price Meal Eligibility (2-level)","Not Eligible For Free Or Reduced Price Meals",168,66.9,168,55.5,68,54.5
"Jumoke Academy District","=""2610013""","Race/Ethnicity","Black or African American",405,62.8,405,51.8,143,49.4
"Jumoke Academy District","=""2610013""","Race/Ethnicity","Hispanic or Latino","*","*","*","*","N/A","N/A"
"Jumoke Academy District","=""2610013""","Race/Ethnicity","Native Hawaiian or Other Pacific Islander","*","*","*","*","*","*"
"Jumoke Academy District","=""2610013""","Race/Ethnicity","Two or More Races","*","*","*","*","*","*"
"Jumoke Academy District","=""2610013""","Special Education Status (SWD)","Students with Disabilities",34,46.1,34,33.4,16,"*"
"Jumoke Academy District","=""2610013""","Special Education Status (SWD)","Students without Disabilities",377,64.3,377,53.5,129,51.2
"Odyssey Community School District","=""2630013""","All Students","District",210,70.3,210,60.8,73,56.4
"Odyssey Community School District","=""2630013""","English Language Learners (EL)","English Learners","*","*","*","*","*","*"
"Odyssey Community School District","=""2630013""","English Language Learners (EL)","Not English Learners","*","*","*","*","*","*"
"Odyssey Community School District","=""2630013""","High Needs (F/R, EL or SWD)","High Needs",94,64.2,94,54.8,35,51.6
"Odyssey Community School District","=""2630013""","High Needs (F/R, EL or SWD)","Not High Needs",116,75.3,116,65.7,38,60.9
"Odyssey Community School District","=""2630013""","Free/Reduced Price Meal Eligibility (2-level)","Eligible For Free Or Reduced Price Meals",80,65.2,80,55.4,31,50.4
"Odyssey Community School District","=""2630013""","Free/Reduced Price Meal Eligibility (2-level)","Not Eligible For Free Or Reduced Price Meals",130,73.5,130,64.2,42,60.9
"Odyssey Community School District","=""2630013""","Race/Ethnicity","Asian",18,"*",18,"*",8,"*"
"Odyssey Community School District","=""2630013""","Race/Ethnicity","Black or African American",51,68.6,51,57.6,16,"*"
"Odyssey Community School District","=""2630013""","Race/Ethnicity","Hispanic or Latino",31,68.5,31,57.4,8,"*"
"Odyssey Community School District","=""2630013""","Race/Ethnicity","Two or More Races",8,"*",8,"*","*","*"
"Odyssey Community School District","=""2630013""","Race/Ethnicity","White",102,70.5,102,62.4,37,57.2
"Odyssey Community School District","=""2630013""","Special Education Status (SWD)","Students with Disabilities",26,51.3,26,43.2,10,"*"
"Odyssey Community School District","=""2630013""","Special Education Status (SWD)","Students without Disabilities",184,73.0,184,63.3,63,58.6
"Integrated Day Charter School District","=""2640013""","All Students","District",196,68.5,197,55.4,64,56.6
"Integrated Day Charter School District","=""2640013""","English Language Learners (EL)","English Learners",13,"*",13,"*","*","*"
"Integrated Day Charter School District","=""2640013""","English Language Learners (EL)","Not English Learners",183,69.2,184,55.9,"*","*"
"Integrated Day Charter School District","=""2640013""","High Needs (F/R, EL or SWD)","High Needs",90,62.4,91,48.4,29,49.0
"Integrated Day Charter School District","=""2640013""","High Needs (F/R, EL or SWD)","Not High Needs",106,73.8,106,61.5,35,62.8
"Integrated Day Charter School District","=""2640013""","Free/Reduced Price Meal Eligibility (2-level)","Eligible For Free Or Reduced Price Meals",69,63.8,69,50.3,25,48.9
"Integrated Day Charter School District","=""2640013""","Free/Reduced Price Meal Eligibility (2-level)","Not Eligible For Free Or Reduced Price Meals",127,71.1,128,58.1,39,61.5
"Integrated Day Charter School District","=""2640013""","Race/Ethnicity","American Indian or Alaska Native","*","*","*","*","N/A","N/A"
"Integrated Day Charter School District","=""2640013""","Race/Ethnicity","Asian",17,"*",17,"*",6,"*"
"Integrated Day Charter School District","=""2640013""","Race/Ethnicity","Black or African American","*","*","*","*","*","*"
"Integrated Day Charter School District","=""2640013""","Race/Ethnicity","Hispanic or Latino",23,66.8,23,55.5,6,"*"
"Integrated Day Charter School District","=""2640013""","Race/Ethnicity","Two or More Races",22,62.9,22,46.0,"*","*"
"Integrated Day Charter School District","=""2640013""","Race/Ethnicity","White",120,70.5,121,57.0,42,60.0
"Integrated Day Charter School District","=""2640013""","Special Education Status (SWD)","Students with Disabilities",23,54.7,24,40.1,7,"*"
"Integrated Day Charter School District","=""2640013""","Special Education Status (SWD)","Students without Disabilities",173,70.4,173,57.5,57,58.4
"Interdistrict School for Arts and Comm District","=""2650013""","All Students","District",249,59.4,250,46.8,80,45.5
"Interdistrict School for Arts and Comm District","=""2650013""","English Language Learners (EL)","English Learners",48,44.2,48,32.8,16,"*"
"Interdistrict School for Arts and Comm District","=""2650013""","English Language Learners (EL)","Not English Learners",201,63.0,202,50.1,64,48.6
"Interdistrict School for Arts and Comm District","=""2650013""","High Needs (F/R, EL or SWD)","High Needs",188,55.8,189,43.2,61,41.8
"Interdistrict School for Arts and Comm District","=""2650013""","High Needs (F/R, EL or SWD)","Not High Needs",61,70.5,61,57.9,19,"*"
"Interdistrict School for Arts and Comm District","=""2650013""","Free/Reduced Price Meal Eligibility (2-level)","Eligible For Free Or Reduced Price Meals",176,56.0,177,43.3,58,41.7
"Interdistrict School for Arts and Comm District","=""2650013""","Free/Reduced Price Meal Eligibility (2-level)","Not Eligible For Free Or Reduced Price Meals",73,67.6,73,55.3,22,55.6
"Interdistrict School for Arts and Comm District","=""2650013""","Race/Ethnicity","American Indian or Alaska Native","*","*","*","*","N/A","N/A"
"Interdistrict School for Arts and Comm District","=""2650013""","Race/Ethnicity","Asian","*","*","*","*","*","*"
"Interdistrict School for Arts and Comm District","=""2650013""","Race/Ethnicity","Black or African American",36,58.6,36,48.0,12,"*"
"Interdistrict School for Arts and Comm District","=""2650013""","Race/Ethnicity","Hispanic or Latino",126,54.3,126,40.9,39,42.0
"Interdistrict School for Arts and Comm District","=""2650013""","Race/Ethnicity","Two or More Races",21,60.5,22,45.3,"*","*"
"Interdistrict School for Arts and Comm District","=""2650013""","Race/Ethnicity","White",58,69.6,58,58.1,19,"*"
"Interdistrict School for Arts and Comm District","=""2650013""","Special Education Status (SWD)","Students with Disabilities",41,41.9,41,28.9,14,"*"
"Interdistrict School for Arts and Comm District","=""2650013""","Special Education Status (SWD)","Students without Disabilities",208,62.8,209,50.3,66,47.7
"Common Ground High School District","=""2680013""","All Students","District",32,59.9,32,53.0,54,47.7
"Common Ground High School District","=""2680013""","English Language Learners (EL)","English Learners","*","*","*","*","*","*"
"Common Ground High School District","=""2680013""","English Language Learners (EL)","Not English Learners","*","*","*","*","*","*"
"Common Ground High School District","=""2680013""","High Needs (F/R, EL or SWD)","High Needs",22,58.3,22,51.7,31,43.1
"Common Ground High School District","=""2680013""","High Needs (F/R, EL or SWD)","Not High Needs",10,"*",10,"*",23,53.9
"Common Ground High School District","=""2680013""","Free/Reduced Price Meal Eligibility (2-level)","Eligible For Free Or Reduced Price Meals",20,59.3,20,53.7,24,41.9
"Common Ground High School District","=""2680013""","Free/Reduced Price Meal Eligibility (2-level)","Not Eligible For Free Or Reduced Price Meals",12,"*",12,"*",30,52.4
"Common Ground High School District","=""2680013""","Race/Ethnicity","Asian","*","*","*","*","N/A","N/A"
"Common Ground High School District","=""2680013""","Race/Ethnicity","Black or African American",13,"*",13,"*","*","*"
"Common Ground High School District","=""2680013""","Race/Ethnicity","Hispanic or Latino",10,"*",10,"*",19,"*"
"Common Ground High School District","=""2680013""","Race/Ethnicity","Two or More Races","*","*","*","*","*","*"
"Common Ground High School District","=""2680013""","Race/Ethnicity","White",7,"*",7,"*",17,"*"
"Common Ground High School District","=""2680013""","Special Education Status (SWD)","Students with Disabilities","*","*","*","*",11,"*"
"Common Ground High School District","=""2680013""","Special Education Status (SWD)","Students without Disabilities","*","*","*","*",43,48.8
"The Bridge Academy District","=""2690013""","All Students","District",135,55.5,135,45.9,91,46.6
"The Bridge Academy District","=""2690013""","English Language Learners (EL)","English Learners","*","*","*","*","*","*"
"The Bridge Academy District","=""2690013""","English Language Learners (EL)","Not English Learners","*","*","*","*","*","*"
"The Bridge Academy District","=""2690013""","High Needs (F/R, EL or SWD)","High Needs",114,54.2,114,45.0,78,44.7
"The Bridge Academy District","=""2690013""","High Needs (F/R, EL or SWD)","Not High Needs",21,62.8,21,50.7,13,"*"
"The Bridge Academy District","=""2690013""","Free/Reduced Price Meal Eligibility (2-level)","Eligible For Free Or Reduced Price Meals",110,54.5,110,45.7,75,44.7
"The Bridge Academy District","=""2690013""","Free/Reduced Price Meal Eligibility (2-level)","Not Eligible For Free Or Reduced Price Meals",25,60.2,25,47.0,16,"*"
"The Bridge Academy District","=""2690013""","Race/Ethnicity","American Indian or Alaska Native","*","*","*","*","N/A","N/A"
"The Bridge Academy District","=""2690013""","Race/Ethnicity","Asian","*","*","*","*","N/A","N/A"
"The Bridge Academy District","=""2690013""","Race/Ethnicity","Black or African American",75,55.2,75,44.9,53,44.4
"The Bridge Academy District","=""2690013""","Race/Ethnicity","Hispanic or Latino",49,56.5,49,48.9,34,48.7
"The Bridge Academy District","=""2690013""","Race/Ethnicity","Native Hawaiian or Other Pacific Islander","*","*","*","*","N/A","N/A"
"The Bridge Academy District","=""2690013""","Race/Ethnicity","Two or More Races","*","*","*","*","*","*"
"The Bridge Academy District","=""2690013""","Race/Ethnicity","White","*","*","*","*","*","*"
"The Bridge Academy District","=""2690013""","Special Education Status (SWD)","Students with Disabilities",22,42.8,22,34.5,13,"*"
"The Bridge Academy District","=""2690013""","Special Education Status (SWD)","Students without Disabilities",113,58.0,113,48.1,78,48.3
"Side By Side Charter School District","=""2700013""","All Students","District",129,72.9,129,63.7,39,52.9
"Side By Side Charter School District","=""2700013""","English Language Learners (EL)","English Learners",12,"*",12,"*","*","*"
"Side By Side Charter School District","=""2700013""","English Language Learners (EL)","Not English Learners",117,74.9,117,65.0,"*","*"
"Side By Side Charter School District","=""2700013""","High Needs (F/R, EL or SWD)","High Needs",65,67.0,65,59.7,20,46.4
"Side By Side Charter School District","=""2700013""","High Needs (F/R, EL or SWD)","Not High Needs",64,79.0,64,67.7,19,"*"
"Side By Side Charter School District","=""2700013""","Free/Reduced Price Meal Eligibility (2-level)","Eligible For Free Or Reduced Price Meals",55,68.8,55,60.8,16,"*"
"Side By Side Charter School District","=""2700013""","Free/Reduced Price Meal Eligibility (2-level)","Not Eligible For Free Or Reduced Price Meals",74,76.0,74,65.8,23,55.2
"Side By Side Charter School District","=""2700013""","Race/Ethnicity","Asian",10,"*",10,"*","*","*"
"Side By Side Charter School District","=""2700013""","Race/Ethnicity","Black or African American",34,71.3,34,58.2,11,"*"
"Side By Side Charter School District","=""2700013""","Race/Ethnicity","Hispanic or Latino",56,72.4,56,64.2,14,"*"
"Side By Side Charter School District","=""2700013""","Race/Ethnicity","Native Hawaiian or Other Pacific Islander","*","*","*","*","N/A","N/A"
"Side By Side Charter School District","=""2700013""","Race/Ethnicity","Two or More Races","*","*","*","*","*","*"
"Side By Side Charter School District","=""2700013""","Race/Ethnicity","White",20,79.6,20,71.0,8,"*"
"Side By Side Charter School District","=""2700013""","Special Education Status (SWD)","Students with Disabilities",14,"*",14,"*","*","*"
"Side By Side Charter School District","=""2700013""","Special Education Status (SWD)","Students without Disabilities",115,75.2,115,65.7,"*","*"
"Explorations District","=""2720013""","All Students","District",16,"*",16,"*",25,48.9
"Explorations District","=""2720013""","English Language Learners (EL)","Not English Learners",16,"*",16,"*",25,48.9
"Explorations District","=""2720013""","High Needs (F/R, EL or SWD)","High Needs",7,"*",7,"*",15,"*"
"Explorations District","=""2720013""","High Needs (F/R, EL or SWD)","Not High Needs",9,"*",9,"*",10,"*"
"Explorations District","=""2720013""","Free/Reduced Price Meal Eligibility (2-level)","Eligible For Free Or Reduced Price Meals","*","*","*","*",6,"*"
"Explorations District","=""2720013""","Free/Reduced Price Meal Eligibility (2-level)","Not Eligible For Free Or Reduced Price Meals","*","*","*","*",19,"*"
"Explorations District","=""2720013""","Race/Ethnicity","American Indian or Alaska Native","*","*","*","*","N/A","N/A"
"Explorations District","=""2720013""","Race/Ethnicity","Black or African American","*","*","*","*","*","*"
"Explorations District","=""2720013""","Race/Ethnicity","Hispanic or Latino","*","*","*","*","*","*"
"Explorations District","=""2720013""","Race/Ethnicity","White",13,"*",13,"*",22,49.3
"Explorations District","=""2720013""","Special Education Status (SWD)","Students with Disabilities",6,"*",6,"*",11,"*"
"Explorations District","=""2720013""","Special Education Status (SWD)","Students without Disabilities",10,"*",10,"*",14,"*"
"Trailblazers Academy District","=""2780013""","All Students","District",109,46.7,108,34.6,54,37.2
"Trailblazers Academy District","=""2780013""","English Language Learners (EL)","English Learners",15,"*",15,"*","*","*"
"Trailblazers Academy District","=""2780013""","English Language Learners (EL)","Not English Learners",94,47.7,93,34.8,"*","*"
"Trailblazers Academy District","=""2780013""","High Needs (F/R, EL or SWD)","High Needs","*","*","*","*",54,37.2
"Trailblazers Academy District","=""2780013""","High Needs (F/R, EL or SWD)","Not High Needs","*","*","*","*","N/A","N/A"
"Trailblazers Academy District","=""2780013""","Free/Reduced Price Meal Eligibility (2-level)","Eligible For Free Or Reduced Price Meals","*","*","*","*","*","*"
"Trailblazers Academy District","=""2780013""","Free/Reduced Price Meal Eligibility (2-level)","Not Eligible For Free Or Reduced Price Meals","*","*","*","*","*","*"
"Trailblazers Academy District","=""2780013""","Race/Ethnicity","Asian","*","*","*","*","*","*"
"Trailblazers Academy District","=""2780013""","Race/Ethnicity","Black or African American",51,44.8,51,31.2,28,37.1
"Trailblazers Academy District","=""2780013""","Race/Ethnicity","Hispanic or Latino",52,47.1,51,37.0,23,37.3
"Trailblazers Academy District","=""2780013""","Race/Ethnicity","Two or More Races","*","*","*","*","*","*"
"Trailblazers Academy District","=""2780013""","Race/Ethnicity","White","*","*","*","*","*","*"
"Trailblazers Academy District","=""2780013""","Special Education Status (SWD)","Students with Disabilities",38,35.0,37,21.7,23,31.6
"Trailblazers Academy District","=""2780013""","Special Education Status (SWD)","Students without Disabilities",71,53.0,71,41.4,31,41.4
"Amistad Academy District","=""2790013""","All Students","District",544,66.6,543,59.0,221,43.4
"Amistad Academy District","=""2790013""","English Language Learners (EL)","English Learners",61,59.1,61,55.4,25,42.8
"Amistad Academy District","=""2790013""","English Language Learners (EL)","Not English Learners",483,67.6,482,59.4,196,43.5
"Amistad Academy District","=""2790013""","High Needs (F/R, EL or SWD)","High Needs",424,65.8,423,59.2,159,43.9
"Amistad Academy District","=""2790013""","High Needs (F/R, EL or SWD)","Not High Needs",120,69.4,120,58.0,62,42.3
"Amistad Academy District","=""2790013""","Free/Reduced Price Meal Eligibility (2-level)","Eligible For Free Or Reduced Price Meals",407,66.2,406,59.5,149,43.4
"Amistad Academy District","=""2790013""","Free/Reduced Price Meal Eligibility (2-level)","Not Eligible For Free Or Reduced Price Meals",137,67.8,137,57.3,72,43.4
"Amistad Academy District","=""2790013""","Race/Ethnicity","Black or African American",327,65.2,327,57.1,138,41.5
"Amistad Academy District","=""2790013""","Race/Ethnicity","Hispanic or Latino",200,67.8,199,61.7,75,45.0
"Amistad Academy District","=""2790013""","Race/Ethnicity","Two or More Races",9,"*",9,"*","*","*"
"Amistad Academy District","=""2790013""","Race/Ethnicity","White",8,"*",8,"*","*","*"
"Amistad Academy District","=""2790013""","Special Education Status (SWD)","Students with Disabilities",44,41.5,43,38.0,14,"*"
"Amistad Academy District","=""2790013""","Special Education Status (SWD)","Students without Disabilities",500,68.8,500,60.8,207,44.0
"New Beginnings Inc Family Academy District","=""2800013""","All Students","District",242,61.5,242,51.4,75,48.0
"New Beginnings Inc Family Academy District","=""2800013""","English Language Learners (EL)","English Learners","*","*","*","*","N/A","N/A"
"New Beginnings Inc Family Academy District","=""2800013""","English Language Learners (EL)","Not English Learners","*","*","*","*",75,48.0
"New Beginnings Inc Family Academy District","=""2800013""","High Needs (F/R, EL or SWD)","High Needs",216,60.3,216,50.3,65,47.9
"New Beginnings Inc Family Academy District","=""2800013""","High Needs (F/R, EL or SWD)","Not High Needs",26,71.6,26,60.6,10,"*"
"New Beginnings Inc Family Academy District","=""2800013""","Free/Reduced Price Meal Eligibility (2-level)","Eligible For Free Or Reduced Price Meals",216,60.3,216,50.3,65,47.9
"New Beginnings Inc Family Academy District","=""2800013""","Free/Reduced Price Meal Eligibility (2-level)","Not Eligible For Free Or Reduced Price Meals",26,71.6,26,60.6,10,"*"
"New Beginnings Inc Family Academy District","=""2800013""","Race/Ethnicity","Black or African American",182,61.4,182,51.4,58,47.9
"New Beginnings Inc Family Academy District","=""2800013""","Race/Ethnicity","Hispanic or Latino",52,61.4,52,50.9,"*","*"
"New Beginnings Inc Family Academy District","=""2800013""","Race/Ethnicity","Two or More Races","*","*","*","*","N/A","N/A"
"New Beginnings Inc Family Academy District","=""2800013""","Race/Ethnicity","White","*","*","*","*","*","*"
"New Beginnings Inc Family Academy District","=""2800013""","Special Education Status (SWD)","Students with Disabilities",30,44.5,30,33.1,8,"*"
"New Beginnings Inc Family Academy District","=""2800013""","Special Education Status (SWD)","Students without Disabilities",212,64.0,212,54.0,67,49.2
"Stamford Academy District","=""2820013""","All Students","District",16,"*",18,"*",22,22.1
"Stamford Academy District","=""2820013""","English Language Learners (EL)","English Learners","*","*","*","*","*","*"
"Stamford Academy District","=""2820013""","English Language Learners (EL)","Not English Learners","*","*","*","*","*","*"
"Stamford Academy District","=""2820013""","High Needs (F/R, EL or SWD)","High Needs","*","*","*","*",22,22.1
"Stamford Academy District","=""2820013""","High Needs (F/R, EL or SWD)","Not High Needs","*","*","*","*","N/A","N/A"
"Stamford Academy District","=""2820013""","Free/Reduced Price Meal Eligibility (2-level)","Eligible For Free Or Reduced Price Meals","*","*","*","*",22,22.1
"Stamford Academy District","=""2820013""","Free/Reduced Price Meal Eligibility (2-level)","Not Eligible For Free Or Reduced Price Meals","*","*","*","*","N/A","N/A"
"Stamford Academy District","=""2820013""","Race/Ethnicity","Black or African American",7,"*",8,"*",12,"*"
"Stamford Academy District","=""2820013""","Race/Ethnicity","Hispanic or Latino",9,"*",10,"*",10,"*"
"Stamford Academy District","=""2820013""","Race/Ethnicity","White","N/A","N/A","N/A","N/A","N/A","N/A"
"Stamford Academy District","=""2820013""","Special Education Status (SWD)","Students with Disabilities","*","*","*","*",10,"*"
"Stamford Academy District","=""2820013""","Special Education Status (SWD)","Students without Disabilities","*","*","*","*",12,"*"
"Park City Prep Charter School District","=""2830013""","All Students","District",342,56.2,345,49.3,165,42.2
"Park City Prep Charter School District","=""2830013""","English Language Learners (EL)","English Learners",13,"*",13,"*","*","*"
"Park City Prep Charter School District","=""2830013""","English Language Learners (EL)","Not English Learners",329,56.3,332,49.3,"*","*"
"Park City Prep Charter School District","=""2830013""","High Needs (F/R, EL or SWD)","High Needs",243,53.3,245,47.1,125,41.0
"Park City Prep Charter School District","=""2830013""","High Needs (F/R, EL or SWD)","Not High Needs",99,63.5,100,54.8,40,46.2
"Park City Prep Charter School District","=""2830013""","Free/Reduced Price Meal Eligibility (2-level)","Eligible For Free Or Reduced Price Meals",238,53.5,239,47.4,122,41.1
"Park City Prep Charter School District","=""2830013""","Free/Reduced Price Meal Eligibility (2-level)","Not Eligible For Free Or Reduced Price Meals",104,62.6,106,53.6,43,45.4
"Park City Prep Charter School District","=""2830013""","Race/Ethnicity","Asian","*","*","*","*","*","*"
"Park City Prep Charter School District","=""2830013""","Race/Ethnicity","Black or African American",182,53.9,183,47.0,89,38.5
"Park City Prep Charter School District","=""2830013""","Race/Ethnicity","Hispanic or Latino",137,58.0,139,51.5,64,44.4
"Park City Prep Charter School District","=""2830013""","Race/Ethnicity","Two or More Races","*","*","*","*","N/A","N/A"
"Park City Prep Charter School District","=""2830013""","Race/Ethnicity","White",20,62.9,20,53.2,"*","*"
"Park City Prep Charter School District","=""2830013""","Special Education Status (SWD)","Students with Disabilities",28,35.3,29,32.7,17,"*"
"Park City Prep Charter School District","=""2830013""","Special Education Status (SWD)","Students without Disabilities",314,58.1,316,50.9,148,43.8
"Achievement First Bridgeport Academy District","=""2850013""","All Students","District",562,61.5,560,53.6,209,42.1
"Achievement First Bridgeport Academy District","=""2850013""","English Language Learners (EL)","English Learners",92,59.4,92,51.7,33,37.3
"Achievement First Bridgeport Academy District","=""2850013""","English Language Learners (EL)","Not English Learners",470,61.9,468,54.0,176,42.9
"Achievement First Bridgeport Academy District","=""2850013""","High Needs (F/R, EL or SWD)","High Needs",482,60.9,480,52.5,177,41.4
"Achievement First Bridgeport Academy District","=""2850013""","High Needs (F/R, EL or SWD)","Not High Needs",80,65.1,80,59.8,32,45.5
"Achievement First Bridgeport Academy District","=""2850013""","Free/Reduced Price Meal Eligibility (2-level)","Eligible For Free Or Reduced Price Meals",465,61.0,463,52.5,170,41.6
"Achievement First Bridgeport Academy District","=""2850013""","Free/Reduced Price Meal Eligibility (2-level)","Not Eligible For Free Or Reduced Price Meals",97,63.9,97,58.7,39,43.9
"Achievement First Bridgeport Academy District","=""2850013""","Race/Ethnicity","American Indian or Alaska Native","*","*","*","*","N/A","N/A"
"Achievement First Bridgeport Academy District","=""2850013""","Race/Ethnicity","Asian",6,"*",6,"*","*","*"
"Achievement First Bridgeport Academy District","=""2850013""","Race/Ethnicity","Black or African American",310,61.4,309,52.9,119,41.0
"Achievement First Bridgeport Academy District","=""2850013""","Race/Ethnicity","Hispanic or Latino",235,60.9,234,53.4,87,42.8
"Achievement First Bridgeport Academy District","=""2850013""","Race/Ethnicity","Two or More Races","*","*","*","*","N/A","N/A"
"Achievement First Bridgeport Academy District","=""2850013""","Race/Ethnicity","White","*","*","*","*","*","*"
"Achievement First Bridgeport Academy District","=""2850013""","Special Education Status (SWD)","Students with Disabilities",59,42.0,58,36.0,24,32.7
"Achievement First Bridgeport Academy District","=""2850013""","Special Education Status (SWD)","Students without Disabilities",503,63.8,502,55.6,185,43.3
"Highville Charter School District","=""2860013""","All Students","District",212,63.8,212,49.1,77,45.1
"Highville Charter School District","=""2860013""","English Language Learners (EL)","Not English Learners",212,63.8,212,49.1,77,45.1
"Highville Charter School District","=""2860013""","High Needs (F/R, EL or SWD)","High Needs",156,61.6,156,47.9,59,43.5
"Highville Charter School District","=""2860013""","High Needs (F/R, EL or SWD)","Not High Needs",56,69.8,56,52.3,18,"*"
"Highville Charter School District","=""2860013""","Free/Reduced Price Meal Eligibility (2-level)","Eligible For Free Or Reduced Price Meals",149,62.4,149,48.4,58,43.7
"Highville Charter School District","=""2860013""","Free/Reduced Price Meal Eligibility (2-level)","Not Eligible For Free Or Reduced Price Meals",63,67.2,63,50.6,19,"*"
"Highville Charter School District","=""2860013""","Race/Ethnicity","Black or African American",204,63.5,204,48.9,"*","*"
"Highville Charter School District","=""2860013""","Race/Ethnicity","Hispanic or Latino","*","*","*","*","*","*"
"Highville Charter School District","=""2860013""","Race/Ethnicity","Two or More Races","*","*","*","*","N/A","N/A"
"Highville Charter School District","=""2860013""","Special Education Status (SWD)","Students with Disabilities",16,"*",16,"*",8,"*"
"Highville Charter School District","=""2860013""","Special Education Status (SWD)","Students without Disabilities",196,65.1,196,50.0,69,46.7
"Achievement First Hartford Academy District","=""2880013""","All Students","District",549,61.5,548,52.2,254,42.2
"Achievement First Hartford Academy District","=""2880013""","English Language Learners (EL)","English Learners",49,53.2,49,46.2,27,38.8
"Achievement First Hartford Academy District","=""2880013""","English Language Learners (EL)","Not English Learners",500,62.3,499,52.8,227,42.5
"Achievement First Hartford Academy District","=""2880013""","High Needs (F/R, EL or SWD)","High Needs",549,61.5,548,52.2,254,42.2
"Achievement First Hartford Academy District","=""2880013""","Free/Reduced Price Meal Eligibility (2-level)","Eligible For Free Or Reduced Price Meals",549,61.5,548,52.2,254,42.2
"Achievement First Hartford Academy District","=""2880013""","Race/Ethnicity","American Indian or Alaska Native","*","*","*","*","*","*"
"Achievement First Hartford Academy District","=""2880013""","Race/Ethnicity","Asian","*","*","*","*","*","*"
"Achievement First Hartford Academy District","=""2880013""","Race/Ethnicity","Black or African American",429,61.6,428,52.6,195,42.1
"Achievement First Hartford Academy District","=""2880013""","Race/Ethnicity","Hispanic or Latino",109,59.6,109,49.6,52,42.2
"Achievement First Hartford Academy District","=""2880013""","Race/Ethnicity","Native Hawaiian or Other Pacific Islander","*","*","*","*","N/A","N/A"
"Achievement First Hartford Academy District","=""2880013""","Race/Ethnicity","Two or More Races",7,"*",7,"*","*","*"
"Achievement First Hartford Academy District","=""2880013""","Race/Ethnicity","White","*","*","*","*","*","*"
"Achievement First Hartford Academy District","=""2880013""","Special Education Status (SWD)","Students with Disabilities",59,39.2,59,31.3,38,28.9
"Achievement First Hartford Academy District","=""2880013""","Special Education Status (SWD)","Students without Disabilities",490,64.2,489,54.8,216,44.5
"Elm City College Preparatory School District","=""2890013""","All Students","District",356,67.9,356,62.4,141,44.7
"Elm City College Preparatory School District","=""2890013""","English Language Learners (EL)","English Learners",33,69.0,33,65.3,14,"*"
"Elm City College Preparatory School District","=""2890013""","English Language Learners (EL)","Not English Learners",323,67.8,323,62.1,127,45.3
"Elm City College Preparatory School District","=""2890013""","High Needs (F/R, EL or SWD)","High Needs",296,66.3,296,61.1,116,44.3
"Elm City College Preparatory School District","=""2890013""","High Needs (F/R, EL or SWD)","Not High Needs",60,75.8,60,68.5,25,46.3
"Elm City College Preparatory School District","=""2890013""","Free/Reduced Price Meal Eligibility (2-level)","Eligible For Free Or Reduced Price Meals",291,66.1,291,60.9,115,44.5
"Elm City College Preparatory School District","=""2890013""","Free/Reduced Price Meal Eligibility (2-level)","Not Eligible For Free Or Reduced Price Meals",65,75.9,65,69.0,26,45.5
"Elm City College Preparatory School District","=""2890013""","Race/Ethnicity","American Indian or Alaska Native","*","*","*","*","*","*"
"Elm City College Preparatory School District","=""2890013""","Race/Ethnicity","Asian","*","*","*","*","N/A","N/A"
"Elm City College Preparatory School District","=""2890013""","Race/Ethnicity","Black or African American",267,67.2,267,61.0,106,44.6
"Elm City College Preparatory School District","=""2890013""","Race/Ethnicity","Hispanic or Latino",79,69.5,79,66.6,31,44.5
"Elm City College Preparatory School District","=""2890013""","Race/Ethnicity","Two or More Races","*","*","*","*","*","*"
"Elm City College Preparatory School District","=""2890013""","Race/Ethnicity","White","*","*","*","*","*","*"
"Elm City College Preparatory School District","=""2890013""","Special Education Status (SWD)","Students with Disabilities",22,44.3,22,42.4,10,"*"
"Elm City College Preparatory School District","=""2890013""","Special Education Status (SWD)","Students without Disabilities",334,69.5,334,63.7,131,46.0
"Path Academy District","=""2930013""","All Students","District","*","*",6,"*",16,"*"
"Path Academy District","=""2930013""","English Language Learners (EL)","English Learners","*","*","*","*",6,"*"
"Path Academy District","=""2930013""","English Language Learners (EL)","Not English Learners","*","*","*","*",10,"*"
"Path Academy District","=""2930013""","High Needs (F/R, EL or SWD)","High Needs","*","*",6,"*","*","*"
"Path Academy District","=""2930013""","High Needs (F/R, EL or SWD)","Not High Needs","N/A","N/A","N/A","N/A","*","*"
"Path Academy District","=""2930013""","Free/Reduced Price Meal Eligibility (2-level)","Eligible For Free Or Reduced Price Meals","*","*",6,"*","*","*"
"Path Academy District","=""2930013""","Free/Reduced Price Meal Eligibility (2-level)","Not Eligible For Free Or Reduced Price Meals","N/A","N/A","N/A","N/A","*","*"
"Path Academy District","=""2930013""","Race/Ethnicity","Black or African American","N/A","N/A","N/A","N/A","*","*"
"Path Academy District","=""2930013""","Race/Ethnicity","Hispanic or Latino","*","*",6,"*",10,"*"
"Path Academy District","=""2930013""","Race/Ethnicity","White","N/A","N/A","N/A","N/A","*","*"
"Path Academy District","=""2930013""","Special Education Status (SWD)","Students with Disabilities","*","*","*","*",6,"*"
"Path Academy District","=""2930013""","Special Education Status (SWD)","Students without Disabilities","*","*","*","*",10,"*"
"Great Oaks Charter School District","=""2940013""","All Students","District",114,49.5,114,40.3,"N/A","N/A"
"Great Oaks Charter School District","=""2940013""","English Language Learners (EL)","English Learners",16,"*",16,"*","N/A","N/A"
"Great Oaks Charter School District","=""2940013""","English Language Learners (EL)","Not English Learners",98,48.8,98,39.8,"N/A","N/A"
"Great Oaks Charter School District","=""2940013""","High Needs (F/R, EL or SWD)","High Needs",98,49.4,98,39.7,"N/A","N/A"
"Great Oaks Charter School District","=""2940013""","High Needs (F/R, EL or SWD)","Not High Needs",16,"*",16,"*","N/A","N/A"
"Great Oaks Charter School District","=""2940013""","Free/Reduced Price Meal Eligibility (2-level)","Eligible For Free Or Reduced Price Meals",95,49.6,95,40.1,"N/A","N/A"
"Great Oaks Charter School District","=""2940013""","Free/Reduced Price Meal Eligibility (2-level)","Not Eligible For Free Or Reduced Price Meals",19,"*",19,"*","N/A","N/A"
"Great Oaks Charter School District","=""2940013""","Race/Ethnicity","Asian","*","*","*","*","N/A","N/A"
"Great Oaks Charter School District","=""2940013""","Race/Ethnicity","Black or African American",62,47.3,62,36.5,"N/A","N/A"
"Great Oaks Charter School District","=""2940013""","Race/Ethnicity","Hispanic or Latino",46,52.3,46,45.0,"N/A","N/A"
"Great Oaks Charter School District","=""2940013""","Race/Ethnicity","Two or More Races","*","*","*","*","N/A","N/A"
"Great Oaks Charter School District","=""2940013""","Race/Ethnicity","White","*","*","*","*","N/A","N/A"
"Great Oaks Charter School District","=""2940013""","Special Education Status (SWD)","Students with Disabilities",17,"*",17,"*","N/A","N/A"
"Great Oaks Charter School District","=""2940013""","Special Education Status (SWD)","Students without Disabilities",97,51.9,97,43.5,"N/A","N/A"
"Unified School District #2","=""3470015""","All Students","District",15,"*",15,"*",33,25.0
"Unified School District #2","=""3470015""","English Language Learners (EL)","English Learners","*","*","*","*","*","*"
"Unified School District #2","=""3470015""","English Language Learners (EL)","Not English Learners","*","*","*","*","*","*"
"Unified School District #2","=""3470015""","High Needs (F/R, EL or SWD)","High Needs",15,"*",15,"*",33,25.0
"Unified School District #2","=""3470015""","Free/Reduced Price Meal Eligibility (2-level)","Eligible For Free Or Reduced Price Meals",15,"*",15,"*","*","*"
"Unified School District #2","=""3470015""","Free/Reduced Price Meal Eligibility (2-level)","Not Eligible For Free Or Reduced Price Meals","N/A","N/A","N/A","N/A","*","*"
"Unified School District #2","=""3470015""","Race/Ethnicity","Asian","N/A","N/A","N/A","N/A","N/A","N/A"
"Unified School District #2","=""3470015""","Race/Ethnicity","Black or African American",7,"*",6,"*",16,"*"
"Unified School District #2","=""3470015""","Race/Ethnicity","Hispanic or Latino","*","*","*","*",11,"*"
"Unified School District #2","=""3470015""","Race/Ethnicity","Two or More Races","*","*","*","*","N/A","N/A"
"Unified School District #2","=""3470015""","Race/Ethnicity","White","*","*","*","*",6,"*"
"Unified School District #2","=""3470015""","Special Education Status (SWD)","Students with Disabilities",15,"*",15,"*","*","*"
"Unified School District #2","=""3470015""","Special Education Status (SWD)","Students without Disabilities","N/A","N/A","N/A","N/A","*","*"
"Connecticut Technical Education and Career System","=""9000016""","All Students","District",2433,59.9,2426,44.4,2701,53.0
"Connecticut Technical Education and Career System","=""9000016""","English Language Learners (EL)","English Learners",93,44.6,93,32.7,120,39.8
"Connecticut Technical Education and Career System","=""9000016""","English Language Learners (EL)","Not English Learners",2340,60.5,2333,44.9,2581,53.6
"Connecticut Technical Education and Career System","=""9000016""","High Needs (F/R, EL or SWD)","High Needs",1373,57.5,1371,42.0,1571,49.2
"Connecticut Technical Education and Career System","=""9000016""","High Needs (F/R, EL or SWD)","Not High Needs",1060,63.0,1055,47.5,1130,58.3
"Connecticut Technical Education and Career System","=""9000016""","Free/Reduced Price Meal Eligibility (2-level)","Eligible For Free Or Reduced Price Meals",1215,58.6,1213,42.7,1378,49.3
"Connecticut Technical Education and Career System","=""9000016""","Free/Reduced Price Meal Eligibility (2-level)","Not Eligible For Free Or Reduced Price Meals",1218,61.3,1213,46.1,1323,56.8
"Connecticut Technical Education and Career System","=""9000016""","Race/Ethnicity","American Indian or Alaska Native","*","*","*","*","*","*"
"Connecticut Technical Education and Career System","=""9000016""","Race/Ethnicity","Asian",26,66.4,26,51.6,20,56.3
"Connecticut Technical Education and Career System","=""9000016""","Race/Ethnicity","Black or African American",263,56.3,263,40.0,334,45.3
"Connecticut Technical Education and Career System","=""9000016""","Race/Ethnicity","Hispanic or Latino",867,59.7,864,43.7,911,47.9
"Connecticut Technical Education and Career System","=""9000016""","Race/Ethnicity","Native Hawaiian or Other Pacific Islander","*","*","*","*","*","*"
"Connecticut Technical Education and Career System","=""9000016""","Race/Ethnicity","Two or More Races",88,57.7,88,42.8,98,55.4
"Connecticut Technical Education and Career System","=""9000016""","Race/Ethnicity","White",1173,60.9,1169,45.8,1327,58.1
"Connecticut Technical Education and Career System","=""9000016""","Special Education Status (SWD)","Students with Disabilities",234,46.4,233,35.5,302,47.0
"Connecticut Technical Education and Career System","=""9000016""","Special Education Status (SWD)","Students without Disabilities",2199,61.4,2193,45.4,2399,53.8
"Norwich Free Academy District","=""9010022""","All Students","District",490,57.2,490,49.8,596,57.0
"Norwich Free Academy District","=""9010022""","English Language Learners (EL)","English Learners",46,32.3,46,40.0,56,33.9
"Norwich Free Academy District","=""9010022""","English Language Learners (EL)","Not English Learners",444,59.8,444,50.8,540,59.4
"Norwich Free Academy District","=""9010022""","High Needs (F/R, EL or SWD)","High Needs",243,46.8,254,41.8,304,47.2
"Norwich Free Academy District","=""9010022""","High Needs (F/R, EL or SWD)","Not High Needs",247,67.4,236,58.4,292,67.3
"Norwich Free Academy District","=""9010022""","Free/Reduced Price Meal Eligibility (2-level)","Eligible For Free Or Reduced Price Meals",217,47.4,226,41.8,276,47.3
"Norwich Free Academy District","=""9010022""","Free/Reduced Price Meal Eligibility (2-level)","Not Eligible For Free Or Reduced Price Meals",273,65.0,264,56.6,320,65.4
"Norwich Free Academy District","=""9010022""","Race/Ethnicity","American Indian or Alaska Native","*","*","*","*","*","*"
"Norwich Free Academy District","=""9010022""","Race/Ethnicity","Asian",64,66.4,64,69.1,40,65.1
"Norwich Free Academy District","=""9010022""","Race/Ethnicity","Black or African American",76,46.2,80,39.1,91,42.8
"Norwich Free Academy District","=""9010022""","Race/Ethnicity","Hispanic or Latino",69,39.1,73,36.8,53,39.9
"Norwich Free Academy District","=""9010022""","Race/Ethnicity","Native Hawaiian or Other Pacific Islander","*","*","*","*","*","*"
"Norwich Free Academy District","=""9010022""","Race/Ethnicity","Two or More Races","N/A","N/A","N/A","N/A",20,63.6
"Norwich Free Academy District","=""9010022""","Race/Ethnicity","White",270,62.3,261,52.1,379,61.6
"Norwich Free Academy District","=""9010022""","Special Education Status (SWD)","Students with Disabilities",51,37.9,56,30.2,80,37.6
"Norwich Free Academy District","=""9010022""","Special Education Status (SWD)","Students without Disabilities",439,59.5,434,52.3,516,60.1
"The Gilbert School District","=""9020022""","All Students","District",227,54.5,233,47.8,192,51.9
"The Gilbert School District","=""9020022""","English Language Learners (EL)","English Learners",9,"*",10,"*",8,"*"
"The Gilbert School District","=""9020022""","English Language Learners (EL)","Not English Learners",218,55.5,223,48.6,184,52.6
"The Gilbert School District","=""9020022""","High Needs (F/R, EL or SWD)","High Needs",119,52.8,122,42.7,94,47.8
"The Gilbert School District","=""9020022""","High Needs (F/R, EL or SWD)","Not High Needs",108,56.4,111,53.5,98,55.8
"The Gilbert School District","=""9020022""","Free/Reduced Price Meal Eligibility (2-level)","Eligible For Free Or Reduced Price Meals",108,53.7,111,42.9,85,47.2
"The Gilbert School District","=""9020022""","Free/Reduced Price Meal Eligibility (2-level)","Not Eligible For Free Or Reduced Price Meals",119,55.2,122,52.3,107,55.5
"The Gilbert School District","=""9020022""","Race/Ethnicity","Asian",16,"*",15,"*",16,"*"
"The Gilbert School District","=""9020022""","Race/Ethnicity","Black or African American","*","*","*","*",6,"*"
"The Gilbert School District","=""9020022""","Race/Ethnicity","Hispanic or Latino",24,41.7,26,35.8,23,42.1
"The Gilbert School District","=""9020022""","Race/Ethnicity","Two or More Races","*","*","*","*",8,"*"
"The Gilbert School District","=""9020022""","Race/Ethnicity","White",176,58.8,180,48.9,139,54.0
"The Gilbert School District","=""9020022""","Special Education Status (SWD)","Students with Disabilities",32,43.7,32,35.8,34,43.7
"The Gilbert School District","=""9020022""","Special Education Status (SWD)","Students without Disabilities",195,56.3,201,49.7,158,53.6
"The Woodstock Academy District","=""9030022""","All Students","District",56,72.9,54,69.3,250,63.8
"The Woodstock Academy District","=""9030022""","English Language Learners (EL)","English Learners","*","*","*","*","*","*"
"The Woodstock Academy District","=""9030022""","English Language Learners (EL)","Not English Learners","*","*","*","*","*","*"
"The Woodstock Academy District","=""9030022""","High Needs (F/R, EL or SWD)","High Needs",8,"*",7,"*",25,48.0
"The Woodstock Academy District","=""9030022""","High Needs (F/R, EL or SWD)","Not High Needs",48,76.0,47,73.7,225,65.6
"The Woodstock Academy District","=""9030022""","Free/Reduced Price Meal Eligibility (2-level)","Eligible For Free Or Reduced Price Meals","*","*","*","*",6,"*"
"The Woodstock Academy District","=""9030022""","Free/Reduced Price Meal Eligibility (2-level)","Not Eligible For Free Or Reduced Price Meals","*","*","*","*",244,64.0
"The Woodstock Academy District","=""9030022""","Race/Ethnicity","Asian","*","*","*","*",38,54.2
"The Woodstock Academy District","=""9030022""","Race/Ethnicity","Black or African American","*","*","N/A","N/A","N/A","N/A"
"The Woodstock Academy District","=""9030022""","Race/Ethnicity","Hispanic or Latino","N/A","N/A","N/A","N/A","*","*"
"The Woodstock Academy District","=""9030022""","Race/Ethnicity","Two or More Races","*","*","*","*","*","*"
"The Woodstock Academy District","=""9030022""","Race/Ethnicity","White",46,75.3,45,66.0,204,65.9
"The Woodstock Academy District","=""9030022""","Special Education Status (SWD)","Students with Disabilities",7,"*",6,"*",20,47.1
"The Woodstock Academy District","=""9030022""","Special Education Status (SWD)","Students without Disabilities",49,75.8,48,73.2,230,65.3

