"Performance Index, 2016-17"
"All Districts"
"Notes:"
"The Performance Index is the average performance of students in a subject area (i.e., ELA, Mathematics or Science) on the state summative assessments."
"The Performance Index ranges from 0-100 and is reported for all students and for students in each individual student group."
"Connecticut's ultimate target for a Performance Index is 75."
"Starting with 2018-19, Connecticut began implementation of new science assessments aligned to the Next Generation Science Standards."
"Therefore, 2018-19 science performance index scores cannot be compared to those from prior years; they can serve as a baseline for future years."

"District Name","District Code","Category","Student Group","ELACount","ELAPerformanceIndex","MathCount","MathPerformanceIndex","ScienceCount","SciencePerformanceIndex"
"Andover School District","=""0010011""","All Students","District",134,78.3,134,75.5,37,60.9
"Andover School District","=""0010011""","English Language Learners (EL)","English Learners",7,"*",7,"*","*","*"
"Andover School District","=""0010011""","English Language Learners (EL)","Not English Learners",127,78.2,127,75.4,"*","*"
"Andover School District","=""0010011""","Gender","Female",63,82.1,63,75.9,17,"*"
"Andover School District","=""0010011""","Gender","Male",71,75.0,71,75.2,20,61.9
"Andover School District","=""0010011""","Grade","03",27,71.5,27,68.9,"N/A","N/A"
"Andover School District","=""0010011""","Grade","04",28,76.0,28,75.5,"N/A","N/A"
"Andover School District","=""0010011""","Grade","05",37,78.9,37,75.2,37,60.9
"Andover School District","=""0010011""","Grade","06",42,83.6,42,80.1,"N/A","N/A"
"Andover School District","=""0010011""","High Needs (F/R, EL or SWD)","High Needs",31,72.1,31,68.9,9,"*"
"Andover School District","=""0010011""","High Needs (F/R, EL or SWD)","Not High Needs",103,80.2,103,77.5,28,62.1
"Andover School District","=""0010011""","Free/Reduced Price Meal Eligibility (2-level)","Eligible For Free Or Reduced Price Meals",19,"*",19,"*",6,"*"
"Andover School District","=""0010011""","Free/Reduced Price Meal Eligibility (2-level)","Not Eligible For Free Or Reduced Price Meals",115,79.3,115,76.7,31,61.7
"Andover School District","=""0010011""","Race/Ethnicity","Asian","*","*","*","*","N/A","N/A"
"Andover School District","=""0010011""","Race/Ethnicity","Black or African American","*","*","*","*","*","*"
"Andover School District","=""0010011""","Race/Ethnicity","Hispanic or Latino","*","*","*","*","N/A","N/A"
"Andover School District","=""0010011""","Race/Ethnicity","Two or More Races","*","*","*","*","N/A","N/A"
"Andover School District","=""0010011""","Race/Ethnicity","White",126,78.1,126,75.4,"*","*"
"Andover School District","=""0010011""","Special Education Status (SWD)","Students with Disabilities",9,"*",9,"*","N/A","N/A"
"Andover School District","=""0010011""","Special Education Status (SWD)","Students without Disabilities",125,79.9,125,77.2,37,60.9
"Ansonia School District","=""0020011""","All Students","District",1125,58.3,1115,51.7,503,45.7
"Ansonia School District","=""0020011""","English Language Learners (EL)","English Learners",81,55.8,80,50.1,22,43.1
"Ansonia School District","=""0020011""","English Language Learners (EL)","Not English Learners",1044,58.5,1035,51.9,481,45.8
"Ansonia School District","=""0020011""","Gender","Female",535,61.3,530,52.4,221,47.1
"Ansonia School District","=""0020011""","Gender","Male",590,55.7,585,51.2,282,44.6
"Ansonia School District","=""0020011""","Grade","03",156,64.8,154,57.0,"N/A","N/A"
"Ansonia School District","=""0020011""","Grade","04",172,60.8,172,58.3,"N/A","N/A"
"Ansonia School District","=""0020011""","Grade","05",160,57.3,160,53.8,161,46.5
"Ansonia School District","=""0020011""","Grade","06",170,61.5,169,53.4,"N/A","N/A"
"Ansonia School District","=""0020011""","Grade","07",179,60.4,175,51.9,"N/A","N/A"
"Ansonia School District","=""0020011""","Grade","08",163,50.6,160,41.1,167,44.2
"Ansonia School District","=""0020011""","Grade","10","N/A","N/A","N/A","N/A",175,46.4
"Ansonia School District","=""0020011""","Grade","11",125,51.2,125,44.7,"N/A","N/A"
"Ansonia School District","=""0020011""","High Needs (F/R, EL or SWD)","High Needs",830,55.3,822,48.6,360,42.7
"Ansonia School District","=""0020011""","High Needs (F/R, EL or SWD)","Not High Needs",295,67.0,293,60.4,143,53.1
"Ansonia School District","=""0020011""","Free/Reduced Price Meal Eligibility (2-level)","Eligible For Free Or Reduced Price Meals",762,55.8,754,49.0,327,42.9
"Ansonia School District","=""0020011""","Free/Reduced Price Meal Eligibility (2-level)","Not Eligible For Free Or Reduced Price Meals",363,63.7,361,57.4,176,50.9
"Ansonia School District","=""0020011""","Race/Ethnicity","American Indian or Alaska Native","*","*","*","*","*","*"
"Ansonia School District","=""0020011""","Race/Ethnicity","Asian",22,70.1,22,64.8,11,"*"
"Ansonia School District","=""0020011""","Race/Ethnicity","Black or African American",208,51.2,206,43.7,102,38.9
"Ansonia School District","=""0020011""","Race/Ethnicity","Hispanic or Latino",395,56.6,392,50.8,168,44.5
"Ansonia School District","=""0020011""","Race/Ethnicity","Native Hawaiian or Other Pacific Islander","*","*","*","*","*","*"
"Ansonia School District","=""0020011""","Race/Ethnicity","Two or More Races",42,63.6,41,57.0,15,"*"
"Ansonia School District","=""0020011""","Race/Ethnicity","White",449,61.9,445,54.8,199,49.4
"Ansonia School District","=""0020011""","Special Education Status (SWD)","Students with Disabilities",223,42.8,221,36.9,112,34.8
"Ansonia School District","=""0020011""","Special Education Status (SWD)","Students without Disabilities",902,62.2,894,55.4,391,48.8
"Ashford School District","=""0030011""","All Students","District",242,72.1,242,62.8,92,56.6
"Ashford School District","=""0030011""","English Language Learners (EL)","English Learners","*","*","*","*","*","*"
"Ashford School District","=""0030011""","English Language Learners (EL)","Not English Learners","*","*","*","*","*","*"
"Ashford School District","=""0030011""","Gender","Female",128,76.5,128,62.9,48,58.6
"Ashford School District","=""0030011""","Gender","Male",114,67.2,114,62.7,44,54.4
"Ashford School District","=""0030011""","Grade","03",43,72.7,43,67.5,"N/A","N/A"
"Ashford School District","=""0030011""","Grade","04",29,74.4,29,66.1,"N/A","N/A"
"Ashford School District","=""0030011""","Grade","05",42,72.8,42,60.2,42,61.0
"Ashford School District","=""0030011""","Grade","06",38,82.7,38,64.3,"N/A","N/A"
"Ashford School District","=""0030011""","Grade","07",39,64.5,39,58.1,"N/A","N/A"
"Ashford School District","=""0030011""","Grade","08",51,67.7,51,61.6,50,52.9
"Ashford School District","=""0030011""","High Needs (F/R, EL or SWD)","High Needs",88,62.3,88,55.0,31,51.6
"Ashford School District","=""0030011""","High Needs (F/R, EL or SWD)","Not High Needs",154,77.7,154,67.3,61,59.1
"Ashford School District","=""0030011""","Free/Reduced Price Meal Eligibility (2-level)","Eligible For Free Or Reduced Price Meals",72,64.3,72,57.2,27,52.0
"Ashford School District","=""0030011""","Free/Reduced Price Meal Eligibility (2-level)","Not Eligible For Free Or Reduced Price Meals",170,75.4,170,65.2,65,58.5
"Ashford School District","=""0030011""","Race/Ethnicity","Asian","*","*","*","*","*","*"
"Ashford School District","=""0030011""","Race/Ethnicity","Black or African American",6,"*",6,"*","*","*"
"Ashford School District","=""0030011""","Race/Ethnicity","Hispanic or Latino",15,"*",15,"*","*","*"
"Ashford School District","=""0030011""","Race/Ethnicity","Two or More Races","*","*","*","*","*","*"
"Ashford School District","=""0030011""","Race/Ethnicity","White",210,72.7,210,63.6,78,56.6
"Ashford School District","=""0030011""","Special Education Status (SWD)","Students with Disabilities",32,48.4,32,42.1,13,"*"
"Ashford School District","=""0030011""","Special Education Status (SWD)","Students without Disabilities",210,75.7,210,66.0,79,58.3
"Avon School District","=""0040011""","All Students","District",1793,80.8,1792,77.7,725,67.5
"Avon School District","=""0040011""","English Language Learners (EL)","English Learners",81,70.2,80,71.2,23,53.2
"Avon School District","=""0040011""","English Language Learners (EL)","Not English Learners",1712,81.3,1712,78.0,702,68.0
"Avon School District","=""0040011""","Gender","Female",868,82.9,868,76.3,360,66.3
"Avon School District","=""0040011""","Gender","Male",925,78.9,924,78.9,365,68.7
"Avon School District","=""0040011""","Grade","03",224,81.8,223,78.0,"N/A","N/A"
"Avon School District","=""0040011""","Grade","04",242,82.4,242,77.8,"N/A","N/A"
"Avon School District","=""0040011""","Grade","05",219,83.2,219,78.6,219,66.3
"Avon School District","=""0040011""","Grade","06",276,81.0,276,73.5,"N/A","N/A"
"Avon School District","=""0040011""","Grade","07",279,82.3,279,78.1,"N/A","N/A"
"Avon School District","=""0040011""","Grade","08",274,81.7,274,82.2,274,69.4
"Avon School District","=""0040011""","Grade","10","N/A","N/A","N/A","N/A",232,66.5
"Avon School District","=""0040011""","Grade","11",279,74.1,279,75.7,"N/A","N/A"
"Avon School District","=""0040011""","High Needs (F/R, EL or SWD)","High Needs",281,61.6,280,58.5,103,52.7
"Avon School District","=""0040011""","High Needs (F/R, EL or SWD)","Not High Needs",1512,84.4,1512,81.2,622,69.9
"Avon School District","=""0040011""","Free/Reduced Price Meal Eligibility (2-level)","Eligible For Free Or Reduced Price Meals",89,60.4,89,56.0,38,51.8
"Avon School District","=""0040011""","Free/Reduced Price Meal Eligibility (2-level)","Not Eligible For Free Or Reduced Price Meals",1704,81.9,1703,78.8,687,68.4
"Avon School District","=""0040011""","Race/Ethnicity","American Indian or Alaska Native","*","*","*","*","*","*"
"Avon School District","=""0040011""","Race/Ethnicity","Asian",292,87.1,292,89.1,120,72.4
"Avon School District","=""0040011""","Race/Ethnicity","Black or African American",83,61.9,83,56.1,32,51.2
"Avon School District","=""0040011""","Race/Ethnicity","Hispanic or Latino",114,75.1,113,69.7,38,64.5
"Avon School District","=""0040011""","Race/Ethnicity","Native Hawaiian or Other Pacific Islander","*","*","*","*","N/A","N/A"
"Avon School District","=""0040011""","Race/Ethnicity","Two or More Races",76,84.2,76,80.5,"*","*"
"Avon School District","=""0040011""","Race/Ethnicity","White",1224,80.9,1224,77.0,513,67.3
"Avon School District","=""0040011""","Special Education Status (SWD)","Students with Disabilities",155,54.1,155,50.4,64,50.4
"Avon School District","=""0040011""","Special Education Status (SWD)","Students without Disabilities",1638,83.3,1637,80.2,661,69.2
"Barkhamsted School District","=""0050011""","All Students","District",152,75.1,151,62.9,43,55.5
"Barkhamsted School District","=""0050011""","English Language Learners (EL)","English Learners","*","*","*","*","N/A","N/A"
"Barkhamsted School District","=""0050011""","English Language Learners (EL)","Not English Learners","*","*","*","*",43,55.5
"Barkhamsted School District","=""0050011""","Gender","Female",75,77.8,75,61.4,22,57.2
"Barkhamsted School District","=""0050011""","Gender","Male",77,72.4,76,64.4,21,53.7
"Barkhamsted School District","=""0050011""","Grade","03",30,72.3,30,64.4,"N/A","N/A"
"Barkhamsted School District","=""0050011""","Grade","04",34,76.2,33,63.2,"N/A","N/A"
"Barkhamsted School District","=""0050011""","Grade","05",44,73.9,44,59.2,43,55.5
"Barkhamsted School District","=""0050011""","Grade","06",44,77.2,44,65.4,"N/A","N/A"
"Barkhamsted School District","=""0050011""","High Needs (F/R, EL or SWD)","High Needs",44,64.1,43,50.5,13,"*"
"Barkhamsted School District","=""0050011""","High Needs (F/R, EL or SWD)","Not High Needs",108,79.5,108,67.8,30,60.1
"Barkhamsted School District","=""0050011""","Free/Reduced Price Meal Eligibility (2-level)","Eligible For Free Or Reduced Price Meals",17,"*",16,"*",7,"*"
"Barkhamsted School District","=""0050011""","Free/Reduced Price Meal Eligibility (2-level)","Not Eligible For Free Or Reduced Price Meals",135,77.0,135,64.5,36,58.0
"Barkhamsted School District","=""0050011""","Race/Ethnicity","Hispanic or Latino","*","*","*","*","N/A","N/A"
"Barkhamsted School District","=""0050011""","Race/Ethnicity","Two or More Races","*","*","*","*","*","*"
"Barkhamsted School District","=""0050011""","Race/Ethnicity","White",150,74.8,149,62.8,"*","*"
"Barkhamsted School District","=""0050011""","Special Education Status (SWD)","Students with Disabilities",33,63.5,32,49.4,8,"*"
"Barkhamsted School District","=""0050011""","Special Education Status (SWD)","Students without Disabilities",119,78.3,119,66.5,35,57.9
"Berlin School District","=""0070011""","All Students","District",1499,71.8,1499,68.8,666,59.7
"Berlin School District","=""0070011""","English Language Learners (EL)","English Learners",70,65.6,70,64.3,24,48.5
"Berlin School District","=""0070011""","English Language Learners (EL)","Not English Learners",1429,72.1,1429,69.0,642,60.1
"Berlin School District","=""0070011""","Gender","Female",720,73.7,720,69.1,307,59.2
"Berlin School District","=""0070011""","Gender","Male",779,70.0,779,68.5,359,60.1
"Berlin School District","=""0070011""","Grade","03",183,72.5,183,68.8,"N/A","N/A"
"Berlin School District","=""0070011""","Grade","04",210,77.5,210,75.0,"N/A","N/A"
"Berlin School District","=""0070011""","Grade","05",184,71.5,184,68.7,187,56.9
"Berlin School District","=""0070011""","Grade","06",245,75.8,245,71.9,"N/A","N/A"
"Berlin School District","=""0070011""","Grade","07",212,71.6,212,69.1,"N/A","N/A"
"Berlin School District","=""0070011""","Grade","08",251,71.6,251,68.1,251,61.9
"Berlin School District","=""0070011""","Grade","10","N/A","N/A","N/A","N/A",228,59.5
"Berlin School District","=""0070011""","Grade","11",214,61.4,214,59.4,"N/A","N/A"
"Berlin School District","=""0070011""","High Needs (F/R, EL or SWD)","High Needs",367,57.5,367,52.6,145,46.9
"Berlin School District","=""0070011""","High Needs (F/R, EL or SWD)","Not High Needs",1132,76.4,1132,74.0,521,63.2
"Berlin School District","=""0070011""","Free/Reduced Price Meal Eligibility (2-level)","Eligible For Free Or Reduced Price Meals",192,58.9,192,53.9,82,47.7
"Berlin School District","=""0070011""","Free/Reduced Price Meal Eligibility (2-level)","Not Eligible For Free Or Reduced Price Meals",1307,73.6,1307,70.9,584,61.4
"Berlin School District","=""0070011""","Race/Ethnicity","American Indian or Alaska Native","*","*","*","*","N/A","N/A"
"Berlin School District","=""0070011""","Race/Ethnicity","Asian",45,77.4,45,75.1,22,65.1
"Berlin School District","=""0070011""","Race/Ethnicity","Black or African American","*","*","*","*",17,"*"
"Berlin School District","=""0070011""","Race/Ethnicity","Hispanic or Latino",140,61.5,140,56.3,65,48.0
"Berlin School District","=""0070011""","Race/Ethnicity","Two or More Races",45,73.6,45,72.0,16,"*"
"Berlin School District","=""0070011""","Race/Ethnicity","White",1240,72.9,1240,70.2,546,61.2
"Berlin School District","=""0070011""","Special Education Status (SWD)","Students with Disabilities",193,49.9,193,42.6,80,41.4
"Berlin School District","=""0070011""","Special Education Status (SWD)","Students without Disabilities",1306,75.0,1306,72.6,586,62.2
"Bethany School District","=""0080011""","All Students","District",219,76.4,218,74.1,54,62.8
"Bethany School District","=""0080011""","English Language Learners (EL)","English Learners","*","*","*","*","N/A","N/A"
"Bethany School District","=""0080011""","English Language Learners (EL)","Not English Learners","*","*","*","*",54,62.8
"Bethany School District","=""0080011""","Gender","Female",104,80.7,103,75.4,26,64.5
"Bethany School District","=""0080011""","Gender","Male",115,72.5,115,72.9,28,61.2
"Bethany School District","=""0080011""","Grade","03",53,74.8,52,71.5,"N/A","N/A"
"Bethany School District","=""0080011""","Grade","04",54,76.8,54,74.5,"N/A","N/A"
"Bethany School District","=""0080011""","Grade","05",54,74.7,54,75.1,54,62.8
"Bethany School District","=""0080011""","Grade","06",58,79.0,58,75.0,"N/A","N/A"
"Bethany School District","=""0080011""","High Needs (F/R, EL or SWD)","High Needs",44,60.0,44,56.3,12,"*"
"Bethany School District","=""0080011""","High Needs (F/R, EL or SWD)","Not High Needs",175,80.5,174,78.5,42,67.0
"Bethany School District","=""0080011""","Free/Reduced Price Meal Eligibility (2-level)","Eligible For Free Or Reduced Price Meals",19,"*",19,"*","*","*"
"Bethany School District","=""0080011""","Free/Reduced Price Meal Eligibility (2-level)","Not Eligible For Free Or Reduced Price Meals",200,77.5,199,75.8,"*","*"
"Bethany School District","=""0080011""","Race/Ethnicity","American Indian or Alaska Native","*","*","*","*","*","*"
"Bethany School District","=""0080011""","Race/Ethnicity","Asian",27,87.0,27,87.0,"*","*"
"Bethany School District","=""0080011""","Race/Ethnicity","Black or African American","*","*","*","*","*","*"
"Bethany School District","=""0080011""","Race/Ethnicity","Hispanic or Latino",10,"*",9,"*","*","*"
"Bethany School District","=""0080011""","Race/Ethnicity","Two or More Races","*","*","*","*","*","*"
"Bethany School District","=""0080011""","Race/Ethnicity","White",176,75.6,176,73.3,46,62.0
"Bethany School District","=""0080011""","Special Education Status (SWD)","Students with Disabilities",28,54.6,28,51.2,10,"*"
"Bethany School District","=""0080011""","Special Education Status (SWD)","Students without Disabilities",191,79.6,190,77.4,44,66.7
"Bethel School District","=""0090011""","All Students","District",1548,73.2,1544,67.8,702,59.8
"Bethel School District","=""0090011""","English Language Learners (EL)","English Learners",133,64.5,133,59.6,53,49.8
"Bethel School District","=""0090011""","English Language Learners (EL)","Not English Learners",1415,74.0,1411,68.6,649,60.6
"Bethel School District","=""0090011""","Gender","Female",738,75.6,737,67.4,319,60.1
"Bethel School District","=""0090011""","Gender","Male",810,71.1,807,68.2,383,59.4
"Bethel School District","=""0090011""","Grade","03",220,75.3,219,70.5,"N/A","N/A"
"Bethel School District","=""0090011""","Grade","04",258,76.9,256,75.4,"N/A","N/A"
"Bethel School District","=""0090011""","Grade","05",214,73.6,214,69.8,215,60.2
"Bethel School District","=""0090011""","Grade","06",226,74.1,225,66.2,"N/A","N/A"
"Bethel School District","=""0090011""","Grade","07",190,78.1,190,68.4,"N/A","N/A"
"Bethel School District","=""0090011""","Grade","08",247,69.6,247,62.9,248,59.1
"Bethel School District","=""0090011""","Grade","10","N/A","N/A","N/A","N/A",239,60.0
"Bethel School District","=""0090011""","Grade","11",193,64.2,193,60.3,"N/A","N/A"
"Bethel School District","=""0090011""","High Needs (F/R, EL or SWD)","High Needs",477,63.5,474,58.2,231,51.3
"Bethel School District","=""0090011""","High Needs (F/R, EL or SWD)","Not High Needs",1071,77.6,1070,72.1,471,63.9
"Bethel School District","=""0090011""","Free/Reduced Price Meal Eligibility (2-level)","Eligible For Free Or Reduced Price Meals",283,65.6,282,59.9,130,52.7
"Bethel School District","=""0090011""","Free/Reduced Price Meal Eligibility (2-level)","Not Eligible For Free Or Reduced Price Meals",1265,74.9,1262,69.6,572,61.3
"Bethel School District","=""0090011""","Race/Ethnicity","American Indian or Alaska Native","*","*","*","*","N/A","N/A"
"Bethel School District","=""0090011""","Race/Ethnicity","Asian",108,80.6,108,76.8,54,64.8
"Bethel School District","=""0090011""","Race/Ethnicity","Black or African American",35,66.5,35,59.1,13,"*"
"Bethel School District","=""0090011""","Race/Ethnicity","Hispanic or Latino",262,67.9,261,62.0,120,54.6
"Bethel School District","=""0090011""","Race/Ethnicity","Native Hawaiian or Other Pacific Islander","*","*","*","*","N/A","N/A"
"Bethel School District","=""0090011""","Race/Ethnicity","Two or More Races",32,74.4,32,70.4,14,"*"
"Bethel School District","=""0090011""","Race/Ethnicity","White",1106,73.9,1103,68.5,501,60.6
"Bethel School District","=""0090011""","Special Education Status (SWD)","Students with Disabilities",176,54.8,174,49.9,106,48.0
"Bethel School District","=""0090011""","Special Education Status (SWD)","Students without Disabilities",1372,75.6,1370,70.1,596,61.8
"Bloomfield School District","=""0110011""","All Students","District",899,60.8,898,53.5,389,48.5
"Bloomfield School District","=""0110011""","English Language Learners (EL)","English Learners",25,56.3,25,53.0,15,"*"
"Bloomfield School District","=""0110011""","English Language Learners (EL)","Not English Learners",874,60.9,873,53.6,374,48.9
"Bloomfield School District","=""0110011""","Gender","Female",455,63.4,454,54.6,193,48.6
"Bloomfield School District","=""0110011""","Gender","Male",444,58.1,444,52.5,196,48.4
"Bloomfield School District","=""0110011""","Grade","03",109,57.2,109,52.5,"N/A","N/A"
"Bloomfield School District","=""0110011""","Grade","04",136,66.6,136,57.8,"N/A","N/A"
"Bloomfield School District","=""0110011""","Grade","05",114,59.0,114,52.8,116,44.2
"Bloomfield School District","=""0110011""","Grade","06",140,69.3,140,61.5,"N/A","N/A"
"Bloomfield School District","=""0110011""","Grade","07",127,60.7,127,51.1,"N/A","N/A"
"Bloomfield School District","=""0110011""","Grade","08",125,60.7,125,52.2,126,49.8
"Bloomfield School District","=""0110011""","Grade","10","N/A","N/A","N/A","N/A",147,50.8
"Bloomfield School District","=""0110011""","Grade","11",148,51.4,147,46.7,"N/A","N/A"
"Bloomfield School District","=""0110011""","High Needs (F/R, EL or SWD)","High Needs",544,57.4,543,49.8,223,45.7
"Bloomfield School District","=""0110011""","High Needs (F/R, EL or SWD)","Not High Needs",355,65.9,355,59.3,166,52.3
"Bloomfield School District","=""0110011""","Free/Reduced Price Meal Eligibility (2-level)","Eligible For Free Or Reduced Price Meals",480,58.6,479,50.8,197,46.1
"Bloomfield School District","=""0110011""","Free/Reduced Price Meal Eligibility (2-level)","Not Eligible For Free Or Reduced Price Meals",419,63.2,419,56.6,192,51.0
"Bloomfield School District","=""0110011""","Race/Ethnicity","American Indian or Alaska Native","*","*","*","*","*","*"
"Bloomfield School District","=""0110011""","Race/Ethnicity","Asian",10,"*",10,"*","*","*"
"Bloomfield School District","=""0110011""","Race/Ethnicity","Black or African American",707,60.1,706,53.0,301,47.7
"Bloomfield School District","=""0110011""","Race/Ethnicity","Hispanic or Latino",91,60.1,91,52.7,39,47.6
"Bloomfield School District","=""0110011""","Race/Ethnicity","Native Hawaiian or Other Pacific Islander","*","*","*","*","N/A","N/A"
"Bloomfield School District","=""0110011""","Race/Ethnicity","Two or More Races",32,59.6,32,51.1,19,"*"
"Bloomfield School District","=""0110011""","Race/Ethnicity","White",55,69.3,55,61.2,26,59.4
"Bloomfield School District","=""0110011""","Special Education Status (SWD)","Students with Disabilities",163,44.0,162,37.9,66,39.2
"Bloomfield School District","=""0110011""","Special Education Status (SWD)","Students without Disabilities",736,64.5,736,57.0,323,50.4
"Bolton School District","=""0120011""","All Students","District",440,74.5,440,68.7,195,59.9
"Bolton School District","=""0120011""","English Language Learners (EL)","English Learners",10,"*",10,"*","*","*"
"Bolton School District","=""0120011""","English Language Learners (EL)","Not English Learners",430,74.8,430,68.8,"*","*"
"Bolton School District","=""0120011""","Gender","Female",220,76.3,220,67.9,90,57.9
"Bolton School District","=""0120011""","Gender","Male",220,72.7,220,69.5,105,61.5
"Bolton School District","=""0120011""","Grade","03",55,71.8,55,65.9,"N/A","N/A"
"Bolton School District","=""0120011""","Grade","04",50,78.7,50,75.0,"N/A","N/A"
"Bolton School District","=""0120011""","Grade","05",59,80.8,59,75.4,59,62.5
"Bolton School District","=""0120011""","Grade","06",70,77.3,70,69.3,"N/A","N/A"
"Bolton School District","=""0120011""","Grade","07",59,80.2,59,75.4,"N/A","N/A"
"Bolton School District","=""0120011""","Grade","08",68,69.9,68,65.2,68,60.5
"Bolton School District","=""0120011""","Grade","10","N/A","N/A","N/A","N/A",68,57.0
"Bolton School District","=""0120011""","Grade","11",79,66.3,79,59.1,"N/A","N/A"
"Bolton School District","=""0120011""","High Needs (F/R, EL or SWD)","High Needs",111,60.0,111,51.8,45,49.9
"Bolton School District","=""0120011""","High Needs (F/R, EL or SWD)","Not High Needs",329,79.4,329,74.4,150,62.8
"Bolton School District","=""0120011""","Free/Reduced Price Meal Eligibility (2-level)","Eligible For Free Or Reduced Price Meals",69,62.8,69,54.0,31,51.6
"Bolton School District","=""0120011""","Free/Reduced Price Meal Eligibility (2-level)","Not Eligible For Free Or Reduced Price Meals",371,76.7,371,71.5,164,61.4
"Bolton School District","=""0120011""","Race/Ethnicity","Asian","*","*","*","*","*","*"
"Bolton School District","=""0120011""","Race/Ethnicity","Black or African American",34,61.6,34,53.2,17,"*"
"Bolton School District","=""0120011""","Race/Ethnicity","Hispanic or Latino",24,65.4,24,56.0,13,"*"
"Bolton School District","=""0120011""","Race/Ethnicity","Two or More Races","*","*","*","*","*","*"
"Bolton School District","=""0120011""","Race/Ethnicity","White",365,76.5,365,71.1,155,61.9
"Bolton School District","=""0120011""","Special Education Status (SWD)","Students with Disabilities",48,49.9,48,41.0,19,"*"
"Bolton School District","=""0120011""","Special Education Status (SWD)","Students without Disabilities",392,77.5,392,72.1,176,61.2
"Bozrah School District","=""0130011""","All Students","District",128,65.4,128,60.6,39,53.2
"Bozrah School District","=""0130011""","English Language Learners (EL)","English Learners","*","*","*","*","*","*"
"Bozrah School District","=""0130011""","English Language Learners (EL)","Not English Learners","*","*","*","*","*","*"
"Bozrah School District","=""0130011""","Gender","Female",65,67.4,65,60.3,23,53.9
"Bozrah School District","=""0130011""","Gender","Male",63,63.3,63,61.0,16,"*"
"Bozrah School District","=""0130011""","Grade","03",17,"*",17,"*","N/A","N/A"
"Bozrah School District","=""0130011""","Grade","04",25,69.2,25,64.7,"N/A","N/A"
"Bozrah School District","=""0130011""","Grade","05",21,62.6,21,56.8,21,51.9
"Bozrah School District","=""0130011""","Grade","06",26,70.5,26,61.4,"N/A","N/A"
"Bozrah School District","=""0130011""","Grade","07",21,70.0,21,65.1,"N/A","N/A"
"Bozrah School District","=""0130011""","Grade","08",18,"*",18,"*",18,"*"
"Bozrah School District","=""0130011""","High Needs (F/R, EL or SWD)","High Needs",40,56.5,40,50.1,13,"*"
"Bozrah School District","=""0130011""","High Needs (F/R, EL or SWD)","Not High Needs",88,69.5,88,65.4,26,56.9
"Bozrah School District","=""0130011""","Free/Reduced Price Meal Eligibility (2-level)","Eligible For Free Or Reduced Price Meals",28,63.2,28,54.8,9,"*"
"Bozrah School District","=""0130011""","Free/Reduced Price Meal Eligibility (2-level)","Not Eligible For Free Or Reduced Price Meals",100,66.0,100,62.3,30,55.6
"Bozrah School District","=""0130011""","Race/Ethnicity","Asian","*","*","*","*","*","*"
"Bozrah School District","=""0130011""","Race/Ethnicity","Black or African American",8,"*",8,"*","*","*"
"Bozrah School District","=""0130011""","Race/Ethnicity","Hispanic or Latino","*","*","*","*","*","*"
"Bozrah School District","=""0130011""","Race/Ethnicity","Two or More Races","*","*","*","*","*","*"
"Bozrah School District","=""0130011""","Race/Ethnicity","White",115,65.3,115,60.9,34,52.5
"Bozrah School District","=""0130011""","Special Education Status (SWD)","Students with Disabilities",18,"*",18,"*",8,"*"
"Bozrah School District","=""0130011""","Special Education Status (SWD)","Students without Disabilities",110,69.1,110,64.3,31,56.7
"Branford School District","=""0140011""","All Students","District",1494,69.5,1493,65.3,629,56.2
"Branford School District","=""0140011""","English Language Learners (EL)","English Learners",96,66.0,96,67.4,34,52.0
"Branford School District","=""0140011""","English Language Learners (EL)","Not English Learners",1398,69.7,1397,65.2,595,56.4
"Branford School District","=""0140011""","Gender","Female",722,72.2,721,65.4,310,56.4
"Branford School District","=""0140011""","Gender","Male",772,67.0,772,65.2,319,56.0
"Branford School District","=""0140011""","Grade","03",209,67.9,209,64.7,"N/A","N/A"
"Branford School District","=""0140011""","Grade","04",228,76.2,228,74.6,"N/A","N/A"
"Branford School District","=""0140011""","Grade","05",210,73.2,210,71.5,209,55.7
"Branford School District","=""0140011""","Grade","06",222,73.4,222,67.8,"N/A","N/A"
"Branford School District","=""0140011""","Grade","07",211,68.5,211,57.8,"N/A","N/A"
"Branford School District","=""0140011""","Grade","08",201,66.4,200,62.9,202,57.7
"Branford School District","=""0140011""","Grade","10","N/A","N/A","N/A","N/A",218,55.2
"Branford School District","=""0140011""","Grade","11",213,60.1,213,57.1,"N/A","N/A"
"Branford School District","=""0140011""","High Needs (F/R, EL or SWD)","High Needs",527,59.5,526,56.2,216,49.7
"Branford School District","=""0140011""","High Needs (F/R, EL or SWD)","Not High Needs",967,74.9,967,70.3,413,59.6
"Branford School District","=""0140011""","Free/Reduced Price Meal Eligibility (2-level)","Eligible For Free Or Reduced Price Meals",369,61.7,368,58.4,146,51.3
"Branford School District","=""0140011""","Free/Reduced Price Meal Eligibility (2-level)","Not Eligible For Free Or Reduced Price Meals",1125,72.0,1125,67.6,483,57.6
"Branford School District","=""0140011""","Race/Ethnicity","American Indian or Alaska Native","*","*","*","*","*","*"
"Branford School District","=""0140011""","Race/Ethnicity","Asian",115,76.1,115,76.8,53,60.5
"Branford School District","=""0140011""","Race/Ethnicity","Black or African American",56,60.1,56,54.5,22,44.5
"Branford School District","=""0140011""","Race/Ethnicity","Hispanic or Latino",145,64.0,145,59.1,57,49.9
"Branford School District","=""0140011""","Race/Ethnicity","Two or More Races","*","*","*","*","*","*"
"Branford School District","=""0140011""","Race/Ethnicity","White",1140,70.2,1139,65.7,477,57.2
"Branford School District","=""0140011""","Special Education Status (SWD)","Students with Disabilities",211,47.8,211,43.2,89,43.3
"Branford School District","=""0140011""","Special Education Status (SWD)","Students without Disabilities",1283,73.1,1282,69.0,540,58.3
"Bridgeport School District","=""0150011""","All Students","District",10083,51.5,10063,44.8,4228,40.1
"Bridgeport School District","=""0150011""","English Language Learners (EL)","English Learners",2134,45.2,2130,41.0,850,34.5
"Bridgeport School District","=""0150011""","English Language Learners (EL)","Not English Learners",7949,53.2,7933,45.8,3378,41.5
"Bridgeport School District","=""0150011""","Gender","Female",4801,54.1,4794,45.6,2001,40.5
"Bridgeport School District","=""0150011""","Gender","Male",5282,49.2,5269,44.2,2227,39.7
"Bridgeport School District","=""0150011""","Grade","03",1648,55.7,1647,47.7,"N/A","N/A"
"Bridgeport School District","=""0150011""","Grade","04",1718,55.1,1718,48.7,"N/A","N/A"
"Bridgeport School District","=""0150011""","Grade","05",1608,50.8,1602,46.5,1625,40.7
"Bridgeport School District","=""0150011""","Grade","06",1390,54.1,1388,44.0,"N/A","N/A"
"Bridgeport School District","=""0150011""","Grade","07",1267,48.6,1261,41.7,"N/A","N/A"
"Bridgeport School District","=""0150011""","Grade","08",1335,47.4,1330,40.2,1349,41.3
"Bridgeport School District","=""0150011""","Grade","10","N/A","N/A","N/A","N/A",1254,38.0
"Bridgeport School District","=""0150011""","Grade","11",1117,45.9,1117,42.2,"N/A","N/A"
"Bridgeport School District","=""0150011""","High Needs (F/R, EL or SWD)","High Needs",6993,47.5,6975,41.1,2893,36.7
"Bridgeport School District","=""0150011""","High Needs (F/R, EL or SWD)","Not High Needs",3090,60.6,3088,53.4,1335,47.3
"Bridgeport School District","=""0150011""","Free/Reduced Price Meal Eligibility (2-level)","Eligible For Free Or Reduced Price Meals",5545,48.4,5530,41.2,2308,37.4
"Bridgeport School District","=""0150011""","Free/Reduced Price Meal Eligibility (2-level)","Not Eligible For Free Or Reduced Price Meals",4538,55.3,4533,49.3,1920,43.3
"Bridgeport School District","=""0150011""","Race/Ethnicity","American Indian or Alaska Native",51,53.9,51,46.8,"*","*"
"Bridgeport School District","=""0150011""","Race/Ethnicity","Asian",286,62.4,285,59.1,114,50.7
"Bridgeport School District","=""0150011""","Race/Ethnicity","Black or African American",3475,50.3,3470,42.5,1495,38.1
"Bridgeport School District","=""0150011""","Race/Ethnicity","Hispanic or Latino",4991,50.3,4977,44.0,2038,39.4
"Bridgeport School District","=""0150011""","Race/Ethnicity","Native Hawaiian or Other Pacific Islander",12,"*",12,"*","*","*"
"Bridgeport School District","=""0150011""","Race/Ethnicity","Two or More Races",55,55.5,56,49.7,16,"*"
"Bridgeport School District","=""0150011""","Race/Ethnicity","White",1213,57.2,1212,51.2,545,45.8
"Bridgeport School District","=""0150011""","Special Education Status (SWD)","Students with Disabilities",1649,36.9,1638,30.5,711,30.8
"Bridgeport School District","=""0150011""","Special Education Status (SWD)","Students without Disabilities",8434,54.4,8425,47.6,3517,42.0
"Bristol School District","=""0170011""","All Students","District",4081,65.7,4077,59.6,1764,53.9
"Bristol School District","=""0170011""","English Language Learners (EL)","English Learners",305,56.4,304,51.8,117,42.2
"Bristol School District","=""0170011""","English Language Learners (EL)","Not English Learners",3776,66.5,3773,60.2,1647,54.7
"Bristol School District","=""0170011""","Gender","Female",1985,68.7,1985,60.6,838,54.2
"Bristol School District","=""0170011""","Gender","Male",2096,62.9,2092,58.5,926,53.5
"Bristol School District","=""0170011""","Grade","03",548,66.7,547,61.2,"N/A","N/A"
"Bristol School District","=""0170011""","Grade","04",591,69.1,590,64.1,"N/A","N/A"
"Bristol School District","=""0170011""","Grade","05",587,65.3,585,62.4,589,54.1
"Bristol School District","=""0170011""","Grade","06",646,69.3,646,62.2,"N/A","N/A"
"Bristol School District","=""0170011""","Grade","07",570,67.6,569,57.5,"N/A","N/A"
"Bristol School District","=""0170011""","Grade","08",593,64.5,594,56.4,593,54.6
"Bristol School District","=""0170011""","Grade","10","N/A","N/A","N/A","N/A",582,52.9
"Bristol School District","=""0170011""","Grade","11",546,56.9,546,52.5,"N/A","N/A"
"Bristol School District","=""0170011""","High Needs (F/R, EL or SWD)","High Needs",2159,58.5,2156,52.5,932,47.6
"Bristol School District","=""0170011""","High Needs (F/R, EL or SWD)","Not High Needs",1922,73.9,1921,67.5,832,60.8
"Bristol School District","=""0170011""","Free/Reduced Price Meal Eligibility (2-level)","Eligible For Free Or Reduced Price Meals",1816,59.5,1814,53.5,760,48.6
"Bristol School District","=""0170011""","Free/Reduced Price Meal Eligibility (2-level)","Not Eligible For Free Or Reduced Price Meals",2265,70.7,2263,64.4,1004,57.8
"Bristol School District","=""0170011""","Race/Ethnicity","American Indian or Alaska Native",7,"*",7,"*","*","*"
"Bristol School District","=""0170011""","Race/Ethnicity","Asian",159,72.9,159,67.4,54,60.5
"Bristol School District","=""0170011""","Race/Ethnicity","Black or African American",325,59.7,325,52.7,145,48.2
"Bristol School District","=""0170011""","Race/Ethnicity","Hispanic or Latino",1024,58.7,1024,51.9,427,47.0
"Bristol School District","=""0170011""","Race/Ethnicity","Native Hawaiian or Other Pacific Islander","*","*","*","*","*","*"
"Bristol School District","=""0170011""","Race/Ethnicity","Two or More Races","*","*","*","*","*","*"
"Bristol School District","=""0170011""","Race/Ethnicity","White",2560,68.9,2556,63.0,1131,56.8
"Bristol School District","=""0170011""","Special Education Status (SWD)","Students with Disabilities",757,46.6,756,40.1,367,41.2
"Bristol School District","=""0170011""","Special Education Status (SWD)","Students without Disabilities",3324,70.1,3321,64.0,1397,57.2
"Brookfield School District","=""0180011""","All Students","District",1390,73.3,1388,70.0,675,61.8
"Brookfield School District","=""0180011""","English Language Learners (EL)","English Learners",51,61.9,51,62.5,16,"*"
"Brookfield School District","=""0180011""","English Language Learners (EL)","Not English Learners",1339,73.8,1337,70.3,659,62.1
"Brookfield School District","=""0180011""","Gender","Female",690,75.2,689,68.9,341,62.4
"Brookfield School District","=""0180011""","Gender","Male",700,71.5,699,71.2,334,61.2
"Brookfield School District","=""0180011""","Grade","03",169,71.6,168,67.0,"N/A","N/A"
"Brookfield School District","=""0180011""","Grade","04",175,74.4,175,72.4,"N/A","N/A"
"Brookfield School District","=""0180011""","Grade","05",217,75.5,216,67.3,233,62.6
"Brookfield School District","=""0180011""","Grade","06",198,75.2,198,72.5,"N/A","N/A"
"Brookfield School District","=""0180011""","Grade","07",199,74.7,199,71.6,"N/A","N/A"
"Brookfield School District","=""0180011""","Grade","08",229,73.5,229,73.7,236,61.3
"Brookfield School District","=""0180011""","Grade","10","N/A","N/A","N/A","N/A",206,61.4
"Brookfield School District","=""0180011""","Grade","11",203,68.2,203,65.2,"N/A","N/A"
"Brookfield School District","=""0180011""","High Needs (F/R, EL or SWD)","High Needs",297,59.3,297,56.9,136,50.7
"Brookfield School District","=""0180011""","High Needs (F/R, EL or SWD)","Not High Needs",1093,77.2,1091,73.6,539,64.6
"Brookfield School District","=""0180011""","Free/Reduced Price Meal Eligibility (2-level)","Eligible For Free Or Reduced Price Meals",131,62.6,131,62.2,54,53.8
"Brookfield School District","=""0180011""","Free/Reduced Price Meal Eligibility (2-level)","Not Eligible For Free Or Reduced Price Meals",1259,74.5,1257,70.8,621,62.5
"Brookfield School District","=""0180011""","Race/Ethnicity","American Indian or Alaska Native",7,"*",7,"*","N/A","N/A"
"Brookfield School District","=""0180011""","Race/Ethnicity","Asian",113,84.1,113,84.1,48,70.2
"Brookfield School District","=""0180011""","Race/Ethnicity","Black or African American",36,65.4,35,65.5,"*","*"
"Brookfield School District","=""0180011""","Race/Ethnicity","Hispanic or Latino",119,64.5,118,62.4,60,52.5
"Brookfield School District","=""0180011""","Race/Ethnicity","Native Hawaiian or Other Pacific Islander","*","*","*","*","*","*"
"Brookfield School District","=""0180011""","Race/Ethnicity","Two or More Races","*","*","*","*","N/A","N/A"
"Brookfield School District","=""0180011""","Race/Ethnicity","White",1107,73.4,1107,69.5,555,62.1
"Brookfield School District","=""0180011""","Special Education Status (SWD)","Students with Disabilities",170,53.3,170,49.3,88,46.3
"Brookfield School District","=""0180011""","Special Education Status (SWD)","Students without Disabilities",1220,76.1,1218,72.9,587,64.1
"Brooklyn School District","=""0190011""","All Students","District",495,73.4,494,64.5,158,63.1
"Brooklyn School District","=""0190011""","English Language Learners (EL)","English Learners",11,"*",11,"*","*","*"
"Brooklyn School District","=""0190011""","English Language Learners (EL)","Not English Learners",484,73.4,483,64.6,"*","*"
"Brooklyn School District","=""0190011""","Gender","Female",242,77.1,242,64.3,78,63.5
"Brooklyn School District","=""0190011""","Gender","Male",253,69.8,252,64.7,80,62.7
"Brooklyn School District","=""0190011""","Grade","03",91,67.7,91,60.8,"N/A","N/A"
"Brooklyn School District","=""0190011""","Grade","04","*","*","*","*","N/A","N/A"
"Brooklyn School District","=""0190011""","Grade","05",80,72.6,80,64.1,82,60.3
"Brooklyn School District","=""0190011""","Grade","06",108,81.4,108,67.9,"N/A","N/A"
"Brooklyn School District","=""0190011""","Grade","07",75,69.5,74,61.1,"N/A","N/A"
"Brooklyn School District","=""0190011""","Grade","08",76,72.8,76,62.6,76,66.2
"Brooklyn School District","=""0190011""","Grade","10","N/A","N/A","N/A","N/A","N/A","N/A"
"Brooklyn School District","=""0190011""","Grade","11","*","*","*","*","N/A","N/A"
"Brooklyn School District","=""0190011""","High Needs (F/R, EL or SWD)","High Needs",181,65.0,180,57.7,58,57.4
"Brooklyn School District","=""0190011""","High Needs (F/R, EL or SWD)","Not High Needs",314,78.2,314,68.4,100,66.4
"Brooklyn School District","=""0190011""","Free/Reduced Price Meal Eligibility (2-level)","Eligible For Free Or Reduced Price Meals",153,66.2,152,58.7,51,58.1
"Brooklyn School District","=""0190011""","Free/Reduced Price Meal Eligibility (2-level)","Not Eligible For Free Or Reduced Price Meals",342,76.6,342,67.1,107,65.5
"Brooklyn School District","=""0190011""","Race/Ethnicity","American Indian or Alaska Native","*","*","*","*","N/A","N/A"
"Brooklyn School District","=""0190011""","Race/Ethnicity","Asian",12,"*",12,"*",7,"*"
"Brooklyn School District","=""0190011""","Race/Ethnicity","Black or African American","*","*","*","*","*","*"
"Brooklyn School District","=""0190011""","Race/Ethnicity","Hispanic or Latino",39,61.5,39,55.1,11,"*"
"Brooklyn School District","=""0190011""","Race/Ethnicity","Native Hawaiian or Other Pacific Islander","*","*","*","*","N/A","N/A"
"Brooklyn School District","=""0190011""","Race/Ethnicity","Two or More Races",16,"*",15,"*",7,"*"
"Brooklyn School District","=""0190011""","Race/Ethnicity","White",421,75.0,421,65.6,131,64.5
"Brooklyn School District","=""0190011""","Special Education Status (SWD)","Students with Disabilities",52,51.6,51,46.9,15,"*"
"Brooklyn School District","=""0190011""","Special Education Status (SWD)","Students without Disabilities",443,75.9,443,66.5,143,64.7
"Canaan School District","=""0210011""","All Students","District",50,68.2,50,62.3,13,"*"
"Canaan School District","=""0210011""","English Language Learners (EL)","English Learners","*","*","*","*","*","*"
"Canaan School District","=""0210011""","English Language Learners (EL)","Not English Learners","*","*","*","*","*","*"
"Canaan School District","=""0210011""","Gender","Female",28,72.3,28,64.3,7,"*"
"Canaan School District","=""0210011""","Gender","Male",22,62.9,22,59.6,6,"*"
"Canaan School District","=""0210011""","Grade","03",9,"*",9,"*","N/A","N/A"
"Canaan School District","=""0210011""","Grade","04","*","*","*","*","N/A","N/A"
"Canaan School District","=""0210011""","Grade","05","*","*","*","*",6,"*"
"Canaan School District","=""0210011""","Grade","06",9,"*",9,"*","N/A","N/A"
"Canaan School District","=""0210011""","Grade","07",14,"*",14,"*","N/A","N/A"
"Canaan School District","=""0210011""","Grade","08",7,"*",7,"*",7,"*"
"Canaan School District","=""0210011""","High Needs (F/R, EL or SWD)","High Needs",15,"*",15,"*","*","*"
"Canaan School District","=""0210011""","High Needs (F/R, EL or SWD)","Not High Needs",35,74.8,35,68.0,"*","*"
"Canaan School District","=""0210011""","Free/Reduced Price Meal Eligibility (2-level)","Eligible For Free Or Reduced Price Meals",7,"*",7,"*","*","*"
"Canaan School District","=""0210011""","Free/Reduced Price Meal Eligibility (2-level)","Not Eligible For Free Or Reduced Price Meals",43,71.9,43,65.9,"*","*"
"Canaan School District","=""0210011""","Race/Ethnicity","Hispanic or Latino","*","*","*","*","N/A","N/A"
"Canaan School District","=""0210011""","Race/Ethnicity","White","*","*","*","*",13,"*"
"Canaan School District","=""0210011""","Special Education Status (SWD)","Students with Disabilities",9,"*",9,"*","*","*"
"Canaan School District","=""0210011""","Special Education Status (SWD)","Students without Disabilities",41,72.5,41,65.3,"*","*"
"Canterbury School District","=""0220011""","All Students","District",286,66.4,286,61.6,112,56.2
"Canterbury School District","=""0220011""","English Language Learners (EL)","English Learners","*","*","*","*","N/A","N/A"
"Canterbury School District","=""0220011""","English Language Learners (EL)","Not English Learners","*","*","*","*",112,56.2
"Canterbury School District","=""0220011""","Gender","Female",127,71.8,127,64.7,47,57.7
"Canterbury School District","=""0220011""","Gender","Male",159,62.1,159,59.0,65,55.0
"Canterbury School District","=""0220011""","Grade","03",44,69.8,44,61.5,"N/A","N/A"
"Canterbury School District","=""0220011""","Grade","04",43,67.9,43,62.6,"N/A","N/A"
"Canterbury School District","=""0220011""","Grade","05",36,73.1,36,73.7,36,61.5
"Canterbury School District","=""0220011""","Grade","06",51,70.7,51,58.6,"N/A","N/A"
"Canterbury School District","=""0220011""","Grade","07",37,69.8,37,66.2,"N/A","N/A"
"Canterbury School District","=""0220011""","Grade","08",75,55.7,75,54.8,76,53.6
"Canterbury School District","=""0220011""","Grade","10","N/A","N/A","N/A","N/A","N/A","N/A"
"Canterbury School District","=""0220011""","High Needs (F/R, EL or SWD)","High Needs",92,59.3,92,52.8,36,55.4
"Canterbury School District","=""0220011""","High Needs (F/R, EL or SWD)","Not High Needs",194,69.8,194,65.7,76,56.5
"Canterbury School District","=""0220011""","Free/Reduced Price Meal Eligibility (2-level)","Eligible For Free Or Reduced Price Meals",72,61.6,72,55.9,31,55.7
"Canterbury School District","=""0220011""","Free/Reduced Price Meal Eligibility (2-level)","Not Eligible For Free Or Reduced Price Meals",214,68.0,214,63.5,81,56.3
"Canterbury School District","=""0220011""","Race/Ethnicity","Black or African American","*","*","*","*","*","*"
"Canterbury School District","=""0220011""","Race/Ethnicity","Hispanic or Latino",12,"*",12,"*",6,"*"
"Canterbury School District","=""0220011""","Race/Ethnicity","Two or More Races","*","*","*","*",6,"*"
"Canterbury School District","=""0220011""","Race/Ethnicity","White",260,67.2,260,62.1,99,56.0
"Canterbury School District","=""0220011""","Special Education Status (SWD)","Students with Disabilities",30,50.7,30,44.9,10,"*"
"Canterbury School District","=""0220011""","Special Education Status (SWD)","Students without Disabilities",256,68.3,256,63.5,102,56.1
"Canton School District","=""0230011""","All Students","District",871,76.6,869,71.4,384,66.7
"Canton School District","=""0230011""","English Language Learners (EL)","English Learners",9,"*",9,"*","*","*"
"Canton School District","=""0230011""","English Language Learners (EL)","Not English Learners",862,76.6,860,71.4,"*","*"
"Canton School District","=""0230011""","Gender","Female",444,78.1,441,70.6,202,67.4
"Canton School District","=""0230011""","Gender","Male",427,75.0,428,72.2,182,65.9
"Canton School District","=""0230011""","Grade","03",108,77.6,108,73.6,"N/A","N/A"
"Canton School District","=""0230011""","Grade","04",114,79.9,113,71.3,"N/A","N/A"
"Canton School District","=""0230011""","Grade","05",122,77.3,121,70.6,122,65.4
"Canton School District","=""0230011""","Grade","06",133,77.0,133,72.8,"N/A","N/A"
"Canton School District","=""0230011""","Grade","07",140,76.6,139,71.8,"N/A","N/A"
"Canton School District","=""0230011""","Grade","08",139,73.1,140,71.4,141,67.5
"Canton School District","=""0230011""","Grade","10","N/A","N/A","N/A","N/A",121,66.9
"Canton School District","=""0230011""","Grade","11",115,75.3,115,68.2,"N/A","N/A"
"Canton School District","=""0230011""","High Needs (F/R, EL or SWD)","High Needs",173,60.8,173,53.5,82,55.4
"Canton School District","=""0230011""","High Needs (F/R, EL or SWD)","Not High Needs",698,80.5,696,75.8,302,69.8
"Canton School District","=""0230011""","Free/Reduced Price Meal Eligibility (2-level)","Eligible For Free Or Reduced Price Meals",99,65.3,98,56.5,44,56.8
"Canton School District","=""0230011""","Free/Reduced Price Meal Eligibility (2-level)","Not Eligible For Free Or Reduced Price Meals",772,78.0,771,73.3,340,68.0
"Canton School District","=""0230011""","Race/Ethnicity","American Indian or Alaska Native","*","*","*","*","*","*"
"Canton School District","=""0230011""","Race/Ethnicity","Asian",24,80.6,24,77.4,13,"*"
"Canton School District","=""0230011""","Race/Ethnicity","Black or African American",50,60.1,50,49.9,22,47.0
"Canton School District","=""0230011""","Race/Ethnicity","Hispanic or Latino",63,70.0,63,63.7,22,62.9
"Canton School District","=""0230011""","Race/Ethnicity","Two or More Races","*","*","*","*","*","*"
"Canton School District","=""0230011""","Race/Ethnicity","White",721,78.3,721,73.5,323,68.6
"Canton School District","=""0230011""","Special Education Status (SWD)","Students with Disabilities",94,50.6,95,44.6,52,49.8
"Canton School District","=""0230011""","Special Education Status (SWD)","Students without Disabilities",777,79.7,774,74.7,332,69.3
"Chaplin School District","=""0240011""","All Students","District",65,72.6,65,62.9,15,"*"
"Chaplin School District","=""0240011""","English Language Learners (EL)","Not English Learners",65,72.6,65,62.9,15,"*"
"Chaplin School District","=""0240011""","Gender","Female",33,78.9,33,63.9,"*","*"
"Chaplin School District","=""0240011""","Gender","Male",32,66.2,32,61.8,"*","*"
"Chaplin School District","=""0240011""","Grade","03",11,"*",11,"*","N/A","N/A"
"Chaplin School District","=""0240011""","Grade","04",21,72.0,21,60.2,"N/A","N/A"
"Chaplin School District","=""0240011""","Grade","05",15,"*",15,"*",15,"*"
"Chaplin School District","=""0240011""","Grade","06",18,"*",18,"*","N/A","N/A"
"Chaplin School District","=""0240011""","High Needs (F/R, EL or SWD)","High Needs",27,68.6,27,58.6,"*","*"
"Chaplin School District","=""0240011""","High Needs (F/R, EL or SWD)","Not High Needs",38,75.5,38,65.9,"*","*"
"Chaplin School District","=""0240011""","Free/Reduced Price Meal Eligibility (2-level)","Eligible For Free Or Reduced Price Meals",25,68.4,25,59.5,"*","*"
"Chaplin School District","=""0240011""","Free/Reduced Price Meal Eligibility (2-level)","Not Eligible For Free Or Reduced Price Meals",40,75.3,40,65.0,"*","*"
"Chaplin School District","=""0240011""","Race/Ethnicity","Hispanic or Latino","*","*","*","*","N/A","N/A"
"Chaplin School District","=""0240011""","Race/Ethnicity","Two or More Races","*","*","*","*","N/A","N/A"
"Chaplin School District","=""0240011""","Race/Ethnicity","White",59,73.6,59,64.9,15,"*"
"Chaplin School District","=""0240011""","Special Education Status (SWD)","Students with Disabilities","*","*","*","*","N/A","N/A"
"Chaplin School District","=""0240011""","Special Education Status (SWD)","Students without Disabilities","*","*","*","*",15,"*"
"Cheshire School District","=""0250011""","All Students","District",2311,77.9,2308,72.6,1042,63.1
"Cheshire School District","=""0250011""","English Language Learners (EL)","English Learners",47,61.6,47,60.5,15,"*"
"Cheshire School District","=""0250011""","English Language Learners (EL)","Not English Learners",2264,78.2,2261,72.9,1027,63.3
"Cheshire School District","=""0250011""","Gender","Female",1155,79.9,1152,72.3,535,62.8
"Cheshire School District","=""0250011""","Gender","Male",1156,75.8,1156,72.9,507,63.4
"Cheshire School District","=""0250011""","Grade","03",256,80.3,256,76.5,"N/A","N/A"
"Cheshire School District","=""0250011""","Grade","04",305,82.0,305,76.0,"N/A","N/A"
"Cheshire School District","=""0250011""","Grade","05",298,81.0,298,75.8,301,63.4
"Cheshire School District","=""0250011""","Grade","06",356,84.1,356,78.8,"N/A","N/A"
"Cheshire School District","=""0250011""","Grade","07",403,75.3,401,67.6,"N/A","N/A"
"Cheshire School District","=""0250011""","Grade","08",366,75.4,365,69.6,371,63.2
"Cheshire School District","=""0250011""","Grade","10","N/A","N/A","N/A","N/A",370,62.7
"Cheshire School District","=""0250011""","Grade","11",327,68.5,327,66.2,"N/A","N/A"
"Cheshire School District","=""0250011""","High Needs (F/R, EL or SWD)","High Needs",409,60.2,408,56.3,187,49.5
"Cheshire School District","=""0250011""","High Needs (F/R, EL or SWD)","Not High Needs",1902,81.7,1900,76.1,855,66.1
"Cheshire School District","=""0250011""","Free/Reduced Price Meal Eligibility (2-level)","Eligible For Free Or Reduced Price Meals",180,64.6,179,59.1,87,53.4
"Cheshire School District","=""0250011""","Free/Reduced Price Meal Eligibility (2-level)","Not Eligible For Free Or Reduced Price Meals",2131,79.0,2129,73.7,955,64.0
"Cheshire School District","=""0250011""","Race/Ethnicity","American Indian or Alaska Native",8,"*",8,"*","*","*"
"Cheshire School District","=""0250011""","Race/Ethnicity","Asian",228,84.7,228,83.6,94,65.4
"Cheshire School District","=""0250011""","Race/Ethnicity","Black or African American",72,69.8,72,59.6,29,53.5
"Cheshire School District","=""0250011""","Race/Ethnicity","Hispanic or Latino",112,73.3,112,65.5,41,58.5
"Cheshire School District","=""0250011""","Race/Ethnicity","Two or More Races",29,78.8,29,75.0,"*","*"
"Cheshire School District","=""0250011""","Race/Ethnicity","White",1862,77.7,1859,72.2,864,63.4
"Cheshire School District","=""0250011""","Special Education Status (SWD)","Students with Disabilities",249,54.9,249,50.3,119,45.2
"Cheshire School District","=""0250011""","Special Education Status (SWD)","Students without Disabilities",2062,80.6,2059,75.3,923,65.4
"Chester School District","=""0260011""","All Students","District",121,81.5,121,76.3,29,65.0
"Chester School District","=""0260011""","English Language Learners (EL)","English Learners","N/A","N/A","N/A","N/A","N/A","N/A"
"Chester School District","=""0260011""","English Language Learners (EL)","Not English Learners",121,81.5,121,76.3,29,65.0
"Chester School District","=""0260011""","Gender","Female",63,81.1,63,73.2,17,"*"
"Chester School District","=""0260011""","Gender","Male",58,81.8,58,79.7,12,"*"
"Chester School District","=""0260011""","Grade","03",29,74.7,29,67.3,"N/A","N/A"
"Chester School District","=""0260011""","Grade","04",28,80.3,28,74.8,"N/A","N/A"
"Chester School District","=""0260011""","Grade","05",29,86.0,29,78.1,29,65.0
"Chester School District","=""0260011""","Grade","06",35,84.3,35,83.5,"N/A","N/A"
"Chester School District","=""0260011""","High Needs (F/R, EL or SWD)","High Needs",35,70.5,35,66.2,13,"*"
"Chester School District","=""0260011""","High Needs (F/R, EL or SWD)","Not High Needs",86,85.9,86,80.4,16,"*"
"Chester School District","=""0260011""","Free/Reduced Price Meal Eligibility (2-level)","Eligible For Free Or Reduced Price Meals",13,"*",13,"*","*","*"
"Chester School District","=""0260011""","Free/Reduced Price Meal Eligibility (2-level)","Not Eligible For Free Or Reduced Price Meals",108,83.1,108,77.8,"*","*"
"Chester School District","=""0260011""","Race/Ethnicity","Asian","*","*","*","*","N/A","N/A"
"Chester School District","=""0260011""","Race/Ethnicity","Black or African American","*","*","*","*","N/A","N/A"
"Chester School District","=""0260011""","Race/Ethnicity","Hispanic or Latino",6,"*",6,"*","N/A","N/A"
"Chester School District","=""0260011""","Race/Ethnicity","Two or More Races",6,"*",6,"*","*","*"
"Chester School District","=""0260011""","Race/Ethnicity","White",105,82.2,105,77.2,"*","*"
"Chester School District","=""0260011""","Special Education Status (SWD)","Students with Disabilities",25,70.9,25,66.1,9,"*"
"Chester School District","=""0260011""","Special Education Status (SWD)","Students without Disabilities",96,84.2,96,79.0,20,67.0
"Clinton School District","=""0270011""","All Students","District",964,71.6,963,66.8,413,61.0
"Clinton School District","=""0270011""","English Language Learners (EL)","English Learners",61,56.1,61,54.3,14,"*"
"Clinton School District","=""0270011""","English Language Learners (EL)","Not English Learners",903,72.6,902,67.6,399,61.5
"Clinton School District","=""0270011""","Gender","Female",471,74.4,471,67.2,203,61.9
"Clinton School District","=""0270011""","Gender","Male",493,68.8,492,66.4,210,60.2
"Clinton School District","=""0270011""","Grade","03",133,71.5,133,61.7,"N/A","N/A"
"Clinton School District","=""0270011""","Grade","04",136,75.1,136,70.0,"N/A","N/A"
"Clinton School District","=""0270011""","Grade","05",138,75.1,138,73.0,138,61.6
"Clinton School District","=""0270011""","Grade","06",169,76.5,169,70.6,"N/A","N/A"
"Clinton School District","=""0270011""","Grade","07",128,71.2,128,67.5,"N/A","N/A"
"Clinton School District","=""0270011""","Grade","08",137,66.2,136,66.7,139,59.9
"Clinton School District","=""0270011""","Grade","10","N/A","N/A","N/A","N/A",136,61.6
"Clinton School District","=""0270011""","Grade","11",123,63.4,123,55.7,"N/A","N/A"
"Clinton School District","=""0270011""","High Needs (F/R, EL or SWD)","High Needs",302,59.0,301,54.2,115,49.5
"Clinton School District","=""0270011""","High Needs (F/R, EL or SWD)","Not High Needs",662,77.3,662,72.5,298,65.5
"Clinton School District","=""0270011""","Free/Reduced Price Meal Eligibility (2-level)","Eligible For Free Or Reduced Price Meals",193,61.5,193,56.9,75,51.0
"Clinton School District","=""0270011""","Free/Reduced Price Meal Eligibility (2-level)","Not Eligible For Free Or Reduced Price Meals",771,74.1,770,69.3,338,63.3
"Clinton School District","=""0270011""","Race/Ethnicity","American Indian or Alaska Native","*","*","*","*","*","*"
"Clinton School District","=""0270011""","Race/Ethnicity","Asian",27,69.6,27,65.3,11,"*"
"Clinton School District","=""0270011""","Race/Ethnicity","Black or African American","*","*","*","*","*","*"
"Clinton School District","=""0270011""","Race/Ethnicity","Hispanic or Latino",120,61.9,120,56.2,44,49.3
"Clinton School District","=""0270011""","Race/Ethnicity","Two or More Races",20,78.4,20,71.4,"*","*"
"Clinton School District","=""0270011""","Race/Ethnicity","White",788,73.1,787,68.4,350,62.5
"Clinton School District","=""0270011""","Special Education Status (SWD)","Students with Disabilities",143,52.4,142,46.1,56,43.9
"Clinton School District","=""0270011""","Special Education Status (SWD)","Students without Disabilities",821,74.9,821,70.4,357,63.7
"Colchester School District","=""0280011""","All Students","District",1297,73.9,1296,70.4,556,64.3
"Colchester School District","=""0280011""","English Language Learners (EL)","English Learners",23,64.7,23,67.5,10,"*"
"Colchester School District","=""0280011""","English Language Learners (EL)","Not English Learners",1274,74.0,1273,70.4,546,64.6
"Colchester School District","=""0280011""","Gender","Female",630,76.2,629,69.8,267,63.2
"Colchester School District","=""0280011""","Gender","Male",667,71.7,667,70.9,289,65.4
"Colchester School District","=""0280011""","Grade","03",166,78.6,166,73.0,"N/A","N/A"
"Colchester School District","=""0280011""","Grade","04",160,77.5,160,73.2,"N/A","N/A"
"Colchester School District","=""0280011""","Grade","05",163,77.7,163,75.8,163,64.6
"Colchester School District","=""0280011""","Grade","06",186,74.0,186,69.9,"N/A","N/A"
"Colchester School District","=""0280011""","Grade","07",211,75.9,211,69.0,"N/A","N/A"
"Colchester School District","=""0280011""","Grade","08",197,74.0,196,73.9,204,64.9
"Colchester School District","=""0280011""","Grade","10","N/A","N/A","N/A","N/A",189,63.4
"Colchester School District","=""0280011""","Grade","11",214,62.2,214,60.5,"N/A","N/A"
"Colchester School District","=""0280011""","High Needs (F/R, EL or SWD)","High Needs",350,62.4,349,57.7,137,53.5
"Colchester School District","=""0280011""","High Needs (F/R, EL or SWD)","Not High Needs",947,78.1,947,75.0,419,67.9
"Colchester School District","=""0280011""","Free/Reduced Price Meal Eligibility (2-level)","Eligible For Free Or Reduced Price Meals",194,64.5,193,60.0,75,55.3
"Colchester School District","=""0280011""","Free/Reduced Price Meal Eligibility (2-level)","Not Eligible For Free Or Reduced Price Meals",1103,75.5,1103,72.2,481,65.7
"Colchester School District","=""0280011""","Race/Ethnicity","American Indian or Alaska Native","*","*","*","*","*","*"
"Colchester School District","=""0280011""","Race/Ethnicity","Asian",38,72.0,38,73.8,13,"*"
"Colchester School District","=""0280011""","Race/Ethnicity","Black or African American",24,60.9,24,59.2,"*","*"
"Colchester School District","=""0280011""","Race/Ethnicity","Hispanic or Latino",76,65.2,76,61.4,31,53.4
"Colchester School District","=""0280011""","Race/Ethnicity","Native Hawaiian or Other Pacific Islander","*","*","*","*","N/A","N/A"
"Colchester School District","=""0280011""","Race/Ethnicity","Two or More Races",43,77.8,43,72.2,13,"*"
"Colchester School District","=""0280011""","Race/Ethnicity","White",1111,74.7,1110,71.1,488,65.2
"Colchester School District","=""0280011""","Special Education Status (SWD)","Students with Disabilities",193,56.2,192,50.9,73,48.7
"Colchester School District","=""0280011""","Special Education Status (SWD)","Students without Disabilities",1104,76.9,1104,73.8,483,66.7
"Colebrook School District","=""0290011""","All Students","District",41,74.7,41,70.9,12,"*"
"Colebrook School District","=""0290011""","English Language Learners (EL)","Not English Learners",41,74.7,41,70.9,12,"*"
"Colebrook School District","=""0290011""","Gender","Female",22,76.3,22,73.1,6,"*"
"Colebrook School District","=""0290011""","Gender","Male",19,"*",19,"*",6,"*"
"Colebrook School District","=""0290011""","Grade","03",10,"*",10,"*","N/A","N/A"
"Colebrook School District","=""0290011""","Grade","04",11,"*",11,"*","N/A","N/A"
"Colebrook School District","=""0290011""","Grade","05",10,"*",10,"*",12,"*"
"Colebrook School District","=""0290011""","Grade","06",10,"*",10,"*","N/A","N/A"
"Colebrook School District","=""0290011""","High Needs (F/R, EL or SWD)","High Needs",17,"*",17,"*","*","*"
"Colebrook School District","=""0290011""","High Needs (F/R, EL or SWD)","Not High Needs",24,79.9,24,75.9,"*","*"
"Colebrook School District","=""0290011""","Free/Reduced Price Meal Eligibility (2-level)","Eligible For Free Or Reduced Price Meals",10,"*",10,"*","N/A","N/A"
"Colebrook School District","=""0290011""","Free/Reduced Price Meal Eligibility (2-level)","Not Eligible For Free Or Reduced Price Meals",31,76.3,31,72.0,12,"*"
"Colebrook School District","=""0290011""","Race/Ethnicity","Hispanic or Latino","*","*","*","*","N/A","N/A"
"Colebrook School District","=""0290011""","Race/Ethnicity","Two or More Races","*","*","*","*","*","*"
"Colebrook School District","=""0290011""","Race/Ethnicity","White",37,75.3,37,71.8,"*","*"
"Colebrook School District","=""0290011""","Special Education Status (SWD)","Students with Disabilities",9,"*",9,"*","*","*"
"Colebrook School District","=""0290011""","Special Education Status (SWD)","Students without Disabilities",32,77.9,32,73.5,"*","*"
"Columbia School District","=""0300011""","All Students","District",261,70.9,261,65.4,90,59.3
"Columbia School District","=""0300011""","English Language Learners (EL)","English Learners","N/A","N/A","N/A","N/A","N/A","N/A"
"Columbia School District","=""0300011""","English Language Learners (EL)","Not English Learners",261,70.9,261,65.4,90,59.3
"Columbia School District","=""0300011""","Gender","Female",133,75.2,133,66.6,43,61.2
"Columbia School District","=""0300011""","Gender","Male",128,66.4,128,64.1,47,57.5
"Columbia School District","=""0300011""","Grade","03",42,71.0,42,65.0,"N/A","N/A"
"Columbia School District","=""0300011""","Grade","04",42,75.5,42,71.7,"N/A","N/A"
"Columbia School District","=""0300011""","Grade","05",34,71.9,34,68.0,"*","*"
"Columbia School District","=""0300011""","Grade","06",53,72.5,53,66.3,"N/A","N/A"
"Columbia School District","=""0300011""","Grade","07",38,66.2,38,57.6,"N/A","N/A"
"Columbia School District","=""0300011""","Grade","08",52,68.3,52,63.5,52,57.3
"Columbia School District","=""0300011""","Grade","10","N/A","N/A","N/A","N/A","*","*"
"Columbia School District","=""0300011""","High Needs (F/R, EL or SWD)","High Needs",76,59.0,76,54.4,32,52.5
"Columbia School District","=""0300011""","High Needs (F/R, EL or SWD)","Not High Needs",185,75.8,185,69.9,58,63.0
"Columbia School District","=""0300011""","Free/Reduced Price Meal Eligibility (2-level)","Eligible For Free Or Reduced Price Meals",51,64.2,51,58.5,22,56.5
"Columbia School District","=""0300011""","Free/Reduced Price Meal Eligibility (2-level)","Not Eligible For Free Or Reduced Price Meals",210,72.5,210,67.0,68,60.2
"Columbia School District","=""0300011""","Race/Ethnicity","Asian","*","*","*","*","*","*"
"Columbia School District","=""0300011""","Race/Ethnicity","Black or African American","*","*","*","*","N/A","N/A"
"Columbia School District","=""0300011""","Race/Ethnicity","Hispanic or Latino",18,"*",18,"*",10,"*"
"Columbia School District","=""0300011""","Race/Ethnicity","Two or More Races","*","*","*","*","*","*"
"Columbia School District","=""0300011""","Race/Ethnicity","White",236,72.3,236,66.3,78,60.6
"Columbia School District","=""0300011""","Special Education Status (SWD)","Students with Disabilities",32,47.8,32,45.4,13,"*"
"Columbia School District","=""0300011""","Special Education Status (SWD)","Students without Disabilities",229,74.1,229,68.2,77,62.6
"Cornwall School District","=""0310011""","All Students","District",54,78.8,54,69.2,14,"*"
"Cornwall School District","=""0310011""","English Language Learners (EL)","English Learners","*","*","*","*","*","*"
"Cornwall School District","=""0310011""","English Language Learners (EL)","Not English Learners","*","*","*","*","*","*"
"Cornwall School District","=""0310011""","Gender","Female",20,84.7,20,70.3,6,"*"
"Cornwall School District","=""0310011""","Gender","Male",34,75.3,34,68.5,8,"*"
"Cornwall School District","=""0310011""","Grade","03",12,"*",12,"*","N/A","N/A"
"Cornwall School District","=""0310011""","Grade","04",13,"*",13,"*","N/A","N/A"
"Cornwall School District","=""0310011""","Grade","05","*","*","*","*","*","*"
"Cornwall School District","=""0310011""","Grade","06",11,"*",11,"*","N/A","N/A"
"Cornwall School District","=""0310011""","Grade","07","*","*","*","*","N/A","N/A"
"Cornwall School District","=""0310011""","Grade","08",9,"*",9,"*","*","*"
"Cornwall School District","=""0310011""","High Needs (F/R, EL or SWD)","High Needs",15,"*",15,"*","*","*"
"Cornwall School District","=""0310011""","High Needs (F/R, EL or SWD)","Not High Needs",39,83.7,39,75.3,"*","*"
"Cornwall School District","=""0310011""","Free/Reduced Price Meal Eligibility (2-level)","Eligible For Free Or Reduced Price Meals",9,"*",9,"*","*","*"
"Cornwall School District","=""0310011""","Free/Reduced Price Meal Eligibility (2-level)","Not Eligible For Free Or Reduced Price Meals",45,80.6,45,73.0,"*","*"
"Cornwall School District","=""0310011""","Race/Ethnicity","Asian","*","*","*","*","N/A","N/A"
"Cornwall School District","=""0310011""","Race/Ethnicity","Hispanic or Latino",7,"*",7,"*","*","*"
"Cornwall School District","=""0310011""","Race/Ethnicity","Two or More Races","*","*","*","*","*","*"
"Cornwall School District","=""0310011""","Race/Ethnicity","White",41,82.0,41,73.0,9,"*"
"Cornwall School District","=""0310011""","Special Education Status (SWD)","Students with Disabilities",8,"*",8,"*","*","*"
"Cornwall School District","=""0310011""","Special Education Status (SWD)","Students without Disabilities",46,81.2,46,72.3,"*","*"
"Coventry School District","=""0320011""","All Students","District",868,75.5,862,69.9,355,66.1
"Coventry School District","=""0320011""","English Language Learners (EL)","English Learners","*","*","*","*","N/A","N/A"
"Coventry School District","=""0320011""","English Language Learners (EL)","Not English Learners","*","*","*","*",355,66.1
"Coventry School District","=""0320011""","Gender","Female",436,78.5,433,70.5,190,66.1
"Coventry School District","=""0320011""","Gender","Male",432,72.5,429,69.4,165,66.0
"Coventry School District","=""0320011""","Grade","03",135,76.2,135,70.0,"N/A","N/A"
"Coventry School District","=""0320011""","Grade","04",124,78.6,124,76.4,"N/A","N/A"
"Coventry School District","=""0320011""","Grade","05",124,78.6,123,75.4,124,69.2
"Coventry School District","=""0320011""","Grade","06",118,76.9,116,66.6,"N/A","N/A"
"Coventry School District","=""0320011""","Grade","07",123,75.9,120,66.7,"N/A","N/A"
"Coventry School District","=""0320011""","Grade","08",128,77.4,128,73.0,130,65.4
"Coventry School District","=""0320011""","Grade","10","N/A","N/A","N/A","N/A",101,63.2
"Coventry School District","=""0320011""","Grade","11",116,64.4,116,60.5,"N/A","N/A"
"Coventry School District","=""0320011""","High Needs (F/R, EL or SWD)","High Needs",232,63.4,229,57.2,95,55.9
"Coventry School District","=""0320011""","High Needs (F/R, EL or SWD)","Not High Needs",636,80.0,633,74.5,260,69.8
"Coventry School District","=""0320011""","Free/Reduced Price Meal Eligibility (2-level)","Eligible For Free Or Reduced Price Meals",157,67.7,154,61.9,68,60.4
"Coventry School District","=""0320011""","Free/Reduced Price Meal Eligibility (2-level)","Not Eligible For Free Or Reduced Price Meals",711,77.3,708,71.7,287,67.4
"Coventry School District","=""0320011""","Race/Ethnicity","American Indian or Alaska Native","*","*","*","*","N/A","N/A"
"Coventry School District","=""0320011""","Race/Ethnicity","Asian",9,"*",9,"*","*","*"
"Coventry School District","=""0320011""","Race/Ethnicity","Black or African American","*","*","*","*","*","*"
"Coventry School District","=""0320011""","Race/Ethnicity","Hispanic or Latino",49,69.5,49,63.7,19,"*"
"Coventry School District","=""0320011""","Race/Ethnicity","Two or More Races",25,72.2,25,67.0,11,"*"
"Coventry School District","=""0320011""","Race/Ethnicity","White",776,75.9,770,70.3,315,66.4
"Coventry School District","=""0320011""","Special Education Status (SWD)","Students with Disabilities",119,54.0,119,48.5,40,43.8
"Coventry School District","=""0320011""","Special Education Status (SWD)","Students without Disabilities",749,79.0,743,73.4,315,68.9
"Cromwell School District","=""0330011""","All Students","District",1064,69.7,1060,64.7,432,58.1
"Cromwell School District","=""0330011""","English Language Learners (EL)","English Learners",44,63.0,44,60.6,18,"*"
"Cromwell School District","=""0330011""","English Language Learners (EL)","Not English Learners",1020,70.0,1016,64.8,414,58.4
"Cromwell School District","=""0330011""","Gender","Female",509,72.4,505,63.8,196,57.4
"Cromwell School District","=""0330011""","Gender","Male",555,67.3,555,65.4,236,58.8
"Cromwell School District","=""0330011""","Grade","03",136,68.0,136,60.7,"N/A","N/A"
"Cromwell School District","=""0330011""","Grade","04",148,71.4,148,67.0,"N/A","N/A"
"Cromwell School District","=""0330011""","Grade","05",150,68.8,150,65.2,151,54.1
"Cromwell School District","=""0330011""","Grade","06",183,70.9,183,62.9,"N/A","N/A"
"Cromwell School District","=""0330011""","Grade","07",145,74.2,143,68.8,"N/A","N/A"
"Cromwell School District","=""0330011""","Grade","08",151,71.5,149,68.2,150,62.7
"Cromwell School District","=""0330011""","Grade","10","N/A","N/A","N/A","N/A",131,57.5
"Cromwell School District","=""0330011""","Grade","11",151,63.2,151,60.1,"N/A","N/A"
"Cromwell School District","=""0330011""","High Needs (F/R, EL or SWD)","High Needs",299,57.4,295,52.1,132,50.4
"Cromwell School District","=""0330011""","High Needs (F/R, EL or SWD)","Not High Needs",765,74.5,765,69.5,300,61.6
"Cromwell School District","=""0330011""","Free/Reduced Price Meal Eligibility (2-level)","Eligible For Free Or Reduced Price Meals",198,59.8,195,53.9,90,51.7
"Cromwell School District","=""0330011""","Free/Reduced Price Meal Eligibility (2-level)","Not Eligible For Free Or Reduced Price Meals",866,72.0,865,67.1,342,59.8
"Cromwell School District","=""0330011""","Race/Ethnicity","American Indian or Alaska Native","*","*","*","*","*","*"
"Cromwell School District","=""0330011""","Race/Ethnicity","Asian",75,72.2,75,70.3,29,61.0
"Cromwell School District","=""0330011""","Race/Ethnicity","Black or African American",95,59.2,95,54.9,42,49.4
"Cromwell School District","=""0330011""","Race/Ethnicity","Hispanic or Latino",79,60.1,77,55.0,42,53.1
"Cromwell School District","=""0330011""","Race/Ethnicity","Native Hawaiian or Other Pacific Islander","*","*","*","*","N/A","N/A"
"Cromwell School District","=""0330011""","Race/Ethnicity","Two or More Races",15,"*",15,"*","*","*"
"Cromwell School District","=""0330011""","Race/Ethnicity","White",796,71.8,794,66.5,311,59.9
"Cromwell School District","=""0330011""","Special Education Status (SWD)","Students with Disabilities",121,47.4,120,43.2,54,45.0
"Cromwell School District","=""0330011""","Special Education Status (SWD)","Students without Disabilities",943,72.6,940,67.4,378,60.0
"Danbury School District","=""0340011""","All Students","District",5629,63.6,5617,58.6,2315,48.2
"Danbury School District","=""0340011""","English Language Learners (EL)","English Learners",1886,58.4,1884,55.0,636,41.0
"Danbury School District","=""0340011""","English Language Learners (EL)","Not English Learners",3743,66.3,3733,60.4,1679,50.8
"Danbury School District","=""0340011""","Gender","Female",2790,65.9,2784,58.5,1147,48.0
"Danbury School District","=""0340011""","Gender","Male",2839,61.4,2833,58.7,1168,48.3
"Danbury School District","=""0340011""","Grade","03",873,65.0,872,62.0,"N/A","N/A"
"Danbury School District","=""0340011""","Grade","04",883,68.8,881,66.5,"N/A","N/A"
"Danbury School District","=""0340011""","Grade","05",796,66.7,794,65.0,798,50.8
"Danbury School District","=""0340011""","Grade","06",811,65.6,806,58.3,"N/A","N/A"
"Danbury School District","=""0340011""","Grade","07",792,61.8,791,52.9,"N/A","N/A"
"Danbury School District","=""0340011""","Grade","08",849,59.9,848,53.0,855,49.8
"Danbury School District","=""0340011""","Grade","10","N/A","N/A","N/A","N/A",662,42.8
"Danbury School District","=""0340011""","Grade","11",625,55.5,625,49.5,"N/A","N/A"
"Danbury School District","=""0340011""","High Needs (F/R, EL or SWD)","High Needs",3650,58.9,3641,54.3,1409,43.5
"Danbury School District","=""0340011""","High Needs (F/R, EL or SWD)","Not High Needs",1979,72.4,1976,66.4,906,55.4
"Danbury School District","=""0340011""","Free/Reduced Price Meal Eligibility (2-level)","Eligible For Free Or Reduced Price Meals",3021,59.5,3015,54.9,1149,44.4
"Danbury School District","=""0340011""","Free/Reduced Price Meal Eligibility (2-level)","Not Eligible For Free Or Reduced Price Meals",2608,68.4,2602,62.9,1166,51.9
"Danbury School District","=""0340011""","Race/Ethnicity","American Indian or Alaska Native","*","*","*","*","*","*"
"Danbury School District","=""0340011""","Race/Ethnicity","Asian",381,71.9,381,69.0,170,54.1
"Danbury School District","=""0340011""","Race/Ethnicity","Black or African American",394,59.4,393,52.9,176,43.3
"Danbury School District","=""0340011""","Race/Ethnicity","Hispanic or Latino",2684,59.3,2681,54.7,1027,43.6
"Danbury School District","=""0340011""","Race/Ethnicity","Native Hawaiian or Other Pacific Islander","*","*","*","*","*","*"
"Danbury School District","=""0340011""","Race/Ethnicity","Two or More Races",155,66.2,154,61.7,67,52.0
"Danbury School District","=""0340011""","Race/Ethnicity","White",2004,68.5,1997,62.7,869,52.9
"Danbury School District","=""0340011""","Special Education Status (SWD)","Students with Disabilities",710,43.9,705,39.0,287,35.5
"Danbury School District","=""0340011""","Special Education Status (SWD)","Students without Disabilities",4919,66.5,4912,61.4,2028,49.9
"Darien School District","=""0350011""","All Students","District",2544,83.3,2542,80.9,1047,67.0
"Darien School District","=""0350011""","English Language Learners (EL)","English Learners",18,"*",18,"*",8,"*"
"Darien School District","=""0350011""","English Language Learners (EL)","Not English Learners",2526,83.4,2524,81.0,1039,67.2
"Darien School District","=""0350011""","Gender","Female",1238,85.9,1236,80.6,513,67.0
"Darien School District","=""0350011""","Gender","Male",1306,80.9,1306,81.2,534,67.0
"Darien School District","=""0350011""","Grade","03",387,81.0,387,77.6,"N/A","N/A"
"Darien School District","=""0350011""","Grade","04",367,85.1,366,79.4,"N/A","N/A"
"Darien School District","=""0350011""","Grade","05",354,85.0,354,81.1,356,65.8
"Darien School District","=""0350011""","Grade","06",352,86.1,352,85.2,"N/A","N/A"
"Darien School District","=""0350011""","Grade","07",395,84.5,394,81.5,"N/A","N/A"
"Darien School District","=""0350011""","Grade","08",362,83.1,362,82.8,363,68.9
"Darien School District","=""0350011""","Grade","10","N/A","N/A","N/A","N/A",328,66.2
"Darien School District","=""0350011""","Grade","11",327,78.1,327,79.0,"N/A","N/A"
"Darien School District","=""0350011""","High Needs (F/R, EL or SWD)","High Needs",388,66.8,388,62.8,181,55.1
"Darien School District","=""0350011""","High Needs (F/R, EL or SWD)","Not High Needs",2156,86.3,2154,84.2,866,69.5
"Darien School District","=""0350011""","Free/Reduced Price Meal Eligibility (2-level)","Eligible For Free Or Reduced Price Meals",53,63.6,53,59.7,19,"*"
"Darien School District","=""0350011""","Free/Reduced Price Meal Eligibility (2-level)","Not Eligible For Free Or Reduced Price Meals",2491,83.8,2489,81.4,1028,67.3
"Darien School District","=""0350011""","Race/Ethnicity","American Indian or Alaska Native",6,"*",6,"*","*","*"
"Darien School District","=""0350011""","Race/Ethnicity","Asian",113,91.8,113,93.6,50,79.3
"Darien School District","=""0350011""","Race/Ethnicity","Black or African American",17,"*",17,"*","*","*"
"Darien School District","=""0350011""","Race/Ethnicity","Hispanic or Latino",111,75.5,111,72.2,51,61.4
"Darien School District","=""0350011""","Race/Ethnicity","Two or More Races",47,86.1,47,85.7,11,"*"
"Darien School District","=""0350011""","Race/Ethnicity","White",2250,83.4,2248,80.8,928,66.7
"Darien School District","=""0350011""","Special Education Status (SWD)","Students with Disabilities",342,66.3,342,61.4,167,54.6
"Darien School District","=""0350011""","Special Education Status (SWD)","Students without Disabilities",2202,86.0,2200,83.9,880,69.4
"Deep River School District","=""0360011""","All Students","District",174,77.4,174,72.0,53,62.5
"Deep River School District","=""0360011""","English Language Learners (EL)","English Learners",11,"*",11,"*","*","*"
"Deep River School District","=""0360011""","English Language Learners (EL)","Not English Learners",163,78.0,163,72.6,"*","*"
"Deep River School District","=""0360011""","Gender","Female",87,82.2,87,72.5,29,63.5
"Deep River School District","=""0360011""","Gender","Male",87,72.7,87,71.4,24,61.3
"Deep River School District","=""0360011""","Grade","03",30,80.2,30,70.3,"N/A","N/A"
"Deep River School District","=""0360011""","Grade","04",45,75.6,45,71.9,"N/A","N/A"
"Deep River School District","=""0360011""","Grade","05",53,74.9,53,71.0,53,62.5
"Deep River School District","=""0360011""","Grade","06",46,80.3,46,74.3,"N/A","N/A"
"Deep River School District","=""0360011""","High Needs (F/R, EL or SWD)","High Needs",59,67.3,59,63.4,19,"*"
"Deep River School District","=""0360011""","High Needs (F/R, EL or SWD)","Not High Needs",115,82.6,115,76.4,34,65.3
"Deep River School District","=""0360011""","Free/Reduced Price Meal Eligibility (2-level)","Eligible For Free Or Reduced Price Meals",39,71.9,39,68.8,13,"*"
"Deep River School District","=""0360011""","Free/Reduced Price Meal Eligibility (2-level)","Not Eligible For Free Or Reduced Price Meals",135,79.0,135,72.9,40,63.1
"Deep River School District","=""0360011""","Race/Ethnicity","Black or African American","*","*","*","*","*","*"
"Deep River School District","=""0360011""","Race/Ethnicity","Hispanic or Latino",17,"*",17,"*","*","*"
"Deep River School District","=""0360011""","Race/Ethnicity","Two or More Races","*","*","*","*","*","*"
"Deep River School District","=""0360011""","Race/Ethnicity","White",151,79.1,151,73.0,47,63.3
"Deep River School District","=""0360011""","Special Education Status (SWD)","Students with Disabilities",25,57.3,25,54.6,9,"*"
"Deep River School District","=""0360011""","Special Education Status (SWD)","Students without Disabilities",149,80.8,149,74.9,44,64.9
"Derby School District","=""0370011""","All Students","District",737,59.1,736,51.9,296,45.9
"Derby School District","=""0370011""","English Language Learners (EL)","English Learners",61,53.1,61,46.4,27,38.2
"Derby School District","=""0370011""","English Language Learners (EL)","Not English Learners",676,59.6,675,52.4,269,46.7
"Derby School District","=""0370011""","Gender","Female",350,62.4,350,52.7,132,46.4
"Derby School District","=""0370011""","Gender","Male",387,56.0,386,51.2,164,45.5
"Derby School District","=""0370011""","Grade","03",110,68.6,110,57.8,"N/A","N/A"
"Derby School District","=""0370011""","Grade","04",116,66.4,116,56.5,"N/A","N/A"
"Derby School District","=""0370011""","Grade","05",120,58.2,120,56.5,120,48.8
"Derby School District","=""0370011""","Grade","06",96,56.1,95,48.7,"N/A","N/A"
"Derby School District","=""0370011""","Grade","07",117,57.1,117,50.6,"N/A","N/A"
"Derby School District","=""0370011""","Grade","08",101,50.0,101,40.6,103,45.3
"Derby School District","=""0370011""","Grade","10","N/A","N/A","N/A","N/A",73,42.0
"Derby School District","=""0370011""","Grade","11",77,54.1,77,50.1,"N/A","N/A"
"Derby School District","=""0370011""","High Needs (F/R, EL or SWD)","High Needs",485,55.0,484,47.4,207,42.8
"Derby School District","=""0370011""","High Needs (F/R, EL or SWD)","Not High Needs",252,66.9,252,60.5,89,53.2
"Derby School District","=""0370011""","Free/Reduced Price Meal Eligibility (2-level)","Eligible For Free Or Reduced Price Meals",444,55.6,444,47.7,189,43.3
"Derby School District","=""0370011""","Free/Reduced Price Meal Eligibility (2-level)","Not Eligible For Free Or Reduced Price Meals",293,64.2,292,58.3,107,50.5
"Derby School District","=""0370011""","Race/Ethnicity","American Indian or Alaska Native","N/A","N/A","N/A","N/A","N/A","N/A"
"Derby School District","=""0370011""","Race/Ethnicity","Asian","*","*","*","*","*","*"
"Derby School District","=""0370011""","Race/Ethnicity","Black or African American",105,50.8,104,43.8,42,38.9
"Derby School District","=""0370011""","Race/Ethnicity","Hispanic or Latino",196,53.8,196,46.2,91,43.0
"Derby School District","=""0370011""","Race/Ethnicity","Native Hawaiian or Other Pacific Islander","*","*","*","*","N/A","N/A"
"Derby School District","=""0370011""","Race/Ethnicity","Two or More Races",35,63.2,35,48.8,"*","*"
"Derby School District","=""0370011""","Race/Ethnicity","White",379,62.8,379,56.5,147,49.4
"Derby School District","=""0370011""","Special Education Status (SWD)","Students with Disabilities",115,41.0,114,35.3,50,32.2
"Derby School District","=""0370011""","Special Education Status (SWD)","Students without Disabilities",622,62.4,622,54.9,246,48.7
"Eastford School District","=""0390011""","All Students","District",88,74.0,88,66.7,24,57.9
"Eastford School District","=""0390011""","English Language Learners (EL)","Not English Learners",88,74.0,88,66.7,24,57.9
"Eastford School District","=""0390011""","Gender","Female",42,73.2,42,61.7,9,"*"
"Eastford School District","=""0390011""","Gender","Male",46,74.7,46,71.4,15,"*"
"Eastford School District","=""0390011""","Grade","03",13,"*",13,"*","N/A","N/A"
"Eastford School District","=""0390011""","Grade","04",16,"*",16,"*","N/A","N/A"
"Eastford School District","=""0390011""","Grade","05",12,"*",12,"*",12,"*"
"Eastford School District","=""0390011""","Grade","06",20,75.6,20,63.2,"N/A","N/A"
"Eastford School District","=""0390011""","Grade","07",15,"*",15,"*","N/A","N/A"
"Eastford School District","=""0390011""","Grade","08",12,"*",12,"*",12,"*"
"Eastford School District","=""0390011""","High Needs (F/R, EL or SWD)","High Needs",33,66.5,33,58.3,10,"*"
"Eastford School District","=""0390011""","High Needs (F/R, EL or SWD)","Not High Needs",55,78.5,55,71.8,14,"*"
"Eastford School District","=""0390011""","Free/Reduced Price Meal Eligibility (2-level)","Eligible For Free Or Reduced Price Meals",15,"*",15,"*",6,"*"
"Eastford School District","=""0390011""","Free/Reduced Price Meal Eligibility (2-level)","Not Eligible For Free Or Reduced Price Meals",73,74.2,73,66.8,18,"*"
"Eastford School District","=""0390011""","Race/Ethnicity","Asian","*","*","*","*","*","*"
"Eastford School District","=""0390011""","Race/Ethnicity","Black or African American","*","*","*","*","*","*"
"Eastford School District","=""0390011""","Race/Ethnicity","Hispanic or Latino",6,"*",6,"*","*","*"
"Eastford School District","=""0390011""","Race/Ethnicity","Two or More Races","*","*","*","*","*","*"
"Eastford School District","=""0390011""","Race/Ethnicity","White",77,75.0,77,67.6,20,58.8
"Eastford School District","=""0390011""","Special Education Status (SWD)","Students with Disabilities",21,59.3,21,50.9,6,"*"
"Eastford School District","=""0390011""","Special Education Status (SWD)","Students without Disabilities",67,78.6,67,71.7,18,"*"
"East Granby School District","=""0400011""","All Students","District",462,74.8,458,71.8,203,63.5
"East Granby School District","=""0400011""","English Language Learners (EL)","English Learners",18,"*",18,"*","*","*"
"East Granby School District","=""0400011""","English Language Learners (EL)","Not English Learners",444,74.6,440,71.4,"*","*"
"East Granby School District","=""0400011""","Gender","Female",223,77.3,223,71.6,101,62.4
"East Granby School District","=""0400011""","Gender","Male",239,72.5,235,72.0,102,64.7
"East Granby School District","=""0400011""","Grade","03",72,75.2,72,75.7,"N/A","N/A"
"East Granby School District","=""0400011""","Grade","04",68,80.1,68,76.0,"N/A","N/A"
"East Granby School District","=""0400011""","Grade","05",52,77.4,52,77.3,51,62.6
"East Granby School District","=""0400011""","Grade","06",71,74.6,72,70.7,"N/A","N/A"
"East Granby School District","=""0400011""","Grade","07",65,73.9,62,71.5,"N/A","N/A"
"East Granby School District","=""0400011""","Grade","08",78,74.4,76,67.9,78,63.6
"East Granby School District","=""0400011""","Grade","10","N/A","N/A","N/A","N/A",74,64.1
"East Granby School District","=""0400011""","Grade","11",56,67.6,56,63.7,"N/A","N/A"
"East Granby School District","=""0400011""","High Needs (F/R, EL or SWD)","High Needs",116,63.8,112,60.7,50,52.1
"East Granby School District","=""0400011""","High Needs (F/R, EL or SWD)","Not High Needs",346,78.5,346,75.4,153,67.3
"East Granby School District","=""0400011""","Free/Reduced Price Meal Eligibility (2-level)","Eligible For Free Or Reduced Price Meals",57,62.4,54,57.6,26,51.1
"East Granby School District","=""0400011""","Free/Reduced Price Meal Eligibility (2-level)","Not Eligible For Free Or Reduced Price Meals",405,76.6,404,73.7,177,65.4
"East Granby School District","=""0400011""","Race/Ethnicity","American Indian or Alaska Native","N/A","N/A","N/A","N/A","*","*"
"East Granby School District","=""0400011""","Race/Ethnicity","Asian",30,84.6,30,86.0,9,"*"
"East Granby School District","=""0400011""","Race/Ethnicity","Black or African American",44,60.9,43,59.4,16,"*"
"East Granby School District","=""0400011""","Race/Ethnicity","Hispanic or Latino",26,62.6,26,60.5,11,"*"
"East Granby School District","=""0400011""","Race/Ethnicity","Two or More Races",14,"*",13,"*","*","*"
"East Granby School District","=""0400011""","Race/Ethnicity","White",348,76.9,346,73.1,161,65.5
"East Granby School District","=""0400011""","Special Education Status (SWD)","Students with Disabilities",59,56.4,58,53.1,29,52.0
"East Granby School District","=""0400011""","Special Education Status (SWD)","Students without Disabilities",403,77.5,400,74.5,174,65.5
"East Haddam School District","=""0410011""","All Students","District",538,73.5,538,66.2,243,61.7
"East Haddam School District","=""0410011""","English Language Learners (EL)","English Learners","*","*","*","*","*","*"
"East Haddam School District","=""0410011""","English Language Learners (EL)","Not English Learners","*","*","*","*","*","*"
"East Haddam School District","=""0410011""","Gender","Female",250,76.1,250,66.0,111,60.5
"East Haddam School District","=""0410011""","Gender","Male",288,71.3,288,66.3,132,62.8
"East Haddam School District","=""0410011""","Grade","03",76,75.1,76,71.7,"N/A","N/A"
"East Haddam School District","=""0410011""","Grade","04",69,76.6,69,71.2,"N/A","N/A"
"East Haddam School District","=""0410011""","Grade","05",71,73.0,71,67.5,72,59.8
"East Haddam School District","=""0410011""","Grade","06",69,80.4,69,70.4,"N/A","N/A"
"East Haddam School District","=""0410011""","Grade","07",77,75.4,77,68.5,"N/A","N/A"
"East Haddam School District","=""0410011""","Grade","08",97,75.1,97,65.3,102,63.1
"East Haddam School District","=""0410011""","Grade","10","N/A","N/A","N/A","N/A",69,61.7
"East Haddam School District","=""0410011""","Grade","11",79,59.8,79,50.2,"N/A","N/A"
"East Haddam School District","=""0410011""","High Needs (F/R, EL or SWD)","High Needs",141,62.4,141,56.3,66,52.3
"East Haddam School District","=""0410011""","High Needs (F/R, EL or SWD)","Not High Needs",397,77.4,397,69.7,177,65.2
"East Haddam School District","=""0410011""","Free/Reduced Price Meal Eligibility (2-level)","Eligible For Free Or Reduced Price Meals",88,65.6,88,59.8,36,56.3
"East Haddam School District","=""0410011""","Free/Reduced Price Meal Eligibility (2-level)","Not Eligible For Free Or Reduced Price Meals",450,75.1,450,67.4,207,62.7
"East Haddam School District","=""0410011""","Race/Ethnicity","American Indian or Alaska Native","*","*","*","*","N/A","N/A"
"East Haddam School District","=""0410011""","Race/Ethnicity","Asian",8,"*",8,"*","*","*"
"East Haddam School District","=""0410011""","Race/Ethnicity","Black or African American",7,"*",7,"*","*","*"
"East Haddam School District","=""0410011""","Race/Ethnicity","Hispanic or Latino",11,"*",11,"*","*","*"
"East Haddam School District","=""0410011""","Race/Ethnicity","Two or More Races","*","*","*","*","N/A","N/A"
"East Haddam School District","=""0410011""","Race/Ethnicity","White",507,73.6,507,66.1,236,61.9
"East Haddam School District","=""0410011""","Special Education Status (SWD)","Students with Disabilities",73,55.6,73,49.3,37,47.0
"East Haddam School District","=""0410011""","Special Education Status (SWD)","Students without Disabilities",465,76.3,465,68.8,206,64.4
"East Hampton School District","=""0420011""","All Students","District",970,71.7,970,64.9,418,61.5
"East Hampton School District","=""0420011""","English Language Learners (EL)","English Learners",17,"*",17,"*","*","*"
"East Hampton School District","=""0420011""","English Language Learners (EL)","Not English Learners",953,71.7,953,64.8,"*","*"
"East Hampton School District","=""0420011""","Gender","Female",469,74.0,469,64.8,200,62.0
"East Hampton School District","=""0420011""","Gender","Male",501,69.4,501,64.9,218,61.0
"East Hampton School District","=""0420011""","Grade","03",150,77.4,150,69.2,"N/A","N/A"
"East Hampton School District","=""0420011""","Grade","04",162,71.1,162,68.2,"N/A","N/A"
"East Hampton School District","=""0420011""","Grade","05",153,76.9,153,70.7,157,61.8
"East Hampton School District","=""0420011""","Grade","06",128,71.6,128,65.8,"N/A","N/A"
"East Hampton School District","=""0420011""","Grade","07",140,70.8,140,61.5,"N/A","N/A"
"East Hampton School District","=""0420011""","Grade","08",130,66.5,130,57.2,136,60.1
"East Hampton School District","=""0420011""","Grade","10","N/A","N/A","N/A","N/A",125,62.5
"East Hampton School District","=""0420011""","Grade","11",107,64.3,107,57.9,"N/A","N/A"
"East Hampton School District","=""0420011""","High Needs (F/R, EL or SWD)","High Needs",208,59.5,208,52.6,72,52.5
"East Hampton School District","=""0420011""","High Needs (F/R, EL or SWD)","Not High Needs",762,75.0,762,68.2,346,63.3
"East Hampton School District","=""0420011""","Free/Reduced Price Meal Eligibility (2-level)","Eligible For Free Or Reduced Price Meals",132,60.6,132,54.5,47,54.6
"East Hampton School District","=""0420011""","Free/Reduced Price Meal Eligibility (2-level)","Not Eligible For Free Or Reduced Price Meals",838,73.4,838,66.5,371,62.3
"East Hampton School District","=""0420011""","Race/Ethnicity","American Indian or Alaska Native","N/A","N/A","N/A","N/A","*","*"
"East Hampton School District","=""0420011""","Race/Ethnicity","Asian",10,"*",10,"*",8,"*"
"East Hampton School District","=""0420011""","Race/Ethnicity","Black or African American","*","*","*","*","*","*"
"East Hampton School District","=""0420011""","Race/Ethnicity","Hispanic or Latino",47,64.1,47,55.3,17,"*"
"East Hampton School District","=""0420011""","Race/Ethnicity","Native Hawaiian or Other Pacific Islander","*","*","*","*","*","*"
"East Hampton School District","=""0420011""","Race/Ethnicity","Two or More Races",24,70.8,24,65.4,"*","*"
"East Hampton School District","=""0420011""","Race/Ethnicity","White",880,72.2,880,65.5,385,62.0
"East Hampton School District","=""0420011""","Special Education Status (SWD)","Students with Disabilities",86,51.9,86,44.0,30,44.0
"East Hampton School District","=""0420011""","Special Education Status (SWD)","Students without Disabilities",884,73.6,884,66.9,388,62.8
"East Hartford School District","=""0430011""","All Students","District",3308,55.8,3243,48.1,1478,44.8
"East Hartford School District","=""0430011""","English Language Learners (EL)","English Learners",531,48.9,521,42.9,222,38.8
"East Hartford School District","=""0430011""","English Language Learners (EL)","Not English Learners",2777,57.1,2722,49.1,1256,45.9
"East Hartford School District","=""0430011""","Gender","Female",1583,59.9,1552,50.2,656,46.4
"East Hartford School District","=""0430011""","Gender","Male",1725,52.0,1691,46.1,822,43.5
"East Hartford School District","=""0430011""","Grade","03",541,57.6,535,49.6,"N/A","N/A"
"East Hartford School District","=""0430011""","Grade","04",510,61.1,507,53.9,"N/A","N/A"
"East Hartford School District","=""0430011""","Grade","05",501,57.0,494,52.8,504,43.9
"East Hartford School District","=""0430011""","Grade","06",446,59.4,429,45.1,"N/A","N/A"
"East Hartford School District","=""0430011""","Grade","07",414,53.1,386,48.1,"N/A","N/A"
"East Hartford School District","=""0430011""","Grade","08",460,51.4,456,39.1,469,42.2
"East Hartford School District","=""0430011""","Grade","10","N/A","N/A","N/A","N/A",505,48.1
"East Hartford School District","=""0430011""","Grade","11",436,49.3,436,46.5,"N/A","N/A"
"East Hartford School District","=""0430011""","High Needs (F/R, EL or SWD)","High Needs",2173,51.3,2130,44.3,960,40.8
"East Hartford School District","=""0430011""","High Needs (F/R, EL or SWD)","Not High Needs",1135,64.2,1113,55.3,518,52.3
"East Hartford School District","=""0430011""","Free/Reduced Price Meal Eligibility (2-level)","Eligible For Free Or Reduced Price Meals",1786,52.7,1748,45.5,792,41.5
"East Hartford School District","=""0430011""","Free/Reduced Price Meal Eligibility (2-level)","Not Eligible For Free Or Reduced Price Meals",1522,59.4,1495,51.1,686,48.6
"East Hartford School District","=""0430011""","Race/Ethnicity","American Indian or Alaska Native","*","*","*","*","*","*"
"East Hartford School District","=""0430011""","Race/Ethnicity","Asian",159,68.9,159,63.9,86,55.9
"East Hartford School District","=""0430011""","Race/Ethnicity","Black or African American",1109,54.4,1099,46.1,511,42.9
"East Hartford School District","=""0430011""","Race/Ethnicity","Hispanic or Latino",1481,52.8,1441,45.7,647,42.2
"East Hartford School District","=""0430011""","Race/Ethnicity","Native Hawaiian or Other Pacific Islander","*","*","*","*","N/A","N/A"
"East Hartford School District","=""0430011""","Race/Ethnicity","Two or More Races",18,"*",16,"*","*","*"
"East Hartford School District","=""0430011""","Race/Ethnicity","White",530,62.7,516,54.5,217,53.0
"East Hartford School District","=""0430011""","Special Education Status (SWD)","Students with Disabilities",637,38.3,614,32.0,290,30.6
"East Hartford School District","=""0430011""","Special Education Status (SWD)","Students without Disabilities",2671,59.9,2629,51.8,1188,48.3
"East Haven School District","=""0440011""","All Students","District",1446,62.2,1446,56.1,647,51.3
"East Haven School District","=""0440011""","English Language Learners (EL)","English Learners",184,54.7,184,50.8,84,42.7
"East Haven School District","=""0440011""","English Language Learners (EL)","Not English Learners",1262,63.3,1262,56.8,563,52.6
"East Haven School District","=""0440011""","Gender","Female",739,64.4,740,55.9,320,52.6
"East Haven School District","=""0440011""","Gender","Male",707,60.0,706,56.3,327,50.0
"East Haven School District","=""0440011""","Grade","03",181,66.8,181,62.2,"N/A","N/A"
"East Haven School District","=""0440011""","Grade","04",188,68.4,188,64.7,"N/A","N/A"
"East Haven School District","=""0440011""","Grade","05",204,63.1,204,58.8,203,52.6
"East Haven School District","=""0440011""","Grade","06",199,64.7,199,56.7,"N/A","N/A"
"East Haven School District","=""0440011""","Grade","07",212,61.9,213,55.4,"N/A","N/A"
"East Haven School District","=""0440011""","Grade","08",252,59.5,251,49.4,250,50.0
"East Haven School District","=""0440011""","Grade","10","N/A","N/A","N/A","N/A",194,51.6
"East Haven School District","=""0440011""","Grade","11",210,53.2,210,48.5,"N/A","N/A"
"East Haven School District","=""0440011""","High Needs (F/R, EL or SWD)","High Needs",825,57.6,825,51.1,371,47.3
"East Haven School District","=""0440011""","High Needs (F/R, EL or SWD)","Not High Needs",621,68.4,621,62.6,276,56.6
"East Haven School District","=""0440011""","Free/Reduced Price Meal Eligibility (2-level)","Eligible For Free Or Reduced Price Meals",715,59.0,715,52.1,325,48.0
"East Haven School District","=""0440011""","Free/Reduced Price Meal Eligibility (2-level)","Not Eligible For Free Or Reduced Price Meals",731,65.5,731,60.0,322,54.6
"East Haven School District","=""0440011""","Race/Ethnicity","American Indian or Alaska Native","*","*","*","*","*","*"
"East Haven School District","=""0440011""","Race/Ethnicity","Asian",57,65.1,57,61.8,31,52.9
"East Haven School District","=""0440011""","Race/Ethnicity","Black or African American",57,61.2,57,48.4,25,44.4
"East Haven School District","=""0440011""","Race/Ethnicity","Hispanic or Latino",336,59.2,337,52.6,167,48.0
"East Haven School District","=""0440011""","Race/Ethnicity","Native Hawaiian or Other Pacific Islander","*","*","*","*","N/A","N/A"
"East Haven School District","=""0440011""","Race/Ethnicity","Two or More Races",26,72.0,26,70.6,"*","*"
"East Haven School District","=""0440011""","Race/Ethnicity","White",964,63.0,963,57.0,417,52.6
"East Haven School District","=""0440011""","Special Education Status (SWD)","Students with Disabilities",180,43.4,180,38.3,85,38.1
"East Haven School District","=""0440011""","Special Education Status (SWD)","Students without Disabilities",1266,64.9,1266,58.6,562,53.3
"East Lyme School District","=""0450011""","All Students","District",1449,75.8,1449,71.8,650,64.0
"East Lyme School District","=""0450011""","English Language Learners (EL)","English Learners",50,71.2,50,69.4,16,"*"
"East Lyme School District","=""0450011""","English Language Learners (EL)","Not English Learners",1399,75.9,1399,71.9,634,64.1
"East Lyme School District","=""0450011""","Gender","Female",671,76.9,671,70.8,311,63.2
"East Lyme School District","=""0450011""","Gender","Male",778,74.8,778,72.7,339,64.7
"East Lyme School District","=""0450011""","Grade","03",191,78.2,191,75.1,"N/A","N/A"
"East Lyme School District","=""0450011""","Grade","04",165,80.8,165,77.3,"N/A","N/A"
"East Lyme School District","=""0450011""","Grade","05",192,74.4,192,72.3,191,62.9
"East Lyme School District","=""0450011""","Grade","06",208,79.7,208,72.8,"N/A","N/A"
"East Lyme School District","=""0450011""","Grade","07",205,76.3,205,71.1,"N/A","N/A"
"East Lyme School District","=""0450011""","Grade","08",216,74.7,216,72.3,216,62.9
"East Lyme School District","=""0450011""","Grade","10","N/A","N/A","N/A","N/A",243,65.8
"East Lyme School District","=""0450011""","Grade","11",272,69.3,272,65.2,"N/A","N/A"
"East Lyme School District","=""0450011""","High Needs (F/R, EL or SWD)","High Needs",378,64.1,378,59.8,166,51.4
"East Lyme School District","=""0450011""","High Needs (F/R, EL or SWD)","Not High Needs",1071,79.9,1071,76.0,484,68.3
"East Lyme School District","=""0450011""","Free/Reduced Price Meal Eligibility (2-level)","Eligible For Free Or Reduced Price Meals",207,66.3,207,62.1,86,51.3
"East Lyme School District","=""0450011""","Free/Reduced Price Meal Eligibility (2-level)","Not Eligible For Free Or Reduced Price Meals",1242,77.3,1242,73.4,564,65.9
"East Lyme School District","=""0450011""","Race/Ethnicity","American Indian or Alaska Native","*","*","*","*","*","*"
"East Lyme School District","=""0450011""","Race/Ethnicity","Asian",143,84.8,143,85.4,67,73.0
"East Lyme School District","=""0450011""","Race/Ethnicity","Black or African American",24,62.8,24,60.1,25,60.0
"East Lyme School District","=""0450011""","Race/Ethnicity","Hispanic or Latino",90,70.9,90,63.3,38,51.9
"East Lyme School District","=""0450011""","Race/Ethnicity","Native Hawaiian or Other Pacific Islander","*","*","*","*","*","*"
"East Lyme School District","=""0450011""","Race/Ethnicity","Two or More Races",50,74.8,50,67.8,16,"*"
"East Lyme School District","=""0450011""","Race/Ethnicity","White",1137,75.3,1137,71.2,501,63.9
"East Lyme School District","=""0450011""","Special Education Status (SWD)","Students with Disabilities",192,56.3,192,51.0,92,47.4
"East Lyme School District","=""0450011""","Special Education Status (SWD)","Students without Disabilities",1257,78.7,1257,75.0,558,66.7
"Easton School District","=""0460011""","All Students","District",602,82.6,600,78.1,200,66.1
"Easton School District","=""0460011""","English Language Learners (EL)","English Learners",13,"*",13,"*","*","*"
"Easton School District","=""0460011""","English Language Learners (EL)","Not English Learners",589,82.6,587,78.2,"*","*"
"Easton School District","=""0460011""","Gender","Female",307,84.6,305,78.3,96,66.7
"Easton School District","=""0460011""","Gender","Male",295,80.5,295,77.9,104,65.5
"Easton School District","=""0460011""","Grade","03",91,80.6,91,75.3,"N/A","N/A"
"Easton School District","=""0460011""","Grade","04",98,84.4,97,85.1,"N/A","N/A"
"Easton School District","=""0460011""","Grade","05",102,83.8,102,80.0,102,67.3
"Easton School District","=""0460011""","Grade","06",121,84.5,121,75.4,"N/A","N/A"
"Easton School District","=""0460011""","Grade","07",95,84.1,94,75.0,"N/A","N/A"
"Easton School District","=""0460011""","Grade","08",95,77.4,95,78.3,98,64.8
"Easton School District","=""0460011""","High Needs (F/R, EL or SWD)","High Needs",98,66.6,98,60.7,39,54.2
"Easton School District","=""0460011""","High Needs (F/R, EL or SWD)","Not High Needs",504,85.7,502,81.5,161,68.9
"Easton School District","=""0460011""","Free/Reduced Price Meal Eligibility (2-level)","Eligible For Free Or Reduced Price Meals",21,74.7,21,68.2,8,"*"
"Easton School District","=""0460011""","Free/Reduced Price Meal Eligibility (2-level)","Not Eligible For Free Or Reduced Price Meals",581,82.9,579,78.5,192,66.1
"Easton School District","=""0460011""","Race/Ethnicity","American Indian or Alaska Native","*","*","*","*","N/A","N/A"
"Easton School District","=""0460011""","Race/Ethnicity","Asian",35,88.2,35,88.0,9,"*"
"Easton School District","=""0460011""","Race/Ethnicity","Black or African American","*","*","*","*","*","*"
"Easton School District","=""0460011""","Race/Ethnicity","Hispanic or Latino",37,78.8,37,68.7,13,"*"
"Easton School District","=""0460011""","Race/Ethnicity","Native Hawaiian or Other Pacific Islander","*","*","*","*","N/A","N/A"
"Easton School District","=""0460011""","Race/Ethnicity","Two or More Races",22,92.3,22,84.8,"*","*"
"Easton School District","=""0460011""","Race/Ethnicity","White",501,82.0,499,77.9,171,66.2
"Easton School District","=""0460011""","Special Education Status (SWD)","Students with Disabilities",71,61.8,71,55.6,28,49.1
"Easton School District","=""0460011""","Special Education Status (SWD)","Students without Disabilities",531,85.4,529,81.1,172,68.8
"East Windsor School District","=""0470011""","All Students","District",542,62.3,540,55.2,215,54.3
"East Windsor School District","=""0470011""","English Language Learners (EL)","English Learners",37,56.9,36,49.0,17,"*"
"East Windsor School District","=""0470011""","English Language Learners (EL)","Not English Learners",505,62.7,504,55.7,198,55.3
"East Windsor School District","=""0470011""","Gender","Female",259,64.2,258,54.7,102,52.2
"East Windsor School District","=""0470011""","Gender","Male",283,60.5,282,55.7,113,56.2
"East Windsor School District","=""0470011""","Grade","03",80,62.4,79,54.8,"N/A","N/A"
"East Windsor School District","=""0470011""","Grade","04",80,63.0,80,59.4,"N/A","N/A"
"East Windsor School District","=""0470011""","Grade","05",71,62.7,71,57.5,72,57.8
"East Windsor School District","=""0470011""","Grade","06",77,66.8,77,55.4,"N/A","N/A"
"East Windsor School District","=""0470011""","Grade","07",73,63.7,73,53.4,"N/A","N/A"
"East Windsor School District","=""0470011""","Grade","08",73,60.5,72,53.0,73,54.1
"East Windsor School District","=""0470011""","Grade","10","N/A","N/A","N/A","N/A",70,51.0
"East Windsor School District","=""0470011""","Grade","11",88,57.4,88,53.3,"N/A","N/A"
"East Windsor School District","=""0470011""","High Needs (F/R, EL or SWD)","High Needs",297,56.5,295,49.4,119,48.3
"East Windsor School District","=""0470011""","High Needs (F/R, EL or SWD)","Not High Needs",245,69.3,245,62.2,96,61.9
"East Windsor School District","=""0470011""","Free/Reduced Price Meal Eligibility (2-level)","Eligible For Free Or Reduced Price Meals",247,57.5,245,49.9,97,48.2
"East Windsor School District","=""0470011""","Free/Reduced Price Meal Eligibility (2-level)","Not Eligible For Free Or Reduced Price Meals",295,66.2,295,59.6,118,59.4
"East Windsor School District","=""0470011""","Race/Ethnicity","American Indian or Alaska Native","*","*","*","*","N/A","N/A"
"East Windsor School District","=""0470011""","Race/Ethnicity","Asian","*","*","*","*",6,"*"
"East Windsor School District","=""0470011""","Race/Ethnicity","Black or African American",62,52.7,62,44.7,21,41.8
"East Windsor School District","=""0470011""","Race/Ethnicity","Hispanic or Latino",101,58.4,100,48.5,40,50.3
"East Windsor School District","=""0470011""","Race/Ethnicity","Two or More Races",17,"*",17,"*",7,"*"
"East Windsor School District","=""0470011""","Race/Ethnicity","White",345,64.7,344,58.6,141,57.0
"East Windsor School District","=""0470011""","Special Education Status (SWD)","Students with Disabilities",98,45.6,98,38.8,42,44.9
"East Windsor School District","=""0470011""","Special Education Status (SWD)","Students without Disabilities",444,65.9,442,58.9,173,56.6
"Ellington School District","=""0480011""","All Students","District",1418,73.8,1417,69.7,626,61.3
"Ellington School District","=""0480011""","English Language Learners (EL)","English Learners",50,71.0,50,73.1,14,"*"
"Ellington School District","=""0480011""","English Language Learners (EL)","Not English Learners",1368,73.9,1367,69.5,612,61.3
"Ellington School District","=""0480011""","Gender","Female",706,75.6,705,69.5,307,60.4
"Ellington School District","=""0480011""","Gender","Male",712,72.0,712,69.9,319,62.2
"Ellington School District","=""0480011""","Grade","03",195,72.5,195,68.5,"N/A","N/A"
"Ellington School District","=""0480011""","Grade","04",191,79.5,191,73.0,"N/A","N/A"
"Ellington School District","=""0480011""","Grade","05",210,75.6,210,71.7,213,60.9
"Ellington School District","=""0480011""","Grade","06",218,79.4,217,76.0,"N/A","N/A"
"Ellington School District","=""0480011""","Grade","07",220,73.3,220,69.3,"N/A","N/A"
"Ellington School District","=""0480011""","Grade","08",213,71.7,213,66.8,215,60.9
"Ellington School District","=""0480011""","Grade","10","N/A","N/A","N/A","N/A",198,62.2
"Ellington School District","=""0480011""","Grade","11",171,63.1,171,60.9,"N/A","N/A"
"Ellington School District","=""0480011""","High Needs (F/R, EL or SWD)","High Needs",322,59.6,322,55.5,135,50.9
"Ellington School District","=""0480011""","High Needs (F/R, EL or SWD)","Not High Needs",1096,78.0,1095,73.8,491,64.1
"Ellington School District","=""0480011""","Free/Reduced Price Meal Eligibility (2-level)","Eligible For Free Or Reduced Price Meals",151,61.0,151,55.2,63,52.5
"Ellington School District","=""0480011""","Free/Reduced Price Meal Eligibility (2-level)","Not Eligible For Free Or Reduced Price Meals",1267,75.4,1266,71.4,563,62.3
"Ellington School District","=""0480011""","Race/Ethnicity","American Indian or Alaska Native","*","*","*","*","*","*"
"Ellington School District","=""0480011""","Race/Ethnicity","Asian",119,84.1,119,84.8,59,68.5
"Ellington School District","=""0480011""","Race/Ethnicity","Black or African American",54,60.3,54,51.8,22,49.4
"Ellington School District","=""0480011""","Race/Ethnicity","Hispanic or Latino",68,63.4,68,59.0,24,55.4
"Ellington School District","=""0480011""","Race/Ethnicity","Two or More Races","*","*","*","*","*","*"
"Ellington School District","=""0480011""","Race/Ethnicity","White",1134,74.0,1133,69.8,507,61.3
"Ellington School District","=""0480011""","Special Education Status (SWD)","Students with Disabilities",181,52.6,181,48.6,79,47.0
"Ellington School District","=""0480011""","Special Education Status (SWD)","Students without Disabilities",1237,76.9,1236,72.8,547,63.4
"Enfield School District","=""0490011""","All Students","District",2528,65.5,2530,60.4,1114,57.1
"Enfield School District","=""0490011""","English Language Learners (EL)","English Learners",122,61.3,122,54.3,36,47.5
"Enfield School District","=""0490011""","English Language Learners (EL)","Not English Learners",2406,65.7,2408,60.7,1078,57.4
"Enfield School District","=""0490011""","Gender","Female",1257,67.4,1259,60.2,555,56.9
"Enfield School District","=""0490011""","Gender","Male",1271,63.6,1271,60.7,559,57.3
"Enfield School District","=""0490011""","Grade","03",353,66.3,353,62.5,"N/A","N/A"
"Enfield School District","=""0490011""","Grade","04",374,71.9,375,68.0,"N/A","N/A"
"Enfield School District","=""0490011""","Grade","05",369,68.7,369,64.7,370,58.0
"Enfield School District","=""0490011""","Grade","06",374,66.8,374,61.8,"N/A","N/A"
"Enfield School District","=""0490011""","Grade","07",340,63.4,341,56.8,"N/A","N/A"
"Enfield School District","=""0490011""","Grade","08",380,62.4,380,53.1,378,57.3
"Enfield School District","=""0490011""","Grade","10","N/A","N/A","N/A","N/A",366,56.0
"Enfield School District","=""0490011""","Grade","11",338,58.2,338,55.4,"N/A","N/A"
"Enfield School District","=""0490011""","High Needs (F/R, EL or SWD)","High Needs",1120,59.3,1122,54.5,427,51.2
"Enfield School District","=""0490011""","High Needs (F/R, EL or SWD)","Not High Needs",1408,70.4,1408,65.1,687,60.8
"Enfield School District","=""0490011""","Free/Reduced Price Meal Eligibility (2-level)","Eligible For Free Or Reduced Price Meals",918,61.3,920,56.7,341,52.5
"Enfield School District","=""0490011""","Free/Reduced Price Meal Eligibility (2-level)","Not Eligible For Free Or Reduced Price Meals",1610,67.9,1610,62.6,773,59.1
"Enfield School District","=""0490011""","Race/Ethnicity","American Indian or Alaska Native",14,"*",14,"*","*","*"
"Enfield School District","=""0490011""","Race/Ethnicity","Asian",79,70.7,79,66.1,33,60.3
"Enfield School District","=""0490011""","Race/Ethnicity","Black or African American",126,57.6,126,49.6,51,49.1
"Enfield School District","=""0490011""","Race/Ethnicity","Hispanic or Latino",335,62.6,336,56.9,137,50.9
"Enfield School District","=""0490011""","Race/Ethnicity","Native Hawaiian or Other Pacific Islander",6,"*",6,"*","*","*"
"Enfield School District","=""0490011""","Race/Ethnicity","Two or More Races",128,63.3,128,57.6,59,55.3
"Enfield School District","=""0490011""","Race/Ethnicity","White",1840,66.6,1841,61.8,826,58.7
"Enfield School District","=""0490011""","Special Education Status (SWD)","Students with Disabilities",370,48.5,371,44.5,142,42.8
"Enfield School District","=""0490011""","Special Education Status (SWD)","Students without Disabilities",2158,68.4,2159,63.1,972,59.2
"Essex School District","=""0500011""","All Students","District",201,80.0,201,74.1,55,65.2
"Essex School District","=""0500011""","English Language Learners (EL)","English Learners",7,"*",7,"*","*","*"
"Essex School District","=""0500011""","English Language Learners (EL)","Not English Learners",194,80.7,194,74.7,"*","*"
"Essex School District","=""0500011""","Gender","Female",95,83.1,95,74.0,24,66.1
"Essex School District","=""0500011""","Gender","Male",106,77.2,106,74.2,31,64.5
"Essex School District","=""0500011""","Grade","03",59,79.2,59,76.6,"N/A","N/A"
"Essex School District","=""0500011""","Grade","04",37,79.8,37,71.9,"N/A","N/A"
"Essex School District","=""0500011""","Grade","05",54,78.0,54,74.4,55,65.2
"Essex School District","=""0500011""","Grade","06",51,83.1,51,72.6,"N/A","N/A"
"Essex School District","=""0500011""","High Needs (F/R, EL or SWD)","High Needs",45,66.1,45,59.5,15,"*"
"Essex School District","=""0500011""","High Needs (F/R, EL or SWD)","Not High Needs",156,84.0,156,78.3,40,70.6
"Essex School District","=""0500011""","Free/Reduced Price Meal Eligibility (2-level)","Eligible For Free Or Reduced Price Meals",20,70.8,20,63.0,"*","*"
"Essex School District","=""0500011""","Free/Reduced Price Meal Eligibility (2-level)","Not Eligible For Free Or Reduced Price Meals",181,81.0,181,75.3,"*","*"
"Essex School District","=""0500011""","Race/Ethnicity","Asian","*","*","*","*","*","*"
"Essex School District","=""0500011""","Race/Ethnicity","Black or African American","*","*","*","*","N/A","N/A"
"Essex School District","=""0500011""","Race/Ethnicity","Hispanic or Latino",15,"*",15,"*","*","*"
"Essex School District","=""0500011""","Race/Ethnicity","Two or More Races",7,"*",7,"*","*","*"
"Essex School District","=""0500011""","Race/Ethnicity","White",173,81.8,173,75.6,47,67.2
"Essex School District","=""0500011""","Special Education Status (SWD)","Students with Disabilities",28,62.8,28,55.3,10,"*"
"Essex School District","=""0500011""","Special Education Status (SWD)","Students without Disabilities",173,82.8,173,77.2,45,68.9
"Fairfield School District","=""0510011""","All Students","District",5410,77.0,5409,72.8,2448,64.7
"Fairfield School District","=""0510011""","English Language Learners (EL)","English Learners",204,63.7,204,61.6,101,47.6
"Fairfield School District","=""0510011""","English Language Learners (EL)","Not English Learners",5206,77.5,5205,73.2,2347,65.5
"Fairfield School District","=""0510011""","Gender","Female",2629,79.3,2628,72.2,1198,64.7
"Fairfield School District","=""0510011""","Gender","Male",2781,74.8,2781,73.3,1250,64.8
"Fairfield School District","=""0510011""","Grade","03",756,74.8,756,71.4,"N/A","N/A"
"Fairfield School District","=""0510011""","Grade","04",720,80.4,719,75.6,"N/A","N/A"
"Fairfield School District","=""0510011""","Grade","05",880,79.6,880,77.1,885,63.8
"Fairfield School District","=""0510011""","Grade","06",759,79.1,760,73.7,"N/A","N/A"
"Fairfield School District","=""0510011""","Grade","07",756,79.0,756,72.0,"N/A","N/A"
"Fairfield School District","=""0510011""","Grade","08",787,76.3,786,73.2,797,65.6
"Fairfield School District","=""0510011""","Grade","10","N/A","N/A","N/A","N/A",766,64.9
"Fairfield School District","=""0510011""","Grade","11",752,69.6,752,65.7,"N/A","N/A"
"Fairfield School District","=""0510011""","High Needs (F/R, EL or SWD)","High Needs",1100,61.8,1102,57.3,517,49.9
"Fairfield School District","=""0510011""","High Needs (F/R, EL or SWD)","Not High Needs",4310,80.9,4307,76.7,1931,68.7
"Fairfield School District","=""0510011""","Free/Reduced Price Meal Eligibility (2-level)","Eligible For Free Or Reduced Price Meals",521,64.2,521,58.5,238,51.4
"Fairfield School District","=""0510011""","Free/Reduced Price Meal Eligibility (2-level)","Not Eligible For Free Or Reduced Price Meals",4889,78.4,4888,74.3,2210,66.2
"Fairfield School District","=""0510011""","Race/Ethnicity","American Indian or Alaska Native","*","*","*","*","*","*"
"Fairfield School District","=""0510011""","Race/Ethnicity","Asian",317,81.8,317,81.0,138,69.5
"Fairfield School District","=""0510011""","Race/Ethnicity","Black or African American",105,63.9,105,57.5,47,51.4
"Fairfield School District","=""0510011""","Race/Ethnicity","Hispanic or Latino",534,69.6,533,63.9,268,57.4
"Fairfield School District","=""0510011""","Race/Ethnicity","Native Hawaiian or Other Pacific Islander","*","*","*","*","*","*"
"Fairfield School District","=""0510011""","Race/Ethnicity","Two or More Races",175,80.2,175,76.5,78,68.7
"Fairfield School District","=""0510011""","Race/Ethnicity","White",4273,77.8,4273,73.5,1915,65.6
"Fairfield School District","=""0510011""","Special Education Status (SWD)","Students with Disabilities",589,55.6,591,51.0,293,46.3
"Fairfield School District","=""0510011""","Special Education Status (SWD)","Students without Disabilities",4821,79.6,4818,75.4,2155,67.3
"Farmington School District","=""0520011""","All Students","District",2213,79.3,2213,76.1,938,68.4
"Farmington School District","=""0520011""","English Language Learners (EL)","English Learners",153,74.7,153,74.4,50,65.4
"Farmington School District","=""0520011""","English Language Learners (EL)","Not English Learners",2060,79.7,2060,76.3,888,68.6
"Farmington School District","=""0520011""","Gender","Female",1081,81.5,1081,76.0,453,67.4
"Farmington School District","=""0520011""","Gender","Male",1132,77.3,1132,76.3,485,69.4
"Farmington School District","=""0520011""","Grade","03",289,78.5,289,74.3,"N/A","N/A"
"Farmington School District","=""0520011""","Grade","04",329,85.1,329,83.3,"N/A","N/A"
"Farmington School District","=""0520011""","Grade","05",332,83.3,331,78.4,333,74.8
"Farmington School District","=""0520011""","Grade","06",310,84.7,310,78.7,"N/A","N/A"
"Farmington School District","=""0520011""","Grade","07",342,75.9,343,72.3,"N/A","N/A"
"Farmington School District","=""0520011""","Grade","08",322,76.6,322,76.8,322,63.9
"Farmington School District","=""0520011""","Grade","10","N/A","N/A","N/A","N/A",283,66.0
"Farmington School District","=""0520011""","Grade","11",289,70.4,289,68.3,"N/A","N/A"
"Farmington School District","=""0520011""","High Needs (F/R, EL or SWD)","High Needs",524,64.6,524,60.9,206,57.6
"Farmington School District","=""0520011""","High Needs (F/R, EL or SWD)","Not High Needs",1689,83.9,1689,80.9,732,71.4
"Farmington School District","=""0520011""","Free/Reduced Price Meal Eligibility (2-level)","Eligible For Free Or Reduced Price Meals",203,65.0,203,60.1,92,59.0
"Farmington School District","=""0520011""","Free/Reduced Price Meal Eligibility (2-level)","Not Eligible For Free Or Reduced Price Meals",2010,80.8,2010,77.8,846,69.4
"Farmington School District","=""0520011""","Race/Ethnicity","American Indian or Alaska Native","*","*","*","*","*","*"
"Farmington School District","=""0520011""","Race/Ethnicity","Asian",460,88.6,460,89.0,199,74.5
"Farmington School District","=""0520011""","Race/Ethnicity","Black or African American",101,66.2,101,59.2,43,54.7
"Farmington School District","=""0520011""","Race/Ethnicity","Hispanic or Latino",161,70.4,161,65.6,63,62.4
"Farmington School District","=""0520011""","Race/Ethnicity","Two or More Races","*","*","*","*","*","*"
"Farmington School District","=""0520011""","Race/Ethnicity","White",1454,78.4,1454,74.5,618,68.0
"Farmington School District","=""0520011""","Special Education Status (SWD)","Students with Disabilities",264,53.2,264,49.2,100,50.9
"Farmington School District","=""0520011""","Special Education Status (SWD)","Students without Disabilities",1949,82.9,1949,79.8,838,70.5
"Franklin School District","=""0530011""","All Students","District",99,71.3,99,61.4,33,61.7
"Franklin School District","=""0530011""","English Language Learners (EL)","English Learners","N/A","N/A","N/A","N/A","N/A","N/A"
"Franklin School District","=""0530011""","English Language Learners (EL)","Not English Learners",99,71.3,99,61.4,33,61.7
"Franklin School District","=""0530011""","Gender","Female",47,74.4,47,59.2,13,"*"
"Franklin School District","=""0530011""","Gender","Male",52,68.4,52,63.3,20,61.5
"Franklin School District","=""0530011""","Grade","03",10,"*",10,"*","N/A","N/A"
"Franklin School District","=""0530011""","Grade","04",19,"*",19,"*","N/A","N/A"
"Franklin School District","=""0530011""","Grade","05",16,"*",16,"*",16,"*"
"Franklin School District","=""0530011""","Grade","06",16,"*",16,"*","N/A","N/A"
"Franklin School District","=""0530011""","Grade","07",21,68.6,21,55.1,"N/A","N/A"
"Franklin School District","=""0530011""","Grade","08",17,"*",17,"*",17,"*"
"Franklin School District","=""0530011""","High Needs (F/R, EL or SWD)","High Needs",26,58.6,26,50.1,"*","*"
"Franklin School District","=""0530011""","High Needs (F/R, EL or SWD)","Not High Needs",73,75.8,73,65.4,"*","*"
"Franklin School District","=""0530011""","Free/Reduced Price Meal Eligibility (2-level)","Eligible For Free Or Reduced Price Meals",20,61.0,20,51.8,"*","*"
"Franklin School District","=""0530011""","Free/Reduced Price Meal Eligibility (2-level)","Not Eligible For Free Or Reduced Price Meals",79,73.9,79,63.8,"*","*"
"Franklin School District","=""0530011""","Race/Ethnicity","American Indian or Alaska Native","*","*","*","*","N/A","N/A"
"Franklin School District","=""0530011""","Race/Ethnicity","Asian","*","*","*","*","*","*"
"Franklin School District","=""0530011""","Race/Ethnicity","Hispanic or Latino","*","*","*","*","*","*"
"Franklin School District","=""0530011""","Race/Ethnicity","Two or More Races","*","*","*","*","*","*"
"Franklin School District","=""0530011""","Race/Ethnicity","White",88,72.3,88,62.3,28,63.3
"Franklin School District","=""0530011""","Special Education Status (SWD)","Students with Disabilities",11,"*",11,"*","*","*"
"Franklin School District","=""0530011""","Special Education Status (SWD)","Students without Disabilities",88,74.1,88,64.3,"*","*"
"Glastonbury School District","=""0540011""","All Students","District",3226,78.7,3224,76.8,1472,66.1
"Glastonbury School District","=""0540011""","English Language Learners (EL)","English Learners",78,69.2,78,71.9,28,52.6
"Glastonbury School District","=""0540011""","English Language Learners (EL)","Not English Learners",3148,79.0,3146,76.9,1444,66.3
"Glastonbury School District","=""0540011""","Gender","Female",1643,80.6,1641,76.0,743,66.2
"Glastonbury School District","=""0540011""","Gender","Male",1583,76.8,1583,77.6,729,66.0
"Glastonbury School District","=""0540011""","Grade","03",408,81.9,408,77.8,"N/A","N/A"
"Glastonbury School District","=""0540011""","Grade","04",424,82.4,423,80.0,"N/A","N/A"
"Glastonbury School District","=""0540011""","Grade","05",439,81.0,439,80.8,439,67.8
"Glastonbury School District","=""0540011""","Grade","06",474,83.9,474,79.4,"N/A","N/A"
"Glastonbury School District","=""0540011""","Grade","07",485,79.0,485,76.2,"N/A","N/A"
"Glastonbury School District","=""0540011""","Grade","08",512,74.2,511,72.6,517,65.2
"Glastonbury School District","=""0540011""","Grade","10","N/A","N/A","N/A","N/A",516,65.5
"Glastonbury School District","=""0540011""","Grade","11",484,70.3,484,71.9,"N/A","N/A"
"Glastonbury School District","=""0540011""","High Needs (F/R, EL or SWD)","High Needs",599,60.8,598,58.2,287,52.1
"Glastonbury School District","=""0540011""","High Needs (F/R, EL or SWD)","Not High Needs",2627,82.8,2626,81.0,1185,69.5
"Glastonbury School District","=""0540011""","Free/Reduced Price Meal Eligibility (2-level)","Eligible For Free Or Reduced Price Meals",307,63.1,307,59.2,157,54.2
"Glastonbury School District","=""0540011""","Free/Reduced Price Meal Eligibility (2-level)","Not Eligible For Free Or Reduced Price Meals",2919,80.4,2917,78.6,1315,67.5
"Glastonbury School District","=""0540011""","Race/Ethnicity","American Indian or Alaska Native","*","*","*","*","*","*"
"Glastonbury School District","=""0540011""","Race/Ethnicity","Asian",333,87.3,333,89.6,132,70.4
"Glastonbury School District","=""0540011""","Race/Ethnicity","Black or African American",91,63.0,91,60.7,42,47.6
"Glastonbury School District","=""0540011""","Race/Ethnicity","Hispanic or Latino",263,70.1,263,66.3,131,56.9
"Glastonbury School District","=""0540011""","Race/Ethnicity","Native Hawaiian or Other Pacific Islander","*","*","*","*","*","*"
"Glastonbury School District","=""0540011""","Race/Ethnicity","Two or More Races",153,79.4,153,76.0,64,68.2
"Glastonbury School District","=""0540011""","Race/Ethnicity","White",2376,79.1,2374,76.8,1097,67.2
"Glastonbury School District","=""0540011""","Special Education Status (SWD)","Students with Disabilities",331,52.3,330,49.3,164,46.9
"Glastonbury School District","=""0540011""","Special Education Status (SWD)","Students without Disabilities",2895,81.8,2894,79.9,1308,68.5
"Granby School District","=""0560011""","All Students","District",962,76.6,960,71.1,457,68.4
"Granby School District","=""0560011""","English Language Learners (EL)","English Learners",14,"*",14,"*","*","*"
"Granby School District","=""0560011""","English Language Learners (EL)","Not English Learners",948,76.7,946,71.3,"*","*"
"Granby School District","=""0560011""","Gender","Female",474,78.9,472,71.2,226,68.6
"Granby School District","=""0560011""","Gender","Male",488,74.3,488,71.0,231,68.1
"Granby School District","=""0560011""","Grade","03",126,73.3,125,68.3,"N/A","N/A"
"Granby School District","=""0560011""","Grade","04",124,78.4,124,72.4,"N/A","N/A"
"Granby School District","=""0560011""","Grade","05",131,80.0,131,74.1,132,68.8
"Granby School District","=""0560011""","Grade","06",128,79.8,128,71.9,"N/A","N/A"
"Granby School District","=""0560011""","Grade","07",151,80.9,151,72.7,"N/A","N/A"
"Granby School District","=""0560011""","Grade","08",149,73.4,148,70.3,151,66.5
"Granby School District","=""0560011""","Grade","10","N/A","N/A","N/A","N/A",174,69.7
"Granby School District","=""0560011""","Grade","11",153,71.1,153,68.2,"N/A","N/A"
"Granby School District","=""0560011""","High Needs (F/R, EL or SWD)","High Needs",205,62.9,205,56.0,92,56.3
"Granby School District","=""0560011""","High Needs (F/R, EL or SWD)","Not High Needs",757,80.3,755,75.2,365,71.4
"Granby School District","=""0560011""","Free/Reduced Price Meal Eligibility (2-level)","Eligible For Free Or Reduced Price Meals",104,62.4,104,56.0,50,57.1
"Granby School District","=""0560011""","Free/Reduced Price Meal Eligibility (2-level)","Not Eligible For Free Or Reduced Price Meals",858,78.3,856,72.9,407,69.8
"Granby School District","=""0560011""","Race/Ethnicity","American Indian or Alaska Native","*","*","*","*","*","*"
"Granby School District","=""0560011""","Race/Ethnicity","Asian","*","*","*","*","*","*"
"Granby School District","=""0560011""","Race/Ethnicity","Black or African American",48,57.6,48,50.0,22,52.2
"Granby School District","=""0560011""","Race/Ethnicity","Hispanic or Latino",24,70.7,24,61.4,16,"*"
"Granby School District","=""0560011""","Race/Ethnicity","Two or More Races",32,73.6,32,70.1,9,"*"
"Granby School District","=""0560011""","Race/Ethnicity","White",842,78.0,840,72.6,403,69.3
"Granby School District","=""0560011""","Special Education Status (SWD)","Students with Disabilities",118,59.9,118,52.3,51,53.2
"Granby School District","=""0560011""","Special Education Status (SWD)","Students without Disabilities",844,78.9,842,73.7,406,70.3
"Greenwich School District","=""0570011""","All Students","District",4641,78.8,4638,75.7,1980,65.8
"Greenwich School District","=""0570011""","English Language Learners (EL)","English Learners",468,66.7,468,68.6,156,51.1
"Greenwich School District","=""0570011""","English Language Learners (EL)","Not English Learners",4173,80.1,4170,76.5,1824,67.1
"Greenwich School District","=""0570011""","Gender","Female",2281,81.1,2279,74.8,962,65.0
"Greenwich School District","=""0570011""","Gender","Male",2360,76.5,2359,76.6,1018,66.6
"Greenwich School District","=""0570011""","Grade","03",736,81.6,736,77.8,"N/A","N/A"
"Greenwich School District","=""0570011""","Grade","04",691,82.1,691,78.9,"N/A","N/A"
"Greenwich School District","=""0570011""","Grade","05",678,81.1,677,78.8,679,65.9
"Greenwich School District","=""0570011""","Grade","06",674,79.1,672,76.3,"N/A","N/A"
"Greenwich School District","=""0570011""","Grade","07",638,77.7,638,73.8,"N/A","N/A"
"Greenwich School District","=""0570011""","Grade","08",624,77.7,624,75.5,625,63.9
"Greenwich School District","=""0570011""","Grade","10","N/A","N/A","N/A","N/A",676,67.5
"Greenwich School District","=""0570011""","Grade","11",600,70.7,600,67.6,"N/A","N/A"
"Greenwich School District","=""0570011""","High Needs (F/R, EL or SWD)","High Needs",1343,64.4,1342,61.1,535,53.1
"Greenwich School District","=""0570011""","High Needs (F/R, EL or SWD)","Not High Needs",3298,84.6,3296,81.7,1445,70.5
"Greenwich School District","=""0570011""","Free/Reduced Price Meal Eligibility (2-level)","Eligible For Free Or Reduced Price Meals",664,63.6,664,58.0,285,52.2
"Greenwich School District","=""0570011""","Free/Reduced Price Meal Eligibility (2-level)","Not Eligible For Free Or Reduced Price Meals",3977,81.3,3974,78.7,1695,68.1
"Greenwich School District","=""0570011""","Race/Ethnicity","American Indian or Alaska Native","*","*","*","*","*","*"
"Greenwich School District","=""0570011""","Race/Ethnicity","Asian",405,83.0,405,88.0,158,71.7
"Greenwich School District","=""0570011""","Race/Ethnicity","Black or African American",125,63.7,125,54.9,50,51.1
"Greenwich School District","=""0570011""","Race/Ethnicity","Hispanic or Latino",968,70.2,968,65.5,419,57.1
"Greenwich School District","=""0570011""","Race/Ethnicity","Native Hawaiian or Other Pacific Islander","*","*","*","*","*","*"
"Greenwich School District","=""0570011""","Race/Ethnicity","Two or More Races",188,86.5,188,83.4,73,73.2
"Greenwich School District","=""0570011""","Race/Ethnicity","White",2948,81.2,2945,77.8,1277,68.1
"Greenwich School District","=""0570011""","Special Education Status (SWD)","Students with Disabilities",569,56.7,568,51.0,230,49.0
"Greenwich School District","=""0570011""","Special Education Status (SWD)","Students without Disabilities",4072,81.9,4070,79.2,1750,68.0
"Griswold School District","=""0580011""","All Students","District",923,68.4,920,65.6,408,54.5
"Griswold School District","=""0580011""","English Language Learners (EL)","English Learners",14,"*",14,"*","*","*"
"Griswold School District","=""0580011""","English Language Learners (EL)","Not English Learners",909,68.6,906,65.7,"*","*"
"Griswold School District","=""0580011""","Gender","Female",463,70.3,460,65.0,203,55.7
"Griswold School District","=""0580011""","Gender","Male",460,66.6,460,66.3,205,53.4
"Griswold School District","=""0580011""","Grade","03",137,68.1,137,62.5,"N/A","N/A"
"Griswold School District","=""0580011""","Grade","04",132,72.2,132,71.7,"N/A","N/A"
"Griswold School District","=""0580011""","Grade","05",135,70.0,135,68.3,136,56.8
"Griswold School District","=""0580011""","Grade","06",113,70.9,111,68.3,"N/A","N/A"
"Griswold School District","=""0580011""","Grade","07",126,70.2,126,71.0,"N/A","N/A"
"Griswold School District","=""0580011""","Grade","08",138,69.9,137,64.8,137,54.8
"Griswold School District","=""0580011""","Grade","10","N/A","N/A","N/A","N/A",135,52.0
"Griswold School District","=""0580011""","Grade","11",142,58.9,142,54.4,"N/A","N/A"
"Griswold School District","=""0580011""","High Needs (F/R, EL or SWD)","High Needs",381,59.6,378,56.5,170,48.0
"Griswold School District","=""0580011""","High Needs (F/R, EL or SWD)","Not High Needs",542,74.7,542,72.0,238,59.2
"Griswold School District","=""0580011""","Free/Reduced Price Meal Eligibility (2-level)","Eligible For Free Or Reduced Price Meals",322,61.1,319,58.1,132,50.4
"Griswold School District","=""0580011""","Free/Reduced Price Meal Eligibility (2-level)","Not Eligible For Free Or Reduced Price Meals",601,72.4,601,69.6,276,56.5
"Griswold School District","=""0580011""","Race/Ethnicity","American Indian or Alaska Native","*","*","*","*","*","*"
"Griswold School District","=""0580011""","Race/Ethnicity","Asian",17,"*",17,"*",7,"*"
"Griswold School District","=""0580011""","Race/Ethnicity","Black or African American",27,55.4,27,52.7,13,"*"
"Griswold School District","=""0580011""","Race/Ethnicity","Hispanic or Latino",54,68.2,52,63.9,23,50.0
"Griswold School District","=""0580011""","Race/Ethnicity","Native Hawaiian or Other Pacific Islander","*","*","*","*","*","*"
"Griswold School District","=""0580011""","Race/Ethnicity","Two or More Races",68,68.9,68,62.8,27,49.3
"Griswold School District","=""0580011""","Race/Ethnicity","White",742,69.2,741,66.6,333,55.6
"Griswold School District","=""0580011""","Special Education Status (SWD)","Students with Disabilities",136,46.5,135,41.2,70,39.1
"Griswold School District","=""0580011""","Special Education Status (SWD)","Students without Disabilities",787,72.2,785,69.8,338,57.7
"Groton School District","=""0590011""","All Students","District",2102,68.1,2097,63.3,902,56.6
"Groton School District","=""0590011""","English Language Learners (EL)","English Learners",85,52.4,85,50.4,32,45.2
"Groton School District","=""0590011""","English Language Learners (EL)","Not English Learners",2017,68.7,2012,63.9,870,57.1
"Groton School District","=""0590011""","Gender","Female",1016,70.4,1012,63.5,461,56.9
"Groton School District","=""0590011""","Gender","Male",1086,65.9,1085,63.2,441,56.3
"Groton School District","=""0590011""","Grade","03",333,68.7,333,65.5,"N/A","N/A"
"Groton School District","=""0590011""","Grade","04",332,71.4,331,67.6,"N/A","N/A"
"Groton School District","=""0590011""","Grade","05",327,70.1,323,67.3,330,58.6
"Groton School District","=""0590011""","Grade","06",276,68.8,276,59.9,"N/A","N/A"
"Groton School District","=""0590011""","Grade","07",299,72.1,299,63.7,"N/A","N/A"
"Groton School District","=""0590011""","Grade","08",310,63.0,310,60.1,310,57.4
"Groton School District","=""0590011""","Grade","10","N/A","N/A","N/A","N/A",262,53.3
"Groton School District","=""0590011""","Grade","11",225,60.3,225,56.2,"N/A","N/A"
"Groton School District","=""0590011""","High Needs (F/R, EL or SWD)","High Needs",1023,59.2,1020,54.8,444,49.8
"Groton School District","=""0590011""","High Needs (F/R, EL or SWD)","Not High Needs",1079,76.5,1077,71.4,458,63.3
"Groton School District","=""0590011""","Free/Reduced Price Meal Eligibility (2-level)","Eligible For Free Or Reduced Price Meals",875,59.9,873,55.3,385,50.1
"Groton School District","=""0590011""","Free/Reduced Price Meal Eligibility (2-level)","Not Eligible For Free Or Reduced Price Meals",1227,74.0,1224,69.1,517,61.5
"Groton School District","=""0590011""","Race/Ethnicity","American Indian or Alaska Native",13,"*",13,"*","*","*"
"Groton School District","=""0590011""","Race/Ethnicity","Asian",133,73.9,131,70.6,58,61.2
"Groton School District","=""0590011""","Race/Ethnicity","Black or African American",168,57.4,168,52.8,77,47.8
"Groton School District","=""0590011""","Race/Ethnicity","Hispanic or Latino",387,59.0,385,54.9,178,49.5
"Groton School District","=""0590011""","Race/Ethnicity","Native Hawaiian or Other Pacific Islander",8,"*",8,"*","*","*"
"Groton School District","=""0590011""","Race/Ethnicity","Two or More Races",184,66.4,184,61.4,85,52.7
"Groton School District","=""0590011""","Race/Ethnicity","White",1209,72.1,1208,67.0,491,61.0
"Groton School District","=""0590011""","Special Education Status (SWD)","Students with Disabilities",320,48.4,319,43.8,142,42.2
"Groton School District","=""0590011""","Special Education Status (SWD)","Students without Disabilities",1782,71.6,1778,66.8,760,59.3
"Guilford School District","=""0600011""","All Students","District",1873,78.5,1872,76.0,804,64.2
"Guilford School District","=""0600011""","English Language Learners (EL)","English Learners",48,60.9,48,63.0,19,"*"
"Guilford School District","=""0600011""","English Language Learners (EL)","Not English Learners",1825,78.9,1824,76.3,785,64.5
"Guilford School District","=""0600011""","Gender","Female",896,80.1,895,74.7,388,63.9
"Guilford School District","=""0600011""","Gender","Male",977,76.9,977,77.2,416,64.4
"Guilford School District","=""0600011""","Grade","03",220,78.2,221,77.9,"N/A","N/A"
"Guilford School District","=""0600011""","Grade","04",262,82.3,261,81.9,"N/A","N/A"
"Guilford School District","=""0600011""","Grade","05",267,79.5,267,79.0,268,62.7
"Guilford School District","=""0600011""","Grade","06",306,78.8,306,74.7,"N/A","N/A"
"Guilford School District","=""0600011""","Grade","07",262,83.7,261,75.9,"N/A","N/A"
"Guilford School District","=""0600011""","Grade","08",268,77.4,268,78.0,268,63.8
"Guilford School District","=""0600011""","Grade","10","N/A","N/A","N/A","N/A",268,65.9
"Guilford School District","=""0600011""","Grade","11",288,70.1,288,65.9,"N/A","N/A"
"Guilford School District","=""0600011""","High Needs (F/R, EL or SWD)","High Needs",364,62.1,363,59.6,155,52.4
"Guilford School District","=""0600011""","High Needs (F/R, EL or SWD)","Not High Needs",1509,82.4,1509,79.9,649,67.0
"Guilford School District","=""0600011""","Free/Reduced Price Meal Eligibility (2-level)","Eligible For Free Or Reduced Price Meals",146,67.0,146,65.1,65,56.9
"Guilford School District","=""0600011""","Free/Reduced Price Meal Eligibility (2-level)","Not Eligible For Free Or Reduced Price Meals",1727,79.4,1726,76.9,739,64.8
"Guilford School District","=""0600011""","Race/Ethnicity","American Indian or Alaska Native","*","*","*","*","N/A","N/A"
"Guilford School District","=""0600011""","Race/Ethnicity","Asian",84,82.0,84,84.2,42,67.2
"Guilford School District","=""0600011""","Race/Ethnicity","Black or African American",28,67.0,28,64.8,11,"*"
"Guilford School District","=""0600011""","Race/Ethnicity","Hispanic or Latino",112,75.3,112,71.9,58,59.9
"Guilford School District","=""0600011""","Race/Ethnicity","Native Hawaiian or Other Pacific Islander","*","*","*","*","N/A","N/A"
"Guilford School District","=""0600011""","Race/Ethnicity","Two or More Races",68,79.3,68,74.1,27,59.0
"Guilford School District","=""0600011""","Race/Ethnicity","White",1576,78.7,1575,76.2,666,64.8
"Guilford School District","=""0600011""","Special Education Status (SWD)","Students with Disabilities",240,56.6,239,53.4,101,48.4
"Guilford School District","=""0600011""","Special Education Status (SWD)","Students without Disabilities",1633,81.7,1633,79.3,703,66.4
"Hamden School District","=""0620011""","All Students","District",2763,64.5,2750,60.6,1144,51.7
"Hamden School District","=""0620011""","English Language Learners (EL)","English Learners",247,55.1,246,54.4,94,42.9
"Hamden School District","=""0620011""","English Language Learners (EL)","Not English Learners",2516,65.5,2504,61.2,1050,52.5
"Hamden School District","=""0620011""","Gender","Female",1297,67.5,1287,61.2,568,53.2
"Hamden School District","=""0620011""","Gender","Male",1466,61.9,1463,60.1,576,50.3
"Hamden School District","=""0620011""","Grade","03",375,69.2,375,66.5,"N/A","N/A"
"Hamden School District","=""0620011""","Grade","04",388,70.2,386,66.9,"N/A","N/A"
"Hamden School District","=""0620011""","Grade","05",399,69.5,398,66.0,402,55.2
"Hamden School District","=""0620011""","Grade","06",429,69.3,427,62.7,"N/A","N/A"
"Hamden School District","=""0620011""","Grade","07",392,60.9,390,56.9,"N/A","N/A"
"Hamden School District","=""0620011""","Grade","08",391,57.3,385,54.7,398,50.2
"Hamden School District","=""0620011""","Grade","10","N/A","N/A","N/A","N/A",344,49.4
"Hamden School District","=""0620011""","Grade","11",389,55.0,389,50.4,"N/A","N/A"
"Hamden School District","=""0620011""","High Needs (F/R, EL or SWD)","High Needs",1458,55.5,1449,51.9,574,44.9
"Hamden School District","=""0620011""","High Needs (F/R, EL or SWD)","Not High Needs",1305,74.6,1301,70.3,570,58.6
"Hamden School District","=""0620011""","Free/Reduced Price Meal Eligibility (2-level)","Eligible For Free Or Reduced Price Meals",1156,56.3,1153,52.1,465,44.7
"Hamden School District","=""0620011""","Free/Reduced Price Meal Eligibility (2-level)","Not Eligible For Free Or Reduced Price Meals",1607,70.5,1597,66.7,679,56.6
"Hamden School District","=""0620011""","Race/Ethnicity","American Indian or Alaska Native","*","*","*","*","*","*"
"Hamden School District","=""0620011""","Race/Ethnicity","Asian",222,72.5,219,73.5,90,53.6
"Hamden School District","=""0620011""","Race/Ethnicity","Black or African American",745,54.9,744,49.2,328,44.3
"Hamden School District","=""0620011""","Race/Ethnicity","Hispanic or Latino",546,57.6,542,54.3,209,45.6
"Hamden School District","=""0620011""","Race/Ethnicity","Native Hawaiian or Other Pacific Islander","*","*","*","*","N/A","N/A"
"Hamden School District","=""0620011""","Race/Ethnicity","Two or More Races",146,68.8,145,63.3,"*","*"
"Hamden School District","=""0620011""","Race/Ethnicity","White",1102,72.3,1098,68.6,449,59.2
"Hamden School District","=""0620011""","Special Education Status (SWD)","Students with Disabilities",515,47.7,511,43.7,201,41.6
"Hamden School District","=""0620011""","Special Education Status (SWD)","Students without Disabilities",2248,68.4,2239,64.5,943,53.9
"Hampton School District","=""0630011""","All Students","District",54,71.1,53,68.2,14,"*"
"Hampton School District","=""0630011""","English Language Learners (EL)","Not English Learners",54,71.1,53,68.2,14,"*"
"Hampton School District","=""0630011""","Gender","Female",20,72.9,19,"*","*","*"
"Hampton School District","=""0630011""","Gender","Male",34,70.0,34,70.5,"*","*"
"Hampton School District","=""0630011""","Grade","03",13,"*",13,"*","N/A","N/A"
"Hampton School District","=""0630011""","Grade","04",16,"*",16,"*","N/A","N/A"
"Hampton School District","=""0630011""","Grade","05",14,"*",14,"*",14,"*"
"Hampton School District","=""0630011""","Grade","06",11,"*",10,"*","N/A","N/A"
"Hampton School District","=""0630011""","High Needs (F/R, EL or SWD)","High Needs",21,64.0,21,57.5,6,"*"
"Hampton School District","=""0630011""","High Needs (F/R, EL or SWD)","Not High Needs",33,75.6,32,75.2,8,"*"
"Hampton School District","=""0630011""","Free/Reduced Price Meal Eligibility (2-level)","Eligible For Free Or Reduced Price Meals",11,"*",11,"*","*","*"
"Hampton School District","=""0630011""","Free/Reduced Price Meal Eligibility (2-level)","Not Eligible For Free Or Reduced Price Meals",43,71.6,42,69.6,"*","*"
"Hampton School District","=""0630011""","Race/Ethnicity","Black or African American","*","*","*","*","*","*"
"Hampton School District","=""0630011""","Race/Ethnicity","Hispanic or Latino","*","*","*","*","*","*"
"Hampton School District","=""0630011""","Race/Ethnicity","Two or More Races","*","*","*","*","N/A","N/A"
"Hampton School District","=""0630011""","Race/Ethnicity","White",49,70.2,48,67.2,12,"*"
"Hampton School District","=""0630011""","Special Education Status (SWD)","Students with Disabilities",13,"*",13,"*","*","*"
"Hampton School District","=""0630011""","Special Education Status (SWD)","Students without Disabilities",41,74.8,40,72.8,"*","*"
"Hartford School District","=""0640011""","All Students","District",9852,50.9,9729,45.7,4284,43.1
"Hartford School District","=""0640011""","English Language Learners (EL)","English Learners",2476,42.7,2443,39.8,982,34.6
"Hartford School District","=""0640011""","English Language Learners (EL)","Not English Learners",7376,53.7,7286,47.7,3302,45.6
"Hartford School District","=""0640011""","Gender","Female",4789,53.4,4741,46.3,2066,42.9
"Hartford School District","=""0640011""","Gender","Male",5063,48.6,4988,45.1,2218,43.2
"Hartford School District","=""0640011""","Grade","03",1417,53.2,1403,47.6,"N/A","N/A"
"Hartford School District","=""0640011""","Grade","04",1485,53.9,1466,49.9,"N/A","N/A"
"Hartford School District","=""0640011""","Grade","05",1521,50.5,1493,49.2,1532,43.5
"Hartford School District","=""0640011""","Grade","06",1404,54.1,1393,45.6,"N/A","N/A"
"Hartford School District","=""0640011""","Grade","07",1400,50.3,1380,44.4,"N/A","N/A"
"Hartford School District","=""0640011""","Grade","08",1534,47.3,1503,40.0,1552,43.5
"Hartford School District","=""0640011""","Grade","10","N/A","N/A","N/A","N/A",1200,41.9
"Hartford School District","=""0640011""","Grade","11",1091,46.5,1091,42.4,"N/A","N/A"
"Hartford School District","=""0640011""","High Needs (F/R, EL or SWD)","High Needs",8499,48.5,8378,43.3,3632,40.4
"Hartford School District","=""0640011""","High Needs (F/R, EL or SWD)","Not High Needs",1353,66.3,1351,60.6,652,57.7
"Hartford School District","=""0640011""","Free/Reduced Price Meal Eligibility (2-level)","Eligible For Free Or Reduced Price Meals",8081,48.7,7965,43.3,3448,40.6
"Hartford School District","=""0640011""","Free/Reduced Price Meal Eligibility (2-level)","Not Eligible For Free Or Reduced Price Meals",1771,61.3,1764,56.4,836,53.1
"Hartford School District","=""0640011""","Race/Ethnicity","American Indian or Alaska Native",24,57.5,24,49.9,"*","*"
"Hartford School District","=""0640011""","Race/Ethnicity","Asian",329,63.7,327,62.6,140,53.9
"Hartford School District","=""0640011""","Race/Ethnicity","Black or African American",2992,50.0,2947,43.1,1381,40.7
"Hartford School District","=""0640011""","Race/Ethnicity","Hispanic or Latino",5281,47.2,5210,42.7,2201,39.9
"Hartford School District","=""0640011""","Race/Ethnicity","Native Hawaiian or Other Pacific Islander",14,"*",13,"*","*","*"
"Hartford School District","=""0640011""","Race/Ethnicity","Two or More Races",178,59.2,177,53.8,88,55.2
"Hartford School District","=""0640011""","Race/Ethnicity","White",1034,67.3,1031,61.8,458,59.5
"Hartford School District","=""0640011""","Special Education Status (SWD)","Students with Disabilities",1833,36.8,1804,31.7,829,32.5
"Hartford School District","=""0640011""","Special Education Status (SWD)","Students without Disabilities",8019,54.2,7925,48.9,3455,45.6
"Hartland School District","=""0650011""","All Students","District",125,76.3,124,66.9,36,63.8
"Hartland School District","=""0650011""","English Language Learners (EL)","Not English Learners",125,76.3,124,66.9,36,63.8
"Hartland School District","=""0650011""","Gender","Female",56,76.3,56,63.4,14,"*"
"Hartland School District","=""0650011""","Gender","Male",69,76.3,68,69.8,22,65.3
"Hartland School District","=""0650011""","Grade","03",19,"*",19,"*","N/A","N/A"
"Hartland School District","=""0650011""","Grade","04",18,"*",18,"*","N/A","N/A"
"Hartland School District","=""0650011""","Grade","05",12,"*",11,"*",11,"*"
"Hartland School District","=""0650011""","Grade","06",20,76.0,20,69.8,"N/A","N/A"
"Hartland School District","=""0650011""","Grade","07",31,75.3,31,64.9,"N/A","N/A"
"Hartland School District","=""0650011""","Grade","08",25,75.1,25,62.1,25,65.8
"Hartland School District","=""0650011""","High Needs (F/R, EL or SWD)","High Needs",27,58.2,26,46.4,10,"*"
"Hartland School District","=""0650011""","High Needs (F/R, EL or SWD)","Not High Needs",98,81.3,98,72.4,26,68.7
"Hartland School District","=""0650011""","Free/Reduced Price Meal Eligibility (2-level)","Eligible For Free Or Reduced Price Meals",13,"*",12,"*","*","*"
"Hartland School District","=""0650011""","Free/Reduced Price Meal Eligibility (2-level)","Not Eligible For Free Or Reduced Price Meals",112,78.1,112,68.5,"*","*"
"Hartland School District","=""0650011""","Race/Ethnicity","American Indian or Alaska Native","*","*","*","*","*","*"
"Hartland School District","=""0650011""","Race/Ethnicity","Asian","*","*","*","*","N/A","N/A"
"Hartland School District","=""0650011""","Race/Ethnicity","Black or African American","*","*","*","*","N/A","N/A"
"Hartland School District","=""0650011""","Race/Ethnicity","Hispanic or Latino","*","*","*","*","N/A","N/A"
"Hartland School District","=""0650011""","Race/Ethnicity","Native Hawaiian or Other Pacific Islander","*","*","*","*","*","*"
"Hartland School District","=""0650011""","Race/Ethnicity","Two or More Races","*","*","*","*","*","*"
"Hartland School District","=""0650011""","Race/Ethnicity","White",115,77.1,114,68.1,33,64.2
"Hartland School District","=""0650011""","Special Education Status (SWD)","Students with Disabilities",20,55.2,20,40.0,6,"*"
"Hartland School District","=""0650011""","Special Education Status (SWD)","Students without Disabilities",105,80.3,104,72.1,30,66.1
"Hebron School District","=""0670011""","All Students","District",396,73.3,396,72.5,117,60.9
"Hebron School District","=""0670011""","English Language Learners (EL)","English Learners","*","*","*","*","*","*"
"Hebron School District","=""0670011""","English Language Learners (EL)","Not English Learners","*","*","*","*","*","*"
"Hebron School District","=""0670011""","Gender","Female",185,74.8,185,71.1,56,59.1
"Hebron School District","=""0670011""","Gender","Male",211,72.0,211,73.7,61,62.5
"Hebron School District","=""0670011""","Grade","03",86,74.5,86,73.3,"N/A","N/A"
"Hebron School District","=""0670011""","Grade","04",88,72.2,88,71.6,"N/A","N/A"
"Hebron School District","=""0670011""","Grade","05",117,71.7,117,72.2,117,60.9
"Hebron School District","=""0670011""","Grade","06",105,75.0,105,72.8,"N/A","N/A"
"Hebron School District","=""0670011""","High Needs (F/R, EL or SWD)","High Needs",87,61.7,87,57.5,30,51.4
"Hebron School District","=""0670011""","High Needs (F/R, EL or SWD)","Not High Needs",309,76.6,309,76.7,87,64.2
"Hebron School District","=""0670011""","Free/Reduced Price Meal Eligibility (2-level)","Eligible For Free Or Reduced Price Meals",39,67.3,39,65.3,14,"*"
"Hebron School District","=""0670011""","Free/Reduced Price Meal Eligibility (2-level)","Not Eligible For Free Or Reduced Price Meals",357,74.0,357,73.2,103,61.4
"Hebron School District","=""0670011""","Race/Ethnicity","Asian","*","*","*","*","*","*"
"Hebron School District","=""0670011""","Race/Ethnicity","Black or African American","*","*","*","*","N/A","N/A"
"Hebron School District","=""0670011""","Race/Ethnicity","Hispanic or Latino",29,66.4,29,63.6,10,"*"
"Hebron School District","=""0670011""","Race/Ethnicity","Two or More Races",11,"*",11,"*","*","*"
"Hebron School District","=""0670011""","Race/Ethnicity","White",349,74.1,349,73.4,101,62.2
"Hebron School District","=""0670011""","Special Education Status (SWD)","Students with Disabilities",61,56.9,61,51.9,21,48.9
"Hebron School District","=""0670011""","Special Education Status (SWD)","Students without Disabilities",335,76.3,335,76.2,96,63.5
"Kent School District","=""0680011""","All Students","District",155,81.9,155,73.0,52,59.4
"Kent School District","=""0680011""","English Language Learners (EL)","English Learners","*","*","*","*","*","*"
"Kent School District","=""0680011""","English Language Learners (EL)","Not English Learners","*","*","*","*","*","*"
"Kent School District","=""0680011""","Gender","Female",72,84.1,72,72.3,26,57.3
"Kent School District","=""0680011""","Gender","Male",83,79.9,83,73.6,26,61.5
"Kent School District","=""0680011""","Grade","03",25,81.3,25,71.1,"N/A","N/A"
"Kent School District","=""0680011""","Grade","04",22,82.5,22,73.2,"N/A","N/A"
"Kent School District","=""0680011""","Grade","05",26,80.8,26,73.3,27,60.1
"Kent School District","=""0680011""","Grade","06",27,88.6,27,80.2,"N/A","N/A"
"Kent School District","=""0680011""","Grade","07",30,83.3,30,72.7,"N/A","N/A"
"Kent School District","=""0680011""","Grade","08",25,73.9,25,66.9,25,58.7
"Kent School District","=""0680011""","High Needs (F/R, EL or SWD)","High Needs",34,67.3,34,59.5,16,"*"
"Kent School District","=""0680011""","High Needs (F/R, EL or SWD)","Not High Needs",121,85.9,121,76.8,36,64.5
"Kent School District","=""0680011""","Free/Reduced Price Meal Eligibility (2-level)","Eligible For Free Or Reduced Price Meals",24,67.4,24,59.9,11,"*"
"Kent School District","=""0680011""","Free/Reduced Price Meal Eligibility (2-level)","Not Eligible For Free Or Reduced Price Meals",131,84.5,131,75.4,41,61.4
"Kent School District","=""0680011""","Race/Ethnicity","Asian","*","*","*","*","*","*"
"Kent School District","=""0680011""","Race/Ethnicity","Hispanic or Latino",14,"*",14,"*",7,"*"
"Kent School District","=""0680011""","Race/Ethnicity","Two or More Races","*","*","*","*","*","*"
"Kent School District","=""0680011""","Race/Ethnicity","White",128,82.6,128,73.7,40,60.3
"Kent School District","=""0680011""","Special Education Status (SWD)","Students with Disabilities",15,"*",15,"*",7,"*"
"Kent School District","=""0680011""","Special Education Status (SWD)","Students without Disabilities",140,84.1,140,75.6,45,62.6
"Killingly School District","=""0690011""","All Students","District",1142,64.9,1135,55.7,531,52.1
"Killingly School District","=""0690011""","English Language Learners (EL)","English Learners",52,62.2,51,56.3,12,"*"
"Killingly School District","=""0690011""","English Language Learners (EL)","Not English Learners",1090,65.1,1084,55.7,519,52.3
"Killingly School District","=""0690011""","Gender","Female",604,66.6,599,55.9,285,52.7
"Killingly School District","=""0690011""","Gender","Male",538,63.0,536,55.5,246,51.3
"Killingly School District","=""0690011""","Grade","03",157,65.3,157,58.3,"N/A","N/A"
"Killingly School District","=""0690011""","Grade","04",157,66.0,157,56.8,"N/A","N/A"
"Killingly School District","=""0690011""","Grade","05",158,69.5,158,62.4,158,52.7
"Killingly School District","=""0690011""","Grade","06",155,70.8,155,59.7,"N/A","N/A"
"Killingly School District","=""0690011""","Grade","07",171,68.3,168,56.3,"N/A","N/A"
"Killingly School District","=""0690011""","Grade","08",168,62.7,164,51.0,169,53.1
"Killingly School District","=""0690011""","Grade","10","N/A","N/A","N/A","N/A",204,50.7
"Killingly School District","=""0690011""","Grade","11",176,53.2,176,46.9,"N/A","N/A"
"Killingly School District","=""0690011""","High Needs (F/R, EL or SWD)","High Needs",580,59.2,574,50.9,242,48.0
"Killingly School District","=""0690011""","High Needs (F/R, EL or SWD)","Not High Needs",562,70.9,561,60.7,289,55.4
"Killingly School District","=""0690011""","Free/Reduced Price Meal Eligibility (2-level)","Eligible For Free Or Reduced Price Meals",490,60.7,485,52.0,210,48.9
"Killingly School District","=""0690011""","Free/Reduced Price Meal Eligibility (2-level)","Not Eligible For Free Or Reduced Price Meals",652,68.1,650,58.5,321,54.1
"Killingly School District","=""0690011""","Race/Ethnicity","American Indian or Alaska Native",15,"*",15,"*","*","*"
"Killingly School District","=""0690011""","Race/Ethnicity","Asian",40,68.6,40,61.8,11,"*"
"Killingly School District","=""0690011""","Race/Ethnicity","Black or African American",21,55.2,21,48.5,"*","*"
"Killingly School District","=""0690011""","Race/Ethnicity","Hispanic or Latino",197,61.8,195,50.8,163,54.4
"Killingly School District","=""0690011""","Race/Ethnicity","Two or More Races",67,68.2,67,57.9,31,49.8
"Killingly School District","=""0690011""","Race/Ethnicity","White",802,65.6,797,56.7,312,52.0
"Killingly School District","=""0690011""","Special Education Status (SWD)","Students with Disabilities",172,45.4,169,38.3,67,39.8
"Killingly School District","=""0690011""","Special Education Status (SWD)","Students without Disabilities",970,68.4,966,58.8,464,53.8
"Lebanon School District","=""0710011""","All Students","District",485,70.9,483,65.7,241,59.6
"Lebanon School District","=""0710011""","English Language Learners (EL)","English Learners","*","*","*","*","*","*"
"Lebanon School District","=""0710011""","English Language Learners (EL)","Not English Learners","*","*","*","*","*","*"
"Lebanon School District","=""0710011""","Gender","Female",237,73.4,236,67.0,121,60.9
"Lebanon School District","=""0710011""","Gender","Male",248,68.5,247,64.5,120,58.2
"Lebanon School District","=""0710011""","Grade","03",48,77.3,48,71.3,"N/A","N/A"
"Lebanon School District","=""0710011""","Grade","04",80,73.8,80,65.6,"N/A","N/A"
"Lebanon School District","=""0710011""","Grade","05",71,82.6,71,74.0,71,61.2
"Lebanon School District","=""0710011""","Grade","06",61,74.1,61,66.5,"N/A","N/A"
"Lebanon School District","=""0710011""","Grade","07",67,67.5,67,67.9,"N/A","N/A"
"Lebanon School District","=""0710011""","Grade","08",70,65.6,68,61.9,77,59.4
"Lebanon School District","=""0710011""","Grade","10","N/A","N/A","N/A","N/A",93,58.4
"Lebanon School District","=""0710011""","Grade","11",88,60.0,88,56.8,"N/A","N/A"
"Lebanon School District","=""0710011""","High Needs (F/R, EL or SWD)","High Needs",159,61.4,157,55.9,81,52.8
"Lebanon School District","=""0710011""","High Needs (F/R, EL or SWD)","Not High Needs",326,75.6,326,70.4,160,63.0
"Lebanon School District","=""0710011""","Free/Reduced Price Meal Eligibility (2-level)","Eligible For Free Or Reduced Price Meals",111,65.4,109,59.9,50,55.9
"Lebanon School District","=""0710011""","Free/Reduced Price Meal Eligibility (2-level)","Not Eligible For Free Or Reduced Price Meals",374,72.5,374,67.4,191,60.5
"Lebanon School District","=""0710011""","Race/Ethnicity","American Indian or Alaska Native",7,"*",7,"*","*","*"
"Lebanon School District","=""0710011""","Race/Ethnicity","Asian",13,"*",13,"*","*","*"
"Lebanon School District","=""0710011""","Race/Ethnicity","Black or African American",10,"*",10,"*","*","*"
"Lebanon School District","=""0710011""","Race/Ethnicity","Hispanic or Latino",25,67.8,25,57.7,13,"*"
"Lebanon School District","=""0710011""","Race/Ethnicity","Native Hawaiian or Other Pacific Islander","*","*","*","*","*","*"
"Lebanon School District","=""0710011""","Race/Ethnicity","Two or More Races","*","*","*","*","N/A","N/A"
"Lebanon School District","=""0710011""","Race/Ethnicity","White",424,71.6,422,66.6,219,60.3
"Lebanon School District","=""0710011""","Special Education Status (SWD)","Students with Disabilities",81,52.8,79,46.5,47,47.1
"Lebanon School District","=""0710011""","Special Education Status (SWD)","Students without Disabilities",404,74.5,404,69.5,194,62.6
"Ledyard School District","=""0720011""","All Students","District",1184,67.3,1178,62.8,530,59.0
"Ledyard School District","=""0720011""","English Language Learners (EL)","English Learners",20,64.3,20,60.2,12,"*"
"Ledyard School District","=""0720011""","English Language Learners (EL)","Not English Learners",1164,67.3,1158,62.9,518,59.3
"Ledyard School District","=""0720011""","Gender","Female",568,69.7,567,62.8,256,59.3
"Ledyard School District","=""0720011""","Gender","Male",616,65.0,611,62.9,274,58.7
"Ledyard School District","=""0720011""","Grade","03",154,68.7,154,61.5,"N/A","N/A"
"Ledyard School District","=""0720011""","Grade","04",166,70.1,166,66.7,"N/A","N/A"
"Ledyard School District","=""0720011""","Grade","05",180,66.3,179,63.7,180,59.2
"Ledyard School District","=""0720011""","Grade","06",167,70.0,164,65.6,"N/A","N/A"
"Ledyard School District","=""0720011""","Grade","07",163,69.2,163,63.7,"N/A","N/A"
"Ledyard School District","=""0720011""","Grade","08",163,65.4,161,62.0,163,55.5
"Ledyard School District","=""0720011""","Grade","10","N/A","N/A","N/A","N/A",187,61.8
"Ledyard School District","=""0720011""","Grade","11",191,62.1,191,57.3,"N/A","N/A"
"Ledyard School District","=""0720011""","High Needs (F/R, EL or SWD)","High Needs",422,58.0,418,53.6,190,51.9
"Ledyard School District","=""0720011""","High Needs (F/R, EL or SWD)","Not High Needs",762,72.4,760,67.9,340,62.9
"Ledyard School District","=""0720011""","Free/Reduced Price Meal Eligibility (2-level)","Eligible For Free Or Reduced Price Meals",260,60.9,256,57.3,118,54.4
"Ledyard School District","=""0720011""","Free/Reduced Price Meal Eligibility (2-level)","Not Eligible For Free Or Reduced Price Meals",924,69.1,922,64.4,412,60.3
"Ledyard School District","=""0720011""","Race/Ethnicity","American Indian or Alaska Native","*","*","*","*",28,45.8
"Ledyard School District","=""0720011""","Race/Ethnicity","Asian",47,72.9,47,72.3,"*","*"
"Ledyard School District","=""0720011""","Race/Ethnicity","Black or African American",67,62.4,67,54.9,32,53.8
"Ledyard School District","=""0720011""","Race/Ethnicity","Hispanic or Latino",120,65.5,119,59.3,54,54.0
"Ledyard School District","=""0720011""","Race/Ethnicity","Native Hawaiian or Other Pacific Islander","*","*","*","*","*","*"
"Ledyard School District","=""0720011""","Race/Ethnicity","Two or More Races",66,61.0,65,55.7,25,49.4
"Ledyard School District","=""0720011""","Race/Ethnicity","White",835,68.9,832,64.7,373,61.8
"Ledyard School District","=""0720011""","Special Education Status (SWD)","Students with Disabilities",208,51.8,208,46.9,91,48.7
"Ledyard School District","=""0720011""","Special Education Status (SWD)","Students without Disabilities",976,70.6,970,66.2,439,61.1
"Lisbon School District","=""0730011""","All Students","District",259,71.3,259,60.4,92,61.0
"Lisbon School District","=""0730011""","English Language Learners (EL)","English Learners","*","*","*","*","*","*"
"Lisbon School District","=""0730011""","English Language Learners (EL)","Not English Learners","*","*","*","*","*","*"
"Lisbon School District","=""0730011""","Gender","Female",147,73.9,147,59.3,55,62.3
"Lisbon School District","=""0730011""","Gender","Male",112,67.8,112,61.8,37,59.1
"Lisbon School District","=""0730011""","Grade","03",38,73.2,38,60.0,"N/A","N/A"
"Lisbon School District","=""0730011""","Grade","04",38,79.0,38,76.0,"N/A","N/A"
"Lisbon School District","=""0730011""","Grade","05",38,72.1,38,61.2,"*","*"
"Lisbon School District","=""0730011""","Grade","06",48,64.4,48,52.0,"N/A","N/A"
"Lisbon School District","=""0730011""","Grade","07",44,69.5,44,57.3,"N/A","N/A"
"Lisbon School District","=""0730011""","Grade","08",53,71.3,53,59.0,53,62.1
"Lisbon School District","=""0730011""","Grade","10","N/A","N/A","N/A","N/A","*","*"
"Lisbon School District","=""0730011""","High Needs (F/R, EL or SWD)","High Needs",88,63.5,88,51.8,27,57.6
"Lisbon School District","=""0730011""","High Needs (F/R, EL or SWD)","Not High Needs",171,75.2,171,64.8,65,62.5
"Lisbon School District","=""0730011""","Free/Reduced Price Meal Eligibility (2-level)","Eligible For Free Or Reduced Price Meals",66,67.6,66,54.8,22,58.8
"Lisbon School District","=""0730011""","Free/Reduced Price Meal Eligibility (2-level)","Not Eligible For Free Or Reduced Price Meals",193,72.5,193,62.3,70,61.7
"Lisbon School District","=""0730011""","Race/Ethnicity","Asian","*","*","*","*","*","*"
"Lisbon School District","=""0730011""","Race/Ethnicity","Black or African American","*","*","*","*","*","*"
"Lisbon School District","=""0730011""","Race/Ethnicity","Hispanic or Latino",22,67.1,22,59.5,10,"*"
"Lisbon School District","=""0730011""","Race/Ethnicity","Native Hawaiian or Other Pacific Islander","*","*","*","*","N/A","N/A"
"Lisbon School District","=""0730011""","Race/Ethnicity","Two or More Races",18,"*",18,"*",7,"*"
"Lisbon School District","=""0730011""","Race/Ethnicity","White",212,70.9,212,59.7,73,61.0
"Lisbon School District","=""0730011""","Special Education Status (SWD)","Students with Disabilities",30,49.6,30,40.6,8,"*"
"Lisbon School District","=""0730011""","Special Education Status (SWD)","Students without Disabilities",229,74.1,229,63.0,84,62.5
"Litchfield School District","=""0740011""","All Students","District",459,76.4,459,74.2,221,67.4
"Litchfield School District","=""0740011""","English Language Learners (EL)","English Learners","N/A","N/A","N/A","N/A","N/A","N/A"
"Litchfield School District","=""0740011""","English Language Learners (EL)","Not English Learners",459,76.4,459,74.2,221,67.4
"Litchfield School District","=""0740011""","Gender","Female",219,78.1,219,73.3,101,65.6
"Litchfield School District","=""0740011""","Gender","Male",240,74.7,240,75.0,120,68.9
"Litchfield School District","=""0740011""","Grade","03",54,74.8,54,72.6,"N/A","N/A"
"Litchfield School District","=""0740011""","Grade","04",52,80.2,52,78.4,"N/A","N/A"
"Litchfield School District","=""0740011""","Grade","05",68,79.2,68,82.2,68,72.7
"Litchfield School District","=""0740011""","Grade","06",65,77.0,65,78.2,"N/A","N/A"
"Litchfield School District","=""0740011""","Grade","07",76,84.9,76,75.7,"N/A","N/A"
"Litchfield School District","=""0740011""","Grade","08",82,73.7,82,69.9,82,64.2
"Litchfield School District","=""0740011""","Grade","10","N/A","N/A","N/A","N/A",71,66.1
"Litchfield School District","=""0740011""","Grade","11",62,63.7,62,63.1,"N/A","N/A"
"Litchfield School District","=""0740011""","High Needs (F/R, EL or SWD)","High Needs",113,61.0,112,61.3,54,61.3
"Litchfield School District","=""0740011""","High Needs (F/R, EL or SWD)","Not High Needs",346,81.4,347,78.4,167,69.4
"Litchfield School District","=""0740011""","Free/Reduced Price Meal Eligibility (2-level)","Eligible For Free Or Reduced Price Meals",62,67.7,62,66.0,30,68.3
"Litchfield School District","=""0740011""","Free/Reduced Price Meal Eligibility (2-level)","Not Eligible For Free Or Reduced Price Meals",397,77.7,397,75.5,191,67.3
"Litchfield School District","=""0740011""","Race/Ethnicity","Asian",8,"*",8,"*","*","*"
"Litchfield School District","=""0740011""","Race/Ethnicity","Black or African American","N/A","N/A","N/A","N/A","*","*"
"Litchfield School District","=""0740011""","Race/Ethnicity","Hispanic or Latino",20,73.1,19,"*","*","*"
"Litchfield School District","=""0740011""","Race/Ethnicity","Native Hawaiian or Other Pacific Islander",7,"*",7,"*","*","*"
"Litchfield School District","=""0740011""","Race/Ethnicity","Two or More Races",6,"*",6,"*","*","*"
"Litchfield School District","=""0740011""","Race/Ethnicity","White",418,76.1,419,73.8,204,67.2
"Litchfield School District","=""0740011""","Special Education Status (SWD)","Students with Disabilities",72,54.3,71,55.8,30,53.2
"Litchfield School District","=""0740011""","Special Education Status (SWD)","Students without Disabilities",387,80.5,388,77.6,191,69.6
"Madison School District","=""0760011""","All Students","District",1426,73.3,1416,70.9,686,60.3
"Madison School District","=""0760011""","English Language Learners (EL)","English Learners",15,"*",15,"*","*","*"
"Madison School District","=""0760011""","English Language Learners (EL)","Not English Learners",1411,73.4,1401,70.9,"*","*"
"Madison School District","=""0760011""","Gender","Female",642,76.6,639,70.4,325,60.0
"Madison School District","=""0760011""","Gender","Male",784,70.7,777,71.2,361,60.6
"Madison School District","=""0760011""","Grade","03",181,76.1,181,73.2,"N/A","N/A"
"Madison School District","=""0760011""","Grade","04",176,82.5,175,81.1,"N/A","N/A"
"Madison School District","=""0760011""","Grade","05",195,77.3,194,75.2,196,59.8
"Madison School District","=""0760011""","Grade","06",179,73.8,170,64.3,"N/A","N/A"
"Madison School District","=""0760011""","Grade","07",187,71.0,187,70.3,"N/A","N/A"
"Madison School District","=""0760011""","Grade","08",220,63.7,221,64.4,230,62.8
"Madison School District","=""0760011""","Grade","10","N/A","N/A","N/A","N/A",260,58.4
"Madison School District","=""0760011""","Grade","11",288,71.9,288,69.5,"N/A","N/A"
"Madison School District","=""0760011""","High Needs (F/R, EL or SWD)","High Needs",241,58.3,241,55.3,104,50.7
"Madison School District","=""0760011""","High Needs (F/R, EL or SWD)","Not High Needs",1185,76.4,1175,74.1,582,62.0
"Madison School District","=""0760011""","Free/Reduced Price Meal Eligibility (2-level)","Eligible For Free Or Reduced Price Meals",52,64.7,52,65.2,20,56.8
"Madison School District","=""0760011""","Free/Reduced Price Meal Eligibility (2-level)","Not Eligible For Free Or Reduced Price Meals",1374,73.7,1364,71.1,666,60.4
"Madison School District","=""0760011""","Race/Ethnicity","American Indian or Alaska Native","*","*","*","*","*","*"
"Madison School District","=""0760011""","Race/Ethnicity","Asian",57,82.4,57,84.2,31,69.4
"Madison School District","=""0760011""","Race/Ethnicity","Black or African American",7,"*",7,"*","*","*"
"Madison School District","=""0760011""","Race/Ethnicity","Hispanic or Latino",56,72.7,56,68.4,29,58.3
"Madison School District","=""0760011""","Race/Ethnicity","Native Hawaiian or Other Pacific Islander","*","*","*","*","N/A","N/A"
"Madison School District","=""0760011""","Race/Ethnicity","Two or More Races",50,80.1,50,77.8,21,62.6
"Madison School District","=""0760011""","Race/Ethnicity","White",1253,72.8,1243,70.1,601,59.8
"Madison School District","=""0760011""","Special Education Status (SWD)","Students with Disabilities",193,55.1,193,51.0,89,49.2
"Madison School District","=""0760011""","Special Education Status (SWD)","Students without Disabilities",1233,76.2,1223,74.0,597,61.9
"Manchester School District","=""0770011""","All Students","District",2919,57.9,2900,54.3,1249,48.0
"Manchester School District","=""0770011""","English Language Learners (EL)","English Learners",296,50.2,294,48.9,105,38.8
"Manchester School District","=""0770011""","English Language Learners (EL)","Not English Learners",2623,58.7,2606,55.0,1144,48.8
"Manchester School District","=""0770011""","Gender","Female",1404,61.0,1397,54.8,601,49.4
"Manchester School District","=""0770011""","Gender","Male",1515,55.0,1503,53.9,648,46.7
"Manchester School District","=""0770011""","Grade","03",483,61.1,482,58.3,"N/A","N/A"
"Manchester School District","=""0770011""","Grade","04",492,63.3,492,59.2,"N/A","N/A"
"Manchester School District","=""0770011""","Grade","05",449,60.2,446,56.3,449,48.2
"Manchester School District","=""0770011""","Grade","06",402,59.9,401,56.1,"N/A","N/A"
"Manchester School District","=""0770011""","Grade","07",385,55.6,378,51.8,"N/A","N/A"
"Manchester School District","=""0770011""","Grade","08",379,49.1,372,46.7,390,46.6
"Manchester School District","=""0770011""","Grade","10","N/A","N/A","N/A","N/A",410,49.2
"Manchester School District","=""0770011""","Grade","11",329,52.0,329,47.9,"N/A","N/A"
"Manchester School District","=""0770011""","High Needs (F/R, EL or SWD)","High Needs",1748,51.6,1732,47.9,700,41.9
"Manchester School District","=""0770011""","High Needs (F/R, EL or SWD)","Not High Needs",1171,67.3,1168,63.8,549,55.8
"Manchester School District","=""0770011""","Free/Reduced Price Meal Eligibility (2-level)","Eligible For Free Or Reduced Price Meals",1565,52.3,1549,48.6,628,42.5
"Manchester School District","=""0770011""","Free/Reduced Price Meal Eligibility (2-level)","Not Eligible For Free Or Reduced Price Meals",1354,64.4,1351,60.9,621,53.6
"Manchester School District","=""0770011""","Race/Ethnicity","American Indian or Alaska Native","*","*","*","*","*","*"
"Manchester School District","=""0770011""","Race/Ethnicity","Asian",222,64.1,222,63.3,87,52.1
"Manchester School District","=""0770011""","Race/Ethnicity","Black or African American",648,51.0,646,46.4,274,40.9
"Manchester School District","=""0770011""","Race/Ethnicity","Hispanic or Latino",809,52.6,800,48.6,345,43.2
"Manchester School District","=""0770011""","Race/Ethnicity","Native Hawaiian or Other Pacific Islander","*","*","*","*","*","*"
"Manchester School District","=""0770011""","Race/Ethnicity","Two or More Races",116,60.2,114,55.5,67,54.2
"Manchester School District","=""0770011""","Race/Ethnicity","White",1117,64.1,1111,61.1,472,54.0
"Manchester School District","=""0770011""","Special Education Status (SWD)","Students with Disabilities",390,37.5,387,32.8,167,32.1
"Manchester School District","=""0770011""","Special Education Status (SWD)","Students without Disabilities",2529,61.0,2513,57.7,1082,50.4
"Mansfield School District","=""0780011""","All Students","District",746,78.9,746,76.5,264,65.1
"Mansfield School District","=""0780011""","English Language Learners (EL)","English Learners",47,67.2,47,74.9,11,"*"
"Mansfield School District","=""0780011""","English Language Learners (EL)","Not English Learners",699,79.7,699,76.6,253,65.6
"Mansfield School District","=""0780011""","Gender","Female",363,81.3,363,76.5,120,64.3
"Mansfield School District","=""0780011""","Gender","Male",383,76.7,383,76.6,144,65.6
"Mansfield School District","=""0780011""","Grade","03",112,79.9,112,77.6,"N/A","N/A"
"Mansfield School District","=""0780011""","Grade","04",140,84.9,140,82.1,"N/A","N/A"
"Mansfield School District","=""0780011""","Grade","05",129,78.4,129,78.1,129,64.3
"Mansfield School District","=""0780011""","Grade","06",119,79.0,119,73.4,"N/A","N/A"
"Mansfield School District","=""0780011""","Grade","07",118,80.3,117,77.5,"N/A","N/A"
"Mansfield School District","=""0780011""","Grade","08",128,70.7,129,69.8,135,65.7
"Mansfield School District","=""0780011""","High Needs (F/R, EL or SWD)","High Needs",266,67.3,266,66.4,98,57.5
"Mansfield School District","=""0780011""","High Needs (F/R, EL or SWD)","Not High Needs",480,85.4,480,82.1,166,69.5
"Mansfield School District","=""0780011""","Free/Reduced Price Meal Eligibility (2-level)","Eligible For Free Or Reduced Price Meals",182,68.9,181,67.3,68,60.8
"Mansfield School District","=""0780011""","Free/Reduced Price Meal Eligibility (2-level)","Not Eligible For Free Or Reduced Price Meals",564,82.2,565,79.5,196,66.5
"Mansfield School District","=""0780011""","Race/Ethnicity","American Indian or Alaska Native","*","*","*","*","N/A","N/A"
"Mansfield School District","=""0780011""","Race/Ethnicity","Asian",88,86.4,88,91.3,20,71.9
"Mansfield School District","=""0780011""","Race/Ethnicity","Black or African American","*","*","*","*",7,"*"
"Mansfield School District","=""0780011""","Race/Ethnicity","Hispanic or Latino",86,70.1,85,65.2,33,56.9
"Mansfield School District","=""0780011""","Race/Ethnicity","Two or More Races",38,81.5,38,78.7,13,"*"
"Mansfield School District","=""0780011""","Race/Ethnicity","White",516,79.2,517,76.0,191,65.9
"Mansfield School District","=""0780011""","Special Education Status (SWD)","Students with Disabilities",100,54.5,100,52.5,41,51.3
"Mansfield School District","=""0780011""","Special Education Status (SWD)","Students without Disabilities",646,82.7,646,80.2,223,67.6
"Marlborough School District","=""0790011""","All Students","District",327,78.2,327,75.8,94,63.8
"Marlborough School District","=""0790011""","English Language Learners (EL)","English Learners","*","*","*","*","N/A","N/A"
"Marlborough School District","=""0790011""","English Language Learners (EL)","Not English Learners","*","*","*","*",94,63.8
"Marlborough School District","=""0790011""","Gender","Female",153,82.0,153,75.1,40,64.3
"Marlborough School District","=""0790011""","Gender","Male",174,74.8,174,76.4,54,63.5
"Marlborough School District","=""0790011""","Grade","03",62,77.3,62,72.3,"N/A","N/A"
"Marlborough School District","=""0790011""","Grade","04",82,74.2,82,72.5,"N/A","N/A"
"Marlborough School District","=""0790011""","Grade","05",94,78.4,94,74.7,94,63.8
"Marlborough School District","=""0790011""","Grade","06",89,82.2,89,82.5,"N/A","N/A"
"Marlborough School District","=""0790011""","High Needs (F/R, EL or SWD)","High Needs",55,62.8,55,62.5,13,"*"
"Marlborough School District","=""0790011""","High Needs (F/R, EL or SWD)","Not High Needs",272,81.3,272,78.5,81,65.6
"Marlborough School District","=""0790011""","Free/Reduced Price Meal Eligibility (2-level)","Eligible For Free Or Reduced Price Meals",27,72.0,27,69.9,6,"*"
"Marlborough School District","=""0790011""","Free/Reduced Price Meal Eligibility (2-level)","Not Eligible For Free Or Reduced Price Meals",300,78.7,300,76.3,88,64.3
"Marlborough School District","=""0790011""","Race/Ethnicity","Asian","*","*","*","*","N/A","N/A"
"Marlborough School District","=""0790011""","Race/Ethnicity","Black or African American","*","*","*","*","*","*"
"Marlborough School District","=""0790011""","Race/Ethnicity","Hispanic or Latino",20,68.8,20,63.9,"*","*"
"Marlborough School District","=""0790011""","Race/Ethnicity","Two or More Races",9,"*",9,"*","*","*"
"Marlborough School District","=""0790011""","Race/Ethnicity","White",291,78.6,291,76.6,87,63.6
"Marlborough School District","=""0790011""","Special Education Status (SWD)","Students with Disabilities",31,52.3,31,52.8,9,"*"
"Marlborough School District","=""0790011""","Special Education Status (SWD)","Students without Disabilities",296,80.9,296,78.2,85,65.3
"Meriden School District","=""0800011""","All Students","District",3842,59.1,3826,53.8,1569,46.6
"Meriden School District","=""0800011""","English Language Learners (EL)","English Learners",694,50.9,691,47.8,285,37.4
"Meriden School District","=""0800011""","English Language Learners (EL)","Not English Learners",3148,60.9,3135,55.1,1284,48.6
"Meriden School District","=""0800011""","Gender","Female",1866,61.9,1858,54.1,758,47.6
"Meriden School District","=""0800011""","Gender","Male",1976,56.5,1968,53.4,811,45.7
"Meriden School District","=""0800011""","Grade","03",670,64.8,670,59.1,"N/A","N/A"
"Meriden School District","=""0800011""","Grade","04",685,65.9,684,60.3,"N/A","N/A"
"Meriden School District","=""0800011""","Grade","05",626,59.7,624,56.9,623,49.3
"Meriden School District","=""0800011""","Grade","06",458,59.6,455,50.7,"N/A","N/A"
"Meriden School District","=""0800011""","Grade","07",444,57.6,438,53.1,"N/A","N/A"
"Meriden School District","=""0800011""","Grade","08",467,52.7,463,46.6,468,46.7
"Meriden School District","=""0800011""","Grade","10","N/A","N/A","N/A","N/A",478,42.9
"Meriden School District","=""0800011""","Grade","11",492,48.4,492,43.5,"N/A","N/A"
"Meriden School District","=""0800011""","High Needs (F/R, EL or SWD)","High Needs",2879,55.0,2865,50.2,1190,43.2
"Meriden School District","=""0800011""","High Needs (F/R, EL or SWD)","Not High Needs",963,71.5,961,64.5,379,57.2
"Meriden School District","=""0800011""","Free/Reduced Price Meal Eligibility (2-level)","Eligible For Free Or Reduced Price Meals",2697,55.3,2684,50.4,1115,43.3
"Meriden School District","=""0800011""","Free/Reduced Price Meal Eligibility (2-level)","Not Eligible For Free Or Reduced Price Meals",1145,68.2,1142,61.7,454,54.7
"Meriden School District","=""0800011""","Race/Ethnicity","American Indian or Alaska Native","*","*","*","*","*","*"
"Meriden School District","=""0800011""","Race/Ethnicity","Asian","*","*","*","*","*","*"
"Meriden School District","=""0800011""","Race/Ethnicity","Black or African American",431,55.1,430,48.9,189,43.5
"Meriden School District","=""0800011""","Race/Ethnicity","Hispanic or Latino",1990,55.0,1979,49.9,796,42.5
"Meriden School District","=""0800011""","Race/Ethnicity","Two or More Races",127,62.7,127,57.3,64,47.8
"Meriden School District","=""0800011""","Race/Ethnicity","White",1201,65.9,1197,60.3,485,53.5
"Meriden School District","=""0800011""","Special Education Status (SWD)","Students with Disabilities",712,41.4,708,37.5,317,35.6
"Meriden School District","=""0800011""","Special Education Status (SWD)","Students without Disabilities",3130,63.1,3118,57.5,1252,49.4
"Middletown School District","=""0830011""","All Students","District",2352,64.5,2350,59.1,1016,51.7
"Middletown School District","=""0830011""","English Language Learners (EL)","English Learners",130,54.7,130,52.1,44,42.5
"Middletown School District","=""0830011""","English Language Learners (EL)","Not English Learners",2222,65.1,2220,59.5,972,52.1
"Middletown School District","=""0830011""","Gender","Female",1148,67.6,1146,60.2,512,51.8
"Middletown School District","=""0830011""","Gender","Male",1204,61.6,1204,58.1,504,51.7
"Middletown School District","=""0830011""","Grade","03",375,66.9,375,60.6,"N/A","N/A"
"Middletown School District","=""0830011""","Grade","04",363,68.9,363,64.1,"N/A","N/A"
"Middletown School District","=""0830011""","Grade","05",347,69.0,347,67.7,346,55.3
"Middletown School District","=""0830011""","Grade","06",290,64.1,290,58.5,"N/A","N/A"
"Middletown School District","=""0830011""","Grade","07",308,64.9,308,57.7,"N/A","N/A"
"Middletown School District","=""0830011""","Grade","08",362,61.3,360,52.2,362,50.2
"Middletown School District","=""0830011""","Grade","10","N/A","N/A","N/A","N/A",308,49.6
"Middletown School District","=""0830011""","Grade","11",307,55.4,307,51.8,"N/A","N/A"
"Middletown School District","=""0830011""","High Needs (F/R, EL or SWD)","High Needs",1167,54.7,1167,49.2,486,44.6
"Middletown School District","=""0830011""","High Needs (F/R, EL or SWD)","Not High Needs",1185,74.2,1183,68.9,530,58.3
"Middletown School District","=""0830011""","Free/Reduced Price Meal Eligibility (2-level)","Eligible For Free Or Reduced Price Meals",1038,55.4,1038,49.8,441,44.8
"Middletown School District","=""0830011""","Free/Reduced Price Meal Eligibility (2-level)","Not Eligible For Free Or Reduced Price Meals",1314,71.8,1312,66.5,575,57.1
"Middletown School District","=""0830011""","Race/Ethnicity","American Indian or Alaska Native","*","*","*","*","*","*"
"Middletown School District","=""0830011""","Race/Ethnicity","Asian",96,77.6,96,73.6,40,57.8
"Middletown School District","=""0830011""","Race/Ethnicity","Black or African American",474,53.2,473,47.9,204,42.5
"Middletown School District","=""0830011""","Race/Ethnicity","Hispanic or Latino",427,55.2,427,50.3,182,43.2
"Middletown School District","=""0830011""","Race/Ethnicity","Native Hawaiian or Other Pacific Islander","*","*","*","*","*","*"
"Middletown School District","=""0830011""","Race/Ethnicity","Two or More Races",144,65.7,144,58.2,46,51.1
"Middletown School District","=""0830011""","Race/Ethnicity","White",1204,71.2,1203,65.7,542,57.7
"Middletown School District","=""0830011""","Special Education Status (SWD)","Students with Disabilities",308,41.2,308,35.8,127,36.8
"Middletown School District","=""0830011""","Special Education Status (SWD)","Students without Disabilities",2044,68.1,2042,62.6,889,53.9
"Milford School District","=""0840011""","All Students","District",3030,71.7,3014,67.7,1349,58.4
"Milford School District","=""0840011""","English Language Learners (EL)","English Learners",132,66.4,130,65.4,47,53.6
"Milford School District","=""0840011""","English Language Learners (EL)","Not English Learners",2898,71.9,2884,67.8,1302,58.5
"Milford School District","=""0840011""","Gender","Female",1465,74.4,1457,67.8,670,58.1
"Milford School District","=""0840011""","Gender","Male",1565,69.1,1557,67.7,679,58.6
"Milford School District","=""0840011""","Grade","03",410,71.4,410,69.2,"N/A","N/A"
"Milford School District","=""0840011""","Grade","04",428,74.6,426,72.4,"N/A","N/A"
"Milford School District","=""0840011""","Grade","05",412,73.3,411,71.3,414,62.1
"Milford School District","=""0840011""","Grade","06",438,75.5,434,70.8,"N/A","N/A"
"Milford School District","=""0840011""","Grade","07",446,72.9,444,68.2,"N/A","N/A"
"Milford School District","=""0840011""","Grade","08",487,70.1,480,63.7,496,58.8
"Milford School District","=""0840011""","Grade","10","N/A","N/A","N/A","N/A",439,54.4
"Milford School District","=""0840011""","Grade","11",409,63.5,409,58.8,"N/A","N/A"
"Milford School District","=""0840011""","High Needs (F/R, EL or SWD)","High Needs",922,61.7,919,57.0,422,49.8
"Milford School District","=""0840011""","High Needs (F/R, EL or SWD)","Not High Needs",2108,76.0,2095,72.5,927,62.3
"Milford School District","=""0840011""","Free/Reduced Price Meal Eligibility (2-level)","Eligible For Free Or Reduced Price Meals",619,63.8,618,58.6,275,52.4
"Milford School District","=""0840011""","Free/Reduced Price Meal Eligibility (2-level)","Not Eligible For Free Or Reduced Price Meals",2411,73.7,2396,70.1,1074,59.9
"Milford School District","=""0840011""","Race/Ethnicity","American Indian or Alaska Native","*","*","*","*","*","*"
"Milford School District","=""0840011""","Race/Ethnicity","Asian",281,78.1,280,77.8,118,62.6
"Milford School District","=""0840011""","Race/Ethnicity","Black or African American",158,63.4,158,57.7,70,52.0
"Milford School District","=""0840011""","Race/Ethnicity","Hispanic or Latino",206,65.5,206,60.6,85,49.8
"Milford School District","=""0840011""","Race/Ethnicity","Native Hawaiian or Other Pacific Islander","*","*","*","*","*","*"
"Milford School District","=""0840011""","Race/Ethnicity","Two or More Races",8,"*",8,"*","*","*"
"Milford School District","=""0840011""","Race/Ethnicity","White",2368,72.0,2353,67.8,1069,58.9
"Milford School District","=""0840011""","Special Education Status (SWD)","Students with Disabilities",353,52.1,353,46.4,178,41.3
"Milford School District","=""0840011""","Special Education Status (SWD)","Students without Disabilities",2677,74.2,2661,70.6,1171,61.0
"Monroe School District","=""0850011""","All Students","District",1738,78.9,1736,73.3,732,68.6
"Monroe School District","=""0850011""","English Language Learners (EL)","English Learners",26,70.8,26,63.7,7,"*"
"Monroe School District","=""0850011""","English Language Learners (EL)","Not English Learners",1712,79.0,1710,73.4,725,68.7
"Monroe School District","=""0850011""","Gender","Female",861,81.7,859,72.7,368,67.5
"Monroe School District","=""0850011""","Gender","Male",877,76.2,877,73.8,364,69.7
"Monroe School District","=""0850011""","Grade","03",219,82.0,219,76.8,"N/A","N/A"
"Monroe School District","=""0850011""","Grade","04",224,84.6,224,79.3,"N/A","N/A"
"Monroe School District","=""0850011""","Grade","05",232,83.5,232,77.9,234,72.8
"Monroe School District","=""0850011""","Grade","06",235,83.7,235,75.4,"N/A","N/A"
"Monroe School District","=""0850011""","Grade","07",281,77.3,279,69.1,"N/A","N/A"
"Monroe School District","=""0850011""","Grade","08",256,77.1,256,70.8,256,66.1
"Monroe School District","=""0850011""","Grade","10","N/A","N/A","N/A","N/A",242,67.3
"Monroe School District","=""0850011""","Grade","11",291,67.9,291,66.8,"N/A","N/A"
"Monroe School District","=""0850011""","High Needs (F/R, EL or SWD)","High Needs",315,65.3,315,58.8,128,56.8
"Monroe School District","=""0850011""","High Needs (F/R, EL or SWD)","Not High Needs",1423,81.9,1421,76.5,604,71.1
"Monroe School District","=""0850011""","Free/Reduced Price Meal Eligibility (2-level)","Eligible For Free Or Reduced Price Meals",130,74.0,130,65.5,49,63.6
"Monroe School District","=""0850011""","Free/Reduced Price Meal Eligibility (2-level)","Not Eligible For Free Or Reduced Price Meals",1608,79.3,1606,73.9,683,69.0
"Monroe School District","=""0850011""","Race/Ethnicity","American Indian or Alaska Native","*","*","*","*","*","*"
"Monroe School District","=""0850011""","Race/Ethnicity","Asian",73,89.7,73,83.8,28,75.4
"Monroe School District","=""0850011""","Race/Ethnicity","Black or African American","*","*","*","*","*","*"
"Monroe School District","=""0850011""","Race/Ethnicity","Hispanic or Latino",130,74.2,130,69.8,52,64.6
"Monroe School District","=""0850011""","Race/Ethnicity","Two or More Races",48,82.8,48,76.8,28,68.9
"Monroe School District","=""0850011""","Race/Ethnicity","White",1452,78.8,1450,73.2,606,69.0
"Monroe School District","=""0850011""","Special Education Status (SWD)","Students with Disabilities",189,58.6,189,52.5,85,52.1
"Monroe School District","=""0850011""","Special Education Status (SWD)","Students without Disabilities",1549,81.4,1547,75.8,647,70.8
"Montville School District","=""0860011""","All Students","District",1207,69.7,1205,64.5,469,60.2
"Montville School District","=""0860011""","English Language Learners (EL)","English Learners",70,70.1,70,68.6,21,50.8
"Montville School District","=""0860011""","English Language Learners (EL)","Not English Learners",1137,69.6,1135,64.2,448,60.7
"Montville School District","=""0860011""","Gender","Female",608,71.8,607,64.5,247,60.5
"Montville School District","=""0860011""","Gender","Male",599,67.5,598,64.5,222,59.9
"Montville School District","=""0860011""","Grade","03",181,72.7,181,69.4,"N/A","N/A"
"Montville School District","=""0860011""","Grade","04",166,75.3,166,71.1,"N/A","N/A"
"Montville School District","=""0860011""","Grade","05",144,75.1,144,73.4,144,61.7
"Montville School District","=""0860011""","Grade","06",179,71.8,179,64.0,"N/A","N/A"
"Montville School District","=""0860011""","Grade","07",186,67.5,185,59.9,"N/A","N/A"
"Montville School District","=""0860011""","Grade","08",172,64.5,171,58.4,175,61.5
"Montville School District","=""0860011""","Grade","10","N/A","N/A","N/A","N/A",150,57.4
"Montville School District","=""0860011""","Grade","11",179,62.1,179,57.4,"N/A","N/A"
"Montville School District","=""0860011""","High Needs (F/R, EL or SWD)","High Needs",565,63.1,564,58.5,220,54.3
"Montville School District","=""0860011""","High Needs (F/R, EL or SWD)","Not High Needs",642,75.4,641,69.8,249,65.5
"Montville School District","=""0860011""","Free/Reduced Price Meal Eligibility (2-level)","Eligible For Free Or Reduced Price Meals",447,64.8,446,60.4,176,55.7
"Montville School District","=""0860011""","Free/Reduced Price Meal Eligibility (2-level)","Not Eligible For Free Or Reduced Price Meals",760,72.5,759,66.9,293,63.0
"Montville School District","=""0860011""","Race/Ethnicity","American Indian or Alaska Native","*","*","*","*",8,"*"
"Montville School District","=""0860011""","Race/Ethnicity","Asian",101,76.2,101,76.2,45,67.3
"Montville School District","=""0860011""","Race/Ethnicity","Black or African American",22,66.5,22,64.3,10,"*"
"Montville School District","=""0860011""","Race/Ethnicity","Hispanic or Latino",118,64.6,117,58.6,48,54.5
"Montville School District","=""0860011""","Race/Ethnicity","Native Hawaiian or Other Pacific Islander","*","*","*","*","N/A","N/A"
"Montville School District","=""0860011""","Race/Ethnicity","Two or More Races",149,68.9,149,61.2,45,57.8
"Montville School District","=""0860011""","Race/Ethnicity","White",803,69.9,802,64.6,313,60.9
"Montville School District","=""0860011""","Special Education Status (SWD)","Students with Disabilities",170,52.8,170,47.4,69,46.0
"Montville School District","=""0860011""","Special Education Status (SWD)","Students without Disabilities",1037,72.4,1035,67.3,400,62.7
"Naugatuck School District","=""0880011""","All Students","District",2156,63.5,2152,59.7,914,49.6
"Naugatuck School District","=""0880011""","English Language Learners (EL)","English Learners",164,53.5,162,55.2,60,44.0
"Naugatuck School District","=""0880011""","English Language Learners (EL)","Not English Learners",1992,64.3,1990,60.1,854,50.0
"Naugatuck School District","=""0880011""","Gender","Female",1024,66.7,1025,60.0,424,49.2
"Naugatuck School District","=""0880011""","Gender","Male",1132,60.6,1127,59.4,490,49.9
"Naugatuck School District","=""0880011""","Grade","03",306,64.8,306,63.2,"N/A","N/A"
"Naugatuck School District","=""0880011""","Grade","04",309,67.3,309,68.7,"N/A","N/A"
"Naugatuck School District","=""0880011""","Grade","05",319,60.6,319,59.0,320,47.9
"Naugatuck School District","=""0880011""","Grade","06",304,67.2,305,61.2,"N/A","N/A"
"Naugatuck School District","=""0880011""","Grade","07",315,68.1,312,62.0,"N/A","N/A"
"Naugatuck School District","=""0880011""","Grade","08",326,63.4,324,55.6,329,52.5
"Naugatuck School District","=""0880011""","Grade","10","N/A","N/A","N/A","N/A",265,47.9
"Naugatuck School District","=""0880011""","Grade","11",277,51.8,277,47.1,"N/A","N/A"
"Naugatuck School District","=""0880011""","High Needs (F/R, EL or SWD)","High Needs",1210,57.0,1205,53.5,504,44.3
"Naugatuck School District","=""0880011""","High Needs (F/R, EL or SWD)","Not High Needs",946,71.8,947,67.6,410,56.0
"Naugatuck School District","=""0880011""","Free/Reduced Price Meal Eligibility (2-level)","Eligible For Free Or Reduced Price Meals",1015,58.8,1014,54.7,428,45.1
"Naugatuck School District","=""0880011""","Free/Reduced Price Meal Eligibility (2-level)","Not Eligible For Free Or Reduced Price Meals",1141,67.6,1138,64.1,486,53.5
"Naugatuck School District","=""0880011""","Race/Ethnicity","American Indian or Alaska Native","*","*","*","*","*","*"
"Naugatuck School District","=""0880011""","Race/Ethnicity","Asian",68,66.3,68,68.0,20,56.0
"Naugatuck School District","=""0880011""","Race/Ethnicity","Black or African American",173,57.1,173,51.0,78,39.1
"Naugatuck School District","=""0880011""","Race/Ethnicity","Hispanic or Latino",496,59.1,493,54.9,196,46.7
"Naugatuck School District","=""0880011""","Race/Ethnicity","Native Hawaiian or Other Pacific Islander","*","*","*","*","*","*"
"Naugatuck School District","=""0880011""","Race/Ethnicity","Two or More Races",108,63.8,108,55.2,43,48.1
"Naugatuck School District","=""0880011""","Race/Ethnicity","White",1301,65.9,1300,62.7,574,51.9
"Naugatuck School District","=""0880011""","Special Education Status (SWD)","Students with Disabilities",365,43.7,360,40.1,139,36.9
"Naugatuck School District","=""0880011""","Special Education Status (SWD)","Students without Disabilities",1791,67.5,1792,63.6,775,51.8
"New Britain School District","=""0890011""","All Students","District",4736,49.5,4726,43.3,1889,39.8
"New Britain School District","=""0890011""","English Language Learners (EL)","English Learners",1137,42.3,1133,37.9,447,33.8
"New Britain School District","=""0890011""","English Language Learners (EL)","Not English Learners",3599,51.8,3593,45.0,1442,41.7
"New Britain School District","=""0890011""","Gender","Female",2247,51.6,2240,43.8,917,39.8
"New Britain School District","=""0890011""","Gender","Male",2489,47.6,2486,42.8,972,39.8
"New Britain School District","=""0890011""","Grade","03",771,54.6,772,47.2,"N/A","N/A"
"New Britain School District","=""0890011""","Grade","04",792,55.8,787,48.0,"N/A","N/A"
"New Britain School District","=""0890011""","Grade","05",761,48.9,760,44.9,754,39.7
"New Britain School District","=""0890011""","Grade","06",678,50.1,672,40.8,"N/A","N/A"
"New Britain School District","=""0890011""","Grade","07",687,46.4,685,40.6,"N/A","N/A"
"New Britain School District","=""0890011""","Grade","08",589,43.2,592,37.8,596,40.7
"New Britain School District","=""0890011""","Grade","10","N/A","N/A","N/A","N/A",539,38.9
"New Britain School District","=""0890011""","Grade","11",458,43.2,458,40.3,"N/A","N/A"
"New Britain School District","=""0890011""","High Needs (F/R, EL or SWD)","High Needs",4201,47.8,4196,41.6,1673,38.3
"New Britain School District","=""0890011""","High Needs (F/R, EL or SWD)","Not High Needs",535,63.0,530,56.3,216,51.5
"New Britain School District","=""0890011""","Free/Reduced Price Meal Eligibility (2-level)","Eligible For Free Or Reduced Price Meals",4009,48.0,4002,41.7,1589,38.6
"New Britain School District","=""0890011""","Free/Reduced Price Meal Eligibility (2-level)","Not Eligible For Free Or Reduced Price Meals",727,58.2,724,52.0,300,46.4
"New Britain School District","=""0890011""","Race/Ethnicity","American Indian or Alaska Native",7,"*",7,"*","*","*"
"New Britain School District","=""0890011""","Race/Ethnicity","Asian",124,58.8,123,56.1,"*","*"
"New Britain School District","=""0890011""","Race/Ethnicity","Black or African American",551,50.9,549,42.9,207,39.0
"New Britain School District","=""0890011""","Race/Ethnicity","Hispanic or Latino",2972,46.7,2968,40.5,1211,38.1
"New Britain School District","=""0890011""","Race/Ethnicity","Two or More Races",105,53.6,105,47.7,44,42.5
"New Britain School District","=""0890011""","Race/Ethnicity","White",977,55.6,974,49.6,384,44.7
"New Britain School District","=""0890011""","Special Education Status (SWD)","Students with Disabilities",832,35.0,831,28.7,360,29.7
"New Britain School District","=""0890011""","Special Education Status (SWD)","Students without Disabilities",3904,52.6,3895,46.4,1529,42.2
"New Canaan School District","=""0900011""","All Students","District",2297,85.0,2293,84.2,1013,70.0
"New Canaan School District","=""0900011""","English Language Learners (EL)","English Learners",60,78.1,60,79.4,14,"*"
"New Canaan School District","=""0900011""","English Language Learners (EL)","Not English Learners",2237,85.2,2233,84.3,999,70.0
"New Canaan School District","=""0900011""","Gender","Female",1125,86.9,1124,82.8,475,69.4
"New Canaan School District","=""0900011""","Gender","Male",1172,83.2,1169,85.6,538,70.4
"New Canaan School District","=""0900011""","Grade","03",309,86.8,309,83.0,"N/A","N/A"
"New Canaan School District","=""0900011""","Grade","04",348,91.6,348,91.5,"N/A","N/A"
"New Canaan School District","=""0900011""","Grade","05",324,88.8,323,86.8,329,73.6
"New Canaan School District","=""0900011""","Grade","06",349,84.0,348,83.0,"N/A","N/A"
"New Canaan School District","=""0900011""","Grade","07",298,85.7,298,82.5,"N/A","N/A"
"New Canaan School District","=""0900011""","Grade","08",370,81.8,368,86.0,373,68.2
"New Canaan School District","=""0900011""","Grade","10","N/A","N/A","N/A","N/A",311,68.2
"New Canaan School District","=""0900011""","Grade","11",299,76.1,299,75.1,"N/A","N/A"
"New Canaan School District","=""0900011""","High Needs (F/R, EL or SWD)","High Needs",316,66.8,315,64.4,149,52.4
"New Canaan School District","=""0900011""","High Needs (F/R, EL or SWD)","Not High Needs",1981,87.9,1978,87.4,864,73.0
"New Canaan School District","=""0900011""","Free/Reduced Price Meal Eligibility (2-level)","Not Eligible For Free Or Reduced Price Meals",2297,85.0,2293,84.2,1013,70.0
"New Canaan School District","=""0900011""","Race/Ethnicity","American Indian or Alaska Native","*","*","*","*","*","*"
"New Canaan School District","=""0900011""","Race/Ethnicity","Asian",154,92.2,154,95.2,57,77.7
"New Canaan School District","=""0900011""","Race/Ethnicity","Black or African American",21,75.4,21,75.3,15,"*"
"New Canaan School District","=""0900011""","Race/Ethnicity","Hispanic or Latino",90,77.3,90,76.0,45,63.7
"New Canaan School District","=""0900011""","Race/Ethnicity","Native Hawaiian or Other Pacific Islander","*","*","*","*","*","*"
"New Canaan School District","=""0900011""","Race/Ethnicity","Two or More Races",53,89.6,53,88.5,18,"*"
"New Canaan School District","=""0900011""","Race/Ethnicity","White",1972,84.8,1968,83.7,874,70.0
"New Canaan School District","=""0900011""","Special Education Status (SWD)","Students with Disabilities",266,63.7,265,60.5,139,51.1
"New Canaan School District","=""0900011""","Special Education Status (SWD)","Students without Disabilities",2031,87.8,2028,87.3,874,73.0
"New Fairfield School District","=""0910011""","All Students","District",1176,73.6,1171,69.6,588,64.8
"New Fairfield School District","=""0910011""","English Language Learners (EL)","English Learners",35,70.7,35,66.8,13,"*"
"New Fairfield School District","=""0910011""","English Language Learners (EL)","Not English Learners",1141,73.7,1136,69.7,575,65.0
"New Fairfield School District","=""0910011""","Gender","Female",548,75.5,546,68.4,264,63.2
"New Fairfield School District","=""0910011""","Gender","Male",628,72.0,625,70.7,324,66.1
"New Fairfield School District","=""0910011""","Grade","03",145,77.5,145,74.9,"N/A","N/A"
"New Fairfield School District","=""0910011""","Grade","04",159,78.4,157,75.7,"N/A","N/A"
"New Fairfield School District","=""0910011""","Grade","05",164,75.6,164,74.2,167,65.2
"New Fairfield School District","=""0910011""","Grade","06",141,74.6,141,71.6,"N/A","N/A"
"New Fairfield School District","=""0910011""","Grade","07",173,77.0,172,69.8,"N/A","N/A"
"New Fairfield School District","=""0910011""","Grade","08",191,70.8,189,68.0,198,63.4
"New Fairfield School District","=""0910011""","Grade","10","N/A","N/A","N/A","N/A",223,65.7
"New Fairfield School District","=""0910011""","Grade","11",203,64.6,203,57.3,"N/A","N/A"
"New Fairfield School District","=""0910011""","High Needs (F/R, EL or SWD)","High Needs",210,60.2,208,56.8,114,53.5
"New Fairfield School District","=""0910011""","High Needs (F/R, EL or SWD)","Not High Needs",966,76.5,963,72.4,474,67.5
"New Fairfield School District","=""0910011""","Free/Reduced Price Meal Eligibility (2-level)","Eligible For Free Or Reduced Price Meals",79,67.2,79,63.4,43,62.8
"New Fairfield School District","=""0910011""","Free/Reduced Price Meal Eligibility (2-level)","Not Eligible For Free Or Reduced Price Meals",1097,74.1,1092,70.0,545,64.9
"New Fairfield School District","=""0910011""","Race/Ethnicity","American Indian or Alaska Native","*","*","*","*","*","*"
"New Fairfield School District","=""0910011""","Race/Ethnicity","Asian",26,78.2,26,79.2,13,"*"
"New Fairfield School District","=""0910011""","Race/Ethnicity","Black or African American","*","*","*","*",8,"*"
"New Fairfield School District","=""0910011""","Race/Ethnicity","Hispanic or Latino",102,70.8,102,64.5,53,63.4
"New Fairfield School District","=""0910011""","Race/Ethnicity","Native Hawaiian or Other Pacific Islander","N/A","N/A","N/A","N/A","*","*"
"New Fairfield School District","=""0910011""","Race/Ethnicity","Two or More Races",19,"*",19,"*",14,"*"
"New Fairfield School District","=""0910011""","Race/Ethnicity","White",1010,73.8,1005,69.9,497,64.9
"New Fairfield School District","=""0910011""","Special Education Status (SWD)","Students with Disabilities",108,50.7,106,47.5,66,46.8
"New Fairfield School District","=""0910011""","Special Education Status (SWD)","Students without Disabilities",1068,75.9,1065,71.8,522,67.0
"New Hartford School District","=""0920011""","All Students","District",267,72.3,267,66.6,70,59.1
"New Hartford School District","=""0920011""","English Language Learners (EL)","English Learners","N/A","N/A","N/A","N/A","N/A","N/A"
"New Hartford School District","=""0920011""","English Language Learners (EL)","Not English Learners",267,72.3,267,66.6,70,59.1
"New Hartford School District","=""0920011""","Gender","Female",140,75.4,140,66.3,34,63.5
"New Hartford School District","=""0920011""","Gender","Male",127,68.9,127,66.9,36,55.0
"New Hartford School District","=""0920011""","Grade","03",58,69.4,58,67.1,"N/A","N/A"
"New Hartford School District","=""0920011""","Grade","04",75,71.4,75,66.6,"N/A","N/A"
"New Hartford School District","=""0920011""","Grade","05",68,75.4,69,70.4,70,59.1
"New Hartford School District","=""0920011""","Grade","06",66,72.7,65,61.9,"N/A","N/A"
"New Hartford School District","=""0920011""","High Needs (F/R, EL or SWD)","High Needs",53,61.4,53,55.6,16,"*"
"New Hartford School District","=""0920011""","High Needs (F/R, EL or SWD)","Not High Needs",214,75.0,214,69.3,54,63.0
"New Hartford School District","=""0920011""","Free/Reduced Price Meal Eligibility (2-level)","Eligible For Free Or Reduced Price Meals",25,68.9,25,65.9,8,"*"
"New Hartford School District","=""0920011""","Free/Reduced Price Meal Eligibility (2-level)","Not Eligible For Free Or Reduced Price Meals",242,72.7,242,66.6,62,60.0
"New Hartford School District","=""0920011""","Race/Ethnicity","Asian","*","*","*","*","*","*"
"New Hartford School District","=""0920011""","Race/Ethnicity","Hispanic or Latino","*","*","*","*","*","*"
"New Hartford School District","=""0920011""","Race/Ethnicity","Two or More Races",8,"*",8,"*","*","*"
"New Hartford School District","=""0920011""","Race/Ethnicity","White",247,72.5,247,66.6,62,59.8
"New Hartford School District","=""0920011""","Special Education Status (SWD)","Students with Disabilities",32,55.6,32,48.2,11,"*"
"New Hartford School District","=""0920011""","Special Education Status (SWD)","Students without Disabilities",235,74.6,235,69.1,59,62.4
"New Haven School District","=""0930011""","All Students","District",10337,56.8,10304,49.9,4340,44.2
"New Haven School District","=""0930011""","English Language Learners (EL)","English Learners",2343,51.0,2337,46.6,877,38.0
"New Haven School District","=""0930011""","English Language Learners (EL)","Not English Learners",7994,58.5,7967,50.8,3463,45.7
"New Haven School District","=""0930011""","Gender","Female",5106,59.1,5092,50.5,2100,44.1
"New Haven School District","=""0930011""","Gender","Male",5231,54.6,5212,49.3,2240,44.2
"New Haven School District","=""0930011""","Grade","03",1585,59.4,1575,52.9,"N/A","N/A"
"New Haven School District","=""0930011""","Grade","04",1604,61.8,1601,54.2,"N/A","N/A"
"New Haven School District","=""0930011""","Grade","05",1577,56.8,1575,52.9,1581,42.8
"New Haven School District","=""0930011""","Grade","06",1486,58.8,1478,49.3,"N/A","N/A"
"New Haven School District","=""0930011""","Grade","07",1438,56.4,1435,47.5,"N/A","N/A"
"New Haven School District","=""0930011""","Grade","08",1463,54.3,1456,46.8,1458,45.8
"New Haven School District","=""0930011""","Grade","10","N/A","N/A","N/A","N/A",1301,44.1
"New Haven School District","=""0930011""","Grade","11",1184,47.6,1184,43.1,"N/A","N/A"
"New Haven School District","=""0930011""","High Needs (F/R, EL or SWD)","High Needs",7756,53.2,7729,46.5,3157,40.8
"New Haven School District","=""0930011""","High Needs (F/R, EL or SWD)","Not High Needs",2581,67.7,2575,59.9,1183,53.2
"New Haven School District","=""0930011""","Free/Reduced Price Meal Eligibility (2-level)","Eligible For Free Or Reduced Price Meals",6613,54.0,6594,46.8,2682,41.6
"New Haven School District","=""0930011""","Free/Reduced Price Meal Eligibility (2-level)","Not Eligible For Free Or Reduced Price Meals",3724,61.7,3710,55.3,1658,48.4
"New Haven School District","=""0930011""","Race/Ethnicity","American Indian or Alaska Native","*","*","*","*","*","*"
"New Haven School District","=""0930011""","Race/Ethnicity","Asian",217,74.8,217,73.4,95,62.0
"New Haven School District","=""0930011""","Race/Ethnicity","Black or African American",4027,53.0,4011,45.0,1748,40.4
"New Haven School District","=""0930011""","Race/Ethnicity","Hispanic or Latino",4598,55.5,4582,49.2,1835,42.8
"New Haven School District","=""0930011""","Race/Ethnicity","Native Hawaiian or Other Pacific Islander","*","*","*","*","*","*"
"New Haven School District","=""0930011""","Race/Ethnicity","Two or More Races",61,65.8,61,58.1,24,51.2
"New Haven School District","=""0930011""","Race/Ethnicity","White",1414,68.6,1413,61.8,629,55.7
"New Haven School District","=""0930011""","Special Education Status (SWD)","Students with Disabilities",1587,41.1,1570,35.8,718,34.0
"New Haven School District","=""0930011""","Special Education Status (SWD)","Students without Disabilities",8750,59.7,8734,52.4,3622,46.2
"Newington School District","=""0940011""","All Students","District",2167,66.6,2165,64.6,946,58.4
"Newington School District","=""0940011""","English Language Learners (EL)","English Learners",200,63.4,199,62.9,61,52.0
"Newington School District","=""0940011""","English Language Learners (EL)","Not English Learners",1967,67.0,1966,64.7,885,58.9
"Newington School District","=""0940011""","Gender","Female",1028,70.2,1024,65.1,463,57.5
"Newington School District","=""0940011""","Gender","Male",1139,63.4,1141,64.0,483,59.4
"Newington School District","=""0940011""","Grade","03",296,68.0,296,61.3,"N/A","N/A"
"Newington School District","=""0940011""","Grade","04",318,72.0,318,69.3,"N/A","N/A"
"Newington School District","=""0940011""","Grade","05",306,67.3,306,67.1,307,58.7
"Newington School District","=""0940011""","Grade","06",318,65.9,315,65.3,"N/A","N/A"
"Newington School District","=""0940011""","Grade","07",316,67.7,316,67.4,"N/A","N/A"
"Newington School District","=""0940011""","Grade","08",328,66.3,329,64.0,327,59.5
"Newington School District","=""0940011""","Grade","10","N/A","N/A","N/A","N/A",312,57.1
"Newington School District","=""0940011""","Grade","11",285,58.6,285,56.7,"N/A","N/A"
"Newington School District","=""0940011""","High Needs (F/R, EL or SWD)","High Needs",785,57.8,784,56.1,293,50.4
"Newington School District","=""0940011""","High Needs (F/R, EL or SWD)","Not High Needs",1382,71.7,1381,69.3,653,62.1
"Newington School District","=""0940011""","Free/Reduced Price Meal Eligibility (2-level)","Eligible For Free Or Reduced Price Meals",502,59.1,502,57.3,192,52.3
"Newington School District","=""0940011""","Free/Reduced Price Meal Eligibility (2-level)","Not Eligible For Free Or Reduced Price Meals",1665,68.9,1663,66.7,754,60.0
"Newington School District","=""0940011""","Race/Ethnicity","American Indian or Alaska Native","*","*","*","*","*","*"
"Newington School District","=""0940011""","Race/Ethnicity","Asian",208,73.3,208,73.8,76,63.3
"Newington School District","=""0940011""","Race/Ethnicity","Black or African American",131,58.1,131,56.7,53,46.5
"Newington School District","=""0940011""","Race/Ethnicity","Hispanic or Latino",411,60.1,412,57.4,153,54.4
"Newington School District","=""0940011""","Race/Ethnicity","Native Hawaiian or Other Pacific Islander","N/A","N/A","N/A","N/A","*","*"
"Newington School District","=""0940011""","Race/Ethnicity","Two or More Races","*","*","*","*",46,57.8
"Newington School District","=""0940011""","Race/Ethnicity","White",1323,68.4,1320,66.1,615,60.0
"Newington School District","=""0940011""","Special Education Status (SWD)","Students with Disabilities",261,44.3,260,42.7,95,42.1
"Newington School District","=""0940011""","Special Education Status (SWD)","Students without Disabilities",1906,69.7,1905,67.5,851,60.3
"New London School District","=""0950011""","All Students","District",1663,54.8,1659,49.1,657,46.0
"New London School District","=""0950011""","English Language Learners (EL)","English Learners",486,47.0,486,42.8,173,38.0
"New London School District","=""0950011""","English Language Learners (EL)","Not English Learners",1177,58.0,1173,51.8,484,48.8
"New London School District","=""0950011""","Gender","Female",800,57.9,797,50.4,294,44.3
"New London School District","=""0950011""","Gender","Male",863,51.9,862,48.0,363,47.3
"New London School District","=""0950011""","Grade","03",281,59.2,281,50.8,"N/A","N/A"
"New London School District","=""0950011""","Grade","04",296,60.5,296,53.8,"N/A","N/A"
"New London School District","=""0950011""","Grade","05",263,56.5,262,53.7,266,47.8
"New London School District","=""0950011""","Grade","06",230,55.0,229,47.6,"N/A","N/A"
"New London School District","=""0950011""","Grade","07",207,50.1,206,44.8,"N/A","N/A"
"New London School District","=""0950011""","Grade","08",176,46.5,175,42.6,177,44.2
"New London School District","=""0950011""","Grade","10","N/A","N/A","N/A","N/A",214,45.2
"New London School District","=""0950011""","Grade","11",210,49.8,210,46.1,"N/A","N/A"
"New London School District","=""0950011""","High Needs (F/R, EL or SWD)","High Needs",1509,53.2,1505,47.6,606,44.3
"New London School District","=""0950011""","High Needs (F/R, EL or SWD)","Not High Needs",154,70.3,154,64.2,51,65.8
"New London School District","=""0950011""","Free/Reduced Price Meal Eligibility (2-level)","Eligible For Free Or Reduced Price Meals",1466,53.4,1462,47.8,588,44.1
"New London School District","=""0950011""","Free/Reduced Price Meal Eligibility (2-level)","Not Eligible For Free Or Reduced Price Meals",197,65.0,197,58.8,69,61.9
"New London School District","=""0950011""","Race/Ethnicity","American Indian or Alaska Native","*","*","*","*","*","*"
"New London School District","=""0950011""","Race/Ethnicity","Asian",20,79.7,20,74.2,9,"*"
"New London School District","=""0950011""","Race/Ethnicity","Black or African American",314,51.9,312,46.5,154,41.4
"New London School District","=""0950011""","Race/Ethnicity","Hispanic or Latino",872,50.9,870,45.6,322,42.4
"New London School District","=""0950011""","Race/Ethnicity","Native Hawaiian or Other Pacific Islander","*","*","*","*","*","*"
"New London School District","=""0950011""","Race/Ethnicity","Two or More Races",152,56.0,153,50.2,53,47.7
"New London School District","=""0950011""","Race/Ethnicity","White",285,67.4,285,60.6,113,60.5
"New London School District","=""0950011""","Special Education Status (SWD)","Students with Disabilities",287,40.7,285,35.1,113,36.2
"New London School District","=""0950011""","Special Education Status (SWD)","Students without Disabilities",1376,57.7,1374,52.1,544,48.0
"New Milford School District","=""0960011""","All Students","District",2142,67.0,2115,64.0,970,58.1
"New Milford School District","=""0960011""","English Language Learners (EL)","English Learners",116,57.8,115,56.0,42,45.8
"New Milford School District","=""0960011""","English Language Learners (EL)","Not English Learners",2026,67.5,2000,64.4,928,58.7
"New Milford School District","=""0960011""","Gender","Female",1026,68.9,1010,62.9,465,57.9
"New Milford School District","=""0960011""","Gender","Male",1116,65.3,1105,64.9,505,58.4
"New Milford School District","=""0960011""","Grade","03",259,65.7,258,64.5,"N/A","N/A"
"New Milford School District","=""0960011""","Grade","04",293,69.0,293,68.7,"N/A","N/A"
"New Milford School District","=""0960011""","Grade","05",310,70.1,310,70.0,312,56.9
"New Milford School District","=""0960011""","Grade","06",323,70.0,318,63.5,"N/A","N/A"
"New Milford School District","=""0960011""","Grade","07",324,66.7,319,58.6,"N/A","N/A"
"New Milford School District","=""0960011""","Grade","08",317,62.5,301,61.9,333,59.5
"New Milford School District","=""0960011""","Grade","10","N/A","N/A","N/A","N/A",325,57.9
"New Milford School District","=""0960011""","Grade","11",316,65.0,316,61.2,"N/A","N/A"
"New Milford School District","=""0960011""","High Needs (F/R, EL or SWD)","High Needs",718,57.3,709,53.9,312,49.1
"New Milford School District","=""0960011""","High Needs (F/R, EL or SWD)","Not High Needs",1424,71.9,1406,69.1,658,62.4
"New Milford School District","=""0960011""","Free/Reduced Price Meal Eligibility (2-level)","Eligible For Free Or Reduced Price Meals",495,60.1,490,56.8,217,51.8
"New Milford School District","=""0960011""","Free/Reduced Price Meal Eligibility (2-level)","Not Eligible For Free Or Reduced Price Meals",1647,69.1,1625,66.2,753,60.0
"New Milford School District","=""0960011""","Race/Ethnicity","American Indian or Alaska Native","*","*","*","*","*","*"
"New Milford School District","=""0960011""","Race/Ethnicity","Asian",84,76.1,83,79.6,35,64.6
"New Milford School District","=""0960011""","Race/Ethnicity","Black or African American","*","*","*","*","*","*"
"New Milford School District","=""0960011""","Race/Ethnicity","Hispanic or Latino",291,60.7,289,56.2,108,51.1
"New Milford School District","=""0960011""","Race/Ethnicity","Two or More Races",86,65.7,86,61.7,26,54.8
"New Milford School District","=""0960011""","Race/Ethnicity","White",1635,67.9,1611,64.9,777,59.2
"New Milford School District","=""0960011""","Special Education Status (SWD)","Students with Disabilities",281,47.8,276,42.7,132,41.5
"New Milford School District","=""0960011""","Special Education Status (SWD)","Students without Disabilities",1861,69.9,1839,67.2,838,60.8
"Newtown School District","=""0970011""","All Students","District",2346,74.8,2343,74.2,1100,63.8
"Newtown School District","=""0970011""","English Language Learners (EL)","English Learners",19,"*",18,"*",6,"*"
"Newtown School District","=""0970011""","English Language Learners (EL)","Not English Learners",2327,74.9,2325,74.3,1094,63.9
"Newtown School District","=""0970011""","Gender","Female",1140,76.9,1138,73.3,524,62.4
"Newtown School District","=""0970011""","Gender","Male",1206,72.8,1205,75.1,576,65.1
"Newtown School District","=""0970011""","Grade","03",256,78.0,255,73.6,"N/A","N/A"
"Newtown School District","=""0970011""","Grade","04",291,79.1,291,76.9,"N/A","N/A"
"Newtown School District","=""0970011""","Grade","05",316,78.3,315,76.8,317,61.0
"Newtown School District","=""0970011""","Grade","06",333,77.2,332,74.4,"N/A","N/A"
"Newtown School District","=""0970011""","Grade","07",351,73.9,351,75.5,"N/A","N/A"
"Newtown School District","=""0970011""","Grade","08",390,70.5,390,74.1,393,65.6
"Newtown School District","=""0970011""","Grade","10","N/A","N/A","N/A","N/A",390,64.3
"Newtown School District","=""0970011""","Grade","11",409,69.8,409,69.5,"N/A","N/A"
"Newtown School District","=""0970011""","High Needs (F/R, EL or SWD)","High Needs",419,59.7,417,57.3,173,54.1
"Newtown School District","=""0970011""","High Needs (F/R, EL or SWD)","Not High Needs",1927,78.0,1926,77.9,927,65.6
"Newtown School District","=""0970011""","Free/Reduced Price Meal Eligibility (2-level)","Eligible For Free Or Reduced Price Meals",185,63.8,185,61.9,87,59.7
"Newtown School District","=""0970011""","Free/Reduced Price Meal Eligibility (2-level)","Not Eligible For Free Or Reduced Price Meals",2161,75.7,2158,75.3,1013,64.2
"Newtown School District","=""0970011""","Race/Ethnicity","Asian",79,78.4,79,82.8,41,64.9
"Newtown School District","=""0970011""","Race/Ethnicity","Black or African American",37,71.2,37,74.0,11,"*"
"Newtown School District","=""0970011""","Race/Ethnicity","Hispanic or Latino",129,69.3,129,67.5,50,59.2
"Newtown School District","=""0970011""","Race/Ethnicity","Two or More Races",46,79.8,46,80.9,21,73.3
"Newtown School District","=""0970011""","Race/Ethnicity","White",2055,74.9,2052,74.1,977,63.9
"Newtown School District","=""0970011""","Special Education Status (SWD)","Students with Disabilities",272,55.3,271,51.7,99,48.3
"Newtown School District","=""0970011""","Special Education Status (SWD)","Students without Disabilities",2074,77.3,2072,77.1,1001,65.4
"Norfolk School District","=""0980011""","All Students","District",49,69.7,49,65.2,14,"*"
"Norfolk School District","=""0980011""","English Language Learners (EL)","Not English Learners",49,69.7,49,65.2,14,"*"
"Norfolk School District","=""0980011""","Gender","Female",20,70.0,20,63.7,7,"*"
"Norfolk School District","=""0980011""","Gender","Male",29,69.5,29,66.3,7,"*"
"Norfolk School District","=""0980011""","Grade","03",11,"*",11,"*","N/A","N/A"
"Norfolk School District","=""0980011""","Grade","04",13,"*",13,"*","N/A","N/A"
"Norfolk School District","=""0980011""","Grade","05",14,"*",14,"*",14,"*"
"Norfolk School District","=""0980011""","Grade","06",11,"*",11,"*","N/A","N/A"
"Norfolk School District","=""0980011""","High Needs (F/R, EL or SWD)","High Needs",22,62.2,22,55.4,7,"*"
"Norfolk School District","=""0980011""","High Needs (F/R, EL or SWD)","Not High Needs",27,75.8,27,73.2,7,"*"
"Norfolk School District","=""0980011""","Free/Reduced Price Meal Eligibility (2-level)","Eligible For Free Or Reduced Price Meals",17,"*",17,"*","*","*"
"Norfolk School District","=""0980011""","Free/Reduced Price Meal Eligibility (2-level)","Not Eligible For Free Or Reduced Price Meals",32,72.2,32,68.1,"*","*"
"Norfolk School District","=""0980011""","Race/Ethnicity","Two or More Races","*","*","*","*","*","*"
"Norfolk School District","=""0980011""","Race/Ethnicity","White","*","*","*","*","*","*"
"Norfolk School District","=""0980011""","Special Education Status (SWD)","Students with Disabilities",12,"*",12,"*","*","*"
"Norfolk School District","=""0980011""","Special Education Status (SWD)","Students without Disabilities",37,74.2,37,71.2,"*","*"
"North Branford School District","=""0990011""","All Students","District",960,68.8,958,64.9,449,59.5
"North Branford School District","=""0990011""","English Language Learners (EL)","English Learners",18,"*",18,"*","*","*"
"North Branford School District","=""0990011""","English Language Learners (EL)","Not English Learners",942,69.0,940,65.1,"*","*"
"North Branford School District","=""0990011""","Gender","Female",471,71.2,470,64.7,226,58.3
"North Branford School District","=""0990011""","Gender","Male",489,66.5,488,65.1,223,60.7
"North Branford School District","=""0990011""","Grade","03",132,71.9,132,68.9,"N/A","N/A"
"North Branford School District","=""0990011""","Grade","04",113,72.4,113,68.0,"N/A","N/A"
"North Branford School District","=""0990011""","Grade","05",132,71.5,131,74.3,138,58.8
"North Branford School District","=""0990011""","Grade","06",142,72.2,142,65.5,"N/A","N/A"
"North Branford School District","=""0990011""","Grade","07",135,68.7,135,61.9,"N/A","N/A"
"North Branford School District","=""0990011""","Grade","08",161,64.8,160,60.4,179,58.0
"North Branford School District","=""0990011""","Grade","10","N/A","N/A","N/A","N/A",132,62.3
"North Branford School District","=""0990011""","Grade","11",145,61.9,145,57.5,"N/A","N/A"
"North Branford School District","=""0990011""","High Needs (F/R, EL or SWD)","High Needs",282,59.3,280,54.0,139,53.0
"North Branford School District","=""0990011""","High Needs (F/R, EL or SWD)","Not High Needs",678,72.7,678,69.4,310,62.4
"North Branford School District","=""0990011""","Free/Reduced Price Meal Eligibility (2-level)","Eligible For Free Or Reduced Price Meals",175,63.3,174,57.9,81,54.1
"North Branford School District","=""0990011""","Free/Reduced Price Meal Eligibility (2-level)","Not Eligible For Free Or Reduced Price Meals",785,70.0,784,66.5,368,60.7
"North Branford School District","=""0990011""","Race/Ethnicity","American Indian or Alaska Native","*","*","*","*","N/A","N/A"
"North Branford School District","=""0990011""","Race/Ethnicity","Asian",22,71.1,22,65.8,"*","*"
"North Branford School District","=""0990011""","Race/Ethnicity","Black or African American",26,66.2,26,57.1,11,"*"
"North Branford School District","=""0990011""","Race/Ethnicity","Hispanic or Latino",50,65.8,50,58.2,19,"*"
"North Branford School District","=""0990011""","Race/Ethnicity","Two or More Races","*","*","*","*","*","*"
"North Branford School District","=""0990011""","Race/Ethnicity","White",854,68.9,852,65.5,408,59.7
"North Branford School District","=""0990011""","Special Education Status (SWD)","Students with Disabilities",134,50.5,133,44.7,70,50.7
"North Branford School District","=""0990011""","Special Education Status (SWD)","Students without Disabilities",826,71.7,825,68.2,379,61.1
"North Canaan School District","=""1000011""","All Students","District",166,72.2,166,65.6,44,55.4
"North Canaan School District","=""1000011""","English Language Learners (EL)","English Learners",7,"*",7,"*","*","*"
"North Canaan School District","=""1000011""","English Language Learners (EL)","Not English Learners",159,72.8,159,66.0,"*","*"
"North Canaan School District","=""1000011""","Gender","Female",84,76.0,84,66.5,23,54.0
"North Canaan School District","=""1000011""","Gender","Male",82,68.3,82,64.6,21,56.9
"North Canaan School District","=""1000011""","Grade","03",28,75.8,28,71.5,"N/A","N/A"
"North Canaan School District","=""1000011""","Grade","04",41,73.6,41,65.3,"N/A","N/A"
"North Canaan School District","=""1000011""","Grade","05",17,"*",17,"*",17,"*"
"North Canaan School District","=""1000011""","Grade","06",23,69.0,23,60.9,"N/A","N/A"
"North Canaan School District","=""1000011""","Grade","07",30,73.9,30,65.4,"N/A","N/A"
"North Canaan School District","=""1000011""","Grade","08",27,74.2,27,71.0,27,58.2
"North Canaan School District","=""1000011""","High Needs (F/R, EL or SWD)","High Needs",58,62.0,58,57.6,16,"*"
"North Canaan School District","=""1000011""","High Needs (F/R, EL or SWD)","Not High Needs",108,77.8,108,69.8,28,58.4
"North Canaan School District","=""1000011""","Free/Reduced Price Meal Eligibility (2-level)","Eligible For Free Or Reduced Price Meals",38,66.9,38,62.1,8,"*"
"North Canaan School District","=""1000011""","Free/Reduced Price Meal Eligibility (2-level)","Not Eligible For Free Or Reduced Price Meals",128,73.8,128,66.6,36,55.3
"North Canaan School District","=""1000011""","Race/Ethnicity","Asian","*","*","*","*","N/A","N/A"
"North Canaan School District","=""1000011""","Race/Ethnicity","Black or African American","*","*","*","*","*","*"
"North Canaan School District","=""1000011""","Race/Ethnicity","Hispanic or Latino",20,72.4,20,67.7,"*","*"
"North Canaan School District","=""1000011""","Race/Ethnicity","Two or More Races","*","*","*","*","N/A","N/A"
"North Canaan School District","=""1000011""","Race/Ethnicity","White",140,72.1,140,65.0,35,55.6
"North Canaan School District","=""1000011""","Special Education Status (SWD)","Students with Disabilities",20,49.4,20,43.8,7,"*"
"North Canaan School District","=""1000011""","Special Education Status (SWD)","Students without Disabilities",146,75.4,146,68.6,37,57.8
"North Haven School District","=""1010011""","All Students","District",1649,73.6,1643,69.7,697,58.2
"North Haven School District","=""1010011""","English Language Learners (EL)","English Learners",64,63.0,62,66.4,25,46.1
"North Haven School District","=""1010011""","English Language Learners (EL)","Not English Learners",1585,74.0,1581,69.9,672,58.7
"North Haven School District","=""1010011""","Gender","Female",789,76.4,788,69.8,335,58.5
"North Haven School District","=""1010011""","Gender","Male",860,71.0,855,69.7,362,58.0
"North Haven School District","=""1010011""","Grade","03",216,77.4,216,73.2,"N/A","N/A"
"North Haven School District","=""1010011""","Grade","04",257,79.5,257,75.1,"N/A","N/A"
"North Haven School District","=""1010011""","Grade","05",216,75.9,216,73.8,219,57.5
"North Haven School District","=""1010011""","Grade","06",224,78.5,222,69.9,"N/A","N/A"
"North Haven School District","=""1010011""","Grade","07",269,71.2,266,67.6,"N/A","N/A"
"North Haven School District","=""1010011""","Grade","08",227,71.0,226,70.5,235,58.5
"North Haven School District","=""1010011""","Grade","10","N/A","N/A","N/A","N/A",243,58.6
"North Haven School District","=""1010011""","Grade","11",240,62.3,240,58.8,"N/A","N/A"
"North Haven School District","=""1010011""","High Needs (F/R, EL or SWD)","High Needs",400,61.4,396,57.7,159,49.1
"North Haven School District","=""1010011""","High Needs (F/R, EL or SWD)","Not High Needs",1249,77.5,1247,73.6,538,60.9
"North Haven School District","=""1010011""","Free/Reduced Price Meal Eligibility (2-level)","Eligible For Free Or Reduced Price Meals",229,65.1,227,61.1,88,50.1
"North Haven School District","=""1010011""","Free/Reduced Price Meal Eligibility (2-level)","Not Eligible For Free Or Reduced Price Meals",1420,75.0,1416,71.1,609,59.4
"North Haven School District","=""1010011""","Race/Ethnicity","American Indian or Alaska Native","*","*","*","*","N/A","N/A"
"North Haven School District","=""1010011""","Race/Ethnicity","Asian",128,76.3,128,77.2,55,65.1
"North Haven School District","=""1010011""","Race/Ethnicity","Black or African American",50,70.2,50,64.0,20,52.0
"North Haven School District","=""1010011""","Race/Ethnicity","Hispanic or Latino",113,68.5,111,63.2,40,53.6
"North Haven School District","=""1010011""","Race/Ethnicity","Two or More Races","*","*","*","*",13,"*"
"North Haven School District","=""1010011""","Race/Ethnicity","White",1326,73.7,1322,69.6,569,57.9
"North Haven School District","=""1010011""","Special Education Status (SWD)","Students with Disabilities",188,52.0,186,47.7,76,46.5
"North Haven School District","=""1010011""","Special Education Status (SWD)","Students without Disabilities",1461,76.4,1457,72.6,621,59.7
"North Stonington School District","=""1020011""","All Students","District",371,78.2,371,75.9,144,64.2
"North Stonington School District","=""1020011""","English Language Learners (EL)","English Learners","N/A","N/A","N/A","N/A","*","*"
"North Stonington School District","=""1020011""","English Language Learners (EL)","Not English Learners",371,78.2,371,75.9,"*","*"
"North Stonington School District","=""1020011""","Gender","Female",188,79.5,188,75.2,61,62.0
"North Stonington School District","=""1020011""","Gender","Male",183,76.8,183,76.7,83,65.7
"North Stonington School District","=""1020011""","Grade","03",56,82.6,56,85.7,"N/A","N/A"
"North Stonington School District","=""1020011""","Grade","04",59,79.7,59,86.2,"N/A","N/A"
"North Stonington School District","=""1020011""","Grade","05",47,82.3,47,85.8,47,70.2
"North Stonington School District","=""1020011""","Grade","06",53,84.1,53,76.9,"N/A","N/A"
"North Stonington School District","=""1020011""","Grade","07",59,76.6,59,67.4,"N/A","N/A"
"North Stonington School District","=""1020011""","Grade","08",56,72.9,56,63.6,57,63.9
"North Stonington School District","=""1020011""","Grade","10","N/A","N/A","N/A","N/A",40,57.4
"North Stonington School District","=""1020011""","Grade","11",41,67.1,41,64.4,"N/A","N/A"
"North Stonington School District","=""1020011""","High Needs (F/R, EL or SWD)","High Needs",55,69.1,55,64.6,26,50.9
"North Stonington School District","=""1020011""","High Needs (F/R, EL or SWD)","Not High Needs",316,79.7,316,77.9,118,67.1
"North Stonington School District","=""1020011""","Free/Reduced Price Meal Eligibility (2-level)","Eligible For Free Or Reduced Price Meals",41,69.7,41,63.8,19,"*"
"North Stonington School District","=""1020011""","Free/Reduced Price Meal Eligibility (2-level)","Not Eligible For Free Or Reduced Price Meals",330,79.2,330,77.4,125,65.7
"North Stonington School District","=""1020011""","Race/Ethnicity","American Indian or Alaska Native",6,"*",6,"*","*","*"
"North Stonington School District","=""1020011""","Race/Ethnicity","Asian",10,"*",10,"*","N/A","N/A"
"North Stonington School District","=""1020011""","Race/Ethnicity","Black or African American",7,"*",7,"*","*","*"
"North Stonington School District","=""1020011""","Race/Ethnicity","Hispanic or Latino",13,"*",13,"*","*","*"
"North Stonington School District","=""1020011""","Race/Ethnicity","Two or More Races",8,"*",8,"*","*","*"
"North Stonington School District","=""1020011""","Race/Ethnicity","White",327,78.6,327,76.0,132,64.3
"North Stonington School District","=""1020011""","Special Education Status (SWD)","Students with Disabilities",19,"*",19,"*",10,"*"
"North Stonington School District","=""1020011""","Special Education Status (SWD)","Students without Disabilities",352,79.1,352,76.7,134,65.5
"Norwalk School District","=""1030011""","All Students","District",5838,64.8,5827,59.8,2510,51.7
"Norwalk School District","=""1030011""","English Language Learners (EL)","English Learners",1267,52.4,1266,49.7,474,39.9
"Norwalk School District","=""1030011""","English Language Learners (EL)","Not English Learners",4571,68.2,4561,62.6,2036,54.4
"Norwalk School District","=""1030011""","Gender","Female",2854,66.9,2848,59.1,1223,51.8
"Norwalk School District","=""1030011""","Gender","Male",2984,62.8,2979,60.5,1287,51.6
"Norwalk School District","=""1030011""","Grade","03",838,67.9,836,64.4,"N/A","N/A"
"Norwalk School District","=""1030011""","Grade","04",865,70.7,863,67.5,"N/A","N/A"
"Norwalk School District","=""1030011""","Grade","05",858,65.2,856,63.1,856,52.8
"Norwalk School District","=""1030011""","Grade","06",799,65.3,797,59.0,"N/A","N/A"
"Norwalk School District","=""1030011""","Grade","07",837,64.6,837,57.0,"N/A","N/A"
"Norwalk School District","=""1030011""","Grade","08",829,63.5,826,54.7,831,55.9
"Norwalk School District","=""1030011""","Grade","10","N/A","N/A","N/A","N/A",823,46.3
"Norwalk School District","=""1030011""","Grade","11",812,55.7,812,52.4,"N/A","N/A"
"Norwalk School District","=""1030011""","High Needs (F/R, EL or SWD)","High Needs",3595,58.0,3584,53.2,1497,46.0
"Norwalk School District","=""1030011""","High Needs (F/R, EL or SWD)","Not High Needs",2243,75.6,2243,70.4,1013,60.1
"Norwalk School District","=""1030011""","Free/Reduced Price Meal Eligibility (2-level)","Eligible For Free Or Reduced Price Meals",3143,58.6,3136,53.5,1290,46.3
"Norwalk School District","=""1030011""","Free/Reduced Price Meal Eligibility (2-level)","Not Eligible For Free Or Reduced Price Meals",2695,72.0,2691,67.2,1220,57.4
"Norwalk School District","=""1030011""","Race/Ethnicity","American Indian or Alaska Native","*","*","*","*","*","*"
"Norwalk School District","=""1030011""","Race/Ethnicity","Asian",277,74.4,276,73.2,120,61.4
"Norwalk School District","=""1030011""","Race/Ethnicity","Black or African American",989,57.2,987,50.6,447,44.6
"Norwalk School District","=""1030011""","Race/Ethnicity","Hispanic or Latino",2665,59.6,2657,55.0,1129,47.3
"Norwalk School District","=""1030011""","Race/Ethnicity","Native Hawaiian or Other Pacific Islander","*","*","*","*","*","*"
"Norwalk School District","=""1030011""","Race/Ethnicity","Two or More Races",105,72.1,105,65.8,42,58.7
"Norwalk School District","=""1030011""","Race/Ethnicity","White",1794,74.7,1794,69.6,766,60.4
"Norwalk School District","=""1030011""","Special Education Status (SWD)","Students with Disabilities",843,47.9,839,42.8,352,39.0
"Norwalk School District","=""1030011""","Special Education Status (SWD)","Students without Disabilities",4995,67.6,4988,62.7,2158,53.8
"Norwich School District","=""1040011""","All Students","District",2076,58.1,2072,52.9,741,44.4
"Norwich School District","=""1040011""","English Language Learners (EL)","English Learners",414,52.1,414,48.1,131,38.6
"Norwich School District","=""1040011""","English Language Learners (EL)","Not English Learners",1662,59.6,1658,54.0,610,45.6
"Norwich School District","=""1040011""","Gender","Female",1020,61.1,1017,53.4,371,45.2
"Norwich School District","=""1040011""","Gender","Male",1056,55.3,1055,52.3,370,43.5
"Norwich School District","=""1040011""","Grade","03",346,64.2,345,60.6,"N/A","N/A"
"Norwich School District","=""1040011""","Grade","04",357,65.5,357,59.4,"N/A","N/A"
"Norwich School District","=""1040011""","Grade","05",355,57.3,355,54.1,361,45.0
"Norwich School District","=""1040011""","Grade","06","*","*","*","*","N/A","N/A"
"Norwich School District","=""1040011""","Grade","07",328,52.6,326,44.5,"N/A","N/A"
"Norwich School District","=""1040011""","Grade","08",366,51.7,366,49.1,372,44.1
"Norwich School District","=""1040011""","Grade","10","N/A","N/A","N/A","N/A",8,"*"
"Norwich School District","=""1040011""","Grade","11","*","*","*","*","N/A","N/A"
"Norwich School District","=""1040011""","High Needs (F/R, EL or SWD)","High Needs",1729,55.4,1725,50.1,611,42.1
"Norwich School District","=""1040011""","High Needs (F/R, EL or SWD)","Not High Needs",347,71.8,347,66.5,130,54.9
"Norwich School District","=""1040011""","Free/Reduced Price Meal Eligibility (2-level)","Eligible For Free Or Reduced Price Meals",1616,55.6,1612,50.4,560,42.9
"Norwich School District","=""1040011""","Free/Reduced Price Meal Eligibility (2-level)","Not Eligible For Free Or Reduced Price Meals",460,67.0,460,61.4,181,49.0
"Norwich School District","=""1040011""","Race/Ethnicity","American Indian or Alaska Native","*","*","*","*","*","*"
"Norwich School District","=""1040011""","Race/Ethnicity","Asian",139,70.6,139,70.0,"*","*"
"Norwich School District","=""1040011""","Race/Ethnicity","Black or African American",396,49.6,394,43.4,135,37.5
"Norwich School District","=""1040011""","Race/Ethnicity","Hispanic or Latino",636,55.6,635,50.8,228,41.9
"Norwich School District","=""1040011""","Race/Ethnicity","Native Hawaiian or Other Pacific Islander","*","*","*","*","N/A","N/A"
"Norwich School District","=""1040011""","Race/Ethnicity","Two or More Races",225,60.9,225,54.9,66,48.9
"Norwich School District","=""1040011""","Race/Ethnicity","White",665,62.2,664,56.2,262,47.9
"Norwich School District","=""1040011""","Special Education Status (SWD)","Students with Disabilities",389,40.8,389,35.0,145,31.8
"Norwich School District","=""1040011""","Special Education Status (SWD)","Students without Disabilities",1687,62.1,1683,57.0,596,47.4
"Old Saybrook School District","=""1060011""","All Students","District",660,73.4,660,68.1,315,60.0
"Old Saybrook School District","=""1060011""","English Language Learners (EL)","English Learners",40,59.1,40,55.0,10,"*"
"Old Saybrook School District","=""1060011""","English Language Learners (EL)","Not English Learners",620,74.4,620,68.9,305,60.4
"Old Saybrook School District","=""1060011""","Gender","Female",324,75.0,324,66.9,161,59.2
"Old Saybrook School District","=""1060011""","Gender","Male",336,71.9,336,69.1,154,60.9
"Old Saybrook School District","=""1060011""","Grade","03",66,71.9,66,65.3,"N/A","N/A"
"Old Saybrook School District","=""1060011""","Grade","04",85,79.7,85,74.5,"N/A","N/A"
"Old Saybrook School District","=""1060011""","Grade","05",97,77.3,97,76.2,98,57.8
"Old Saybrook School District","=""1060011""","Grade","06",91,77.9,91,69.9,"N/A","N/A"
"Old Saybrook School District","=""1060011""","Grade","07",101,69.7,101,64.4,"N/A","N/A"
"Old Saybrook School District","=""1060011""","Grade","08",109,73.8,109,64.4,110,60.4
"Old Saybrook School District","=""1060011""","Grade","10","N/A","N/A","N/A","N/A",107,61.6
"Old Saybrook School District","=""1060011""","Grade","11",111,65.6,111,62.9,"N/A","N/A"
"Old Saybrook School District","=""1060011""","High Needs (F/R, EL or SWD)","High Needs",188,62.0,188,56.0,86,52.9
"Old Saybrook School District","=""1060011""","High Needs (F/R, EL or SWD)","Not High Needs",472,78.0,472,72.9,229,62.7
"Old Saybrook School District","=""1060011""","Free/Reduced Price Meal Eligibility (2-level)","Eligible For Free Or Reduced Price Meals",105,65.6,105,60.6,53,56.5
"Old Saybrook School District","=""1060011""","Free/Reduced Price Meal Eligibility (2-level)","Not Eligible For Free Or Reduced Price Meals",555,74.9,555,69.5,262,60.7
"Old Saybrook School District","=""1060011""","Race/Ethnicity","Asian",28,74.8,28,72.0,13,"*"
"Old Saybrook School District","=""1060011""","Race/Ethnicity","Black or African American",11,"*",11,"*","*","*"
"Old Saybrook School District","=""1060011""","Race/Ethnicity","Hispanic or Latino",51,65.8,51,60.3,27,55.9
"Old Saybrook School District","=""1060011""","Race/Ethnicity","Two or More Races",10,"*",10,"*","*","*"
"Old Saybrook School District","=""1060011""","Race/Ethnicity","White",560,74.3,560,68.8,263,60.1
"Old Saybrook School District","=""1060011""","Special Education Status (SWD)","Students with Disabilities",92,56.8,92,48.8,36,46.8
"Old Saybrook School District","=""1060011""","Special Education Status (SWD)","Students without Disabilities",568,76.1,568,71.2,279,61.7
"Orange School District","=""1070011""","All Students","District",661,79.9,661,75.2,170,65.5
"Orange School District","=""1070011""","English Language Learners (EL)","English Learners",44,69.6,44,69.3,9,"*"
"Orange School District","=""1070011""","English Language Learners (EL)","Not English Learners",617,80.7,617,75.6,161,65.7
"Orange School District","=""1070011""","Gender","Female",315,82.3,315,74.2,80,64.4
"Orange School District","=""1070011""","Gender","Male",346,77.8,346,76.1,90,66.5
"Orange School District","=""1070011""","Grade","03",146,73.9,146,66.8,"N/A","N/A"
"Orange School District","=""1070011""","Grade","04",178,78.5,178,75.9,"N/A","N/A"
"Orange School District","=""1070011""","Grade","05",168,81.7,168,78.1,170,65.5
"Orange School District","=""1070011""","Grade","06",169,84.9,169,78.8,"N/A","N/A"
"Orange School District","=""1070011""","High Needs (F/R, EL or SWD)","High Needs",128,62.6,128,58.9,29,52.6
"Orange School District","=""1070011""","High Needs (F/R, EL or SWD)","Not High Needs",533,84.1,533,79.1,141,68.2
"Orange School District","=""1070011""","Free/Reduced Price Meal Eligibility (2-level)","Eligible For Free Or Reduced Price Meals",41,66.3,41,61.4,7,"*"
"Orange School District","=""1070011""","Free/Reduced Price Meal Eligibility (2-level)","Not Eligible For Free Or Reduced Price Meals",620,80.8,620,76.1,163,66.2
"Orange School District","=""1070011""","Race/Ethnicity","Asian",88,88.0,88,87.3,25,71.4
"Orange School District","=""1070011""","Race/Ethnicity","Black or African American",12,"*",12,"*","*","*"
"Orange School District","=""1070011""","Race/Ethnicity","Hispanic or Latino",30,74.9,30,70.6,10,"*"
"Orange School District","=""1070011""","Race/Ethnicity","Two or More Races",17,"*",17,"*","*","*"
"Orange School District","=""1070011""","Race/Ethnicity","White",514,79.2,514,73.8,132,65.2
"Orange School District","=""1070011""","Special Education Status (SWD)","Students with Disabilities",65,55.0,65,48.8,16,"*"
"Orange School District","=""1070011""","Special Education Status (SWD)","Students without Disabilities",596,82.6,596,78.1,154,67.4
"Oxford School District","=""1080011""","All Students","District",1054,72.2,1050,66.5,464,62.1
"Oxford School District","=""1080011""","English Language Learners (EL)","English Learners",34,66.0,34,64.2,13,"*"
"Oxford School District","=""1080011""","English Language Learners (EL)","Not English Learners",1020,72.4,1016,66.6,451,62.3
"Oxford School District","=""1080011""","Gender","Female",551,74.0,549,65.9,234,61.8
"Oxford School District","=""1080011""","Gender","Male",503,70.1,501,67.2,230,62.5
"Oxford School District","=""1080011""","Grade","03",126,73.9,125,70.2,"N/A","N/A"
"Oxford School District","=""1080011""","Grade","04",152,75.1,152,72.1,"N/A","N/A"
"Oxford School District","=""1080011""","Grade","05",153,73.2,153,72.0,151,64.6
"Oxford School District","=""1080011""","Grade","06",169,72.7,169,65.4,"N/A","N/A"
"Oxford School District","=""1080011""","Grade","07",161,71.6,158,63.7,"N/A","N/A"
"Oxford School District","=""1080011""","Grade","08",158,70.6,158,61.1,158,65.5
"Oxford School District","=""1080011""","Grade","10","N/A","N/A","N/A","N/A",155,56.3
"Oxford School District","=""1080011""","Grade","11",135,68.0,135,61.7,"N/A","N/A"
"Oxford School District","=""1080011""","High Needs (F/R, EL or SWD)","High Needs",230,61.1,229,55.0,90,50.9
"Oxford School District","=""1080011""","High Needs (F/R, EL or SWD)","Not High Needs",824,75.3,821,69.7,374,64.8
"Oxford School District","=""1080011""","Free/Reduced Price Meal Eligibility (2-level)","Eligible For Free Or Reduced Price Meals",95,65.4,95,57.8,38,53.8
"Oxford School District","=""1080011""","Free/Reduced Price Meal Eligibility (2-level)","Not Eligible For Free Or Reduced Price Meals",959,72.8,955,67.4,426,62.9
"Oxford School District","=""1080011""","Race/Ethnicity","American Indian or Alaska Native","*","*","*","*","*","*"
"Oxford School District","=""1080011""","Race/Ethnicity","Asian",22,77.6,22,76.5,10,"*"
"Oxford School District","=""1080011""","Race/Ethnicity","Black or African American","*","*","*","*","*","*"
"Oxford School District","=""1080011""","Race/Ethnicity","Hispanic or Latino",77,65.4,77,59.2,23,53.1
"Oxford School District","=""1080011""","Race/Ethnicity","Two or More Races",22,69.7,22,59.7,8,"*"
"Oxford School District","=""1080011""","Race/Ethnicity","White",922,72.7,918,67.1,418,62.7
"Oxford School District","=""1080011""","Special Education Status (SWD)","Students with Disabilities",132,55.1,131,49.0,54,44.8
"Oxford School District","=""1080011""","Special Education Status (SWD)","Students without Disabilities",922,74.6,919,69.0,410,64.4
"Plainfield School District","=""1090011""","All Students","District",1118,67.7,1119,61.9,490,53.3
"Plainfield School District","=""1090011""","English Language Learners (EL)","English Learners",15,"*",15,"*","*","*"
"Plainfield School District","=""1090011""","English Language Learners (EL)","Not English Learners",1103,67.8,1104,61.9,"*","*"
"Plainfield School District","=""1090011""","Gender","Female",561,70.4,562,62.0,244,53.5
"Plainfield School District","=""1090011""","Gender","Male",557,65.0,557,61.9,246,53.0
"Plainfield School District","=""1090011""","Grade","03",160,68.7,160,64.2,"N/A","N/A"
"Plainfield School District","=""1090011""","Grade","04",167,72.1,167,66.3,"N/A","N/A"
"Plainfield School District","=""1090011""","Grade","05",164,70.7,165,67.2,166,56.6
"Plainfield School District","=""1090011""","Grade","06",155,74.2,155,65.5,"N/A","N/A"
"Plainfield School District","=""1090011""","Grade","07",152,69.4,152,62.1,"N/A","N/A"
"Plainfield School District","=""1090011""","Grade","08",172,64.4,172,58.1,175,55.5
"Plainfield School District","=""1090011""","Grade","10","N/A","N/A","N/A","N/A",149,46.8
"Plainfield School District","=""1090011""","Grade","11",148,53.9,148,49.4,"N/A","N/A"
"Plainfield School District","=""1090011""","High Needs (F/R, EL or SWD)","High Needs",558,61.9,559,56.2,259,48.7
"Plainfield School District","=""1090011""","High Needs (F/R, EL or SWD)","Not High Needs",560,73.5,560,67.7,231,58.4
"Plainfield School District","=""1090011""","Free/Reduced Price Meal Eligibility (2-level)","Eligible For Free Or Reduced Price Meals",494,64.2,494,58.1,222,50.9
"Plainfield School District","=""1090011""","Free/Reduced Price Meal Eligibility (2-level)","Not Eligible For Free Or Reduced Price Meals",624,70.5,625,65.0,268,55.2
"Plainfield School District","=""1090011""","Race/Ethnicity","American Indian or Alaska Native",9,"*",9,"*","*","*"
"Plainfield School District","=""1090011""","Race/Ethnicity","Asian",19,"*",19,"*",10,"*"
"Plainfield School District","=""1090011""","Race/Ethnicity","Black or African American",48,67.2,48,61.6,15,"*"
"Plainfield School District","=""1090011""","Race/Ethnicity","Hispanic or Latino",21,69.4,21,62.1,11,"*"
"Plainfield School District","=""1090011""","Race/Ethnicity","Native Hawaiian or Other Pacific Islander","*","*","*","*","*","*"
"Plainfield School District","=""1090011""","Race/Ethnicity","Two or More Races","*","*","*","*","*","*"
"Plainfield School District","=""1090011""","Race/Ethnicity","White",1010,67.7,1011,61.8,446,53.5
"Plainfield School District","=""1090011""","Special Education Status (SWD)","Students with Disabilities",145,47.0,146,42.3,77,37.6
"Plainfield School District","=""1090011""","Special Education Status (SWD)","Students without Disabilities",973,70.8,973,64.9,413,56.2
"Plainville School District","=""1100011""","All Students","District",1195,68.1,1194,62.0,524,55.0
"Plainville School District","=""1100011""","English Language Learners (EL)","English Learners",120,62.4,120,57.8,39,51.1
"Plainville School District","=""1100011""","English Language Learners (EL)","Not English Learners",1075,68.7,1074,62.5,485,55.3
"Plainville School District","=""1100011""","Gender","Female",582,70.4,581,61.6,263,53.9
"Plainville School District","=""1100011""","Gender","Male",613,65.9,613,62.4,261,56.1
"Plainville School District","=""1100011""","Grade","03",172,68.6,171,63.2,"N/A","N/A"
"Plainville School District","=""1100011""","Grade","04",162,73.5,162,67.3,"N/A","N/A"
"Plainville School District","=""1100011""","Grade","05",168,70.2,168,67.9,168,57.1
"Plainville School District","=""1100011""","Grade","06",173,68.5,173,60.7,"N/A","N/A"
"Plainville School District","=""1100011""","Grade","07",186,70.5,186,59.9,"N/A","N/A"
"Plainville School District","=""1100011""","Grade","08",181,64.6,181,60.0,182,54.0
"Plainville School District","=""1100011""","Grade","10","N/A","N/A","N/A","N/A",174,54.0
"Plainville School District","=""1100011""","Grade","11",153,60.0,153,55.1,"N/A","N/A"
"Plainville School District","=""1100011""","High Needs (F/R, EL or SWD)","High Needs",497,61.2,496,54.6,210,49.6
"Plainville School District","=""1100011""","High Needs (F/R, EL or SWD)","Not High Needs",698,72.9,698,67.3,314,58.6
"Plainville School District","=""1100011""","Free/Reduced Price Meal Eligibility (2-level)","Eligible For Free Or Reduced Price Meals",350,62.9,349,55.7,152,51.1
"Plainville School District","=""1100011""","Free/Reduced Price Meal Eligibility (2-level)","Not Eligible For Free Or Reduced Price Meals",845,70.2,845,64.6,372,56.6
"Plainville School District","=""1100011""","Race/Ethnicity","American Indian or Alaska Native","*","*","*","*","*","*"
"Plainville School District","=""1100011""","Race/Ethnicity","Asian",27,63.3,27,64.1,"*","*"
"Plainville School District","=""1100011""","Race/Ethnicity","Black or African American",50,65.0,50,56.6,29,50.4
"Plainville School District","=""1100011""","Race/Ethnicity","Hispanic or Latino",209,62.0,209,53.9,91,49.2
"Plainville School District","=""1100011""","Race/Ethnicity","Native Hawaiian or Other Pacific Islander","*","*","*","*","N/A","N/A"
"Plainville School District","=""1100011""","Race/Ethnicity","Two or More Races",44,70.2,44,64.6,11,"*"
"Plainville School District","=""1100011""","Race/Ethnicity","White",862,69.8,861,64.1,381,56.6
"Plainville School District","=""1100011""","Special Education Status (SWD)","Students with Disabilities",148,49.1,148,41.1,62,39.7
"Plainville School District","=""1100011""","Special Education Status (SWD)","Students without Disabilities",1047,70.8,1046,65.0,462,57.0
"Plymouth School District","=""1110011""","All Students","District",777,66.1,777,63.3,363,52.9
"Plymouth School District","=""1110011""","English Language Learners (EL)","English Learners",11,"*",11,"*",6,"*"
"Plymouth School District","=""1110011""","English Language Learners (EL)","Not English Learners",766,66.3,766,63.4,357,53.2
"Plymouth School District","=""1110011""","Gender","Female",378,69.1,378,64.2,167,52.1
"Plymouth School District","=""1110011""","Gender","Male",399,63.3,399,62.5,196,53.7
"Plymouth School District","=""1110011""","Grade","03",111,73.8,111,71.6,"N/A","N/A"
"Plymouth School District","=""1110011""","Grade","04",90,77.1,90,70.2,"N/A","N/A"
"Plymouth School District","=""1110011""","Grade","05",128,69.2,128,68.4,128,57.2
"Plymouth School District","=""1110011""","Grade","06",104,67.0,104,60.4,"N/A","N/A"
"Plymouth School District","=""1110011""","Grade","07",109,62.5,109,62.0,"N/A","N/A"
"Plymouth School District","=""1110011""","Grade","08",114,60.7,114,58.9,115,53.2
"Plymouth School District","=""1110011""","Grade","10","N/A","N/A","N/A","N/A",120,48.2
"Plymouth School District","=""1110011""","Grade","11",121,55.3,121,53.0,"N/A","N/A"
"Plymouth School District","=""1110011""","High Needs (F/R, EL or SWD)","High Needs",307,58.0,307,54.7,140,46.4
"Plymouth School District","=""1110011""","High Needs (F/R, EL or SWD)","Not High Needs",470,71.5,470,69.0,223,57.0
"Plymouth School District","=""1110011""","Free/Reduced Price Meal Eligibility (2-level)","Eligible For Free Or Reduced Price Meals",247,61.2,247,57.8,108,49.5
"Plymouth School District","=""1110011""","Free/Reduced Price Meal Eligibility (2-level)","Not Eligible For Free Or Reduced Price Meals",530,68.4,530,65.9,255,54.4
"Plymouth School District","=""1110011""","Race/Ethnicity","American Indian or Alaska Native","*","*","*","*","*","*"
"Plymouth School District","=""1110011""","Race/Ethnicity","Asian",12,"*",12,"*",6,"*"
"Plymouth School District","=""1110011""","Race/Ethnicity","Black or African American","*","*","*","*","*","*"
"Plymouth School District","=""1110011""","Race/Ethnicity","Hispanic or Latino",58,64.3,58,57.6,25,44.5
"Plymouth School District","=""1110011""","Race/Ethnicity","Two or More Races",13,"*",13,"*",9,"*"
"Plymouth School District","=""1110011""","Race/Ethnicity","White",685,66.8,685,64.0,318,53.8
"Plymouth School District","=""1110011""","Special Education Status (SWD)","Students with Disabilities",114,43.8,114,40.3,52,38.1
"Plymouth School District","=""1110011""","Special Education Status (SWD)","Students without Disabilities",663,70.0,663,67.3,311,55.4
"Pomfret School District","=""1120011""","All Students","District",250,71.4,251,69.9,78,59.5
"Pomfret School District","=""1120011""","English Language Learners (EL)","English Learners","*","*","*","*","N/A","N/A"
"Pomfret School District","=""1120011""","English Language Learners (EL)","Not English Learners","*","*","*","*",78,59.5
"Pomfret School District","=""1120011""","Gender","Female",116,74.5,117,69.7,37,58.6
"Pomfret School District","=""1120011""","Gender","Male",134,68.8,134,70.1,41,60.3
"Pomfret School District","=""1120011""","Grade","03",32,66.7,32,70.3,"N/A","N/A"
"Pomfret School District","=""1120011""","Grade","04",40,76.4,40,75.9,"N/A","N/A"
"Pomfret School District","=""1120011""","Grade","05",35,73.0,35,73.8,35,62.3
"Pomfret School District","=""1120011""","Grade","06",52,72.6,52,71.5,"N/A","N/A"
"Pomfret School District","=""1120011""","Grade","07",47,68.1,48,65.2,"N/A","N/A"
"Pomfret School District","=""1120011""","Grade","08",44,71.1,44,64.4,43,57.2
"Pomfret School District","=""1120011""","High Needs (F/R, EL or SWD)","High Needs",59,58.6,60,55.2,16,"*"
"Pomfret School District","=""1120011""","High Needs (F/R, EL or SWD)","Not High Needs",191,75.4,191,74.5,62,61.0
"Pomfret School District","=""1120011""","Free/Reduced Price Meal Eligibility (2-level)","Eligible For Free Or Reduced Price Meals",36,66.2,36,63.0,7,"*"
"Pomfret School District","=""1120011""","Free/Reduced Price Meal Eligibility (2-level)","Not Eligible For Free Or Reduced Price Meals",214,72.3,215,71.1,71,60.3
"Pomfret School District","=""1120011""","Race/Ethnicity","American Indian or Alaska Native","*","*","*","*","N/A","N/A"
"Pomfret School District","=""1120011""","Race/Ethnicity","Asian",10,"*",10,"*","*","*"
"Pomfret School District","=""1120011""","Race/Ethnicity","Black or African American","*","*","*","*","*","*"
"Pomfret School District","=""1120011""","Race/Ethnicity","Hispanic or Latino",8,"*",8,"*","N/A","N/A"
"Pomfret School District","=""1120011""","Race/Ethnicity","Two or More Races","*","*","*","*","N/A","N/A"
"Pomfret School District","=""1120011""","Race/Ethnicity","White",226,71.4,227,69.9,73,60.3
"Pomfret School District","=""1120011""","Special Education Status (SWD)","Students with Disabilities",31,49.1,32,44.9,9,"*"
"Pomfret School District","=""1120011""","Special Education Status (SWD)","Students without Disabilities",219,74.6,219,73.6,69,60.0
"Portland School District","=""1130011""","All Students","District",700,75.5,699,70.1,300,62.6
"Portland School District","=""1130011""","English Language Learners (EL)","English Learners",24,70.9,24,67.3,7,"*"
"Portland School District","=""1130011""","English Language Learners (EL)","Not English Learners",676,75.7,675,70.1,293,62.8
"Portland School District","=""1130011""","Gender","Female",339,79.4,338,71.2,133,63.2
"Portland School District","=""1130011""","Gender","Male",361,71.9,361,69.0,167,62.1
"Portland School District","=""1130011""","Grade","03",96,75.2,96,69.5,"N/A","N/A"
"Portland School District","=""1130011""","Grade","04",103,76.7,102,67.0,"N/A","N/A"
"Portland School District","=""1130011""","Grade","05",94,75.6,94,73.4,95,58.0
"Portland School District","=""1130011""","Grade","06",110,76.2,110,71.1,"N/A","N/A"
"Portland School District","=""1130011""","Grade","07",107,83.0,107,75.6,"N/A","N/A"
"Portland School District","=""1130011""","Grade","08",104,76.8,104,71.9,105,65.4
"Portland School District","=""1130011""","Grade","10","N/A","N/A","N/A","N/A",100,64.0
"Portland School District","=""1130011""","Grade","11",86,62.6,86,60.2,"N/A","N/A"
"Portland School District","=""1130011""","High Needs (F/R, EL or SWD)","High Needs",195,65.2,195,59.7,75,51.8
"Portland School District","=""1130011""","High Needs (F/R, EL or SWD)","Not High Needs",505,79.5,504,74.1,225,66.2
"Portland School District","=""1130011""","Free/Reduced Price Meal Eligibility (2-level)","Eligible For Free Or Reduced Price Meals",153,67.7,153,62.2,61,51.9
"Portland School District","=""1130011""","Free/Reduced Price Meal Eligibility (2-level)","Not Eligible For Free Or Reduced Price Meals",547,77.7,546,72.3,239,65.3
"Portland School District","=""1130011""","Race/Ethnicity","Asian",12,"*",12,"*","*","*"
"Portland School District","=""1130011""","Race/Ethnicity","Black or African American",18,"*",18,"*","*","*"
"Portland School District","=""1130011""","Race/Ethnicity","Hispanic or Latino",73,68.1,73,63.9,28,52.2
"Portland School District","=""1130011""","Race/Ethnicity","Two or More Races",36,75.9,36,68.5,16,"*"
"Portland School District","=""1130011""","Race/Ethnicity","White",561,76.8,560,71.3,246,64.5
"Portland School District","=""1130011""","Special Education Status (SWD)","Students with Disabilities",65,51.6,65,46.1,30,44.0
"Portland School District","=""1130011""","Special Education Status (SWD)","Students without Disabilities",635,78.0,634,72.5,270,64.7
"Preston School District","=""1140011""","All Students","District",269,72.7,269,67.1,101,60.4
"Preston School District","=""1140011""","English Language Learners (EL)","English Learners",10,"*",10,"*",6,"*"
"Preston School District","=""1140011""","English Language Learners (EL)","Not English Learners",259,72.4,259,66.8,95,60.8
"Preston School District","=""1140011""","Gender","Female",141,75.5,141,67.1,58,60.6
"Preston School District","=""1140011""","Gender","Male",128,69.6,128,67.1,43,60.1
"Preston School District","=""1140011""","Grade","03",44,65.8,44,60.0,"N/A","N/A"
"Preston School District","=""1140011""","Grade","04",47,79.7,47,73.2,"N/A","N/A"
"Preston School District","=""1140011""","Grade","05",41,72.3,41,71.4,41,60.2
"Preston School District","=""1140011""","Grade","06",43,74.5,43,68.5,"N/A","N/A"
"Preston School District","=""1140011""","Grade","07",36,79.4,36,72.5,"N/A","N/A"
"Preston School District","=""1140011""","Grade","08",58,67.2,58,60.2,60,60.5
"Preston School District","=""1140011""","High Needs (F/R, EL or SWD)","High Needs",97,63.8,97,57.8,33,52.6
"Preston School District","=""1140011""","High Needs (F/R, EL or SWD)","Not High Needs",172,77.8,172,72.4,68,64.2
"Preston School District","=""1140011""","Free/Reduced Price Meal Eligibility (2-level)","Eligible For Free Or Reduced Price Meals",66,68.1,66,60.7,18,"*"
"Preston School District","=""1140011""","Free/Reduced Price Meal Eligibility (2-level)","Not Eligible For Free Or Reduced Price Meals",203,74.3,203,69.2,83,61.2
"Preston School District","=""1140011""","Race/Ethnicity","American Indian or Alaska Native",6,"*",6,"*","*","*"
"Preston School District","=""1140011""","Race/Ethnicity","Asian",6,"*",6,"*","*","*"
"Preston School District","=""1140011""","Race/Ethnicity","Black or African American",8,"*",8,"*","*","*"
"Preston School District","=""1140011""","Race/Ethnicity","Hispanic or Latino",15,"*",15,"*","*","*"
"Preston School District","=""1140011""","Race/Ethnicity","Two or More Races",16,"*",16,"*",6,"*"
"Preston School District","=""1140011""","Race/Ethnicity","White",218,73.5,218,68.9,82,61.6
"Preston School District","=""1140011""","Special Education Status (SWD)","Students with Disabilities",45,52.7,45,46.7,18,"*"
"Preston School District","=""1140011""","Special Education Status (SWD)","Students without Disabilities",224,76.8,224,71.2,83,63.2
"Putnam School District","=""1160011""","All Students","District",580,65.1,569,57.7,238,51.9
"Putnam School District","=""1160011""","English Language Learners (EL)","English Learners",21,50.4,21,46.7,8,"*"
"Putnam School District","=""1160011""","English Language Learners (EL)","Not English Learners",559,65.6,548,58.2,230,52.3
"Putnam School District","=""1160011""","Gender","Female",281,67.3,277,56.7,124,51.6
"Putnam School District","=""1160011""","Gender","Male",299,63.0,292,58.8,114,52.2
"Putnam School District","=""1160011""","Grade","03",96,64.8,96,57.4,"N/A","N/A"
"Putnam School District","=""1160011""","Grade","04",80,70.1,80,65.1,"N/A","N/A"
"Putnam School District","=""1160011""","Grade","05",78,68.5,78,65.8,78,54.7
"Putnam School District","=""1160011""","Grade","06",90,64.4,80,58.6,"N/A","N/A"
"Putnam School District","=""1160011""","Grade","07",82,70.5,81,58.4,"N/A","N/A"
"Putnam School District","=""1160011""","Grade","08",87,63.9,87,52.5,86,50.0
"Putnam School District","=""1160011""","Grade","10","N/A","N/A","N/A","N/A",74,51.1
"Putnam School District","=""1160011""","Grade","11",67,51.3,67,45.3,"N/A","N/A"
"Putnam School District","=""1160011""","High Needs (F/R, EL or SWD)","High Needs",360,60.0,353,53.0,129,47.9
"Putnam School District","=""1160011""","High Needs (F/R, EL or SWD)","Not High Needs",220,73.4,216,65.5,109,56.6
"Putnam School District","=""1160011""","Free/Reduced Price Meal Eligibility (2-level)","Eligible For Free Or Reduced Price Meals",336,60.8,330,53.9,120,48.6
"Putnam School District","=""1160011""","Free/Reduced Price Meal Eligibility (2-level)","Not Eligible For Free Or Reduced Price Meals",244,71.0,239,63.1,118,55.2
"Putnam School District","=""1160011""","Race/Ethnicity","American Indian or Alaska Native","*","*","*","*","N/A","N/A"
"Putnam School District","=""1160011""","Race/Ethnicity","Asian",6,"*",6,"*","*","*"
"Putnam School District","=""1160011""","Race/Ethnicity","Black or African American",6,"*",6,"*","*","*"
"Putnam School District","=""1160011""","Race/Ethnicity","Hispanic or Latino",48,60.5,48,52.9,23,45.7
"Putnam School District","=""1160011""","Race/Ethnicity","Native Hawaiian or Other Pacific Islander","*","*","*","*","*","*"
"Putnam School District","=""1160011""","Race/Ethnicity","Two or More Races",24,57.7,24,47.6,14,"*"
"Putnam School District","=""1160011""","Race/Ethnicity","White",493,66.1,482,58.9,194,53.0
"Putnam School District","=""1160011""","Special Education Status (SWD)","Students with Disabilities",101,44.7,99,37.3,31,39.2
"Putnam School District","=""1160011""","Special Education Status (SWD)","Students without Disabilities",479,69.4,470,62.1,207,53.8
"Redding School District","=""1170011""","All Students","District",619,79.3,619,77.2,209,66.6
"Redding School District","=""1170011""","English Language Learners (EL)","English Learners",17,"*",17,"*","*","*"
"Redding School District","=""1170011""","English Language Learners (EL)","Not English Learners",602,79.6,602,77.6,"*","*"
"Redding School District","=""1170011""","Gender","Female",302,81.3,302,77.5,94,66.2
"Redding School District","=""1170011""","Gender","Male",317,77.4,317,76.9,115,66.9
"Redding School District","=""1170011""","Grade","03",91,79.4,91,80.8,"N/A","N/A"
"Redding School District","=""1170011""","Grade","04",99,88.0,99,82.9,"N/A","N/A"
"Redding School District","=""1170011""","Grade","05",90,79.1,90,78.6,90,67.7
"Redding School District","=""1170011""","Grade","06",99,77.4,99,73.5,"N/A","N/A"
"Redding School District","=""1170011""","Grade","07",121,77.5,121,74.3,"N/A","N/A"
"Redding School District","=""1170011""","Grade","08",119,75.6,119,74.9,119,65.7
"Redding School District","=""1170011""","High Needs (F/R, EL or SWD)","High Needs",97,63.7,97,62.5,27,51.8
"Redding School District","=""1170011""","High Needs (F/R, EL or SWD)","Not High Needs",522,82.2,522,80.0,182,68.8
"Redding School District","=""1170011""","Free/Reduced Price Meal Eligibility (2-level)","Eligible For Free Or Reduced Price Meals",15,"*",15,"*","*","*"
"Redding School District","=""1170011""","Free/Reduced Price Meal Eligibility (2-level)","Not Eligible For Free Or Reduced Price Meals",604,79.4,604,77.3,"*","*"
"Redding School District","=""1170011""","Race/Ethnicity","Asian","*","*","*","*","*","*"
"Redding School District","=""1170011""","Race/Ethnicity","Black or African American","*","*","*","*","*","*"
"Redding School District","=""1170011""","Race/Ethnicity","Hispanic or Latino",34,72.1,34,70.9,11,"*"
"Redding School District","=""1170011""","Race/Ethnicity","Two or More Races",37,78.8,37,77.1,17,"*"
"Redding School District","=""1170011""","Race/Ethnicity","White",527,79.7,527,77.4,171,66.9
"Redding School District","=""1170011""","Special Education Status (SWD)","Students with Disabilities",75,60.9,75,59.7,21,48.5
"Redding School District","=""1170011""","Special Education Status (SWD)","Students without Disabilities",544,81.9,544,79.6,188,68.6
"Ridgefield School District","=""1180011""","All Students","District",2642,80.6,2635,75.2,1195,67.0
"Ridgefield School District","=""1180011""","English Language Learners (EL)","English Learners",59,73.8,59,68.6,23,57.2
"Ridgefield School District","=""1180011""","English Language Learners (EL)","Not English Learners",2583,80.7,2576,75.4,1172,67.2
"Ridgefield School District","=""1180011""","Gender","Female",1312,82.3,1306,74.5,596,66.1
"Ridgefield School District","=""1180011""","Gender","Male",1330,78.9,1329,76.0,599,67.9
"Ridgefield School District","=""1180011""","Grade","03",325,83.9,325,76.1,"N/A","N/A"
"Ridgefield School District","=""1180011""","Grade","04",364,86.1,365,80.0,"N/A","N/A"
"Ridgefield School District","=""1180011""","Grade","05",347,84.3,344,78.4,349,66.4
"Ridgefield School District","=""1180011""","Grade","06",404,80.2,403,73.8,"N/A","N/A"
"Ridgefield School District","=""1180011""","Grade","07",389,80.1,388,73.4,"N/A","N/A"
"Ridgefield School District","=""1180011""","Grade","08",421,75.0,418,72.6,437,66.1
"Ridgefield School District","=""1180011""","Grade","10","N/A","N/A","N/A","N/A",409,68.6
"Ridgefield School District","=""1180011""","Grade","11",392,76.2,392,73.4,"N/A","N/A"
"Ridgefield School District","=""1180011""","High Needs (F/R, EL or SWD)","High Needs",378,63.3,378,56.5,176,52.7
"Ridgefield School District","=""1180011""","High Needs (F/R, EL or SWD)","Not High Needs",2264,83.5,2257,78.4,1019,69.5
"Ridgefield School District","=""1180011""","Free/Reduced Price Meal Eligibility (2-level)","Eligible For Free Or Reduced Price Meals",55,69.7,55,65.1,24,59.4
"Ridgefield School District","=""1180011""","Free/Reduced Price Meal Eligibility (2-level)","Not Eligible For Free Or Reduced Price Meals",2587,80.8,2580,75.4,1171,67.2
"Ridgefield School District","=""1180011""","Race/Ethnicity","American Indian or Alaska Native","*","*","*","*","N/A","N/A"
"Ridgefield School District","=""1180011""","Race/Ethnicity","Asian",174,88.1,174,87.4,70,75.4
"Ridgefield School District","=""1180011""","Race/Ethnicity","Black or African American",14,"*",14,"*",8,"*"
"Ridgefield School District","=""1180011""","Race/Ethnicity","Hispanic or Latino",167,75.1,167,68.2,70,61.8
"Ridgefield School District","=""1180011""","Race/Ethnicity","Native Hawaiian or Other Pacific Islander","*","*","*","*","N/A","N/A"
"Ridgefield School District","=""1180011""","Race/Ethnicity","Two or More Races",79,85.1,79,80.5,26,69.7
"Ridgefield School District","=""1180011""","Race/Ethnicity","White",2203,80.3,2196,74.6,1021,66.8
"Ridgefield School District","=""1180011""","Special Education Status (SWD)","Students with Disabilities",287,59.6,287,51.8,138,49.9
"Ridgefield School District","=""1180011""","Special Education Status (SWD)","Students without Disabilities",2355,83.1,2348,78.1,1057,69.3
"Rocky Hill School District","=""1190011""","All Students","District",1292,75.1,1289,70.8,563,63.0
"Rocky Hill School District","=""1190011""","English Language Learners (EL)","English Learners",112,68.6,112,67.6,41,52.8
"Rocky Hill School District","=""1190011""","English Language Learners (EL)","Not English Learners",1180,75.7,1177,71.1,522,63.8
"Rocky Hill School District","=""1190011""","Gender","Female",636,77.2,635,70.7,300,63.7
"Rocky Hill School District","=""1190011""","Gender","Male",656,73.1,654,70.9,263,62.2
"Rocky Hill School District","=""1190011""","Grade","03",190,76.8,190,73.7,"N/A","N/A"
"Rocky Hill School District","=""1190011""","Grade","04",178,79.1,178,75.3,"N/A","N/A"
"Rocky Hill School District","=""1190011""","Grade","05",183,78.6,183,78.1,183,62.6
"Rocky Hill School District","=""1190011""","Grade","06",191,77.8,191,70.0,"N/A","N/A"
"Rocky Hill School District","=""1190011""","Grade","07",176,75.3,176,66.5,"N/A","N/A"
"Rocky Hill School District","=""1190011""","Grade","08",197,72.5,197,69.0,197,66.7
"Rocky Hill School District","=""1190011""","Grade","10","N/A","N/A","N/A","N/A",183,59.5
"Rocky Hill School District","=""1190011""","Grade","11",177,65.7,174,62.7,"N/A","N/A"
"Rocky Hill School District","=""1190011""","High Needs (F/R, EL or SWD)","High Needs",349,63.0,346,57.7,141,51.9
"Rocky Hill School District","=""1190011""","High Needs (F/R, EL or SWD)","Not High Needs",943,79.6,943,75.6,422,66.7
"Rocky Hill School District","=""1190011""","Free/Reduced Price Meal Eligibility (2-level)","Eligible For Free Or Reduced Price Meals",187,61.9,186,54.1,75,53.2
"Rocky Hill School District","=""1190011""","Free/Reduced Price Meal Eligibility (2-level)","Not Eligible For Free Or Reduced Price Meals",1105,77.4,1103,73.6,488,64.5
"Rocky Hill School District","=""1190011""","Race/Ethnicity","American Indian or Alaska Native","*","*","*","*","*","*"
"Rocky Hill School District","=""1190011""","Race/Ethnicity","Asian",269,82.1,269,83.3,97,68.9
"Rocky Hill School District","=""1190011""","Race/Ethnicity","Black or African American",50,66.8,50,59.3,18,"*"
"Rocky Hill School District","=""1190011""","Race/Ethnicity","Hispanic or Latino",105,64.3,103,56.7,42,56.2
"Rocky Hill School District","=""1190011""","Race/Ethnicity","Two or More Races","*","*","*","*","*","*"
"Rocky Hill School District","=""1190011""","Race/Ethnicity","White",851,74.6,850,69.1,398,62.4
"Rocky Hill School District","=""1190011""","Special Education Status (SWD)","Students with Disabilities",135,52.2,132,45.6,66,43.9
"Rocky Hill School District","=""1190011""","Special Education Status (SWD)","Students without Disabilities",1157,77.8,1157,73.7,497,65.6
"Salem School District","=""1210011""","All Students","District",260,79.9,260,74.8,90,61.7
"Salem School District","=""1210011""","English Language Learners (EL)","English Learners","*","*","*","*","*","*"
"Salem School District","=""1210011""","English Language Learners (EL)","Not English Learners","*","*","*","*","*","*"
"Salem School District","=""1210011""","Gender","Female",131,83.0,131,74.7,43,63.1
"Salem School District","=""1210011""","Gender","Male",129,76.8,129,75.0,47,60.3
"Salem School District","=""1210011""","Grade","03",36,83.5,36,84.1,"N/A","N/A"
"Salem School District","=""1210011""","Grade","04",41,80.0,41,80.8,"N/A","N/A"
"Salem School District","=""1210011""","Grade","05",44,77.7,44,73.8,44,62.7
"Salem School District","=""1210011""","Grade","06",60,83.3,60,74.1,"N/A","N/A"
"Salem School District","=""1210011""","Grade","07",35,73.1,35,63.0,"N/A","N/A"
"Salem School District","=""1210011""","Grade","08",44,80.1,44,73.1,44,62.1
"Salem School District","=""1210011""","Grade","10","N/A","N/A","N/A","N/A","*","*"
"Salem School District","=""1210011""","High Needs (F/R, EL or SWD)","High Needs",71,64.5,71,57.4,26,51.8
"Salem School District","=""1210011""","High Needs (F/R, EL or SWD)","Not High Needs",189,85.7,189,81.4,64,65.7
"Salem School District","=""1210011""","Free/Reduced Price Meal Eligibility (2-level)","Eligible For Free Or Reduced Price Meals",34,70.9,34,61.7,12,"*"
"Salem School District","=""1210011""","Free/Reduced Price Meal Eligibility (2-level)","Not Eligible For Free Or Reduced Price Meals",226,81.3,226,76.8,78,62.8
"Salem School District","=""1210011""","Race/Ethnicity","American Indian or Alaska Native","*","*","*","*","N/A","N/A"
"Salem School District","=""1210011""","Race/Ethnicity","Asian",10,"*",10,"*","*","*"
"Salem School District","=""1210011""","Race/Ethnicity","Black or African American",9,"*",9,"*","*","*"
"Salem School District","=""1210011""","Race/Ethnicity","Hispanic or Latino",14,"*",14,"*","*","*"
"Salem School District","=""1210011""","Race/Ethnicity","Native Hawaiian or Other Pacific Islander","*","*","*","*","*","*"
"Salem School District","=""1210011""","Race/Ethnicity","Two or More Races",7,"*",7,"*","*","*"
"Salem School District","=""1210011""","Race/Ethnicity","White",216,80.8,216,75.9,76,61.6
"Salem School District","=""1210011""","Special Education Status (SWD)","Students with Disabilities",49,58.4,49,52.6,19,"*"
"Salem School District","=""1210011""","Special Education Status (SWD)","Students without Disabilities",211,84.9,211,80.0,71,64.7
"Salisbury School District","=""1220011""","All Students","District",166,79.0,166,73.1,44,63.7
"Salisbury School District","=""1220011""","English Language Learners (EL)","English Learners",6,"*",6,"*","N/A","N/A"
"Salisbury School District","=""1220011""","English Language Learners (EL)","Not English Learners",160,79.8,160,73.3,44,63.7
"Salisbury School District","=""1220011""","Gender","Female",91,82.3,91,74.9,24,65.4
"Salisbury School District","=""1220011""","Gender","Male",75,75.0,75,71.0,20,61.7
"Salisbury School District","=""1220011""","Grade","03",29,78.6,29,76.4,"N/A","N/A"
"Salisbury School District","=""1220011""","Grade","04",29,83.0,29,73.6,"N/A","N/A"
"Salisbury School District","=""1220011""","Grade","05",20,79.0,20,72.7,19,"*"
"Salisbury School District","=""1220011""","Grade","06",25,76.4,25,73.7,"N/A","N/A"
"Salisbury School District","=""1220011""","Grade","07",38,78.5,38,72.5,"N/A","N/A"
"Salisbury School District","=""1220011""","Grade","08",25,78.3,25,69.5,25,63.5
"Salisbury School District","=""1220011""","High Needs (F/R, EL or SWD)","High Needs",37,67.3,37,61.2,11,"*"
"Salisbury School District","=""1220011""","High Needs (F/R, EL or SWD)","Not High Needs",129,82.4,129,76.5,33,66.9
"Salisbury School District","=""1220011""","Free/Reduced Price Meal Eligibility (2-level)","Eligible For Free Or Reduced Price Meals",22,71.7,22,66.7,8,"*"
"Salisbury School District","=""1220011""","Free/Reduced Price Meal Eligibility (2-level)","Not Eligible For Free Or Reduced Price Meals",144,80.1,144,74.1,36,64.6
"Salisbury School District","=""1220011""","Race/Ethnicity","Asian","*","*","*","*","*","*"
"Salisbury School District","=""1220011""","Race/Ethnicity","Black or African American","*","*","*","*","*","*"
"Salisbury School District","=""1220011""","Race/Ethnicity","Hispanic or Latino",8,"*",8,"*","*","*"
"Salisbury School District","=""1220011""","Race/Ethnicity","Two or More Races",12,"*",12,"*","*","*"
"Salisbury School District","=""1220011""","Race/Ethnicity","White",137,79.3,137,73.1,37,62.6
"Salisbury School District","=""1220011""","Special Education Status (SWD)","Students with Disabilities",15,"*",15,"*","*","*"
"Salisbury School District","=""1220011""","Special Education Status (SWD)","Students without Disabilities",151,80.8,151,75.6,"*","*"
"Scotland School District","=""1230011""","All Students","District",58,74.7,58,68.7,18,"*"
"Scotland School District","=""1230011""","English Language Learners (EL)","Not English Learners",58,74.7,58,68.7,18,"*"
"Scotland School District","=""1230011""","Gender","Female",34,75.7,34,69.4,9,"*"
"Scotland School District","=""1230011""","Gender","Male",24,73.2,24,67.8,9,"*"
"Scotland School District","=""1230011""","Grade","03",15,"*",15,"*","N/A","N/A"
"Scotland School District","=""1230011""","Grade","04",10,"*",10,"*","N/A","N/A"
"Scotland School District","=""1230011""","Grade","05",18,"*",18,"*",18,"*"
"Scotland School District","=""1230011""","Grade","06",15,"*",15,"*","N/A","N/A"
"Scotland School District","=""1230011""","High Needs (F/R, EL or SWD)","High Needs",24,67.6,24,62.8,6,"*"
"Scotland School District","=""1230011""","High Needs (F/R, EL or SWD)","Not High Needs",34,79.7,34,72.9,12,"*"
"Scotland School District","=""1230011""","Free/Reduced Price Meal Eligibility (2-level)","Eligible For Free Or Reduced Price Meals",20,70.6,20,65.1,"*","*"
"Scotland School District","=""1230011""","Free/Reduced Price Meal Eligibility (2-level)","Not Eligible For Free Or Reduced Price Meals",38,76.8,38,70.6,"*","*"
"Scotland School District","=""1230011""","Race/Ethnicity","Hispanic or Latino","*","*","*","*","*","*"
"Scotland School District","=""1230011""","Race/Ethnicity","Two or More Races","*","*","*","*","N/A","N/A"
"Scotland School District","=""1230011""","Race/Ethnicity","White",48,75.7,48,70.7,"*","*"
"Scotland School District","=""1230011""","Special Education Status (SWD)","Students with Disabilities",9,"*",9,"*","*","*"
"Scotland School District","=""1230011""","Special Education Status (SWD)","Students without Disabilities",49,78.0,49,69.8,"*","*"
"Seymour School District","=""1240011""","All Students","District",1185,67.5,1182,63.4,522,54.3
"Seymour School District","=""1240011""","English Language Learners (EL)","English Learners",72,62.4,72,59.2,23,44.4
"Seymour School District","=""1240011""","English Language Learners (EL)","Not English Learners",1113,67.9,1110,63.6,499,54.7
"Seymour School District","=""1240011""","Gender","Female",585,70.1,584,63.1,254,54.8
"Seymour School District","=""1240011""","Gender","Male",600,65.0,598,63.6,268,53.8
"Seymour School District","=""1240011""","Grade","03",177,67.6,175,61.1,"N/A","N/A"
"Seymour School District","=""1240011""","Grade","04",170,74.3,170,70.0,"N/A","N/A"
"Seymour School District","=""1240011""","Grade","05",149,69.3,149,69.0,152,57.1
"Seymour School District","=""1240011""","Grade","06",167,67.1,167,63.1,"N/A","N/A"
"Seymour School District","=""1240011""","Grade","07",180,65.3,179,58.7,"N/A","N/A"
"Seymour School District","=""1240011""","Grade","08",194,66.8,194,62.9,194,57.8
"Seymour School District","=""1240011""","Grade","10","N/A","N/A","N/A","N/A",176,47.9
"Seymour School District","=""1240011""","Grade","11",148,62.1,148,59.0,"N/A","N/A"
"Seymour School District","=""1240011""","High Needs (F/R, EL or SWD)","High Needs",440,59.1,439,54.7,190,47.1
"Seymour School District","=""1240011""","High Needs (F/R, EL or SWD)","Not High Needs",745,72.5,743,68.5,332,58.3
"Seymour School District","=""1240011""","Free/Reduced Price Meal Eligibility (2-level)","Eligible For Free Or Reduced Price Meals",318,61.3,317,56.9,147,48.9
"Seymour School District","=""1240011""","Free/Reduced Price Meal Eligibility (2-level)","Not Eligible For Free Or Reduced Price Meals",867,69.8,865,65.7,375,56.4
"Seymour School District","=""1240011""","Race/Ethnicity","American Indian or Alaska Native","*","*","*","*","*","*"
"Seymour School District","=""1240011""","Race/Ethnicity","Asian",36,77.6,36,77.5,18,"*"
"Seymour School District","=""1240011""","Race/Ethnicity","Black or African American",46,57.9,46,51.3,21,42.0
"Seymour School District","=""1240011""","Race/Ethnicity","Hispanic or Latino",164,63.4,164,58.5,73,50.0
"Seymour School District","=""1240011""","Race/Ethnicity","Two or More Races","*","*","*","*","*","*"
"Seymour School District","=""1240011""","Race/Ethnicity","White",916,68.5,914,64.4,405,55.2
"Seymour School District","=""1240011""","Special Education Status (SWD)","Students with Disabilities",147,44.7,147,38.5,62,37.3
"Seymour School District","=""1240011""","Special Education Status (SWD)","Students without Disabilities",1038,70.8,1035,66.9,460,56.5
"Sharon School District","=""1250011""","All Students","District",97,67.6,96,59.8,30,54.2
"Sharon School District","=""1250011""","English Language Learners (EL)","English Learners","*","*","*","*","N/A","N/A"
"Sharon School District","=""1250011""","English Language Learners (EL)","Not English Learners","*","*","*","*",30,54.2
"Sharon School District","=""1250011""","Gender","Female",51,70.3,51,61.6,16,"*"
"Sharon School District","=""1250011""","Gender","Male",46,64.7,45,57.9,14,"*"
"Sharon School District","=""1250011""","Grade","03",12,"*",12,"*","N/A","N/A"
"Sharon School District","=""1250011""","Grade","04",18,"*",17,"*","N/A","N/A"
"Sharon School District","=""1250011""","Grade","05",12,"*",12,"*",12,"*"
"Sharon School District","=""1250011""","Grade","06",19,"*",19,"*","N/A","N/A"
"Sharon School District","=""1250011""","Grade","07",18,"*",18,"*","N/A","N/A"
"Sharon School District","=""1250011""","Grade","08",18,"*",18,"*",18,"*"
"Sharon School District","=""1250011""","High Needs (F/R, EL or SWD)","High Needs",38,60.0,38,53.4,10,"*"
"Sharon School District","=""1250011""","High Needs (F/R, EL or SWD)","Not High Needs",59,72.6,58,64.0,20,58.4
"Sharon School District","=""1250011""","Free/Reduced Price Meal Eligibility (2-level)","Eligible For Free Or Reduced Price Meals",24,65.6,24,58.9,7,"*"
"Sharon School District","=""1250011""","Free/Reduced Price Meal Eligibility (2-level)","Not Eligible For Free Or Reduced Price Meals",73,68.3,72,60.1,23,56.4
"Sharon School District","=""1250011""","Race/Ethnicity","Asian","*","*","*","*","*","*"
"Sharon School District","=""1250011""","Race/Ethnicity","Hispanic or Latino","*","*","*","*","*","*"
"Sharon School District","=""1250011""","Race/Ethnicity","Two or More Races","*","*","*","*","N/A","N/A"
"Sharon School District","=""1250011""","Race/Ethnicity","White",87,67.5,86,60.0,27,54.1
"Sharon School District","=""1250011""","Special Education Status (SWD)","Students with Disabilities",19,"*",19,"*",7,"*"
"Sharon School District","=""1250011""","Special Education Status (SWD)","Students without Disabilities",78,72.3,77,64.4,23,57.9
"Shelton School District","=""1260011""","All Students","District",2487,73.7,2485,68.6,1116,59.5
"Shelton School District","=""1260011""","English Language Learners (EL)","English Learners",211,70.6,211,67.4,71,52.9
"Shelton School District","=""1260011""","English Language Learners (EL)","Not English Learners",2276,74.0,2274,68.7,1045,59.9
"Shelton School District","=""1260011""","Gender","Female",1199,76.2,1197,68.5,532,59.1
"Shelton School District","=""1260011""","Gender","Male",1288,71.4,1288,68.7,584,59.9
"Shelton School District","=""1260011""","Grade","03",324,78.5,323,73.1,"N/A","N/A"
"Shelton School District","=""1260011""","Grade","04",337,80.4,337,74.7,"N/A","N/A"
"Shelton School District","=""1260011""","Grade","05",359,75.0,359,70.4,361,61.6
"Shelton School District","=""1260011""","Grade","06",372,77.3,372,69.3,"N/A","N/A"
"Shelton School District","=""1260011""","Grade","07",364,75.0,364,67.7,"N/A","N/A"
"Shelton School District","=""1260011""","Grade","08",401,67.8,400,64.5,402,59.8
"Shelton School District","=""1260011""","Grade","10","N/A","N/A","N/A","N/A",353,57.0
"Shelton School District","=""1260011""","Grade","11",330,62.4,330,60.9,"N/A","N/A"
"Shelton School District","=""1260011""","High Needs (F/R, EL or SWD)","High Needs",882,64.3,881,58.4,378,51.3
"Shelton School District","=""1260011""","High Needs (F/R, EL or SWD)","Not High Needs",1605,78.9,1604,74.2,738,63.7
"Shelton School District","=""1260011""","Free/Reduced Price Meal Eligibility (2-level)","Eligible For Free Or Reduced Price Meals",535,65.7,534,59.9,236,52.1
"Shelton School District","=""1260011""","Free/Reduced Price Meal Eligibility (2-level)","Not Eligible For Free Or Reduced Price Meals",1952,75.9,1951,70.9,880,61.5
"Shelton School District","=""1260011""","Race/Ethnicity","American Indian or Alaska Native","*","*","*","*","N/A","N/A"
"Shelton School District","=""1260011""","Race/Ethnicity","Asian",167,82.5,167,82.9,79,64.5
"Shelton School District","=""1260011""","Race/Ethnicity","Black or African American",116,67.8,116,60.2,53,55.2
"Shelton School District","=""1260011""","Race/Ethnicity","Hispanic or Latino",307,67.4,307,60.3,142,53.4
"Shelton School District","=""1260011""","Race/Ethnicity","Native Hawaiian or Other Pacific Islander","*","*","*","*","*","*"
"Shelton School District","=""1260011""","Race/Ethnicity","Two or More Races",94,74.6,94,68.0,"*","*"
"Shelton School District","=""1260011""","Race/Ethnicity","White",1801,74.3,1799,69.2,806,60.5
"Shelton School District","=""1260011""","Special Education Status (SWD)","Students with Disabilities",366,53.2,365,46.0,163,45.8
"Shelton School District","=""1260011""","Special Education Status (SWD)","Students without Disabilities",2121,77.2,2120,72.4,953,61.8
"Sherman School District","=""1270011""","All Students","District",181,74.5,179,73.0,67,57.0
"Sherman School District","=""1270011""","English Language Learners (EL)","English Learners","*","*","*","*","*","*"
"Sherman School District","=""1270011""","English Language Learners (EL)","Not English Learners","*","*","*","*","*","*"
"Sherman School District","=""1270011""","Gender","Female",88,76.6,88,72.6,30,57.3
"Sherman School District","=""1270011""","Gender","Male",93,72.5,91,73.5,37,56.8
"Sherman School District","=""1270011""","Grade","03",23,75.0,23,76.2,"N/A","N/A"
"Sherman School District","=""1270011""","Grade","04",34,75.0,34,79.3,"N/A","N/A"
"Sherman School District","=""1270011""","Grade","05",39,69.7,38,73.1,39,55.9
"Sherman School District","=""1270011""","Grade","06",26,79.2,26,75.8,"N/A","N/A"
"Sherman School District","=""1270011""","Grade","07",32,74.7,31,64.6,"N/A","N/A"
"Sherman School District","=""1270011""","Grade","08",27,75.5,27,69.5,28,58.5
"Sherman School District","=""1270011""","Grade","10","N/A","N/A","N/A","N/A","N/A","N/A"
"Sherman School District","=""1270011""","High Needs (F/R, EL or SWD)","High Needs",22,57.9,22,58.8,10,"*"
"Sherman School District","=""1270011""","High Needs (F/R, EL or SWD)","Not High Needs",159,76.8,157,75.0,57,59.5
"Sherman School District","=""1270011""","Free/Reduced Price Meal Eligibility (2-level)","Eligible For Free Or Reduced Price Meals","*","*","*","*","*","*"
"Sherman School District","=""1270011""","Free/Reduced Price Meal Eligibility (2-level)","Not Eligible For Free Or Reduced Price Meals","*","*","*","*","*","*"
"Sherman School District","=""1270011""","Race/Ethnicity","American Indian or Alaska Native","*","*","*","*","*","*"
"Sherman School District","=""1270011""","Race/Ethnicity","Asian","*","*","*","*","*","*"
"Sherman School District","=""1270011""","Race/Ethnicity","Black or African American","*","*","N/A","N/A","*","*"
"Sherman School District","=""1270011""","Race/Ethnicity","Hispanic or Latino","*","*","*","*","N/A","N/A"
"Sherman School District","=""1270011""","Race/Ethnicity","White",171,74.7,170,73.1,62,56.9
"Sherman School District","=""1270011""","Special Education Status (SWD)","Students with Disabilities",17,"*",17,"*",10,"*"
"Sherman School District","=""1270011""","Special Education Status (SWD)","Students without Disabilities",164,76.2,162,74.5,57,59.5
"Simsbury School District","=""1280011""","All Students","District",2165,80.8,2154,75.2,987,69.4
"Simsbury School District","=""1280011""","English Language Learners (EL)","English Learners",59,67.8,59,65.0,26,55.3
"Simsbury School District","=""1280011""","English Language Learners (EL)","Not English Learners",2106,81.1,2095,75.5,961,69.7
"Simsbury School District","=""1280011""","Gender","Female",1064,83.1,1059,75.3,455,69.9
"Simsbury School District","=""1280011""","Gender","Male",1101,78.6,1095,75.1,532,68.9
"Simsbury School District","=""1280011""","Grade","03",265,80.7,264,75.3,"N/A","N/A"
"Simsbury School District","=""1280011""","Grade","04",307,85.4,307,77.7,"N/A","N/A"
"Simsbury School District","=""1280011""","Grade","05",298,81.7,298,77.4,297,67.5
"Simsbury School District","=""1280011""","Grade","06",289,84.8,288,80.3,"N/A","N/A"
"Simsbury School District","=""1280011""","Grade","07",341,81.4,335,73.5,"N/A","N/A"
"Simsbury School District","=""1280011""","Grade","08",334,76.6,331,70.8,336,67.0
"Simsbury School District","=""1280011""","Grade","10","N/A","N/A","N/A","N/A",354,73.2
"Simsbury School District","=""1280011""","Grade","11",331,75.7,331,72.7,"N/A","N/A"
"Simsbury School District","=""1280011""","High Needs (F/R, EL or SWD)","High Needs",452,64.2,446,57.7,227,55.6
"Simsbury School District","=""1280011""","High Needs (F/R, EL or SWD)","Not High Needs",1713,85.1,1708,79.8,760,73.5
"Simsbury School District","=""1280011""","Free/Reduced Price Meal Eligibility (2-level)","Eligible For Free Or Reduced Price Meals",205,66.5,204,60.0,98,56.1
"Simsbury School District","=""1280011""","Free/Reduced Price Meal Eligibility (2-level)","Not Eligible For Free Or Reduced Price Meals",1960,82.3,1950,76.8,889,70.8
"Simsbury School District","=""1280011""","Race/Ethnicity","Asian",146,87.2,146,85.4,61,73.6
"Simsbury School District","=""1280011""","Race/Ethnicity","Black or African American",132,64.0,132,56.4,56,49.2
"Simsbury School District","=""1280011""","Race/Ethnicity","Hispanic or Latino",157,75.1,155,67.4,71,63.3
"Simsbury School District","=""1280011""","Race/Ethnicity","Native Hawaiian or Other Pacific Islander","*","*","*","*","N/A","N/A"
"Simsbury School District","=""1280011""","Race/Ethnicity","Two or More Races","*","*","*","*",18,"*"
"Simsbury School District","=""1280011""","Race/Ethnicity","White",1674,82.1,1665,76.7,781,71.0
"Simsbury School District","=""1280011""","Special Education Status (SWD)","Students with Disabilities",262,58.9,257,51.4,143,52.7
"Simsbury School District","=""1280011""","Special Education Status (SWD)","Students without Disabilities",1903,83.8,1897,78.5,844,72.2
"Somers School District","=""1290011""","All Students","District",765,70.3,763,66.1,383,60.5
"Somers School District","=""1290011""","English Language Learners (EL)","English Learners","*","*","*","*","*","*"
"Somers School District","=""1290011""","English Language Learners (EL)","Not English Learners","*","*","*","*","*","*"
"Somers School District","=""1290011""","Gender","Female",383,73.4,382,66.0,196,61.7
"Somers School District","=""1290011""","Gender","Male",382,67.3,381,66.2,187,59.3
"Somers School District","=""1290011""","Grade","03",78,71.6,77,67.2,"N/A","N/A"
"Somers School District","=""1290011""","Grade","04",96,73.8,96,67.2,"N/A","N/A"
"Somers School District","=""1290011""","Grade","05",124,69.8,124,68.8,125,66.5
"Somers School District","=""1290011""","Grade","06",104,74.6,104,70.7,"N/A","N/A"
"Somers School District","=""1290011""","Grade","07",115,72.3,114,63.0,"N/A","N/A"
"Somers School District","=""1290011""","Grade","08",133,67.1,133,65.0,136,56.7
"Somers School District","=""1290011""","Grade","10","N/A","N/A","N/A","N/A",122,58.7
"Somers School District","=""1290011""","Grade","11",115,65.0,115,61.6,"N/A","N/A"
"Somers School District","=""1290011""","High Needs (F/R, EL or SWD)","High Needs",142,52.6,142,48.9,74,47.4
"Somers School District","=""1290011""","High Needs (F/R, EL or SWD)","Not High Needs",623,74.4,621,70.0,309,63.7
"Somers School District","=""1290011""","Free/Reduced Price Meal Eligibility (2-level)","Eligible For Free Or Reduced Price Meals",55,57.1,55,51.6,27,50.3
"Somers School District","=""1290011""","Free/Reduced Price Meal Eligibility (2-level)","Not Eligible For Free Or Reduced Price Meals",710,71.4,708,67.2,356,61.3
"Somers School District","=""1290011""","Race/Ethnicity","American Indian or Alaska Native","*","*","*","*","N/A","N/A"
"Somers School District","=""1290011""","Race/Ethnicity","Asian",14,"*",14,"*",9,"*"
"Somers School District","=""1290011""","Race/Ethnicity","Black or African American",17,"*",17,"*",10,"*"
"Somers School District","=""1290011""","Race/Ethnicity","Hispanic or Latino",26,53.3,26,53.6,14,"*"
"Somers School District","=""1290011""","Race/Ethnicity","Native Hawaiian or Other Pacific Islander","*","*","*","*","*","*"
"Somers School District","=""1290011""","Race/Ethnicity","Two or More Races",14,"*",14,"*","*","*"
"Somers School District","=""1290011""","Race/Ethnicity","White",691,71.1,689,66.8,345,61.1
"Somers School District","=""1290011""","Special Education Status (SWD)","Students with Disabilities",97,47.9,97,44.7,54,42.9
"Somers School District","=""1290011""","Special Education Status (SWD)","Students without Disabilities",668,73.6,666,69.2,329,63.4
"Southington School District","=""1310011""","All Students","District",3543,72.9,3541,68.9,1361,58.7
"Southington School District","=""1310011""","English Language Learners (EL)","English Learners",158,68.9,158,65.4,64,53.3
"Southington School District","=""1310011""","English Language Learners (EL)","Not English Learners",3385,73.1,3383,69.1,1297,59.0
"Southington School District","=""1310011""","Gender","Female",1773,75.1,1772,68.6,680,58.7
"Southington School District","=""1310011""","Gender","Male",1770,70.7,1769,69.2,681,58.8
"Southington School District","=""1310011""","Grade","03",473,75.5,473,71.5,"N/A","N/A"
"Southington School District","=""1310011""","Grade","04",475,78.5,474,76.5,"N/A","N/A"
"Southington School District","=""1310011""","Grade","05",485,73.8,484,70.4,480,59.2
"Southington School District","=""1310011""","Grade","06",540,75.8,540,67.7,"N/A","N/A"
"Southington School District","=""1310011""","Grade","07",523,73.2,523,67.3,"N/A","N/A"
"Southington School District","=""1310011""","Grade","08",524,69.7,524,66.6,530,58.8
"Southington School District","=""1310011""","Grade","10","N/A","N/A","N/A","N/A",351,58.0
"Southington School District","=""1310011""","Grade","11",523,64.6,523,63.4,"N/A","N/A"
"Southington School District","=""1310011""","High Needs (F/R, EL or SWD)","High Needs",938,61.2,937,56.6,363,48.9
"Southington School District","=""1310011""","High Needs (F/R, EL or SWD)","Not High Needs",2605,77.1,2604,73.3,998,62.3
"Southington School District","=""1310011""","Free/Reduced Price Meal Eligibility (2-level)","Eligible For Free Or Reduced Price Meals",519,63.7,518,58.9,190,51.4
"Southington School District","=""1310011""","Free/Reduced Price Meal Eligibility (2-level)","Not Eligible For Free Or Reduced Price Meals",3024,74.5,3023,70.6,1171,59.9
"Southington School District","=""1310011""","Race/Ethnicity","American Indian or Alaska Native","*","*","*","*","*","*"
"Southington School District","=""1310011""","Race/Ethnicity","Asian",129,75.7,129,74.8,51,62.3
"Southington School District","=""1310011""","Race/Ethnicity","Black or African American",81,65.0,80,59.9,26,51.5
"Southington School District","=""1310011""","Race/Ethnicity","Hispanic or Latino",268,65.0,268,59.5,115,51.0
"Southington School District","=""1310011""","Race/Ethnicity","Native Hawaiian or Other Pacific Islander","*","*","*","*","*","*"
"Southington School District","=""1310011""","Race/Ethnicity","Two or More Races",106,70.4,106,66.9,38,58.8
"Southington School District","=""1310011""","Race/Ethnicity","White",2948,73.8,2947,69.9,1126,59.6
"Southington School District","=""1310011""","Special Education Status (SWD)","Students with Disabilities",470,52.3,470,47.7,192,42.6
"Southington School District","=""1310011""","Special Education Status (SWD)","Students without Disabilities",3073,76.1,3071,72.2,1169,61.4
"South Windsor School District","=""1320011""","All Students","District",2185,76.9,2183,74.7,940,63.2
"South Windsor School District","=""1320011""","English Language Learners (EL)","English Learners",135,73.8,135,74.7,43,62.3
"South Windsor School District","=""1320011""","English Language Learners (EL)","Not English Learners",2050,77.1,2048,74.7,897,63.3
"South Windsor School District","=""1320011""","Gender","Female",1074,78.4,1072,74.1,436,63.1
"South Windsor School District","=""1320011""","Gender","Male",1111,75.4,1111,75.4,504,63.3
"South Windsor School District","=""1320011""","Grade","03",323,78.3,323,75.3,"N/A","N/A"
"South Windsor School District","=""1320011""","Grade","04",287,82.8,287,80.0,"N/A","N/A"
"South Windsor School District","=""1320011""","Grade","05",298,79.3,298,78.8,297,64.2
"South Windsor School District","=""1320011""","Grade","06",319,78.1,318,74.9,"N/A","N/A"
"South Windsor School District","=""1320011""","Grade","07",307,79.6,306,76.0,"N/A","N/A"
"South Windsor School District","=""1320011""","Grade","08",323,73.8,323,73.6,325,62.5
"South Windsor School District","=""1320011""","Grade","10","N/A","N/A","N/A","N/A",318,63.0
"South Windsor School District","=""1320011""","Grade","11",328,67.3,328,65.6,"N/A","N/A"
"South Windsor School District","=""1320011""","High Needs (F/R, EL or SWD)","High Needs",578,63.8,577,61.0,242,52.5
"South Windsor School District","=""1320011""","High Needs (F/R, EL or SWD)","Not High Needs",1607,81.6,1606,79.6,698,66.9
"South Windsor School District","=""1320011""","Free/Reduced Price Meal Eligibility (2-level)","Eligible For Free Or Reduced Price Meals",267,65.7,266,60.6,106,53.0
"South Windsor School District","=""1320011""","Free/Reduced Price Meal Eligibility (2-level)","Not Eligible For Free Or Reduced Price Meals",1918,78.4,1917,76.7,834,64.5
"South Windsor School District","=""1320011""","Race/Ethnicity","American Indian or Alaska Native","N/A","N/A","N/A","N/A","*","*"
"South Windsor School District","=""1320011""","Race/Ethnicity","Asian",404,86.1,404,87.8,129,71.5
"South Windsor School District","=""1320011""","Race/Ethnicity","Black or African American",149,63.5,149,57.5,57,51.3
"South Windsor School District","=""1320011""","Race/Ethnicity","Hispanic or Latino",167,69.1,167,64.8,70,56.2
"South Windsor School District","=""1320011""","Race/Ethnicity","Native Hawaiian or Other Pacific Islander","*","*","*","*","*","*"
"South Windsor School District","=""1320011""","Race/Ethnicity","Two or More Races","*","*","*","*",36,63.0
"South Windsor School District","=""1320011""","Race/Ethnicity","White",1361,76.6,1359,73.9,643,63.4
"South Windsor School District","=""1320011""","Special Education Status (SWD)","Students with Disabilities",281,54.8,281,51.5,134,46.1
"South Windsor School District","=""1320011""","Special Education Status (SWD)","Students without Disabilities",1904,80.1,1902,78.1,806,66.1
"Sprague School District","=""1330011""","All Students","District",189,63.2,189,58.1,62,53.5
"Sprague School District","=""1330011""","English Language Learners (EL)","English Learners","*","*","*","*","*","*"
"Sprague School District","=""1330011""","English Language Learners (EL)","Not English Learners","*","*","*","*","*","*"
"Sprague School District","=""1330011""","Gender","Female",87,66.1,87,58.9,30,55.4
"Sprague School District","=""1330011""","Gender","Male",102,60.6,102,57.4,32,51.7
"Sprague School District","=""1330011""","Grade","03",30,61.4,30,61.1,"N/A","N/A"
"Sprague School District","=""1330011""","Grade","04",34,64.1,34,60.0,"N/A","N/A"
"Sprague School District","=""1330011""","Grade","05","*","*","*","*",28,55.4
"Sprague School District","=""1330011""","Grade","06",31,69.4,31,61.3,"N/A","N/A"
"Sprague School District","=""1330011""","Grade","07",33,64.9,33,60.7,"N/A","N/A"
"Sprague School District","=""1330011""","Grade","08",33,58.8,33,48.1,34,51.9
"Sprague School District","=""1330011""","Grade","10","N/A","N/A","N/A","N/A","N/A","N/A"
"Sprague School District","=""1330011""","Grade","11","*","*","*","*","N/A","N/A"
"Sprague School District","=""1330011""","High Needs (F/R, EL or SWD)","High Needs",113,58.8,113,54.0,38,49.3
"Sprague School District","=""1330011""","High Needs (F/R, EL or SWD)","Not High Needs",76,69.6,76,64.1,24,60.1
"Sprague School District","=""1330011""","Free/Reduced Price Meal Eligibility (2-level)","Eligible For Free Or Reduced Price Meals",95,60.9,95,57.0,32,51.6
"Sprague School District","=""1330011""","Free/Reduced Price Meal Eligibility (2-level)","Not Eligible For Free Or Reduced Price Meals",94,65.4,94,59.2,30,55.5
"Sprague School District","=""1330011""","Race/Ethnicity","American Indian or Alaska Native","*","*","*","*","N/A","N/A"
"Sprague School District","=""1330011""","Race/Ethnicity","Asian","*","*","*","*","*","*"
"Sprague School District","=""1330011""","Race/Ethnicity","Black or African American","*","*","*","*","N/A","N/A"
"Sprague School District","=""1330011""","Race/Ethnicity","Hispanic or Latino",25,56.3,25,51.1,9,"*"
"Sprague School District","=""1330011""","Race/Ethnicity","Two or More Races",21,62.9,21,59.8,"*","*"
"Sprague School District","=""1330011""","Race/Ethnicity","White",134,65.4,134,59.8,47,53.3
"Sprague School District","=""1330011""","Special Education Status (SWD)","Students with Disabilities",32,46.2,32,38.0,11,"*"
"Sprague School District","=""1330011""","Special Education Status (SWD)","Students without Disabilities",157,66.6,157,62.2,51,56.8
"Stafford School District","=""1340011""","All Students","District",748,69.6,746,62.8,327,60.8
"Stafford School District","=""1340011""","English Language Learners (EL)","English Learners",7,"*",7,"*","*","*"
"Stafford School District","=""1340011""","English Language Learners (EL)","Not English Learners",741,69.6,739,62.9,"*","*"
"Stafford School District","=""1340011""","Gender","Female",370,72.1,369,63.4,167,61.1
"Stafford School District","=""1340011""","Gender","Male",378,67.0,377,62.3,160,60.5
"Stafford School District","=""1340011""","Grade","03",118,72.0,117,63.7,"N/A","N/A"
"Stafford School District","=""1340011""","Grade","04",99,68.1,99,64.7,"N/A","N/A"
"Stafford School District","=""1340011""","Grade","05",134,70.1,134,63.5,134,58.7
"Stafford School District","=""1340011""","Grade","06",112,68.0,112,59.6,"N/A","N/A"
"Stafford School District","=""1340011""","Grade","07",92,70.8,91,62.9,"N/A","N/A"
"Stafford School District","=""1340011""","Grade","08",110,73.1,110,65.6,110,63.9
"Stafford School District","=""1340011""","Grade","10","N/A","N/A","N/A","N/A",83,60.1
"Stafford School District","=""1340011""","Grade","11",83,63.1,83,58.9,"N/A","N/A"
"Stafford School District","=""1340011""","High Needs (F/R, EL or SWD)","High Needs",287,60.9,287,55.1,122,54.3
"Stafford School District","=""1340011""","High Needs (F/R, EL or SWD)","Not High Needs",461,75.0,459,67.6,205,64.7
"Stafford School District","=""1340011""","Free/Reduced Price Meal Eligibility (2-level)","Eligible For Free Or Reduced Price Meals",226,63.8,226,58.3,101,54.7
"Stafford School District","=""1340011""","Free/Reduced Price Meal Eligibility (2-level)","Not Eligible For Free Or Reduced Price Meals",522,72.1,520,64.8,226,63.5
"Stafford School District","=""1340011""","Race/Ethnicity","American Indian or Alaska Native","*","*","*","*","N/A","N/A"
"Stafford School District","=""1340011""","Race/Ethnicity","Asian",9,"*",9,"*","*","*"
"Stafford School District","=""1340011""","Race/Ethnicity","Black or African American",11,"*",11,"*",6,"*"
"Stafford School District","=""1340011""","Race/Ethnicity","Hispanic or Latino",45,65.6,45,58.8,21,63.8
"Stafford School District","=""1340011""","Race/Ethnicity","Native Hawaiian or Other Pacific Islander","*","*","*","*","*","*"
"Stafford School District","=""1340011""","Race/Ethnicity","Two or More Races",16,"*",16,"*","*","*"
"Stafford School District","=""1340011""","Race/Ethnicity","White",661,69.8,659,63.2,292,60.7
"Stafford School District","=""1340011""","Special Education Status (SWD)","Students with Disabilities",97,48.9,97,42.3,43,46.3
"Stafford School District","=""1340011""","Special Education Status (SWD)","Students without Disabilities",651,72.6,649,65.9,284,63.0
"Stamford School District","=""1350011""","All Students","District",7791,65.6,7777,61.9,3234,53.3
"Stamford School District","=""1350011""","English Language Learners (EL)","English Learners",1395,52.6,1393,49.6,527,41.5
"Stamford School District","=""1350011""","English Language Learners (EL)","Not English Learners",6396,68.5,6384,64.6,2707,55.6
"Stamford School District","=""1350011""","Gender","Female",3802,67.6,3799,61.7,1561,53.3
"Stamford School District","=""1350011""","Gender","Male",3989,63.8,3978,62.1,1673,53.4
"Stamford School District","=""1350011""","Grade","03",1212,66.2,1211,63.9,"N/A","N/A"
"Stamford School District","=""1350011""","Grade","04",1249,70.0,1249,68.4,"N/A","N/A"
"Stamford School District","=""1350011""","Grade","05",1200,66.8,1198,65.8,1202,54.7
"Stamford School District","=""1350011""","Grade","06",1037,68.1,1035,61.3,"N/A","N/A"
"Stamford School District","=""1350011""","Grade","07",1054,65.7,1048,59.6,"N/A","N/A"
"Stamford School District","=""1350011""","Grade","08",1035,64.7,1032,58.5,1035,55.1
"Stamford School District","=""1350011""","Grade","10","N/A","N/A","N/A","N/A",997,49.7
"Stamford School District","=""1350011""","Grade","11",1004,56.6,1004,53.2,"N/A","N/A"
"Stamford School District","=""1350011""","High Needs (F/R, EL or SWD)","High Needs",4571,57.5,4558,53.2,1844,46.2
"Stamford School District","=""1350011""","High Needs (F/R, EL or SWD)","Not High Needs",3220,77.2,3219,74.2,1390,62.7
"Stamford School District","=""1350011""","Free/Reduced Price Meal Eligibility (2-level)","Eligible For Free Or Reduced Price Meals",3966,58.3,3956,53.8,1592,47.0
"Stamford School District","=""1350011""","Free/Reduced Price Meal Eligibility (2-level)","Not Eligible For Free Or Reduced Price Meals",3825,73.3,3821,70.2,1642,59.4
"Stamford School District","=""1350011""","Race/Ethnicity","American Indian or Alaska Native","*","*","*","*","*","*"
"Stamford School District","=""1350011""","Race/Ethnicity","Asian",644,78.8,644,80.0,245,65.7
"Stamford School District","=""1350011""","Race/Ethnicity","Black or African American",1345,56.8,1341,50.1,593,44.7
"Stamford School District","=""1350011""","Race/Ethnicity","Hispanic or Latino",3261,59.9,3254,55.8,1250,48.1
"Stamford School District","=""1350011""","Race/Ethnicity","Native Hawaiian or Other Pacific Islander","*","*","*","*","*","*"
"Stamford School District","=""1350011""","Race/Ethnicity","Two or More Races",123,69.3,123,65.1,64,52.9
"Stamford School District","=""1350011""","Race/Ethnicity","White",2406,74.7,2403,71.7,1078,61.3
"Stamford School District","=""1350011""","Special Education Status (SWD)","Students with Disabilities",955,44.3,949,38.6,424,37.4
"Stamford School District","=""1350011""","Special Education Status (SWD)","Students without Disabilities",6836,68.6,6828,65.1,2810,55.7
"Sterling School District","=""1360011""","All Students","District",255,66.0,254,56.0,95,55.6
"Sterling School District","=""1360011""","English Language Learners (EL)","English Learners","*","*","*","*","N/A","N/A"
"Sterling School District","=""1360011""","English Language Learners (EL)","Not English Learners","*","*","*","*",95,55.6
"Sterling School District","=""1360011""","Gender","Female",125,69.4,124,57.0,54,56.3
"Sterling School District","=""1360011""","Gender","Male",130,62.8,130,55.1,41,54.7
"Sterling School District","=""1360011""","Grade","03",41,66.5,41,54.6,"N/A","N/A"
"Sterling School District","=""1360011""","Grade","04",36,72.4,35,62.6,"N/A","N/A"
"Sterling School District","=""1360011""","Grade","05",34,60.3,34,54.5,36,57.4
"Sterling School District","=""1360011""","Grade","06",48,65.6,48,54.7,"N/A","N/A"
"Sterling School District","=""1360011""","Grade","07",37,65.9,37,55.1,"N/A","N/A"
"Sterling School District","=""1360011""","Grade","08",59,65.6,59,55.7,59,54.5
"Sterling School District","=""1360011""","High Needs (F/R, EL or SWD)","High Needs",97,56.6,97,46.5,35,50.4
"Sterling School District","=""1360011""","High Needs (F/R, EL or SWD)","Not High Needs",158,71.8,157,61.9,60,58.7
"Sterling School District","=""1360011""","Free/Reduced Price Meal Eligibility (2-level)","Eligible For Free Or Reduced Price Meals",84,58.0,84,46.6,31,51.3
"Sterling School District","=""1360011""","Free/Reduced Price Meal Eligibility (2-level)","Not Eligible For Free Or Reduced Price Meals",171,70.0,170,60.7,64,57.7
"Sterling School District","=""1360011""","Race/Ethnicity","American Indian or Alaska Native","*","*","*","*","N/A","N/A"
"Sterling School District","=""1360011""","Race/Ethnicity","Asian","*","*","*","*","N/A","N/A"
"Sterling School District","=""1360011""","Race/Ethnicity","Black or African American","*","*","*","*","*","*"
"Sterling School District","=""1360011""","Race/Ethnicity","Hispanic or Latino",8,"*",8,"*","*","*"
"Sterling School District","=""1360011""","Race/Ethnicity","Two or More Races",12,"*",12,"*","*","*"
"Sterling School District","=""1360011""","Race/Ethnicity","White",228,66.5,227,56.4,88,55.5
"Sterling School District","=""1360011""","Special Education Status (SWD)","Students with Disabilities",33,44.8,33,39.4,10,"*"
"Sterling School District","=""1360011""","Special Education Status (SWD)","Students without Disabilities",222,69.2,221,58.5,85,56.8
"Stonington School District","=""1370011""","All Students","District",1112,75.4,1112,70.6,507,63.1
"Stonington School District","=""1370011""","English Language Learners (EL)","English Learners",13,"*",13,"*","*","*"
"Stonington School District","=""1370011""","English Language Learners (EL)","Not English Learners",1099,75.5,1099,70.8,"*","*"
"Stonington School District","=""1370011""","Gender","Female",540,78.8,540,71.0,236,64.2
"Stonington School District","=""1370011""","Gender","Male",572,72.1,572,70.3,271,62.1
"Stonington School District","=""1370011""","Grade","03",134,81.4,134,76.2,"N/A","N/A"
"Stonington School District","=""1370011""","Grade","04",166,82.8,166,81.2,"N/A","N/A"
"Stonington School District","=""1370011""","Grade","05",162,73.9,162,71.1,163,62.7
"Stonington School District","=""1370011""","Grade","06",154,78.7,154,68.5,"N/A","N/A"
"Stonington School District","=""1370011""","Grade","07",152,75.5,152,72.3,"N/A","N/A"
"Stonington School District","=""1370011""","Grade","08",174,70.1,174,63.7,176,64.6
"Stonington School District","=""1370011""","Grade","10","N/A","N/A","N/A","N/A",168,61.9
"Stonington School District","=""1370011""","Grade","11",170,66.9,170,63.0,"N/A","N/A"
"Stonington School District","=""1370011""","High Needs (F/R, EL or SWD)","High Needs",316,63.4,316,57.5,137,49.4
"Stonington School District","=""1370011""","High Needs (F/R, EL or SWD)","Not High Needs",796,80.1,796,75.8,370,68.2
"Stonington School District","=""1370011""","Free/Reduced Price Meal Eligibility (2-level)","Eligible For Free Or Reduced Price Meals",205,66.6,205,61.0,88,51.5
"Stonington School District","=""1370011""","Free/Reduced Price Meal Eligibility (2-level)","Not Eligible For Free Or Reduced Price Meals",907,77.3,907,72.8,419,65.5
"Stonington School District","=""1370011""","Race/Ethnicity","American Indian or Alaska Native","*","*","*","*","*","*"
"Stonington School District","=""1370011""","Race/Ethnicity","Asian",23,76.1,23,74.9,16,"*"
"Stonington School District","=""1370011""","Race/Ethnicity","Black or African American","*","*","*","*","*","*"
"Stonington School District","=""1370011""","Race/Ethnicity","Hispanic or Latino",60,69.7,60,65.7,29,55.3
"Stonington School District","=""1370011""","Race/Ethnicity","Two or More Races",28,70.2,28,68.9,8,"*"
"Stonington School District","=""1370011""","Race/Ethnicity","White",979,76.1,979,71.2,443,64.4
"Stonington School District","=""1370011""","Special Education Status (SWD)","Students with Disabilities",166,53.2,166,47.7,77,42.3
"Stonington School District","=""1370011""","Special Education Status (SWD)","Students without Disabilities",946,79.2,946,74.7,430,66.8
"Stratford School District","=""1380011""","All Students","District",3671,64.1,3668,55.7,1591,52.3
"Stratford School District","=""1380011""","English Language Learners (EL)","English Learners",352,58.9,352,52.2,119,46.1
"Stratford School District","=""1380011""","English Language Learners (EL)","Not English Learners",3319,64.6,3316,56.1,1472,52.8
"Stratford School District","=""1380011""","Gender","Female",1831,66.8,1829,56.1,791,52.6
"Stratford School District","=""1380011""","Gender","Male",1840,61.4,1839,55.3,800,52.0
"Stratford School District","=""1380011""","Grade","03",488,65.1,486,58.3,"N/A","N/A"
"Stratford School District","=""1380011""","Grade","04",514,68.5,514,61.4,"N/A","N/A"
"Stratford School District","=""1380011""","Grade","05",533,67.8,533,61.5,542,53.3
"Stratford School District","=""1380011""","Grade","06",520,67.2,520,56.3,"N/A","N/A"
"Stratford School District","=""1380011""","Grade","07",540,64.3,539,51.0,"N/A","N/A"
"Stratford School District","=""1380011""","Grade","08",572,61.5,572,51.2,578,53.5
"Stratford School District","=""1380011""","Grade","10","N/A","N/A","N/A","N/A",471,49.7
"Stratford School District","=""1380011""","Grade","11",504,54.3,504,50.9,"N/A","N/A"
"Stratford School District","=""1380011""","High Needs (F/R, EL or SWD)","High Needs",1953,57.5,1950,49.4,826,47.1
"Stratford School District","=""1380011""","High Needs (F/R, EL or SWD)","Not High Needs",1718,71.6,1718,62.9,765,57.9
"Stratford School District","=""1380011""","Free/Reduced Price Meal Eligibility (2-level)","Eligible For Free Or Reduced Price Meals",1660,58.5,1657,50.2,708,47.9
"Stratford School District","=""1380011""","Free/Reduced Price Meal Eligibility (2-level)","Not Eligible For Free Or Reduced Price Meals",2011,68.7,2011,60.3,883,55.8
"Stratford School District","=""1380011""","Race/Ethnicity","American Indian or Alaska Native","*","*","*","*","*","*"
"Stratford School District","=""1380011""","Race/Ethnicity","Asian",116,75.5,116,70.3,"*","*"
"Stratford School District","=""1380011""","Race/Ethnicity","Black or African American",829,58.0,829,49.3,348,47.1
"Stratford School District","=""1380011""","Race/Ethnicity","Hispanic or Latino",1068,60.0,1068,51.4,431,48.6
"Stratford School District","=""1380011""","Race/Ethnicity","Native Hawaiian or Other Pacific Islander","*","*","*","*","N/A","N/A"
"Stratford School District","=""1380011""","Race/Ethnicity","Two or More Races",109,65.9,108,59.9,48,49.6
"Stratford School District","=""1380011""","Race/Ethnicity","White",1543,69.3,1541,60.8,717,56.6
"Stratford School District","=""1380011""","Special Education Status (SWD)","Students with Disabilities",464,43.6,464,36.0,208,38.5
"Stratford School District","=""1380011""","Special Education Status (SWD)","Students without Disabilities",3207,67.1,3204,58.6,1383,54.4
"Suffield School District","=""1390011""","All Students","District",1154,72.4,1149,66.2,564,64.1
"Suffield School District","=""1390011""","English Language Learners (EL)","English Learners",20,58.9,20,55.4,"*","*"
"Suffield School District","=""1390011""","English Language Learners (EL)","Not English Learners",1134,72.6,1129,66.4,"*","*"
"Suffield School District","=""1390011""","Gender","Female",591,74.8,589,65.7,307,63.8
"Suffield School District","=""1390011""","Gender","Male",563,69.9,560,66.6,257,64.6
"Suffield School District","=""1390011""","Grade","03",138,72.4,138,65.5,"N/A","N/A"
"Suffield School District","=""1390011""","Grade","04",149,75.5,148,69.4,"N/A","N/A"
"Suffield School District","=""1390011""","Grade","05",164,72.2,163,64.1,169,58.5
"Suffield School District","=""1390011""","Grade","06",142,77.4,141,70.8,"N/A","N/A"
"Suffield School District","=""1390011""","Grade","07",188,75.9,188,64.5,"N/A","N/A"
"Suffield School District","=""1390011""","Grade","08",176,70.0,174,66.9,177,63.1
"Suffield School District","=""1390011""","Grade","10","N/A","N/A","N/A","N/A",218,69.4
"Suffield School District","=""1390011""","Grade","11",197,65.5,197,63.6,"N/A","N/A"
"Suffield School District","=""1390011""","High Needs (F/R, EL or SWD)","High Needs",235,57.0,232,48.5,111,51.1
"Suffield School District","=""1390011""","High Needs (F/R, EL or SWD)","Not High Needs",919,76.3,917,70.6,453,67.3
"Suffield School District","=""1390011""","Free/Reduced Price Meal Eligibility (2-level)","Eligible For Free Or Reduced Price Meals",123,57.3,122,48.8,58,51.4
"Suffield School District","=""1390011""","Free/Reduced Price Meal Eligibility (2-level)","Not Eligible For Free Or Reduced Price Meals",1031,74.2,1027,68.2,506,65.6
"Suffield School District","=""1390011""","Race/Ethnicity","American Indian or Alaska Native","*","*","*","*","*","*"
"Suffield School District","=""1390011""","Race/Ethnicity","Asian",41,76.8,41,75.1,19,"*"
"Suffield School District","=""1390011""","Race/Ethnicity","Black or African American",46,58.1,46,49.2,19,"*"
"Suffield School District","=""1390011""","Race/Ethnicity","Hispanic or Latino",83,64.5,82,56.5,36,59.4
"Suffield School District","=""1390011""","Race/Ethnicity","Two or More Races","*","*","*","*","*","*"
"Suffield School District","=""1390011""","Race/Ethnicity","White",963,73.8,959,67.6,484,65.3
"Suffield School District","=""1390011""","Special Education Status (SWD)","Students with Disabilities",134,51.4,132,42.0,70,47.3
"Suffield School District","=""1390011""","Special Education Status (SWD)","Students without Disabilities",1020,75.2,1017,69.3,494,66.5
"Thomaston School District","=""1400011""","All Students","District",485,69.5,485,62.5,231,57.5
"Thomaston School District","=""1400011""","English Language Learners (EL)","English Learners",13,"*",13,"*",7,"*"
"Thomaston School District","=""1400011""","English Language Learners (EL)","Not English Learners",472,70.1,472,63.0,224,58.1
"Thomaston School District","=""1400011""","Gender","Female",250,73.2,250,62.8,121,58.7
"Thomaston School District","=""1400011""","Gender","Male",235,65.5,235,62.1,110,56.2
"Thomaston School District","=""1400011""","Grade","03",54,67.2,54,62.0,"N/A","N/A"
"Thomaston School District","=""1400011""","Grade","04",67,67.6,67,61.3,"N/A","N/A"
"Thomaston School District","=""1400011""","Grade","05",66,69.9,66,62.2,66,57.1
"Thomaston School District","=""1400011""","Grade","06",69,70.4,69,63.4,"N/A","N/A"
"Thomaston School District","=""1400011""","Grade","07",75,77.2,75,65.9,"N/A","N/A"
"Thomaston School District","=""1400011""","Grade","08",97,69.8,97,60.8,97,59.3
"Thomaston School District","=""1400011""","Grade","10","N/A","N/A","N/A","N/A",68,55.4
"Thomaston School District","=""1400011""","Grade","11",57,61.6,57,61.8,"N/A","N/A"
"Thomaston School District","=""1400011""","High Needs (F/R, EL or SWD)","High Needs",164,58.9,164,52.3,73,48.2
"Thomaston School District","=""1400011""","High Needs (F/R, EL or SWD)","Not High Needs",321,74.9,321,67.7,158,61.8
"Thomaston School District","=""1400011""","Free/Reduced Price Meal Eligibility (2-level)","Eligible For Free Or Reduced Price Meals",107,63.3,107,56.2,46,50.4
"Thomaston School District","=""1400011""","Free/Reduced Price Meal Eligibility (2-level)","Not Eligible For Free Or Reduced Price Meals",378,71.3,378,64.3,185,59.3
"Thomaston School District","=""1400011""","Race/Ethnicity","Asian","*","*","*","*","N/A","N/A"
"Thomaston School District","=""1400011""","Race/Ethnicity","Black or African American","*","*","*","*","*","*"
"Thomaston School District","=""1400011""","Race/Ethnicity","Hispanic or Latino",19,"*",19,"*",9,"*"
"Thomaston School District","=""1400011""","Race/Ethnicity","Native Hawaiian or Other Pacific Islander","*","*","*","*","N/A","N/A"
"Thomaston School District","=""1400011""","Race/Ethnicity","Two or More Races",14,"*",14,"*","*","*"
"Thomaston School District","=""1400011""","Race/Ethnicity","White",447,70.4,447,62.9,214,58.1
"Thomaston School District","=""1400011""","Special Education Status (SWD)","Students with Disabilities",77,49.7,77,44.9,32,45.2
"Thomaston School District","=""1400011""","Special Education Status (SWD)","Students without Disabilities",408,73.2,408,65.8,199,59.5
"Thompson School District","=""1410011""","All Students","District",538,62.1,538,56.5,218,53.7
"Thompson School District","=""1410011""","English Language Learners (EL)","English Learners","*","*","*","*","*","*"
"Thompson School District","=""1410011""","English Language Learners (EL)","Not English Learners","*","*","*","*","*","*"
"Thompson School District","=""1410011""","Gender","Female",247,65.3,247,56.8,100,54.2
"Thompson School District","=""1410011""","Gender","Male",291,59.3,291,56.3,118,53.2
"Thompson School District","=""1410011""","Grade","03",77,69.0,77,60.8,"N/A","N/A"
"Thompson School District","=""1410011""","Grade","04",70,66.9,70,65.0,"N/A","N/A"
"Thompson School District","=""1410011""","Grade","05",72,62.0,72,56.1,72,57.0
"Thompson School District","=""1410011""","Grade","06",81,64.0,81,54.6,"N/A","N/A"
"Thompson School District","=""1410011""","Grade","07",94,62.1,94,58.0,"N/A","N/A"
"Thompson School District","=""1410011""","Grade","08",80,57.0,80,51.9,80,53.6
"Thompson School District","=""1410011""","Grade","10","N/A","N/A","N/A","N/A",66,50.2
"Thompson School District","=""1410011""","Grade","11",64,52.5,64,48.6,"N/A","N/A"
"Thompson School District","=""1410011""","High Needs (F/R, EL or SWD)","High Needs",220,54.9,220,49.5,88,47.1
"Thompson School District","=""1410011""","High Needs (F/R, EL or SWD)","Not High Needs",318,67.1,318,61.3,130,58.1
"Thompson School District","=""1410011""","Free/Reduced Price Meal Eligibility (2-level)","Eligible For Free Or Reduced Price Meals",186,56.2,186,51.0,79,47.6
"Thompson School District","=""1410011""","Free/Reduced Price Meal Eligibility (2-level)","Not Eligible For Free Or Reduced Price Meals",352,65.2,352,59.4,139,57.1
"Thompson School District","=""1410011""","Race/Ethnicity","American Indian or Alaska Native","*","*","*","*","N/A","N/A"
"Thompson School District","=""1410011""","Race/Ethnicity","Asian","*","*","*","*","N/A","N/A"
"Thompson School District","=""1410011""","Race/Ethnicity","Black or African American","*","*","*","*","*","*"
"Thompson School District","=""1410011""","Race/Ethnicity","Hispanic or Latino",35,54.5,35,50.7,13,"*"
"Thompson School District","=""1410011""","Race/Ethnicity","Two or More Races",19,"*",19,"*","*","*"
"Thompson School District","=""1410011""","Race/Ethnicity","White",480,62.7,480,57.0,194,55.0
"Thompson School District","=""1410011""","Special Education Status (SWD)","Students with Disabilities",61,44.4,61,38.1,20,38.1
"Thompson School District","=""1410011""","Special Education Status (SWD)","Students without Disabilities",477,64.3,477,58.9,198,55.3
"Tolland School District","=""1420011""","All Students","District",1338,73.9,1337,70.2,598,64.8
"Tolland School District","=""1420011""","English Language Learners (EL)","English Learners",16,"*",16,"*","*","*"
"Tolland School District","=""1420011""","English Language Learners (EL)","Not English Learners",1322,74.0,1321,70.2,"*","*"
"Tolland School District","=""1420011""","Gender","Female",648,77.0,648,70.2,303,64.0
"Tolland School District","=""1420011""","Gender","Male",690,71.1,689,70.2,295,65.5
"Tolland School District","=""1420011""","Grade","03",166,73.8,165,66.3,"N/A","N/A"
"Tolland School District","=""1420011""","Grade","04",180,76.6,180,74.4,"N/A","N/A"
"Tolland School District","=""1420011""","Grade","05",187,76.6,187,72.6,187,64.2
"Tolland School District","=""1420011""","Grade","06",177,77.0,177,73.2,"N/A","N/A"
"Tolland School District","=""1420011""","Grade","07",200,73.8,200,69.9,"N/A","N/A"
"Tolland School District","=""1420011""","Grade","08",218,73.6,218,69.2,217,64.7
"Tolland School District","=""1420011""","Grade","10","N/A","N/A","N/A","N/A",194,65.4
"Tolland School District","=""1420011""","Grade","11",210,67.3,210,66.4,"N/A","N/A"
"Tolland School District","=""1420011""","High Needs (F/R, EL or SWD)","High Needs",240,57.8,240,54.1,89,52.6
"Tolland School District","=""1420011""","High Needs (F/R, EL or SWD)","Not High Needs",1098,77.5,1097,73.7,509,66.9
"Tolland School District","=""1420011""","Free/Reduced Price Meal Eligibility (2-level)","Eligible For Free Or Reduced Price Meals",85,64.4,85,60.9,31,56.8
"Tolland School District","=""1420011""","Free/Reduced Price Meal Eligibility (2-level)","Not Eligible For Free Or Reduced Price Meals",1253,74.6,1252,70.8,567,65.2
"Tolland School District","=""1420011""","Race/Ethnicity","American Indian or Alaska Native","*","*","*","*","*","*"
"Tolland School District","=""1420011""","Race/Ethnicity","Asian",55,77.2,54,76.0,21,65.6
"Tolland School District","=""1420011""","Race/Ethnicity","Black or African American",22,69.5,22,67.5,8,"*"
"Tolland School District","=""1420011""","Race/Ethnicity","Hispanic or Latino",44,69.9,44,66.8,22,59.0
"Tolland School District","=""1420011""","Race/Ethnicity","Native Hawaiian or Other Pacific Islander","*","*","*","*","N/A","N/A"
"Tolland School District","=""1420011""","Race/Ethnicity","Two or More Races","*","*","*","*","*","*"
"Tolland School District","=""1420011""","Race/Ethnicity","White",1208,74.0,1208,70.1,542,65.2
"Tolland School District","=""1420011""","Special Education Status (SWD)","Students with Disabilities",162,52.4,162,47.8,63,49.9
"Tolland School District","=""1420011""","Special Education Status (SWD)","Students without Disabilities",1176,76.9,1175,73.3,535,66.5
"Torrington School District","=""1430011""","All Students","District",2219,62.5,2214,54.4,855,50.7
"Torrington School District","=""1430011""","English Language Learners (EL)","English Learners",310,57.5,310,50.4,91,45.2
"Torrington School District","=""1430011""","English Language Learners (EL)","Not English Learners",1909,63.3,1904,55.1,764,51.4
"Torrington School District","=""1430011""","Gender","Female",1073,65.6,1070,54.9,400,51.2
"Torrington School District","=""1430011""","Gender","Male",1146,59.6,1144,54.0,455,50.3
"Torrington School District","=""1430011""","Grade","03",334,69.1,332,59.7,"N/A","N/A"
"Torrington School District","=""1430011""","Grade","04",346,72.6,346,61.7,"N/A","N/A"
"Torrington School District","=""1430011""","Grade","05",340,65.8,341,57.5,342,53.6
"Torrington School District","=""1430011""","Grade","06",351,62.4,348,54.6,"N/A","N/A"
"Torrington School District","=""1430011""","Grade","07",333,56.0,331,48.1,"N/A","N/A"
"Torrington School District","=""1430011""","Grade","08",296,53.1,297,46.9,303,49.1
"Torrington School District","=""1430011""","Grade","10","N/A","N/A","N/A","N/A",210,48.3
"Torrington School District","=""1430011""","Grade","11",219,54.2,219,49.8,"N/A","N/A"
"Torrington School District","=""1430011""","High Needs (F/R, EL or SWD)","High Needs",1341,58.2,1337,50.0,471,47.1
"Torrington School District","=""1430011""","High Needs (F/R, EL or SWD)","Not High Needs",878,69.1,877,61.2,384,55.1
"Torrington School District","=""1430011""","Free/Reduced Price Meal Eligibility (2-level)","Eligible For Free Or Reduced Price Meals",1148,59.6,1148,51.1,394,48.2
"Torrington School District","=""1430011""","Free/Reduced Price Meal Eligibility (2-level)","Not Eligible For Free Or Reduced Price Meals",1071,65.6,1066,58.0,461,52.9
"Torrington School District","=""1430011""","Race/Ethnicity","American Indian or Alaska Native","*","*","*","*","*","*"
"Torrington School District","=""1430011""","Race/Ethnicity","Asian",93,70.3,93,65.2,33,55.0
"Torrington School District","=""1430011""","Race/Ethnicity","Black or African American",88,60.1,87,47.0,41,46.5
"Torrington School District","=""1430011""","Race/Ethnicity","Hispanic or Latino",546,56.7,546,48.9,200,46.4
"Torrington School District","=""1430011""","Race/Ethnicity","Native Hawaiian or Other Pacific Islander","*","*","*","*","*","*"
"Torrington School District","=""1430011""","Race/Ethnicity","Two or More Races",84,65.9,84,51.1,40,48.9
"Torrington School District","=""1430011""","Race/Ethnicity","White",1398,64.2,1394,56.5,535,52.5
"Torrington School District","=""1430011""","Special Education Status (SWD)","Students with Disabilities",449,48.2,445,39.3,161,40.6
"Torrington School District","=""1430011""","Special Education Status (SWD)","Students without Disabilities",1770,66.1,1769,58.2,694,53.1
"Trumbull School District","=""1440011""","All Students","District",3578,80.4,3574,77.4,1563,66.9
"Trumbull School District","=""1440011""","English Language Learners (EL)","English Learners",148,69.6,148,70.2,41,59.3
"Trumbull School District","=""1440011""","English Language Learners (EL)","Not English Learners",3430,80.9,3426,77.7,1522,67.1
"Trumbull School District","=""1440011""","Gender","Female",1763,82.5,1762,77.4,747,66.7
"Trumbull School District","=""1440011""","Gender","Male",1815,78.4,1812,77.3,816,67.2
"Trumbull School District","=""1440011""","Grade","03",487,79.8,487,77.9,"N/A","N/A"
"Trumbull School District","=""1440011""","Grade","04",473,86.4,474,82.2,"N/A","N/A"
"Trumbull School District","=""1440011""","Grade","05",489,83.6,489,81.1,492,66.9
"Trumbull School District","=""1440011""","Grade","06",500,82.3,497,79.4,"N/A","N/A"
"Trumbull School District","=""1440011""","Grade","07",547,82.7,546,76.2,"N/A","N/A"
"Trumbull School District","=""1440011""","Grade","08",529,80.2,528,78.4,538,65.6
"Trumbull School District","=""1440011""","Grade","10","N/A","N/A","N/A","N/A",533,68.3
"Trumbull School District","=""1440011""","Grade","11",553,69.5,553,67.8,"N/A","N/A"
"Trumbull School District","=""1440011""","High Needs (F/R, EL or SWD)","High Needs",772,66.4,769,62.7,328,57.0
"Trumbull School District","=""1440011""","High Needs (F/R, EL or SWD)","Not High Needs",2806,84.3,2805,81.4,1235,69.6
"Trumbull School District","=""1440011""","Free/Reduced Price Meal Eligibility (2-level)","Eligible For Free Or Reduced Price Meals",345,70.0,344,66.6,162,59.4
"Trumbull School District","=""1440011""","Free/Reduced Price Meal Eligibility (2-level)","Not Eligible For Free Or Reduced Price Meals",3233,81.6,3230,78.5,1401,67.8
"Trumbull School District","=""1440011""","Race/Ethnicity","American Indian or Alaska Native","*","*","*","*","*","*"
"Trumbull School District","=""1440011""","Race/Ethnicity","Asian",312,88.9,313,90.0,119,72.9
"Trumbull School District","=""1440011""","Race/Ethnicity","Black or African American",166,77.6,166,70.7,69,57.5
"Trumbull School District","=""1440011""","Race/Ethnicity","Hispanic or Latino",312,74.8,310,71.4,125,61.4
"Trumbull School District","=""1440011""","Race/Ethnicity","Native Hawaiian or Other Pacific Islander","*","*","*","*","*","*"
"Trumbull School District","=""1440011""","Race/Ethnicity","Two or More Races",22,78.7,22,80.1,8,"*"
"Trumbull School District","=""1440011""","Race/Ethnicity","White",2757,80.3,2754,77.0,1238,67.5
"Trumbull School District","=""1440011""","Special Education Status (SWD)","Students with Disabilities",389,59.5,387,54.4,173,52.3
"Trumbull School District","=""1440011""","Special Education Status (SWD)","Students without Disabilities",3189,83.0,3187,80.2,1390,68.8
"Union School District","=""1450011""","All Students","District",46,74.1,46,66.6,16,"*"
"Union School District","=""1450011""","English Language Learners (EL)","Not English Learners",46,74.1,46,66.6,16,"*"
"Union School District","=""1450011""","Gender","Female",28,76.8,28,65.4,8,"*"
"Union School District","=""1450011""","Gender","Male",18,"*",18,"*",8,"*"
"Union School District","=""1450011""","Grade","03","*","*","*","*","N/A","N/A"
"Union School District","=""1450011""","Grade","04",7,"*",7,"*","N/A","N/A"
"Union School District","=""1450011""","Grade","05","*","*","*","*","*","*"
"Union School District","=""1450011""","Grade","06",8,"*",8,"*","N/A","N/A"
"Union School District","=""1450011""","Grade","07",8,"*",8,"*","N/A","N/A"
"Union School District","=""1450011""","Grade","08",15,"*",15,"*","*","*"
"Union School District","=""1450011""","High Needs (F/R, EL or SWD)","High Needs",10,"*",10,"*","*","*"
"Union School District","=""1450011""","High Needs (F/R, EL or SWD)","Not High Needs",36,79.6,36,73.6,"*","*"
"Union School District","=""1450011""","Free/Reduced Price Meal Eligibility (2-level)","Eligible For Free Or Reduced Price Meals","*","*","*","*","N/A","N/A"
"Union School District","=""1450011""","Free/Reduced Price Meal Eligibility (2-level)","Not Eligible For Free Or Reduced Price Meals","*","*","*","*",16,"*"
"Union School District","=""1450011""","Race/Ethnicity","Asian","*","*","*","*","N/A","N/A"
"Union School District","=""1450011""","Race/Ethnicity","Hispanic or Latino","*","*","*","*","N/A","N/A"
"Union School District","=""1450011""","Race/Ethnicity","White",44,74.4,44,67.3,16,"*"
"Union School District","=""1450011""","Special Education Status (SWD)","Students with Disabilities",9,"*",9,"*","*","*"
"Union School District","=""1450011""","Special Education Status (SWD)","Students without Disabilities",37,79.0,37,72.8,"*","*"
"Vernon School District","=""1460011""","All Students","District",1557,65.4,1553,60.9,630,52.3
"Vernon School District","=""1460011""","English Language Learners (EL)","English Learners",76,60.2,76,58.2,32,43.7
"Vernon School District","=""1460011""","English Language Learners (EL)","Not English Learners",1481,65.7,1477,61.0,598,52.7
"Vernon School District","=""1460011""","Gender","Female",781,67.6,780,60.9,307,52.7
"Vernon School District","=""1460011""","Gender","Male",776,63.2,773,60.8,323,51.8
"Vernon School District","=""1460011""","Grade","03",214,69.0,213,65.3,"N/A","N/A"
"Vernon School District","=""1460011""","Grade","04",243,68.3,241,64.8,"N/A","N/A"
"Vernon School District","=""1460011""","Grade","05",236,66.5,236,67.6,238,51.5
"Vernon School District","=""1460011""","Grade","06",219,67.5,219,60.7,"N/A","N/A"
"Vernon School District","=""1460011""","Grade","07",240,67.4,240,58.2,"N/A","N/A"
"Vernon School District","=""1460011""","Grade","08",211,62.1,210,56.0,211,52.4
"Vernon School District","=""1460011""","Grade","10","N/A","N/A","N/A","N/A",181,53.2
"Vernon School District","=""1460011""","Grade","11",194,55.3,194,51.5,"N/A","N/A"
"Vernon School District","=""1460011""","High Needs (F/R, EL or SWD)","High Needs",812,58.0,808,52.9,322,46.1
"Vernon School District","=""1460011""","High Needs (F/R, EL or SWD)","Not High Needs",745,73.5,745,69.5,308,58.8
"Vernon School District","=""1460011""","Free/Reduced Price Meal Eligibility (2-level)","Eligible For Free Or Reduced Price Meals",696,58.5,692,53.1,276,47.0
"Vernon School District","=""1460011""","Free/Reduced Price Meal Eligibility (2-level)","Not Eligible For Free Or Reduced Price Meals",861,71.0,861,67.0,354,56.4
"Vernon School District","=""1460011""","Race/Ethnicity","American Indian or Alaska Native","*","*","*","*","*","*"
"Vernon School District","=""1460011""","Race/Ethnicity","Asian",85,70.0,85,66.0,36,50.9
"Vernon School District","=""1460011""","Race/Ethnicity","Black or African American",173,57.0,172,51.1,67,45.6
"Vernon School District","=""1460011""","Race/Ethnicity","Hispanic or Latino",234,57.3,234,51.6,81,46.6
"Vernon School District","=""1460011""","Race/Ethnicity","Two or More Races","*","*","*","*","*","*"
"Vernon School District","=""1460011""","Race/Ethnicity","White",998,68.3,995,64.4,423,54.6
"Vernon School District","=""1460011""","Special Education Status (SWD)","Students with Disabilities",261,48.2,259,42.0,102,40.2
"Vernon School District","=""1460011""","Special Education Status (SWD)","Students without Disabilities",1296,68.9,1294,64.6,528,54.6
"Voluntown School District","=""1470011""","All Students","District",174,74.5,174,69.4,62,60.6
"Voluntown School District","=""1470011""","English Language Learners (EL)","Not English Learners",174,74.5,174,69.4,62,60.6
"Voluntown School District","=""1470011""","Gender","Female",87,77.6,87,69.9,31,61.4
"Voluntown School District","=""1470011""","Gender","Male",87,71.4,87,68.9,31,59.8
"Voluntown School District","=""1470011""","Grade","03",28,75.3,28,68.4,"N/A","N/A"
"Voluntown School District","=""1470011""","Grade","04","*","*","*","*","N/A","N/A"
"Voluntown School District","=""1470011""","Grade","05",31,71.1,31,67.0,31,58.0
"Voluntown School District","=""1470011""","Grade","06",31,75.8,31,70.9,"N/A","N/A"
"Voluntown School District","=""1470011""","Grade","07",28,71.6,28,64.7,"N/A","N/A"
"Voluntown School District","=""1470011""","Grade","08",30,76.9,30,71.1,"*","*"
"Voluntown School District","=""1470011""","Grade","10","N/A","N/A","N/A","N/A","*","*"
"Voluntown School District","=""1470011""","Grade","11","*","*","*","*","N/A","N/A"
"Voluntown School District","=""1470011""","High Needs (F/R, EL or SWD)","High Needs",67,63.4,67,58.0,27,55.1
"Voluntown School District","=""1470011""","High Needs (F/R, EL or SWD)","Not High Needs",107,81.5,107,76.6,35,64.7
"Voluntown School District","=""1470011""","Free/Reduced Price Meal Eligibility (2-level)","Eligible For Free Or Reduced Price Meals",36,73.4,36,69.7,15,"*"
"Voluntown School District","=""1470011""","Free/Reduced Price Meal Eligibility (2-level)","Not Eligible For Free Or Reduced Price Meals",138,74.8,138,69.3,47,59.9
"Voluntown School District","=""1470011""","Race/Ethnicity","American Indian or Alaska Native","*","*","*","*","*","*"
"Voluntown School District","=""1470011""","Race/Ethnicity","Asian","*","*","*","*","*","*"
"Voluntown School District","=""1470011""","Race/Ethnicity","Black or African American","*","*","*","*","*","*"
"Voluntown School District","=""1470011""","Race/Ethnicity","Hispanic or Latino","*","*","*","*","*","*"
"Voluntown School District","=""1470011""","Race/Ethnicity","Two or More Races",6,"*",6,"*","*","*"
"Voluntown School District","=""1470011""","Race/Ethnicity","White",155,74.6,155,70.1,54,60.6
"Voluntown School District","=""1470011""","Special Education Status (SWD)","Students with Disabilities",40,52.6,40,46.6,17,"*"
"Voluntown School District","=""1470011""","Special Education Status (SWD)","Students without Disabilities",134,81.0,134,76.2,45,65.8
"Wallingford School District","=""1480011""","All Students","District",3012,67.1,3005,62.3,1298,58.1
"Wallingford School District","=""1480011""","English Language Learners (EL)","English Learners",260,58.4,259,55.0,87,47.0
"Wallingford School District","=""1480011""","English Language Learners (EL)","Not English Learners",2752,68.0,2746,63.0,1211,58.9
"Wallingford School District","=""1480011""","Gender","Female",1494,68.9,1489,61.7,645,58.3
"Wallingford School District","=""1480011""","Gender","Male",1518,65.4,1516,63.0,653,57.8
"Wallingford School District","=""1480011""","Grade","03",412,68.4,408,63.1,"N/A","N/A"
"Wallingford School District","=""1480011""","Grade","04",403,70.4,403,66.5,"N/A","N/A"
"Wallingford School District","=""1480011""","Grade","05",390,70.1,390,66.6,389,56.3
"Wallingford School District","=""1480011""","Grade","06",437,68.9,437,64.2,"N/A","N/A"
"Wallingford School District","=""1480011""","Grade","07",482,67.3,482,60.1,"N/A","N/A"
"Wallingford School District","=""1480011""","Grade","08",445,65.3,442,61.2,453,59.4
"Wallingford School District","=""1480011""","Grade","10","N/A","N/A","N/A","N/A",456,58.2
"Wallingford School District","=""1480011""","Grade","11",443,60.2,443,55.9,"N/A","N/A"
"Wallingford School District","=""1480011""","High Needs (F/R, EL or SWD)","High Needs",995,56.9,992,52.4,407,49.7
"Wallingford School District","=""1480011""","High Needs (F/R, EL or SWD)","Not High Needs",2017,72.2,2013,67.2,891,61.9
"Wallingford School District","=""1480011""","Free/Reduced Price Meal Eligibility (2-level)","Eligible For Free Or Reduced Price Meals",657,59.5,656,54.4,264,51.9
"Wallingford School District","=""1480011""","Free/Reduced Price Meal Eligibility (2-level)","Not Eligible For Free Or Reduced Price Meals",2355,69.3,2349,64.6,1034,59.6
"Wallingford School District","=""1480011""","Race/Ethnicity","American Indian or Alaska Native","*","*","*","*","*","*"
"Wallingford School District","=""1480011""","Race/Ethnicity","Asian",146,72.7,145,70.2,61,56.4
"Wallingford School District","=""1480011""","Race/Ethnicity","Black or African American",59,59.7,58,53.7,26,53.3
"Wallingford School District","=""1480011""","Race/Ethnicity","Hispanic or Latino",509,60.6,510,56.5,199,50.4
"Wallingford School District","=""1480011""","Race/Ethnicity","Native Hawaiian or Other Pacific Islander","*","*","*","*","*","*"
"Wallingford School District","=""1480011""","Race/Ethnicity","Two or More Races",35,68.7,35,65.6,10,"*"
"Wallingford School District","=""1480011""","Race/Ethnicity","White",2254,68.4,2248,63.3,997,59.7
"Wallingford School District","=""1480011""","Special Education Status (SWD)","Students with Disabilities",367,47.2,365,43.1,162,44.7
"Wallingford School District","=""1480011""","Special Education Status (SWD)","Students without Disabilities",2645,69.9,2640,65.0,1136,60.0
"Waterbury School District","=""1510011""","All Students","District",9345,53.4,9335,46.9,3904,41.5
"Waterbury School District","=""1510011""","English Language Learners (EL)","English Learners",1641,43.0,1642,38.9,669,33.6
"Waterbury School District","=""1510011""","English Language Learners (EL)","Not English Learners",7704,55.6,7693,48.6,3235,43.1
"Waterbury School District","=""1510011""","Gender","Female",4567,56.1,4565,47.6,1941,41.6
"Waterbury School District","=""1510011""","Gender","Male",4778,50.8,4770,46.1,1963,41.3
"Waterbury School District","=""1510011""","Grade","03",1401,57.9,1399,51.8,"N/A","N/A"
"Waterbury School District","=""1510011""","Grade","04",1428,60.8,1424,56.3,"N/A","N/A"
"Waterbury School District","=""1510011""","Grade","05",1392,54.6,1392,54.0,1404,42.3
"Waterbury School District","=""1510011""","Grade","06",1334,53.9,1334,43.8,"N/A","N/A"
"Waterbury School District","=""1510011""","Grade","07",1335,50.7,1332,40.5,"N/A","N/A"
"Waterbury School District","=""1510011""","Grade","08",1355,48.2,1354,38.9,1366,42.4
"Waterbury School District","=""1510011""","Grade","10","N/A","N/A","N/A","N/A",1134,39.3
"Waterbury School District","=""1510011""","Grade","11",1100,45.7,1100,40.7,"N/A","N/A"
"Waterbury School District","=""1510011""","High Needs (F/R, EL or SWD)","High Needs",7935,51.5,7926,45.1,3226,39.8
"Waterbury School District","=""1510011""","High Needs (F/R, EL or SWD)","Not High Needs",1410,63.9,1409,56.8,678,49.5
"Waterbury School District","=""1510011""","Free/Reduced Price Meal Eligibility (2-level)","Eligible For Free Or Reduced Price Meals",7505,52.2,7497,45.5,3010,40.3
"Waterbury School District","=""1510011""","Free/Reduced Price Meal Eligibility (2-level)","Not Eligible For Free Or Reduced Price Meals",1840,58.5,1838,52.3,894,45.2
"Waterbury School District","=""1510011""","Race/Ethnicity","American Indian or Alaska Native",66,55.2,66,50.0,"*","*"
"Waterbury School District","=""1510011""","Race/Ethnicity","Asian",169,61.8,169,57.5,57,47.1
"Waterbury School District","=""1510011""","Race/Ethnicity","Black or African American",2167,51.0,2165,43.4,966,40.0
"Waterbury School District","=""1510011""","Race/Ethnicity","Hispanic or Latino",4981,51.4,4977,45.1,2027,39.8
"Waterbury School District","=""1510011""","Race/Ethnicity","Native Hawaiian or Other Pacific Islander","N/A","N/A","N/A","N/A","*","*"
"Waterbury School District","=""1510011""","Race/Ethnicity","Two or More Races",306,57.7,306,51.0,115,43.7
"Waterbury School District","=""1510011""","Race/Ethnicity","White",1656,60.8,1652,54.9,706,47.7
"Waterbury School District","=""1510011""","Special Education Status (SWD)","Students with Disabilities",1808,37.8,1803,31.4,766,31.0
"Waterbury School District","=""1510011""","Special Education Status (SWD)","Students without Disabilities",7537,57.2,7532,50.6,3138,44.0
"Waterford School District","=""1520011""","All Students","District",1377,71.7,1377,66.1,581,59.8
"Waterford School District","=""1520011""","English Language Learners (EL)","English Learners",51,60.9,51,60.5,18,"*"
"Waterford School District","=""1520011""","English Language Learners (EL)","Not English Learners",1326,72.1,1326,66.4,563,60.3
"Waterford School District","=""1520011""","Gender","Female",704,74.1,704,65.8,281,60.2
"Waterford School District","=""1520011""","Gender","Male",673,69.1,673,66.5,300,59.5
"Waterford School District","=""1520011""","Grade","03",188,74.2,188,69.5,"N/A","N/A"
"Waterford School District","=""1520011""","Grade","04",194,77.2,194,70.2,"N/A","N/A"
"Waterford School District","=""1520011""","Grade","05",165,73.3,165,70.6,165,59.4
"Waterford School District","=""1520011""","Grade","06",199,73.4,199,67.2,"N/A","N/A"
"Waterford School District","=""1520011""","Grade","07",205,72.6,205,66.5,"N/A","N/A"
"Waterford School District","=""1520011""","Grade","08",226,69.1,226,63.5,226,60.9
"Waterford School District","=""1520011""","Grade","10","N/A","N/A","N/A","N/A",190,59.0
"Waterford School District","=""1520011""","Grade","11",200,63.0,200,56.9,"N/A","N/A"
"Waterford School District","=""1520011""","High Needs (F/R, EL or SWD)","High Needs",429,60.5,429,55.0,166,50.7
"Waterford School District","=""1520011""","High Needs (F/R, EL or SWD)","Not High Needs",948,76.7,948,71.2,415,63.5
"Waterford School District","=""1520011""","Free/Reduced Price Meal Eligibility (2-level)","Eligible For Free Or Reduced Price Meals",278,63.6,278,57.7,93,50.6
"Waterford School District","=""1520011""","Free/Reduced Price Meal Eligibility (2-level)","Not Eligible For Free Or Reduced Price Meals",1099,73.7,1099,68.3,488,61.6
"Waterford School District","=""1520011""","Race/Ethnicity","American Indian or Alaska Native","*","*","*","*","*","*"
"Waterford School District","=""1520011""","Race/Ethnicity","Asian",65,80.2,65,78.9,34,66.1
"Waterford School District","=""1520011""","Race/Ethnicity","Black or African American",37,56.3,37,52.1,20,49.4
"Waterford School District","=""1520011""","Race/Ethnicity","Hispanic or Latino",120,65.8,120,59.5,55,51.6
"Waterford School District","=""1520011""","Race/Ethnicity","Native Hawaiian or Other Pacific Islander","*","*","*","*","*","*"
"Waterford School District","=""1520011""","Race/Ethnicity","Two or More Races",51,70.0,51,66.7,13,"*"
"Waterford School District","=""1520011""","Race/Ethnicity","White",1093,72.4,1093,66.5,454,60.9
"Waterford School District","=""1520011""","Special Education Status (SWD)","Students with Disabilities",211,52.6,211,47.2,89,47.4
"Waterford School District","=""1520011""","Special Education Status (SWD)","Students without Disabilities",1166,75.1,1166,69.6,492,62.1
"Watertown School District","=""1530011""","All Students","District",1449,71.0,1445,63.4,621,59.2
"Watertown School District","=""1530011""","English Language Learners (EL)","English Learners",75,67.2,75,62.0,22,58.7
"Watertown School District","=""1530011""","English Language Learners (EL)","Not English Learners",1374,71.2,1370,63.5,599,59.2
"Watertown School District","=""1530011""","Gender","Female",689,73.5,687,63.8,297,59.9
"Watertown School District","=""1530011""","Gender","Male",760,68.7,758,63.1,324,58.6
"Watertown School District","=""1530011""","Grade","03",189,73.2,189,68.8,"N/A","N/A"
"Watertown School District","=""1530011""","Grade","04",218,74.4,218,66.7,"N/A","N/A"
"Watertown School District","=""1530011""","Grade","05",206,75.7,206,69.3,205,60.5
"Watertown School District","=""1530011""","Grade","06",216,71.6,215,60.1,"N/A","N/A"
"Watertown School District","=""1530011""","Grade","07",222,73.0,222,61.6,"N/A","N/A"
"Watertown School District","=""1530011""","Grade","08",208,67.7,205,63.0,208,59.4
"Watertown School District","=""1530011""","Grade","10","N/A","N/A","N/A","N/A",208,57.8
"Watertown School District","=""1530011""","Grade","11",190,60.2,190,54.4,"N/A","N/A"
"Watertown School District","=""1530011""","High Needs (F/R, EL or SWD)","High Needs",512,63.7,511,56.4,205,52.2
"Watertown School District","=""1530011""","High Needs (F/R, EL or SWD)","Not High Needs",937,74.9,934,67.3,416,62.7
"Watertown School District","=""1530011""","Free/Reduced Price Meal Eligibility (2-level)","Eligible For Free Or Reduced Price Meals",368,65.8,367,58.3,143,54.0
"Watertown School District","=""1530011""","Free/Reduced Price Meal Eligibility (2-level)","Not Eligible For Free Or Reduced Price Meals",1081,72.7,1078,65.2,478,60.8
"Watertown School District","=""1530011""","Race/Ethnicity","American Indian or Alaska Native","*","*","*","*","*","*"
"Watertown School District","=""1530011""","Race/Ethnicity","Asian","*","*","*","*",13,"*"
"Watertown School District","=""1530011""","Race/Ethnicity","Black or African American",32,60.1,32,51.1,"*","*"
"Watertown School District","=""1530011""","Race/Ethnicity","Hispanic or Latino",102,69.6,102,61.4,48,54.5
"Watertown School District","=""1530011""","Race/Ethnicity","Two or More Races",38,69.0,38,60.8,13,"*"
"Watertown School District","=""1530011""","Race/Ethnicity","White",1249,71.2,1245,63.8,539,60.0
"Watertown School District","=""1530011""","Special Education Status (SWD)","Students with Disabilities",186,52.9,185,45.0,87,44.7
"Watertown School District","=""1530011""","Special Education Status (SWD)","Students without Disabilities",1263,73.6,1260,66.1,534,61.6
"Westbrook School District","=""1540011""","All Students","District",399,76.6,399,73.1,156,61.7
"Westbrook School District","=""1540011""","English Language Learners (EL)","English Learners",36,68.2,36,63.4,13,"*"
"Westbrook School District","=""1540011""","English Language Learners (EL)","Not English Learners",363,77.4,363,74.1,143,62.7
"Westbrook School District","=""1540011""","Gender","Female",184,77.0,184,72.0,79,58.3
"Westbrook School District","=""1540011""","Gender","Male",215,76.2,215,74.1,77,65.2
"Westbrook School District","=""1540011""","Grade","03",46,76.0,46,75.8,"N/A","N/A"
"Westbrook School District","=""1540011""","Grade","04",47,81.6,47,78.8,"N/A","N/A"
"Westbrook School District","=""1540011""","Grade","05",50,79.6,50,74.5,51,59.4
"Westbrook School District","=""1540011""","Grade","06",59,79.5,59,73.1,"N/A","N/A"
"Westbrook School District","=""1540011""","Grade","07",64,82.2,64,80.2,"N/A","N/A"
"Westbrook School District","=""1540011""","Grade","08",46,82.2,46,82.3,46,68.7
"Westbrook School District","=""1540011""","Grade","10","N/A","N/A","N/A","N/A",59,58.4
"Westbrook School District","=""1540011""","Grade","11",87,63.3,87,57.8,"N/A","N/A"
"Westbrook School District","=""1540011""","High Needs (F/R, EL or SWD)","High Needs",119,66.4,119,63.3,49,52.2
"Westbrook School District","=""1540011""","High Needs (F/R, EL or SWD)","Not High Needs",280,80.9,280,77.3,107,66.1
"Westbrook School District","=""1540011""","Free/Reduced Price Meal Eligibility (2-level)","Eligible For Free Or Reduced Price Meals",67,70.1,67,64.6,29,57.0
"Westbrook School District","=""1540011""","Free/Reduced Price Meal Eligibility (2-level)","Not Eligible For Free Or Reduced Price Meals",332,77.9,332,74.9,127,62.8
"Westbrook School District","=""1540011""","Race/Ethnicity","American Indian or Alaska Native","*","*","*","*","*","*"
"Westbrook School District","=""1540011""","Race/Ethnicity","Asian",6,"*",6,"*","*","*"
"Westbrook School District","=""1540011""","Race/Ethnicity","Black or African American","*","*","*","*","N/A","N/A"
"Westbrook School District","=""1540011""","Race/Ethnicity","Hispanic or Latino",47,70.1,47,63.1,19,"*"
"Westbrook School District","=""1540011""","Race/Ethnicity","Two or More Races","*","*","*","*","*","*"
"Westbrook School District","=""1540011""","Race/Ethnicity","White",340,77.4,340,74.3,131,62.9
"Westbrook School District","=""1540011""","Special Education Status (SWD)","Students with Disabilities",58,56.7,58,56.0,25,44.9
"Westbrook School District","=""1540011""","Special Education Status (SWD)","Students without Disabilities",341,80.0,341,76.0,131,64.9
"West Hartford School District","=""1550011""","All Students","District",5103,75.7,5094,70.3,2246,65.0
"West Hartford School District","=""1550011""","English Language Learners (EL)","English Learners",454,63.8,453,59.5,179,52.6
"West Hartford School District","=""1550011""","English Language Learners (EL)","Not English Learners",4649,76.9,4641,71.3,2067,66.1
"West Hartford School District","=""1550011""","Gender","Female",2520,77.8,2515,69.9,1111,64.8
"West Hartford School District","=""1550011""","Gender","Male",2583,73.7,2579,70.6,1135,65.1
"West Hartford School District","=""1550011""","Grade","03",718,77.0,716,71.2,"N/A","N/A"
"West Hartford School District","=""1550011""","Grade","04",717,79.9,717,75.5,"N/A","N/A"
"West Hartford School District","=""1550011""","Grade","05",735,77.5,732,72.7,738,62.1
"West Hartford School District","=""1550011""","Grade","06",709,77.4,708,71.1,"N/A","N/A"
"West Hartford School District","=""1550011""","Grade","07",761,76.3,758,68.8,"N/A","N/A"
"West Hartford School District","=""1550011""","Grade","08",751,73.2,751,66.9,754,63.0
"West Hartford School District","=""1550011""","Grade","10","N/A","N/A","N/A","N/A",754,69.8
"West Hartford School District","=""1550011""","Grade","11",712,68.8,712,65.8,"N/A","N/A"
"West Hartford School District","=""1550011""","High Needs (F/R, EL or SWD)","High Needs",1556,61.6,1551,55.7,686,53.3
"West Hartford School District","=""1550011""","High Needs (F/R, EL or SWD)","Not High Needs",3547,82.0,3543,76.6,1560,70.1
"West Hartford School District","=""1550011""","Free/Reduced Price Meal Eligibility (2-level)","Eligible For Free Or Reduced Price Meals",1012,62.0,1009,55.6,442,53.7
"West Hartford School District","=""1550011""","Free/Reduced Price Meal Eligibility (2-level)","Not Eligible For Free Or Reduced Price Meals",4091,79.1,4085,73.9,1804,67.7
"West Hartford School District","=""1550011""","Race/Ethnicity","American Indian or Alaska Native","*","*","*","*","*","*"
"West Hartford School District","=""1550011""","Race/Ethnicity","Asian",593,77.6,593,75.4,249,66.9
"West Hartford School District","=""1550011""","Race/Ethnicity","Black or African American",399,64.5,398,56.5,187,52.6
"West Hartford School District","=""1550011""","Race/Ethnicity","Hispanic or Latino",856,63.9,854,57.0,382,55.0
"West Hartford School District","=""1550011""","Race/Ethnicity","Native Hawaiian or Other Pacific Islander","*","*","*","*","*","*"
"West Hartford School District","=""1550011""","Race/Ethnicity","Two or More Races",200,76.1,200,70.9,102,67.0
"West Hartford School District","=""1550011""","Race/Ethnicity","White",3049,80.2,3043,74.7,1322,69.1
"West Hartford School District","=""1550011""","Special Education Status (SWD)","Students with Disabilities",593,51.5,589,45.0,283,48.6
"West Hartford School District","=""1550011""","Special Education Status (SWD)","Students without Disabilities",4510,78.9,4505,73.5,1963,67.3
"West Haven School District","=""1560011""","All Students","District",2915,63.8,2912,59.7,1164,51.4
"West Haven School District","=""1560011""","English Language Learners (EL)","English Learners",561,59.0,561,57.2,188,45.5
"West Haven School District","=""1560011""","English Language Learners (EL)","Not English Learners",2354,64.9,2351,60.3,976,52.5
"West Haven School District","=""1560011""","Gender","Female",1376,66.5,1374,60.3,552,51.7
"West Haven School District","=""1560011""","Gender","Male",1539,61.3,1538,59.2,612,51.1
"West Haven School District","=""1560011""","Grade","03",453,65.6,452,62.7,"N/A","N/A"
"West Haven School District","=""1560011""","Grade","04",446,69.9,447,66.8,"N/A","N/A"
"West Haven School District","=""1560011""","Grade","05",448,62.9,448,58.2,451,55.7
"West Haven School District","=""1560011""","Grade","06",469,68.4,467,60.8,"N/A","N/A"
"West Haven School District","=""1560011""","Grade","07",399,63.4,398,62.2,"N/A","N/A"
"West Haven School District","=""1560011""","Grade","08",387,60.0,387,57.1,380,47.6
"West Haven School District","=""1560011""","Grade","10","N/A","N/A","N/A","N/A",333,50.0
"West Haven School District","=""1560011""","Grade","11",313,51.8,313,45.6,"N/A","N/A"
"West Haven School District","=""1560011""","High Needs (F/R, EL or SWD)","High Needs",2052,60.0,2049,56.2,830,48.5
"West Haven School District","=""1560011""","High Needs (F/R, EL or SWD)","Not High Needs",863,72.8,863,67.9,334,58.7
"West Haven School District","=""1560011""","Free/Reduced Price Meal Eligibility (2-level)","Eligible For Free Or Reduced Price Meals",1853,60.5,1851,56.6,737,48.8
"West Haven School District","=""1560011""","Free/Reduced Price Meal Eligibility (2-level)","Not Eligible For Free Or Reduced Price Meals",1062,69.5,1061,65.1,427,55.9
"West Haven School District","=""1560011""","Race/Ethnicity","American Indian or Alaska Native","*","*","*","*","*","*"
"West Haven School District","=""1560011""","Race/Ethnicity","Asian",114,74.9,114,73.6,47,57.1
"West Haven School District","=""1560011""","Race/Ethnicity","Black or African American",664,59.7,663,55.2,267,46.9
"West Haven School District","=""1560011""","Race/Ethnicity","Hispanic or Latino",1029,60.9,1028,57.6,401,48.2
"West Haven School District","=""1560011""","Race/Ethnicity","Native Hawaiian or Other Pacific Islander","*","*","*","*","*","*"
"West Haven School District","=""1560011""","Race/Ethnicity","Two or More Races",95,66.8,95,60.3,31,56.2
"West Haven School District","=""1560011""","Race/Ethnicity","White",1006,67.8,1005,63.1,413,56.4
"West Haven School District","=""1560011""","Special Education Status (SWD)","Students with Disabilities",472,46.2,472,43.9,200,40.7
"West Haven School District","=""1560011""","Special Education Status (SWD)","Students without Disabilities",2443,67.2,2440,62.7,964,53.6
"Weston School District","=""1570011""","All Students","District",1287,77.3,1285,75.6,589,66.3
"Weston School District","=""1570011""","English Language Learners (EL)","English Learners",15,"*",15,"*","*","*"
"Weston School District","=""1570011""","English Language Learners (EL)","Not English Learners",1272,77.4,1270,75.7,"*","*"
"Weston School District","=""1570011""","Gender","Female",603,80.2,602,74.7,281,64.6
"Weston School District","=""1570011""","Gender","Male",684,74.8,683,76.4,308,67.8
"Weston School District","=""1570011""","Grade","03",162,75.7,162,72.4,"N/A","N/A"
"Weston School District","=""1570011""","Grade","04",168,79.7,168,77.5,"N/A","N/A"
"Weston School District","=""1570011""","Grade","05",178,77.8,178,76.3,181,68.5
"Weston School District","=""1570011""","Grade","06",182,80.2,182,75.3,"N/A","N/A"
"Weston School District","=""1570011""","Grade","07",191,76.4,190,73.3,"N/A","N/A"
"Weston School District","=""1570011""","Grade","08",205,74.0,204,78.6,205,65.7
"Weston School District","=""1570011""","Grade","10","N/A","N/A","N/A","N/A",203,64.9
"Weston School District","=""1570011""","Grade","11",201,77.8,201,75.3,"N/A","N/A"
"Weston School District","=""1570011""","High Needs (F/R, EL or SWD)","High Needs",147,57.1,147,54.2,64,50.3
"Weston School District","=""1570011""","High Needs (F/R, EL or SWD)","Not High Needs",1140,79.9,1138,78.3,525,68.2
"Weston School District","=""1570011""","Free/Reduced Price Meal Eligibility (2-level)","Eligible For Free Or Reduced Price Meals",27,65.1,27,62.4,12,"*"
"Weston School District","=""1570011""","Free/Reduced Price Meal Eligibility (2-level)","Not Eligible For Free Or Reduced Price Meals",1260,77.6,1258,75.9,577,66.4
"Weston School District","=""1570011""","Race/Ethnicity","American Indian or Alaska Native","*","*","*","*","N/A","N/A"
"Weston School District","=""1570011""","Race/Ethnicity","Asian",61,81.7,61,83.4,26,71.2
"Weston School District","=""1570011""","Race/Ethnicity","Black or African American",22,67.0,22,61.1,9,"*"
"Weston School District","=""1570011""","Race/Ethnicity","Hispanic or Latino",43,74.6,43,71.7,23,64.7
"Weston School District","=""1570011""","Race/Ethnicity","Native Hawaiian or Other Pacific Islander","*","*","*","*","N/A","N/A"
"Weston School District","=""1570011""","Race/Ethnicity","Two or More Races",67,77.3,67,75.2,23,65.7
"Weston School District","=""1570011""","Race/Ethnicity","White",1092,77.4,1090,75.6,508,66.4
"Weston School District","=""1570011""","Special Education Status (SWD)","Students with Disabilities",117,53.0,117,49.8,54,47.1
"Weston School District","=""1570011""","Special Education Status (SWD)","Students without Disabilities",1170,79.8,1168,78.2,535,68.2
"Westport School District","=""1580011""","All Students","District",3008,80.6,3003,76.9,1380,65.9
"Westport School District","=""1580011""","English Language Learners (EL)","English Learners",59,67.2,59,67.1,23,54.9
"Westport School District","=""1580011""","English Language Learners (EL)","Not English Learners",2949,80.9,2944,77.1,1357,66.1
"Westport School District","=""1580011""","Gender","Female",1436,82.4,1432,75.9,661,65.9
"Westport School District","=""1580011""","Gender","Male",1572,78.9,1571,77.8,719,66.0
"Westport School District","=""1580011""","Grade","03",410,80.5,410,74.4,"N/A","N/A"
"Westport School District","=""1580011""","Grade","04",411,87.1,411,82.2,"N/A","N/A"
"Westport School District","=""1580011""","Grade","05",423,84.6,423,80.8,428,64.7
"Westport School District","=""1580011""","Grade","06",437,82.6,434,77.0,"N/A","N/A"
"Westport School District","=""1580011""","Grade","07",432,79.5,430,78.4,"N/A","N/A"
"Westport School District","=""1580011""","Grade","08",438,74.4,438,71.4,465,64.7
"Westport School District","=""1580011""","Grade","10","N/A","N/A","N/A","N/A",487,68.2
"Westport School District","=""1580011""","Grade","11",457,76.2,457,74.7,"N/A","N/A"
"Westport School District","=""1580011""","High Needs (F/R, EL or SWD)","High Needs",443,61.9,443,56.3,216,53.1
"Westport School District","=""1580011""","High Needs (F/R, EL or SWD)","Not High Needs",2565,83.8,2560,80.5,1164,68.3
"Westport School District","=""1580011""","Free/Reduced Price Meal Eligibility (2-level)","Eligible For Free Or Reduced Price Meals",99,68.0,99,60.3,48,55.7
"Westport School District","=""1580011""","Free/Reduced Price Meal Eligibility (2-level)","Not Eligible For Free Or Reduced Price Meals",2909,81.0,2904,77.5,1332,66.3
"Westport School District","=""1580011""","Race/Ethnicity","Asian",184,86.0,184,86.7,86,70.5
"Westport School District","=""1580011""","Race/Ethnicity","Black or African American","*","*","*","*",30,50.9
"Westport School District","=""1580011""","Race/Ethnicity","Hispanic or Latino",132,74.6,132,68.7,70,62.3
"Westport School District","=""1580011""","Race/Ethnicity","Native Hawaiian or Other Pacific Islander","*","*","*","*","N/A","N/A"
"Westport School District","=""1580011""","Race/Ethnicity","Two or More Races",126,89.0,126,84.6,36,69.7
"Westport School District","=""1580011""","Race/Ethnicity","White",2514,80.4,2509,76.6,1158,66.1
"Westport School District","=""1580011""","Special Education Status (SWD)","Students with Disabilities",326,58.0,326,51.4,166,51.3
"Westport School District","=""1580011""","Special Education Status (SWD)","Students without Disabilities",2682,83.3,2677,80.0,1214,67.9
"Wethersfield School District","=""1590011""","All Students","District",1873,72.5,1873,68.8,811,58.5
"Wethersfield School District","=""1590011""","English Language Learners (EL)","English Learners",195,58.6,195,54.1,71,46.2
"Wethersfield School District","=""1590011""","English Language Learners (EL)","Not English Learners",1678,74.1,1678,70.5,740,59.7
"Wethersfield School District","=""1590011""","Gender","Female",949,75.1,950,69.3,413,59.0
"Wethersfield School District","=""1590011""","Gender","Male",924,69.9,923,68.2,398,58.1
"Wethersfield School District","=""1590011""","Grade","03",249,71.5,249,67.5,"N/A","N/A"
"Wethersfield School District","=""1590011""","Grade","04",266,77.2,265,74.9,"N/A","N/A"
"Wethersfield School District","=""1590011""","Grade","05",257,73.8,257,69.1,261,59.8
"Wethersfield School District","=""1590011""","Grade","06",253,77.9,254,71.8,"N/A","N/A"
"Wethersfield School District","=""1590011""","Grade","07",285,76.2,284,68.3,"N/A","N/A"
"Wethersfield School District","=""1590011""","Grade","08",261,70.2,262,72.6,269,59.6
"Wethersfield School District","=""1590011""","Grade","10","N/A","N/A","N/A","N/A",281,56.4
"Wethersfield School District","=""1590011""","Grade","11",302,62.2,302,58.8,"N/A","N/A"
"Wethersfield School District","=""1590011""","High Needs (F/R, EL or SWD)","High Needs",590,59.4,590,54.9,244,47.7
"Wethersfield School District","=""1590011""","High Needs (F/R, EL or SWD)","Not High Needs",1283,78.5,1283,75.2,567,63.2
"Wethersfield School District","=""1590011""","Free/Reduced Price Meal Eligibility (2-level)","Eligible For Free Or Reduced Price Meals",330,60.2,330,55.8,131,49.0
"Wethersfield School District","=""1590011""","Free/Reduced Price Meal Eligibility (2-level)","Not Eligible For Free Or Reduced Price Meals",1543,75.1,1543,71.5,680,60.4
"Wethersfield School District","=""1590011""","Race/Ethnicity","American Indian or Alaska Native","*","*","*","*","*","*"
"Wethersfield School District","=""1590011""","Race/Ethnicity","Asian",73,78.3,73,76.7,37,63.3
"Wethersfield School District","=""1590011""","Race/Ethnicity","Black or African American",66,61.5,66,56.7,43,50.0
"Wethersfield School District","=""1590011""","Race/Ethnicity","Hispanic or Latino",294,66.1,295,60.9,134,52.4
"Wethersfield School District","=""1590011""","Race/Ethnicity","Native Hawaiian or Other Pacific Islander","*","*","*","*","N/A","N/A"
"Wethersfield School District","=""1590011""","Race/Ethnicity","Two or More Races",52,75.7,52,71.8,"*","*"
"Wethersfield School District","=""1590011""","Race/Ethnicity","White",1382,74.0,1381,70.5,571,60.2
"Wethersfield School District","=""1590011""","Special Education Status (SWD)","Students with Disabilities",258,52.4,258,47.4,118,42.6
"Wethersfield School District","=""1590011""","Special Education Status (SWD)","Students without Disabilities",1615,75.7,1615,72.2,693,61.2
"Willington School District","=""1600011""","All Students","District",266,69.5,266,66.3,94,57.4
"Willington School District","=""1600011""","English Language Learners (EL)","English Learners","*","*","*","*","*","*"
"Willington School District","=""1600011""","English Language Learners (EL)","Not English Learners","*","*","*","*","*","*"
"Willington School District","=""1600011""","Gender","Female",123,72.9,123,66.3,48,57.6
"Willington School District","=""1600011""","Gender","Male",143,66.6,143,66.3,46,57.2
"Willington School District","=""1600011""","Grade","03",35,66.8,35,61.5,"N/A","N/A"
"Willington School District","=""1600011""","Grade","04",55,71.4,55,72.0,"N/A","N/A"
"Willington School District","=""1600011""","Grade","05",45,72.0,45,67.1,45,61.5
"Willington School District","=""1600011""","Grade","06",38,74.1,38,66.0,"N/A","N/A"
"Willington School District","=""1600011""","Grade","07",44,72.0,44,66.4,"N/A","N/A"
"Willington School District","=""1600011""","Grade","08",49,61.1,49,62.8,49,53.6
"Willington School District","=""1600011""","High Needs (F/R, EL or SWD)","High Needs",90,63.3,90,57.9,31,54.1
"Willington School District","=""1600011""","High Needs (F/R, EL or SWD)","Not High Needs",176,72.7,176,70.6,63,59.1
"Willington School District","=""1600011""","Free/Reduced Price Meal Eligibility (2-level)","Eligible For Free Or Reduced Price Meals",60,64.4,60,59.8,22,55.9
"Willington School District","=""1600011""","Free/Reduced Price Meal Eligibility (2-level)","Not Eligible For Free Or Reduced Price Meals",206,71.0,206,68.2,72,57.9
"Willington School District","=""1600011""","Race/Ethnicity","Asian","*","*","*","*","N/A","N/A"
"Willington School District","=""1600011""","Race/Ethnicity","Black or African American","*","*","*","*","N/A","N/A"
"Willington School District","=""1600011""","Race/Ethnicity","Hispanic or Latino",9,"*",9,"*","*","*"
"Willington School District","=""1600011""","Race/Ethnicity","Two or More Races","*","*","*","*","*","*"
"Willington School District","=""1600011""","Race/Ethnicity","White",250,69.0,250,65.9,88,56.7
"Willington School District","=""1600011""","Special Education Status (SWD)","Students with Disabilities",45,58.6,45,52.0,10,"*"
"Willington School District","=""1600011""","Special Education Status (SWD)","Students without Disabilities",221,71.7,221,69.2,84,57.8
"Wilton School District","=""1610011""","All Students","District",2172,78.3,2170,74.7,985,66.8
"Wilton School District","=""1610011""","English Language Learners (EL)","English Learners",25,59.2,25,53.3,"*","*"
"Wilton School District","=""1610011""","English Language Learners (EL)","Not English Learners",2147,78.5,2145,74.9,"*","*"
"Wilton School District","=""1610011""","Gender","Female",1080,80.1,1080,73.7,483,65.8
"Wilton School District","=""1610011""","Gender","Male",1092,76.6,1090,75.6,502,67.8
"Wilton School District","=""1610011""","Grade","03",248,77.5,249,70.8,"N/A","N/A"
"Wilton School District","=""1610011""","Grade","04",301,81.6,302,76.7,"N/A","N/A"
"Wilton School District","=""1610011""","Grade","05",322,81.9,322,79.7,326,67.5
"Wilton School District","=""1610011""","Grade","06",333,77.0,334,73.0,"N/A","N/A"
"Wilton School District","=""1610011""","Grade","07",313,77.8,312,75.1,"N/A","N/A"
"Wilton School District","=""1610011""","Grade","08",333,75.7,329,72.5,347,67.6
"Wilton School District","=""1610011""","Grade","10","N/A","N/A","N/A","N/A",312,65.2
"Wilton School District","=""1610011""","Grade","11",322,77.0,322,74.4,"N/A","N/A"
"Wilton School District","=""1610011""","High Needs (F/R, EL or SWD)","High Needs",343,60.0,341,55.0,141,51.4
"Wilton School District","=""1610011""","High Needs (F/R, EL or SWD)","Not High Needs",1829,81.8,1829,78.3,844,69.4
"Wilton School District","=""1610011""","Free/Reduced Price Meal Eligibility (2-level)","Eligible For Free Or Reduced Price Meals",34,59.2,34,54.7,17,"*"
"Wilton School District","=""1610011""","Free/Reduced Price Meal Eligibility (2-level)","Not Eligible For Free Or Reduced Price Meals",2138,78.6,2136,75.0,968,66.9
"Wilton School District","=""1610011""","Race/Ethnicity","American Indian or Alaska Native","*","*","*","*","*","*"
"Wilton School District","=""1610011""","Race/Ethnicity","Asian",213,88.3,213,89.1,94,71.9
"Wilton School District","=""1610011""","Race/Ethnicity","Black or African American",25,70.4,25,66.4,15,"*"
"Wilton School District","=""1610011""","Race/Ethnicity","Hispanic or Latino",82,72.3,82,65.6,25,64.8
"Wilton School District","=""1610011""","Race/Ethnicity","Native Hawaiian or Other Pacific Islander","*","*","*","*","*","*"
"Wilton School District","=""1610011""","Race/Ethnicity","Two or More Races",46,86.7,46,84.6,19,"*"
"Wilton School District","=""1610011""","Race/Ethnicity","White",1800,77.3,1798,73.2,829,66.4
"Wilton School District","=""1610011""","Special Education Status (SWD)","Students with Disabilities",309,59.0,307,53.5,129,50.3
"Wilton School District","=""1610011""","Special Education Status (SWD)","Students without Disabilities",1863,81.5,1863,78.2,856,69.3
"Winchester School District","=""1620011""","All Students","District",303,62.7,302,56.6,66,53.6
"Winchester School District","=""1620011""","English Language Learners (EL)","English Learners",33,55.4,33,57.5,6,"*"
"Winchester School District","=""1620011""","English Language Learners (EL)","Not English Learners",270,63.6,269,56.4,60,55.3
"Winchester School District","=""1620011""","Gender","Female",142,66.7,141,57.7,27,53.1
"Winchester School District","=""1620011""","Gender","Male",161,59.1,161,55.5,39,53.9
"Winchester School District","=""1620011""","Grade","03",70,57.3,70,57.8,"N/A","N/A"
"Winchester School District","=""1620011""","Grade","04",83,67.1,83,61.8,"N/A","N/A"
"Winchester School District","=""1620011""","Grade","05",64,63.9,64,57.3,"*","*"
"Winchester School District","=""1620011""","Grade","06",81,63.4,80,51.5,"N/A","N/A"
"Winchester School District","=""1620011""","Grade","07","*","*","*","*","N/A","N/A"
"Winchester School District","=""1620011""","Grade","08","N/A","N/A","N/A","N/A","N/A","N/A"
"Winchester School District","=""1620011""","Grade","10","N/A","N/A","N/A","N/A","*","*"
"Winchester School District","=""1620011""","Grade","11","*","*","*","*","N/A","N/A"
"Winchester School District","=""1620011""","High Needs (F/R, EL or SWD)","High Needs",187,57.5,187,51.8,39,46.3
"Winchester School District","=""1620011""","High Needs (F/R, EL or SWD)","Not High Needs",116,71.1,115,64.4,27,64.1
"Winchester School District","=""1620011""","Free/Reduced Price Meal Eligibility (2-level)","Eligible For Free Or Reduced Price Meals",157,59.1,157,52.8,32,47.6
"Winchester School District","=""1620011""","Free/Reduced Price Meal Eligibility (2-level)","Not Eligible For Free Or Reduced Price Meals",146,66.5,145,60.6,34,59.2
"Winchester School District","=""1620011""","Race/Ethnicity","American Indian or Alaska Native","*","*","*","*","*","*"
"Winchester School District","=""1620011""","Race/Ethnicity","Asian",15,"*",15,"*","*","*"
"Winchester School District","=""1620011""","Race/Ethnicity","Black or African American",7,"*",7,"*","*","*"
"Winchester School District","=""1620011""","Race/Ethnicity","Hispanic or Latino",46,56.9,46,51.7,7,"*"
"Winchester School District","=""1620011""","Race/Ethnicity","Two or More Races","*","*","*","*","*","*"
"Winchester School District","=""1620011""","Race/Ethnicity","White",227,64.3,226,57.4,50,57.7
"Winchester School District","=""1620011""","Special Education Status (SWD)","Students with Disabilities",56,44.0,56,36.6,9,"*"
"Winchester School District","=""1620011""","Special Education Status (SWD)","Students without Disabilities",247,66.9,246,61.1,57,56.8
"Windham School District","=""1630011""","All Students","District",1617,59.7,1613,53.8,611,43.4
"Windham School District","=""1630011""","English Language Learners (EL)","English Learners",523,50.9,522,46.7,181,36.2
"Windham School District","=""1630011""","English Language Learners (EL)","Not English Learners",1094,63.9,1091,57.2,430,46.4
"Windham School District","=""1630011""","Gender","Female",772,62.6,770,53.7,290,43.4
"Windham School District","=""1630011""","Gender","Male",845,57.0,843,53.9,321,43.4
"Windham School District","=""1630011""","Grade","03",244,62.7,244,57.9,"N/A","N/A"
"Windham School District","=""1630011""","Grade","04",302,65.0,300,59.2,"N/A","N/A"
"Windham School District","=""1630011""","Grade","05",257,60.2,257,59.4,261,45.5
"Windham School District","=""1630011""","Grade","06",236,59.2,235,52.7,"N/A","N/A"
"Windham School District","=""1630011""","Grade","07",232,60.4,232,50.2,"N/A","N/A"
"Windham School District","=""1630011""","Grade","08",227,55.4,226,46.6,227,45.1
"Windham School District","=""1630011""","Grade","10","N/A","N/A","N/A","N/A",123,35.9
"Windham School District","=""1630011""","Grade","11",119,46.4,119,42.8,"N/A","N/A"
"Windham School District","=""1630011""","High Needs (F/R, EL or SWD)","High Needs",1350,56.3,1346,50.6,519,40.5
"Windham School District","=""1630011""","High Needs (F/R, EL or SWD)","Not High Needs",267,77.0,267,70.3,92,59.8
"Windham School District","=""1630011""","Free/Reduced Price Meal Eligibility (2-level)","Eligible For Free Or Reduced Price Meals",1285,56.4,1281,50.6,494,40.6
"Windham School District","=""1630011""","Free/Reduced Price Meal Eligibility (2-level)","Not Eligible For Free Or Reduced Price Meals",332,72.5,332,66.3,117,55.2
"Windham School District","=""1630011""","Race/Ethnicity","American Indian or Alaska Native","*","*","*","*","*","*"
"Windham School District","=""1630011""","Race/Ethnicity","Asian","*","*","*","*","*","*"
"Windham School District","=""1630011""","Race/Ethnicity","Black or African American",56,60.4,56,52.6,23,41.4
"Windham School District","=""1630011""","Race/Ethnicity","Hispanic or Latino",1074,55.5,1072,49.9,416,40.1
"Windham School District","=""1630011""","Race/Ethnicity","Two or More Races",44,72.4,44,68.6,12,"*"
"Windham School District","=""1630011""","Race/Ethnicity","White",425,68.4,423,61.9,154,51.2
"Windham School District","=""1630011""","Special Education Status (SWD)","Students with Disabilities",306,41.1,305,36.4,132,33.9
"Windham School District","=""1630011""","Special Education Status (SWD)","Students without Disabilities",1311,64.0,1308,57.9,479,46.0
"Windsor School District","=""1640011""","All Students","District",1576,64.1,1573,60.7,682,56.1
"Windsor School District","=""1640011""","English Language Learners (EL)","English Learners",105,54.0,105,54.4,39,45.4
"Windsor School District","=""1640011""","English Language Learners (EL)","Not English Learners",1471,64.8,1468,61.1,643,56.8
"Windsor School District","=""1640011""","Gender","Female",764,67.1,764,60.9,332,56.5
"Windsor School District","=""1640011""","Gender","Male",812,61.2,809,60.5,350,55.8
"Windsor School District","=""1640011""","Grade","03",193,64.9,192,61.9,"N/A","N/A"
"Windsor School District","=""1640011""","Grade","04",223,70.5,223,66.7,"N/A","N/A"
"Windsor School District","=""1640011""","Grade","05",203,64.6,202,65.5,204,53.6
"Windsor School District","=""1640011""","Grade","06",242,66.1,241,58.3,"N/A","N/A"
"Windsor School District","=""1640011""","Grade","07",217,65.1,217,60.7,"N/A","N/A"
"Windsor School District","=""1640011""","Grade","08",219,61.7,219,60.7,219,61.2
"Windsor School District","=""1640011""","Grade","10","N/A","N/A","N/A","N/A",259,53.8
"Windsor School District","=""1640011""","Grade","11",279,57.2,279,53.7,"N/A","N/A"
"Windsor School District","=""1640011""","High Needs (F/R, EL or SWD)","High Needs",699,55.0,696,51.3,290,48.6
"Windsor School District","=""1640011""","High Needs (F/R, EL or SWD)","Not High Needs",877,71.3,877,68.1,392,61.7
"Windsor School District","=""1640011""","Free/Reduced Price Meal Eligibility (2-level)","Eligible For Free Or Reduced Price Meals",521,57.5,519,53.3,207,50.7
"Windsor School District","=""1640011""","Free/Reduced Price Meal Eligibility (2-level)","Not Eligible For Free Or Reduced Price Meals",1055,67.3,1054,64.3,475,58.5
"Windsor School District","=""1640011""","Race/Ethnicity","American Indian or Alaska Native","*","*","*","*","N/A","N/A"
"Windsor School District","=""1640011""","Race/Ethnicity","Asian",54,72.0,54,72.9,"*","*"
"Windsor School District","=""1640011""","Race/Ethnicity","Black or African American",709,59.0,708,54.6,315,50.4
"Windsor School District","=""1640011""","Race/Ethnicity","Hispanic or Latino",259,61.2,259,57.6,101,53.4
"Windsor School District","=""1640011""","Race/Ethnicity","Native Hawaiian or Other Pacific Islander","*","*","*","*","*","*"
"Windsor School District","=""1640011""","Race/Ethnicity","Two or More Races",94,70.8,94,68.3,36,64.7
"Windsor School District","=""1640011""","Race/Ethnicity","White",457,71.3,455,68.9,204,63.5
"Windsor School District","=""1640011""","Special Education Status (SWD)","Students with Disabilities",251,43.8,248,40.4,119,44.3
"Windsor School District","=""1640011""","Special Education Status (SWD)","Students without Disabilities",1325,67.9,1325,64.5,563,58.6
"Windsor Locks School District","=""1650011""","All Students","District",771,64.1,771,59.4,356,53.7
"Windsor Locks School District","=""1650011""","English Language Learners (EL)","English Learners",62,56.3,62,55.2,21,42.9
"Windsor Locks School District","=""1650011""","English Language Learners (EL)","Not English Learners",709,64.7,709,59.7,335,54.3
"Windsor Locks School District","=""1650011""","Gender","Female",391,67.1,391,59.8,193,54.3
"Windsor Locks School District","=""1650011""","Gender","Male",380,60.9,380,58.9,163,52.9
"Windsor Locks School District","=""1650011""","Grade","03",99,67.2,99,63.6,"N/A","N/A"
"Windsor Locks School District","=""1650011""","Grade","04",109,69.2,109,65.3,"N/A","N/A"
"Windsor Locks School District","=""1650011""","Grade","05",124,66.6,124,66.3,125,54.5
"Windsor Locks School District","=""1650011""","Grade","06",113,64.4,113,58.6,"N/A","N/A"
"Windsor Locks School District","=""1650011""","Grade","07",102,67.8,102,58.9,"N/A","N/A"
"Windsor Locks School District","=""1650011""","Grade","08",122,59.6,122,51.0,124,51.9
"Windsor Locks School District","=""1650011""","Grade","10","N/A","N/A","N/A","N/A",107,54.7
"Windsor Locks School District","=""1650011""","Grade","11",102,53.8,102,52.0,"N/A","N/A"
"Windsor Locks School District","=""1650011""","High Needs (F/R, EL or SWD)","High Needs",388,57.9,388,52.7,183,49.0
"Windsor Locks School District","=""1650011""","High Needs (F/R, EL or SWD)","Not High Needs",383,70.3,383,66.1,173,58.6
"Windsor Locks School District","=""1650011""","Free/Reduced Price Meal Eligibility (2-level)","Eligible For Free Or Reduced Price Meals",327,59.5,327,54.0,156,49.9
"Windsor Locks School District","=""1650011""","Free/Reduced Price Meal Eligibility (2-level)","Not Eligible For Free Or Reduced Price Meals",444,67.4,444,63.4,200,56.6
"Windsor Locks School District","=""1650011""","Race/Ethnicity","Asian",74,69.1,74,66.4,37,59.7
"Windsor Locks School District","=""1650011""","Race/Ethnicity","Black or African American",74,52.2,74,46.7,46,43.1
"Windsor Locks School District","=""1650011""","Race/Ethnicity","Hispanic or Latino",116,62.5,116,56.0,52,47.0
"Windsor Locks School District","=""1650011""","Race/Ethnicity","Native Hawaiian or Other Pacific Islander","*","*","*","*","N/A","N/A"
"Windsor Locks School District","=""1650011""","Race/Ethnicity","Two or More Races","*","*","*","*",19,"*"
"Windsor Locks School District","=""1650011""","Race/Ethnicity","White",471,65.3,471,60.9,202,56.6
"Windsor Locks School District","=""1650011""","Special Education Status (SWD)","Students with Disabilities",112,45.9,112,40.1,56,38.7
"Windsor Locks School District","=""1650011""","Special Education Status (SWD)","Students without Disabilities",659,67.1,659,62.6,300,56.5
"Wolcott School District","=""1660011""","All Students","District",1182,70.4,1182,68.3,539,57.5
"Wolcott School District","=""1660011""","English Language Learners (EL)","English Learners",59,67.5,59,66.7,9,"*"
"Wolcott School District","=""1660011""","English Language Learners (EL)","Not English Learners",1123,70.6,1123,68.4,530,57.7
"Wolcott School District","=""1660011""","Gender","Female",568,74.3,568,69.5,240,59.1
"Wolcott School District","=""1660011""","Gender","Male",614,66.8,614,67.2,299,56.3
"Wolcott School District","=""1660011""","Grade","03",142,75.9,142,72.8,"N/A","N/A"
"Wolcott School District","=""1660011""","Grade","04",152,77.9,152,74.9,"N/A","N/A"
"Wolcott School District","=""1660011""","Grade","05",146,70.2,146,70.9,147,58.9
"Wolcott School District","=""1660011""","Grade","06",194,74.0,194,72.4,"N/A","N/A"
"Wolcott School District","=""1660011""","Grade","07",181,69.7,181,67.0,"N/A","N/A"
"Wolcott School District","=""1660011""","Grade","08",188,64.4,188,63.7,191,59.4
"Wolcott School District","=""1660011""","Grade","10","N/A","N/A","N/A","N/A",201,54.8
"Wolcott School District","=""1660011""","Grade","11",179,63.3,179,58.8,"N/A","N/A"
"Wolcott School District","=""1660011""","High Needs (F/R, EL or SWD)","High Needs",370,63.0,370,61.2,170,50.7
"Wolcott School District","=""1660011""","High Needs (F/R, EL or SWD)","Not High Needs",812,73.8,812,71.6,369,60.7
"Wolcott School District","=""1660011""","Free/Reduced Price Meal Eligibility (2-level)","Eligible For Free Or Reduced Price Meals",266,64.8,266,63.5,122,54.0
"Wolcott School District","=""1660011""","Free/Reduced Price Meal Eligibility (2-level)","Not Eligible For Free Or Reduced Price Meals",916,72.1,916,69.7,417,58.6
"Wolcott School District","=""1660011""","Race/Ethnicity","American Indian or Alaska Native","*","*","*","*","N/A","N/A"
"Wolcott School District","=""1660011""","Race/Ethnicity","Asian","*","*","*","*",12,"*"
"Wolcott School District","=""1660011""","Race/Ethnicity","Black or African American",28,57.9,28,53.5,15,"*"
"Wolcott School District","=""1660011""","Race/Ethnicity","Hispanic or Latino",68,66.0,68,63.4,34,52.9
"Wolcott School District","=""1660011""","Race/Ethnicity","Two or More Races",44,71.3,44,69.7,17,"*"
"Wolcott School District","=""1660011""","Race/Ethnicity","White",1014,70.9,1014,68.8,461,57.8
"Wolcott School District","=""1660011""","Special Education Status (SWD)","Students with Disabilities",139,50.9,139,49.0,84,41.8
"Wolcott School District","=""1660011""","Special Education Status (SWD)","Students without Disabilities",1043,73.0,1043,70.9,455,60.5
"Woodbridge School District","=""1670011""","All Students","District",417,81.6,416,76.9,105,69.2
"Woodbridge School District","=""1670011""","English Language Learners (EL)","English Learners",26,73.2,26,75.3,12,"*"
"Woodbridge School District","=""1670011""","English Language Learners (EL)","Not English Learners",391,82.1,390,77.0,93,70.8
"Woodbridge School District","=""1670011""","Gender","Female",206,83.8,205,76.2,57,68.1
"Woodbridge School District","=""1670011""","Gender","Male",211,79.5,211,77.6,48,70.5
"Woodbridge School District","=""1670011""","Grade","03",117,79.9,117,75.4,"N/A","N/A"
"Woodbridge School District","=""1670011""","Grade","04",102,82.6,101,79.8,"N/A","N/A"
"Woodbridge School District","=""1670011""","Grade","05",103,77.5,103,72.7,105,69.2
"Woodbridge School District","=""1670011""","Grade","06",95,87.0,95,80.1,"N/A","N/A"
"Woodbridge School District","=""1670011""","High Needs (F/R, EL or SWD)","High Needs",93,65.3,92,61.5,32,56.4
"Woodbridge School District","=""1670011""","High Needs (F/R, EL or SWD)","Not High Needs",324,86.3,324,81.2,73,74.8
"Woodbridge School District","=""1670011""","Free/Reduced Price Meal Eligibility (2-level)","Eligible For Free Or Reduced Price Meals",33,72.7,33,66.4,10,"*"
"Woodbridge School District","=""1670011""","Free/Reduced Price Meal Eligibility (2-level)","Not Eligible For Free Or Reduced Price Meals",384,82.4,383,77.8,95,71.0
"Woodbridge School District","=""1670011""","Race/Ethnicity","American Indian or Alaska Native","*","*","*","*","N/A","N/A"
"Woodbridge School District","=""1670011""","Race/Ethnicity","Asian",66,87.4,66,87.7,17,"*"
"Woodbridge School District","=""1670011""","Race/Ethnicity","Black or African American",16,"*",16,"*","*","*"
"Woodbridge School District","=""1670011""","Race/Ethnicity","Hispanic or Latino",23,74.1,23,69.7,"*","*"
"Woodbridge School District","=""1670011""","Race/Ethnicity","Native Hawaiian or Other Pacific Islander","*","*","*","*","N/A","N/A"
"Woodbridge School District","=""1670011""","Race/Ethnicity","Two or More Races",10,"*",10,"*","*","*"
"Woodbridge School District","=""1670011""","Race/Ethnicity","White",300,81.2,299,75.8,75,70.1
"Woodbridge School District","=""1670011""","Special Education Status (SWD)","Students with Disabilities",48,56.8,47,51.1,16,"*"
"Woodbridge School District","=""1670011""","Special Education Status (SWD)","Students without Disabilities",369,84.8,369,80.2,89,71.4
"Woodstock School District","=""1690011""","All Students","District",560,72.1,556,63.2,193,63.5
"Woodstock School District","=""1690011""","English Language Learners (EL)","Not English Learners",560,72.1,556,63.2,193,63.5
"Woodstock School District","=""1690011""","Gender","Female",272,75.4,269,62.5,98,64.1
"Woodstock School District","=""1690011""","Gender","Male",288,69.0,287,63.8,95,62.9
"Woodstock School District","=""1690011""","Grade","03",88,75.4,87,68.0,"N/A","N/A"
"Woodstock School District","=""1690011""","Grade","04",86,77.6,86,66.6,"N/A","N/A"
"Woodstock School District","=""1690011""","Grade","05",76,69.7,76,60.5,"*","*"
"Woodstock School District","=""1690011""","Grade","06",112,73.7,111,64.2,"N/A","N/A"
"Woodstock School District","=""1690011""","Grade","07",93,70.0,93,62.9,"N/A","N/A"
"Woodstock School District","=""1690011""","Grade","08",105,66.8,103,57.4,115,65.1
"Woodstock School District","=""1690011""","Grade","10","N/A","N/A","N/A","N/A","*","*"
"Woodstock School District","=""1690011""","High Needs (F/R, EL or SWD)","High Needs",102,60.2,101,52.4,39,54.2
"Woodstock School District","=""1690011""","High Needs (F/R, EL or SWD)","Not High Needs",458,74.8,455,65.5,154,65.9
"Woodstock School District","=""1690011""","Free/Reduced Price Meal Eligibility (2-level)","Eligible For Free Or Reduced Price Meals",60,63.6,60,55.6,22,58.5
"Woodstock School District","=""1690011""","Free/Reduced Price Meal Eligibility (2-level)","Not Eligible For Free Or Reduced Price Meals",500,73.1,496,64.1,171,64.2
"Woodstock School District","=""1690011""","Race/Ethnicity","Asian","*","*","*","*","*","*"
"Woodstock School District","=""1690011""","Race/Ethnicity","Black or African American","*","*","*","*","*","*"
"Woodstock School District","=""1690011""","Race/Ethnicity","Hispanic or Latino",17,"*",17,"*",6,"*"
"Woodstock School District","=""1690011""","Race/Ethnicity","Two or More Races",21,75.4,21,63.8,7,"*"
"Woodstock School District","=""1690011""","Race/Ethnicity","White",512,72.3,509,63.2,177,63.5
"Woodstock School District","=""1690011""","Special Education Status (SWD)","Students with Disabilities",55,53.6,54,45.3,21,46.1
"Woodstock School District","=""1690011""","Special Education Status (SWD)","Students without Disabilities",505,74.1,502,65.1,172,65.7
"Regional School District 01","=""2010012""","All Students","District",90,55.6,90,50.4,115,55.5
"Regional School District 01","=""2010012""","English Language Learners (EL)","English Learners","N/A","N/A","N/A","N/A","*","*"
"Regional School District 01","=""2010012""","English Language Learners (EL)","Not English Learners",90,55.6,90,50.4,"*","*"
"Regional School District 01","=""2010012""","Gender","Female",40,57.0,40,50.9,58,57.8
"Regional School District 01","=""2010012""","Gender","Male",50,54.5,50,49.9,57,53.2
"Regional School District 01","=""2010012""","Grade","05","*","*","*","*","*","*"
"Regional School District 01","=""2010012""","Grade","06","*","*","*","*","N/A","N/A"
"Regional School District 01","=""2010012""","Grade","08","*","*","*","*","*","*"
"Regional School District 01","=""2010012""","Grade","10","N/A","N/A","N/A","N/A",111,55.5
"Regional School District 01","=""2010012""","Grade","11",84,55.8,84,51.1,"N/A","N/A"
"Regional School District 01","=""2010012""","High Needs (F/R, EL or SWD)","High Needs",33,49.4,33,42.6,40,44.0
"Regional School District 01","=""2010012""","High Needs (F/R, EL or SWD)","Not High Needs",57,59.2,57,54.8,75,61.6
"Regional School District 01","=""2010012""","Free/Reduced Price Meal Eligibility (2-level)","Eligible For Free Or Reduced Price Meals",18,"*",18,"*",24,48.9
"Regional School District 01","=""2010012""","Free/Reduced Price Meal Eligibility (2-level)","Not Eligible For Free Or Reduced Price Meals",72,54.8,72,49.7,91,57.2
"Regional School District 01","=""2010012""","Race/Ethnicity","Asian","*","*","*","*","*","*"
"Regional School District 01","=""2010012""","Race/Ethnicity","Black or African American","*","*","*","*","*","*"
"Regional School District 01","=""2010012""","Race/Ethnicity","Hispanic or Latino",6,"*",6,"*",10,"*"
"Regional School District 01","=""2010012""","Race/Ethnicity","Two or More Races","*","*","*","*",7,"*"
"Regional School District 01","=""2010012""","Race/Ethnicity","White",80,55.6,80,50.5,92,56.5
"Regional School District 01","=""2010012""","Special Education Status (SWD)","Students with Disabilities",21,41.9,21,34.4,19,"*"
"Regional School District 01","=""2010012""","Special Education Status (SWD)","Students without Disabilities",69,59.8,69,55.2,96,58.9
"Regional School District 04","=""2040012""","All Students","District",484,72.6,479,66.3,292,61.6
"Regional School District 04","=""2040012""","English Language Learners (EL)","English Learners","*","*","*","*","*","*"
"Regional School District 04","=""2040012""","English Language Learners (EL)","Not English Learners","*","*","*","*","*","*"
"Regional School District 04","=""2040012""","Gender","Female",252,75.6,250,66.5,143,62.6
"Regional School District 04","=""2040012""","Gender","Male",232,69.2,229,66.0,149,60.7
"Regional School District 04","=""2040012""","Grade","07",181,77.8,178,70.6,"N/A","N/A"
"Regional School District 04","=""2040012""","Grade","08",149,71.3,147,67.9,151,62.9
"Regional School District 04","=""2040012""","Grade","10","N/A","N/A","N/A","N/A",141,60.2
"Regional School District 04","=""2040012""","Grade","11",154,67.6,154,59.9,"N/A","N/A"
"Regional School District 04","=""2040012""","High Needs (F/R, EL or SWD)","High Needs",108,58.2,106,54.0,84,51.8
"Regional School District 04","=""2040012""","High Needs (F/R, EL or SWD)","Not High Needs",376,76.7,373,69.8,208,65.6
"Regional School District 04","=""2040012""","Free/Reduced Price Meal Eligibility (2-level)","Eligible For Free Or Reduced Price Meals",47,64.5,46,60.8,41,58.7
"Regional School District 04","=""2040012""","Free/Reduced Price Meal Eligibility (2-level)","Not Eligible For Free Or Reduced Price Meals",437,73.4,433,66.9,251,62.1
"Regional School District 04","=""2040012""","Race/Ethnicity","Asian",12,"*",12,"*","*","*"
"Regional School District 04","=""2040012""","Race/Ethnicity","Black or African American","*","*","*","*","*","*"
"Regional School District 04","=""2040012""","Race/Ethnicity","Hispanic or Latino",17,"*",17,"*",11,"*"
"Regional School District 04","=""2040012""","Race/Ethnicity","Two or More Races","*","*","*","*",6,"*"
"Regional School District 04","=""2040012""","Race/Ethnicity","White",447,73.3,442,67.1,268,62.5
"Regional School District 04","=""2040012""","Special Education Status (SWD)","Students with Disabilities",71,52.7,69,49.0,52,45.9
"Regional School District 04","=""2040012""","Special Education Status (SWD)","Students without Disabilities",413,76.0,410,69.2,240,65.0
"Regional School District 05","=""2050012""","All Students","District",1119,76.8,1120,73.8,734,68.0
"Regional School District 05","=""2050012""","English Language Learners (EL)","English Learners",31,72.3,31,77.3,15,"*"
"Regional School District 05","=""2050012""","English Language Learners (EL)","Not English Learners",1088,76.9,1089,73.7,719,68.1
"Regional School District 05","=""2050012""","Gender","Female",566,80.3,567,73.6,371,67.8
"Regional School District 05","=""2050012""","Gender","Male",553,73.3,553,73.9,363,68.2
"Regional School District 05","=""2050012""","Grade","07",383,80.1,384,74.9,"N/A","N/A"
"Regional School District 05","=""2050012""","Grade","08",375,79.1,375,77.4,376,68.1
"Regional School District 05","=""2050012""","Grade","10","N/A","N/A","N/A","N/A",358,68.0
"Regional School District 05","=""2050012""","Grade","11",361,70.9,361,68.9,"N/A","N/A"
"Regional School District 05","=""2050012""","High Needs (F/R, EL or SWD)","High Needs",202,60.4,202,57.6,138,53.9
"Regional School District 05","=""2050012""","High Needs (F/R, EL or SWD)","Not High Needs",917,80.4,918,77.3,596,71.3
"Regional School District 05","=""2050012""","Free/Reduced Price Meal Eligibility (2-level)","Eligible For Free Or Reduced Price Meals",58,66.7,58,64.3,44,56.2
"Regional School District 05","=""2050012""","Free/Reduced Price Meal Eligibility (2-level)","Not Eligible For Free Or Reduced Price Meals",1061,77.4,1062,74.3,690,68.8
"Regional School District 05","=""2050012""","Race/Ethnicity","American Indian or Alaska Native","*","*","*","*","*","*"
"Regional School District 05","=""2050012""","Race/Ethnicity","Asian",155,87.8,155,90.2,97,80.5
"Regional School District 05","=""2050012""","Race/Ethnicity","Black or African American",32,62.8,32,62.8,24,51.3
"Regional School District 05","=""2050012""","Race/Ethnicity","Hispanic or Latino",19,"*",19,"*",8,"*"
"Regional School District 05","=""2050012""","Race/Ethnicity","Native Hawaiian or Other Pacific Islander","*","*","*","*","*","*"
"Regional School District 05","=""2050012""","Race/Ethnicity","Two or More Races",47,80.2,47,78.3,35,68.9
"Regional School District 05","=""2050012""","Race/Ethnicity","White",861,75.2,862,71.2,566,66.7
"Regional School District 05","=""2050012""","Special Education Status (SWD)","Students with Disabilities",132,54.3,132,49.5,97,49.4
"Regional School District 05","=""2050012""","Special Education Status (SWD)","Students without Disabilities",987,79.8,988,77.0,637,70.8
"Regional School District 06","=""2060012""","All Students","District",393,70.3,391,63.5,181,59.7
"Regional School District 06","=""2060012""","English Language Learners (EL)","English Learners",9,"*",9,"*","*","*"
"Regional School District 06","=""2060012""","English Language Learners (EL)","Not English Learners",384,70.7,382,63.7,"*","*"
"Regional School District 06","=""2060012""","Gender","Female",201,73.9,198,65.2,97,58.9
"Regional School District 06","=""2060012""","Gender","Male",192,66.6,193,61.7,84,60.7
"Regional School District 06","=""2060012""","Grade","03",45,77.1,45,69.0,"N/A","N/A"
"Regional School District 06","=""2060012""","Grade","04",58,74.6,58,69.2,"N/A","N/A"
"Regional School District 06","=""2060012""","Grade","05",37,79.7,37,72.0,37,63.5
"Regional School District 06","=""2060012""","Grade","06",56,77.1,53,65.7,"N/A","N/A"
"Regional School District 06","=""2060012""","Grade","07",53,70.3,52,65.0,"N/A","N/A"
"Regional School District 06","=""2060012""","Grade","08",41,64.1,43,60.7,53,60.5
"Regional School District 06","=""2060012""","Grade","10","N/A","N/A","N/A","N/A",91,57.7
"Regional School District 06","=""2060012""","Grade","11",103,60.4,103,54.1,"N/A","N/A"
"Regional School District 06","=""2060012""","High Needs (F/R, EL or SWD)","High Needs",115,59.6,114,52.7,40,48.2
"Regional School District 06","=""2060012""","High Needs (F/R, EL or SWD)","Not High Needs",278,74.8,277,67.9,141,63.0
"Regional School District 06","=""2060012""","Free/Reduced Price Meal Eligibility (2-level)","Eligible For Free Or Reduced Price Meals",44,68.3,44,64.0,19,"*"
"Regional School District 06","=""2060012""","Free/Reduced Price Meal Eligibility (2-level)","Not Eligible For Free Or Reduced Price Meals",349,70.6,347,63.4,162,60.7
"Regional School District 06","=""2060012""","Race/Ethnicity","American Indian or Alaska Native","*","*","*","*","N/A","N/A"
"Regional School District 06","=""2060012""","Race/Ethnicity","Asian","*","*","*","*","N/A","N/A"
"Regional School District 06","=""2060012""","Race/Ethnicity","Black or African American","*","*","*","*","*","*"
"Regional School District 06","=""2060012""","Race/Ethnicity","Hispanic or Latino",13,"*",13,"*","*","*"
"Regional School District 06","=""2060012""","Race/Ethnicity","Native Hawaiian or Other Pacific Islander","*","*","*","*","N/A","N/A"
"Regional School District 06","=""2060012""","Race/Ethnicity","Two or More Races",7,"*",7,"*","*","*"
"Regional School District 06","=""2060012""","Race/Ethnicity","White",366,70.1,364,63.6,172,60.2
"Regional School District 06","=""2060012""","Special Education Status (SWD)","Students with Disabilities",72,53.3,71,44.3,21,42.7
"Regional School District 06","=""2060012""","Special Education Status (SWD)","Students without Disabilities",321,74.2,320,67.8,160,62.0
"Regional School District 07","=""2070012""","All Students","District",506,71.2,506,65.7,378,66.4
"Regional School District 07","=""2070012""","English Language Learners (EL)","English Learners","*","*","*","*","*","*"
"Regional School District 07","=""2070012""","English Language Learners (EL)","Not English Learners","*","*","*","*","*","*"
"Regional School District 07","=""2070012""","Gender","Female",253,74.8,253,66.9,181,67.0
"Regional School District 07","=""2070012""","Gender","Male",253,67.6,253,64.5,197,65.9
"Regional School District 07","=""2070012""","Grade","07",152,74.0,152,67.8,"N/A","N/A"
"Regional School District 07","=""2070012""","Grade","08",182,72.2,182,65.1,185,65.9
"Regional School District 07","=""2070012""","Grade","10","N/A","N/A","N/A","N/A",193,66.9
"Regional School District 07","=""2070012""","Grade","11",172,67.6,172,64.5,"N/A","N/A"
"Regional School District 07","=""2070012""","High Needs (F/R, EL or SWD)","High Needs",97,51.6,97,46.7,65,51.1
"Regional School District 07","=""2070012""","High Needs (F/R, EL or SWD)","Not High Needs",409,75.8,409,70.2,313,69.6
"Regional School District 07","=""2070012""","Free/Reduced Price Meal Eligibility (2-level)","Eligible For Free Or Reduced Price Meals",49,55.8,49,50.8,31,54.7
"Regional School District 07","=""2070012""","Free/Reduced Price Meal Eligibility (2-level)","Not Eligible For Free Or Reduced Price Meals",457,72.8,457,67.3,347,67.5
"Regional School District 07","=""2070012""","Race/Ethnicity","American Indian or Alaska Native","*","*","*","*","N/A","N/A"
"Regional School District 07","=""2070012""","Race/Ethnicity","Asian","*","*","*","*","*","*"
"Regional School District 07","=""2070012""","Race/Ethnicity","Black or African American","*","*","*","*","*","*"
"Regional School District 07","=""2070012""","Race/Ethnicity","Hispanic or Latino",8,"*",8,"*",9,"*"
"Regional School District 07","=""2070012""","Race/Ethnicity","Native Hawaiian or Other Pacific Islander","*","*","*","*","N/A","N/A"
"Regional School District 07","=""2070012""","Race/Ethnicity","Two or More Races","*","*","*","*","*","*"
"Regional School District 07","=""2070012""","Race/Ethnicity","White",488,71.3,488,65.8,359,66.8
"Regional School District 07","=""2070012""","Special Education Status (SWD)","Students with Disabilities",65,45.6,65,40.1,49,46.5
"Regional School District 07","=""2070012""","Special Education Status (SWD)","Students without Disabilities",441,75.0,441,69.5,329,69.4
"Regional School District 08","=""2080012""","All Students","District",774,71.7,773,70.9,506,60.7
"Regional School District 08","=""2080012""","English Language Learners (EL)","English Learners","*","*","*","*","*","*"
"Regional School District 08","=""2080012""","English Language Learners (EL)","Not English Learners","*","*","*","*","*","*"
"Regional School District 08","=""2080012""","Gender","Female",377,74.5,376,71.1,254,61.6
"Regional School District 08","=""2080012""","Gender","Male",397,69.1,397,70.8,252,59.7
"Regional School District 08","=""2080012""","Grade","07",230,75.4,230,71.1,"N/A","N/A"
"Regional School District 08","=""2080012""","Grade","08",275,69.4,274,70.8,276,61.1
"Regional School District 08","=""2080012""","Grade","10","N/A","N/A","N/A","N/A",230,60.1
"Regional School District 08","=""2080012""","Grade","11",269,71.0,269,70.9,"N/A","N/A"
"Regional School District 08","=""2080012""","High Needs (F/R, EL or SWD)","High Needs",131,55.8,131,53.0,97,46.8
"Regional School District 08","=""2080012""","High Needs (F/R, EL or SWD)","Not High Needs",643,75.0,642,74.6,409,63.9
"Regional School District 08","=""2080012""","Free/Reduced Price Meal Eligibility (2-level)","Eligible For Free Or Reduced Price Meals",63,61.5,63,58.7,48,46.9
"Regional School District 08","=""2080012""","Free/Reduced Price Meal Eligibility (2-level)","Not Eligible For Free Or Reduced Price Meals",711,72.6,710,72.0,458,62.1
"Regional School District 08","=""2080012""","Race/Ethnicity","American Indian or Alaska Native","*","*","*","*","N/A","N/A"
"Regional School District 08","=""2080012""","Race/Ethnicity","Asian",14,"*",14,"*",16,"*"
"Regional School District 08","=""2080012""","Race/Ethnicity","Black or African American","*","*","*","*","*","*"
"Regional School District 08","=""2080012""","Race/Ethnicity","Hispanic or Latino",16,"*",16,"*",10,"*"
"Regional School District 08","=""2080012""","Race/Ethnicity","Native Hawaiian or Other Pacific Islander","*","*","*","*","N/A","N/A"
"Regional School District 08","=""2080012""","Race/Ethnicity","Two or More Races","*","*","*","*","*","*"
"Regional School District 08","=""2080012""","Race/Ethnicity","White",734,72.2,733,71.4,477,60.8
"Regional School District 08","=""2080012""","Special Education Status (SWD)","Students with Disabilities",85,48.3,85,44.5,66,44.6
"Regional School District 08","=""2080012""","Special Education Status (SWD)","Students without Disabilities",689,74.6,688,74.2,440,63.1
"Regional School District 09","=""2090012""","All Students","District",227,71.6,227,69.0,228,70.4
"Regional School District 09","=""2090012""","English Language Learners (EL)","English Learners","*","*","*","*","*","*"
"Regional School District 09","=""2090012""","English Language Learners (EL)","Not English Learners","*","*","*","*","*","*"
"Regional School District 09","=""2090012""","Gender","Female",108,74.2,108,68.6,103,70.3
"Regional School District 09","=""2090012""","Gender","Male",119,69.2,119,69.4,125,70.5
"Regional School District 09","=""2090012""","Grade","10","N/A","N/A","N/A","N/A",228,70.4
"Regional School District 09","=""2090012""","Grade","11",227,71.6,227,69.0,"N/A","N/A"
"Regional School District 09","=""2090012""","High Needs (F/R, EL or SWD)","High Needs",34,56.2,34,53.6,31,56.5
"Regional School District 09","=""2090012""","High Needs (F/R, EL or SWD)","Not High Needs",193,74.3,193,71.7,197,72.6
"Regional School District 09","=""2090012""","Free/Reduced Price Meal Eligibility (2-level)","Eligible For Free Or Reduced Price Meals",7,"*",7,"*",13,"*"
"Regional School District 09","=""2090012""","Free/Reduced Price Meal Eligibility (2-level)","Not Eligible For Free Or Reduced Price Meals",220,71.7,220,69.3,215,70.8
"Regional School District 09","=""2090012""","Race/Ethnicity","American Indian or Alaska Native","*","*","*","*","N/A","N/A"
"Regional School District 09","=""2090012""","Race/Ethnicity","Asian",8,"*",8,"*",8,"*"
"Regional School District 09","=""2090012""","Race/Ethnicity","Black or African American","*","*","*","*","*","*"
"Regional School District 09","=""2090012""","Race/Ethnicity","Hispanic or Latino",14,"*",14,"*",11,"*"
"Regional School District 09","=""2090012""","Race/Ethnicity","Native Hawaiian or Other Pacific Islander","N/A","N/A","N/A","N/A","*","*"
"Regional School District 09","=""2090012""","Race/Ethnicity","Two or More Races",6,"*",6,"*",9,"*"
"Regional School District 09","=""2090012""","Race/Ethnicity","White",195,71.9,195,69.8,198,70.3
"Regional School District 09","=""2090012""","Special Education Status (SWD)","Students with Disabilities",26,54.2,26,54.2,20,51.3
"Regional School District 09","=""2090012""","Special Education Status (SWD)","Students without Disabilities",201,73.8,201,70.9,208,72.2
"Regional School District 10","=""2100012""","All Students","District",1321,75.6,1318,72.8,576,62.4
"Regional School District 10","=""2100012""","English Language Learners (EL)","English Learners",39,72.0,39,68.8,10,"*"
"Regional School District 10","=""2100012""","English Language Learners (EL)","Not English Learners",1282,75.7,1279,72.9,566,62.4
"Regional School District 10","=""2100012""","Gender","Female",633,78.0,631,72.2,269,63.7
"Regional School District 10","=""2100012""","Gender","Male",688,73.4,687,73.4,307,61.3
"Regional School District 10","=""2100012""","Grade","03",170,75.6,170,75.6,"N/A","N/A"
"Regional School District 10","=""2100012""","Grade","04",186,79.9,184,80.4,"N/A","N/A"
"Regional School District 10","=""2100012""","Grade","05",164,75.0,164,75.5,165,62.6
"Regional School District 10","=""2100012""","Grade","06",182,76.8,182,69.3,"N/A","N/A"
"Regional School District 10","=""2100012""","Grade","07",205,79.3,205,71.2,"N/A","N/A"
"Regional School District 10","=""2100012""","Grade","08",216,73.1,215,73.3,216,62.6
"Regional School District 10","=""2100012""","Grade","10","N/A","N/A","N/A","N/A",195,62.1
"Regional School District 10","=""2100012""","Grade","11",198,69.6,198,65.4,"N/A","N/A"
"Regional School District 10","=""2100012""","High Needs (F/R, EL or SWD)","High Needs",226,60.9,225,58.5,97,56.0
"Regional School District 10","=""2100012""","High Needs (F/R, EL or SWD)","Not High Needs",1095,78.6,1093,75.7,479,63.7
"Regional School District 10","=""2100012""","Free/Reduced Price Meal Eligibility (2-level)","Eligible For Free Or Reduced Price Meals",73,64.1,72,63.2,41,57.4
"Regional School District 10","=""2100012""","Free/Reduced Price Meal Eligibility (2-level)","Not Eligible For Free Or Reduced Price Meals",1248,76.2,1246,73.4,535,62.8
"Regional School District 10","=""2100012""","Race/Ethnicity","American Indian or Alaska Native","*","*","*","*","N/A","N/A"
"Regional School District 10","=""2100012""","Race/Ethnicity","Asian",32,81.1,32,77.8,7,"*"
"Regional School District 10","=""2100012""","Race/Ethnicity","Black or African American",7,"*",7,"*","*","*"
"Regional School District 10","=""2100012""","Race/Ethnicity","Hispanic or Latino",24,66.5,24,61.9,18,"*"
"Regional School District 10","=""2100012""","Race/Ethnicity","Native Hawaiian or Other Pacific Islander","*","*","*","*","*","*"
"Regional School District 10","=""2100012""","Race/Ethnicity","Two or More Races","*","*","*","*","*","*"
"Regional School District 10","=""2100012""","Race/Ethnicity","White",1248,75.7,1245,73.1,545,62.9
"Regional School District 10","=""2100012""","Special Education Status (SWD)","Students with Disabilities",136,55.0,136,51.9,60,51.0
"Regional School District 10","=""2100012""","Special Education Status (SWD)","Students without Disabilities",1185,77.9,1182,75.2,516,63.7
"Regional School District 11","=""2110012""","All Students","District",128,66.6,128,58.9,91,56.1
"Regional School District 11","=""2110012""","English Language Learners (EL)","English Learners","N/A","N/A","N/A","N/A","*","*"
"Regional School District 11","=""2110012""","English Language Learners (EL)","Not English Learners",128,66.6,128,58.9,"*","*"
"Regional School District 11","=""2110012""","Gender","Female",55,71.2,55,59.6,41,53.9
"Regional School District 11","=""2110012""","Gender","Male",73,63.1,73,58.3,50,57.8
"Regional School District 11","=""2110012""","Grade","07",46,68.0,46,56.2,"N/A","N/A"
"Regional School District 11","=""2110012""","Grade","08",50,67.7,50,59.6,50,60.3
"Regional School District 11","=""2110012""","Grade","10","N/A","N/A","N/A","N/A",41,50.8
"Regional School District 11","=""2110012""","Grade","11",32,62.9,32,61.4,"N/A","N/A"
"Regional School District 11","=""2110012""","High Needs (F/R, EL or SWD)","High Needs",58,57.8,58,51.3,37,52.0
"Regional School District 11","=""2110012""","High Needs (F/R, EL or SWD)","Not High Needs",70,73.9,70,65.1,54,58.9
"Regional School District 11","=""2110012""","Free/Reduced Price Meal Eligibility (2-level)","Eligible For Free Or Reduced Price Meals",41,63.3,41,55.6,29,53.1
"Regional School District 11","=""2110012""","Free/Reduced Price Meal Eligibility (2-level)","Not Eligible For Free Or Reduced Price Meals",87,68.2,87,60.4,62,57.4
"Regional School District 11","=""2110012""","Race/Ethnicity","Asian","N/A","N/A","N/A","N/A","*","*"
"Regional School District 11","=""2110012""","Race/Ethnicity","Black or African American","*","*","*","*","*","*"
"Regional School District 11","=""2110012""","Race/Ethnicity","Hispanic or Latino",12,"*",12,"*",12,"*"
"Regional School District 11","=""2110012""","Race/Ethnicity","Native Hawaiian or Other Pacific Islander","*","*","*","*","*","*"
"Regional School District 11","=""2110012""","Race/Ethnicity","Two or More Races",8,"*",8,"*","*","*"
"Regional School District 11","=""2110012""","Race/Ethnicity","White",106,68.0,106,60.1,72,57.0
"Regional School District 11","=""2110012""","Special Education Status (SWD)","Students with Disabilities",26,46.2,26,41.5,14,"*"
"Regional School District 11","=""2110012""","Special Education Status (SWD)","Students without Disabilities",102,71.8,102,63.3,77,58.1
"Regional School District 12","=""2120012""","All Students","District",351,76.3,350,72.5,184,63.5
"Regional School District 12","=""2120012""","English Language Learners (EL)","English Learners",8,"*",7,"*","*","*"
"Regional School District 12","=""2120012""","English Language Learners (EL)","Not English Learners",343,76.6,343,72.7,"*","*"
"Regional School District 12","=""2120012""","Gender","Female",177,77.6,177,71.5,101,62.3
"Regional School District 12","=""2120012""","Gender","Male",174,75.0,173,73.4,83,65.0
"Regional School District 12","=""2120012""","Grade","03",39,82.3,39,86.3,"N/A","N/A"
"Regional School District 12","=""2120012""","Grade","04",41,84.9,41,82.5,"N/A","N/A"
"Regional School District 12","=""2120012""","Grade","05",58,81.5,58,77.7,58,67.9
"Regional School District 12","=""2120012""","Grade","06",45,68.2,44,64.5,"N/A","N/A"
"Regional School District 12","=""2120012""","Grade","07",50,86.3,50,75.3,"N/A","N/A"
"Regional School District 12","=""2120012""","Grade","08",59,67.9,59,66.6,59,63.3
"Regional School District 12","=""2120012""","Grade","10","N/A","N/A","N/A","N/A",67,59.9
"Regional School District 12","=""2120012""","Grade","11",59,67.6,59,60.5,"N/A","N/A"
"Regional School District 12","=""2120012""","High Needs (F/R, EL or SWD)","High Needs",81,62.5,80,58.9,37,53.6
"Regional School District 12","=""2120012""","High Needs (F/R, EL or SWD)","Not High Needs",270,80.5,270,76.5,147,66.0
"Regional School District 12","=""2120012""","Free/Reduced Price Meal Eligibility (2-level)","Eligible For Free Or Reduced Price Meals",25,72.6,25,62.9,12,"*"
"Regional School District 12","=""2120012""","Free/Reduced Price Meal Eligibility (2-level)","Not Eligible For Free Or Reduced Price Meals",326,76.6,325,73.2,172,63.7
"Regional School District 12","=""2120012""","Race/Ethnicity","American Indian or Alaska Native","*","*","*","*","N/A","N/A"
"Regional School District 12","=""2120012""","Race/Ethnicity","Asian","*","*","*","*","*","*"
"Regional School District 12","=""2120012""","Race/Ethnicity","Black or African American","*","*","*","*","N/A","N/A"
"Regional School District 12","=""2120012""","Race/Ethnicity","Hispanic or Latino",29,70.3,28,63.2,10,"*"
"Regional School District 12","=""2120012""","Race/Ethnicity","Two or More Races",6,"*",6,"*","*","*"
"Regional School District 12","=""2120012""","Race/Ethnicity","White",309,77.0,309,73.4,168,64.3
"Regional School District 12","=""2120012""","Special Education Status (SWD)","Students with Disabilities",57,56.9,57,55.2,24,49.6
"Regional School District 12","=""2120012""","Special Education Status (SWD)","Students without Disabilities",294,80.1,293,75.8,160,65.6
"Regional School District 13","=""2130012""","All Students","District",921,72.8,921,68.7,421,63.3
"Regional School District 13","=""2130012""","English Language Learners (EL)","English Learners",9,"*",9,"*","*","*"
"Regional School District 13","=""2130012""","English Language Learners (EL)","Not English Learners",912,72.9,912,68.8,"*","*"
"Regional School District 13","=""2130012""","Gender","Female",453,76.3,453,69.2,201,63.1
"Regional School District 13","=""2130012""","Gender","Male",468,69.3,468,68.2,220,63.5
"Regional School District 13","=""2130012""","Grade","03",102,70.8,102,67.7,"N/A","N/A"
"Regional School District 13","=""2130012""","Grade","04",143,77.1,143,73.7,"N/A","N/A"
"Regional School District 13","=""2130012""","Grade","05",114,76.7,114,74.0,115,63.4
"Regional School District 13","=""2130012""","Grade","06",145,73.2,145,70.6,"N/A","N/A"
"Regional School District 13","=""2130012""","Grade","07",130,75.2,130,66.1,"N/A","N/A"
"Regional School District 13","=""2130012""","Grade","08",163,68.3,163,64.9,162,64.8
"Regional School District 13","=""2130012""","Grade","10","N/A","N/A","N/A","N/A",144,61.5
"Regional School District 13","=""2130012""","Grade","11",124,68.7,124,64.6,"N/A","N/A"
"Regional School District 13","=""2130012""","High Needs (F/R, EL or SWD)","High Needs",189,59.2,189,54.6,98,54.6
"Regional School District 13","=""2130012""","High Needs (F/R, EL or SWD)","Not High Needs",732,76.3,732,72.3,323,66.0
"Regional School District 13","=""2130012""","Free/Reduced Price Meal Eligibility (2-level)","Eligible For Free Or Reduced Price Meals",75,64.5,75,59.4,31,61.6
"Regional School District 13","=""2130012""","Free/Reduced Price Meal Eligibility (2-level)","Not Eligible For Free Or Reduced Price Meals",846,73.5,846,69.5,390,63.4
"Regional School District 13","=""2130012""","Race/Ethnicity","American Indian or Alaska Native","*","*","*","*","N/A","N/A"
"Regional School District 13","=""2130012""","Race/Ethnicity","Asian",18,"*",18,"*","*","*"
"Regional School District 13","=""2130012""","Race/Ethnicity","Black or African American","*","*","*","*","*","*"
"Regional School District 13","=""2130012""","Race/Ethnicity","Hispanic or Latino",52,67.7,52,63.1,19,"*"
"Regional School District 13","=""2130012""","Race/Ethnicity","Two or More Races",24,79.6,24,76.2,14,"*"
"Regional School District 13","=""2130012""","Race/Ethnicity","White",823,72.8,823,68.7,376,63.2
"Regional School District 13","=""2130012""","Special Education Status (SWD)","Students with Disabilities",128,55.3,128,50.4,69,51.7
"Regional School District 13","=""2130012""","Special Education Status (SWD)","Students without Disabilities",793,75.6,793,71.7,352,65.6
"Regional School District 14","=""2140012""","All Students","District",882,69.0,882,61.3,427,61.6
"Regional School District 14","=""2140012""","English Language Learners (EL)","English Learners",20,53.3,20,52.0,8,"*"
"Regional School District 14","=""2140012""","English Language Learners (EL)","Not English Learners",862,69.3,862,61.5,419,61.8
"Regional School District 14","=""2140012""","Gender","Female",459,71.3,459,61.3,217,61.8
"Regional School District 14","=""2140012""","Gender","Male",423,66.5,423,61.3,210,61.4
"Regional School District 14","=""2140012""","Grade","03",116,68.5,116,59.4,"N/A","N/A"
"Regional School District 14","=""2140012""","Grade","04",97,77.6,97,67.7,"N/A","N/A"
"Regional School District 14","=""2140012""","Grade","05",116,76.2,116,66.7,117,61.7
"Regional School District 14","=""2140012""","Grade","06",130,71.5,130,61.6,"N/A","N/A"
"Regional School District 14","=""2140012""","Grade","07",115,71.1,115,59.7,"N/A","N/A"
"Regional School District 14","=""2140012""","Grade","08",117,62.3,117,55.5,116,60.7
"Regional School District 14","=""2140012""","Grade","10","N/A","N/A","N/A","N/A",194,62.1
"Regional School District 14","=""2140012""","Grade","11",191,61.6,191,60.2,"N/A","N/A"
"Regional School District 14","=""2140012""","High Needs (F/R, EL or SWD)","High Needs",225,56.6,225,49.0,105,50.8
"Regional School District 14","=""2140012""","High Needs (F/R, EL or SWD)","Not High Needs",657,73.2,657,65.5,322,65.1
"Regional School District 14","=""2140012""","Free/Reduced Price Meal Eligibility (2-level)","Eligible For Free Or Reduced Price Meals",108,59.7,108,54.0,51,57.5
"Regional School District 14","=""2140012""","Free/Reduced Price Meal Eligibility (2-level)","Not Eligible For Free Or Reduced Price Meals",774,70.3,774,62.3,376,62.1
"Regional School District 14","=""2140012""","Race/Ethnicity","American Indian or Alaska Native","*","*","*","*","*","*"
"Regional School District 14","=""2140012""","Race/Ethnicity","Asian",26,72.8,26,71.2,11,"*"
"Regional School District 14","=""2140012""","Race/Ethnicity","Black or African American","*","*","*","*","*","*"
"Regional School District 14","=""2140012""","Race/Ethnicity","Hispanic or Latino",38,62.5,38,57.4,15,"*"
"Regional School District 14","=""2140012""","Race/Ethnicity","Two or More Races","*","*","*","*","*","*"
"Regional School District 14","=""2140012""","Race/Ethnicity","White",808,69.1,808,61.1,392,61.6
"Regional School District 14","=""2140012""","Special Education Status (SWD)","Students with Disabilities",131,51.8,131,42.6,62,45.9
"Regional School District 14","=""2140012""","Special Education Status (SWD)","Students without Disabilities",751,72.0,751,64.6,365,64.2
"Regional School District 15","=""2150012""","All Students","District",1992,76.8,1988,73.9,898,64.2
"Regional School District 15","=""2150012""","English Language Learners (EL)","English Learners",50,66.4,50,66.9,13,"*"
"Regional School District 15","=""2150012""","English Language Learners (EL)","Not English Learners",1942,77.1,1938,74.1,885,64.5
"Regional School District 15","=""2150012""","Gender","Female",959,79.2,958,73.8,429,63.1
"Regional School District 15","=""2150012""","Gender","Male",1033,74.6,1030,74.0,469,65.2
"Regional School District 15","=""2150012""","Grade","03",246,75.8,244,78.6,"N/A","N/A"
"Regional School District 15","=""2150012""","Grade","04",258,80.2,258,79.0,"N/A","N/A"
"Regional School District 15","=""2150012""","Grade","05",278,79.9,278,77.5,284,62.7
"Regional School District 15","=""2150012""","Grade","06",285,81.9,285,75.2,"N/A","N/A"
"Regional School District 15","=""2150012""","Grade","07",325,76.8,324,68.2,"N/A","N/A"
"Regional School District 15","=""2150012""","Grade","08",317,74.9,316,73.8,318,64.0
"Regional School District 15","=""2150012""","Grade","10","N/A","N/A","N/A","N/A",296,66.0
"Regional School District 15","=""2150012""","Grade","11",283,68.7,283,66.9,"N/A","N/A"
"Regional School District 15","=""2150012""","High Needs (F/R, EL or SWD)","High Needs",409,61.6,405,56.8,167,52.1
"Regional School District 15","=""2150012""","High Needs (F/R, EL or SWD)","Not High Needs",1583,80.8,1583,78.3,731,67.0
"Regional School District 15","=""2150012""","Free/Reduced Price Meal Eligibility (2-level)","Eligible For Free Or Reduced Price Meals",117,66.4,117,63.1,41,56.0
"Regional School District 15","=""2150012""","Free/Reduced Price Meal Eligibility (2-level)","Not Eligible For Free Or Reduced Price Meals",1875,77.5,1871,74.6,857,64.6
"Regional School District 15","=""2150012""","Race/Ethnicity","American Indian or Alaska Native","*","*","*","*","*","*"
"Regional School District 15","=""2150012""","Race/Ethnicity","Asian",96,87.9,96,90.8,50,71.2
"Regional School District 15","=""2150012""","Race/Ethnicity","Black or African American",38,71.2,38,68.8,21,58.9
"Regional School District 15","=""2150012""","Race/Ethnicity","Hispanic or Latino",86,73.0,86,68.4,34,58.5
"Regional School District 15","=""2150012""","Race/Ethnicity","Native Hawaiian or Other Pacific Islander","*","*","*","*","*","*"
"Regional School District 15","=""2150012""","Race/Ethnicity","Two or More Races",34,82.2,34,81.0,11,"*"
"Regional School District 15","=""2150012""","Race/Ethnicity","White",1731,76.4,1727,73.2,780,64.1
"Regional School District 15","=""2150012""","Special Education Status (SWD)","Students with Disabilities",292,56.9,288,51.1,129,49.8
"Regional School District 15","=""2150012""","Special Education Status (SWD)","Students without Disabilities",1700,80.3,1700,77.8,769,66.6
"Regional School District 16","=""2160012""","All Students","District",1149,72.0,1143,67.7,503,55.8
"Regional School District 16","=""2160012""","English Language Learners (EL)","English Learners",24,58.2,22,56.3,10,"*"
"Regional School District 16","=""2160012""","English Language Learners (EL)","Not English Learners",1125,72.3,1121,67.9,493,56.1
"Regional School District 16","=""2160012""","Gender","Female",571,75.0,567,68.0,246,55.2
"Regional School District 16","=""2160012""","Gender","Male",578,69.0,576,67.3,257,56.5
"Regional School District 16","=""2160012""","Grade","03",129,78.7,129,75.0,"N/A","N/A"
"Regional School District 16","=""2160012""","Grade","04",179,79.7,179,73.4,"N/A","N/A"
"Regional School District 16","=""2160012""","Grade","05",159,77.0,159,73.6,163,58.4
"Regional School District 16","=""2160012""","Grade","06",169,70.2,169,69.1,"N/A","N/A"
"Regional School District 16","=""2160012""","Grade","07",185,71.1,182,64.8,"N/A","N/A"
"Regional School District 16","=""2160012""","Grade","08",161,66.0,158,63.2,176,54.8
"Regional School District 16","=""2160012""","Grade","10","N/A","N/A","N/A","N/A",164,54.4
"Regional School District 16","=""2160012""","Grade","11",167,62.5,167,56.0,"N/A","N/A"
"Regional School District 16","=""2160012""","High Needs (F/R, EL or SWD)","High Needs",283,59.9,279,55.4,111,48.4
"Regional School District 16","=""2160012""","High Needs (F/R, EL or SWD)","Not High Needs",866,76.0,864,71.6,392,57.9
"Regional School District 16","=""2160012""","Free/Reduced Price Meal Eligibility (2-level)","Eligible For Free Or Reduced Price Meals",154,63.9,152,60.2,66,53.7
"Regional School District 16","=""2160012""","Free/Reduced Price Meal Eligibility (2-level)","Not Eligible For Free Or Reduced Price Meals",995,73.3,991,68.8,437,56.1
"Regional School District 16","=""2160012""","Race/Ethnicity","American Indian or Alaska Native","*","*","*","*","N/A","N/A"
"Regional School District 16","=""2160012""","Race/Ethnicity","Asian",15,"*",15,"*","*","*"
"Regional School District 16","=""2160012""","Race/Ethnicity","Black or African American",30,74.2,30,65.9,15,"*"
"Regional School District 16","=""2160012""","Race/Ethnicity","Hispanic or Latino",69,68.9,69,63.6,22,55.5
"Regional School District 16","=""2160012""","Race/Ethnicity","Native Hawaiian or Other Pacific Islander","*","*","*","*","N/A","N/A"
"Regional School District 16","=""2160012""","Race/Ethnicity","Two or More Races","*","*","*","*","*","*"
"Regional School District 16","=""2160012""","Race/Ethnicity","White",1028,72.1,1022,68.0,453,56.1
"Regional School District 16","=""2160012""","Special Education Status (SWD)","Students with Disabilities",146,52.9,145,46.7,52,40.4
"Regional School District 16","=""2160012""","Special Education Status (SWD)","Students without Disabilities",1003,74.8,998,70.7,451,57.6
"Regional School District 17","=""2170012""","All Students","District",1185,75.8,1181,71.1,543,66.3
"Regional School District 17","=""2170012""","English Language Learners (EL)","English Learners",11,"*",11,"*","*","*"
"Regional School District 17","=""2170012""","English Language Learners (EL)","Not English Learners",1174,75.9,1170,71.2,"*","*"
"Regional School District 17","=""2170012""","Gender","Female",561,78.0,560,70.9,256,65.4
"Regional School District 17","=""2170012""","Gender","Male",624,73.7,621,71.3,287,67.1
"Regional School District 17","=""2170012""","Grade","03",153,77.7,153,74.0,"N/A","N/A"
"Regional School District 17","=""2170012""","Grade","04",147,79.4,146,75.0,"N/A","N/A"
"Regional School District 17","=""2170012""","Grade","05",169,78.8,169,76.3,169,66.7
"Regional School District 17","=""2170012""","Grade","06",181,75.6,180,71.1,"N/A","N/A"
"Regional School District 17","=""2170012""","Grade","07",162,79.4,162,74.6,"N/A","N/A"
"Regional School District 17","=""2170012""","Grade","08",210,73.9,208,66.0,210,64.0
"Regional School District 17","=""2170012""","Grade","10","N/A","N/A","N/A","N/A",164,68.8
"Regional School District 17","=""2170012""","Grade","11",163,66.3,163,62.8,"N/A","N/A"
"Regional School District 17","=""2170012""","High Needs (F/R, EL or SWD)","High Needs",283,62.9,281,57.7,115,56.6
"Regional School District 17","=""2170012""","High Needs (F/R, EL or SWD)","Not High Needs",902,79.8,900,75.3,428,68.9
"Regional School District 17","=""2170012""","Free/Reduced Price Meal Eligibility (2-level)","Eligible For Free Or Reduced Price Meals",105,69.0,104,62.6,42,64.2
"Regional School District 17","=""2170012""","Free/Reduced Price Meal Eligibility (2-level)","Not Eligible For Free Or Reduced Price Meals",1080,76.4,1077,71.9,501,66.5
"Regional School District 17","=""2170012""","Race/Ethnicity","Asian",20,83.8,20,81.0,12,"*"
"Regional School District 17","=""2170012""","Race/Ethnicity","Black or African American",12,"*",12,"*",6,"*"
"Regional School District 17","=""2170012""","Race/Ethnicity","Hispanic or Latino",28,70.9,27,64.6,13,"*"
"Regional School District 17","=""2170012""","Race/Ethnicity","Two or More Races",30,70.3,30,68.0,7,"*"
"Regional School District 17","=""2170012""","Race/Ethnicity","White",1095,75.9,1092,71.3,505,66.2
"Regional School District 17","=""2170012""","Special Education Status (SWD)","Students with Disabilities",196,58.0,194,53.4,80,51.5
"Regional School District 17","=""2170012""","Special Education Status (SWD)","Students without Disabilities",989,79.3,987,74.6,463,68.9
"Regional School District 18","=""2180012""","All Students","District",661,78.9,659,77.1,301,64.3
"Regional School District 18","=""2180012""","English Language Learners (EL)","English Learners",15,"*",15,"*","*","*"
"Regional School District 18","=""2180012""","English Language Learners (EL)","Not English Learners",646,79.0,644,77.2,"*","*"
"Regional School District 18","=""2180012""","Gender","Female",341,80.9,341,76.9,158,64.2
"Regional School District 18","=""2180012""","Gender","Male",320,76.6,318,77.4,143,64.5
"Regional School District 18","=""2180012""","Grade","03",77,82.1,77,80.7,"N/A","N/A"
"Regional School District 18","=""2180012""","Grade","04",79,84.9,79,83.1,"N/A","N/A"
"Regional School District 18","=""2180012""","Grade","05",81,87.1,81,85.5,81,64.3
"Regional School District 18","=""2180012""","Grade","06",96,81.9,96,77.8,"N/A","N/A"
"Regional School District 18","=""2180012""","Grade","07",112,75.1,111,74.9,"N/A","N/A"
"Regional School District 18","=""2180012""","Grade","08",104,73.4,103,75.4,105,63.5
"Regional School District 18","=""2180012""","Grade","10","N/A","N/A","N/A","N/A",115,65.1
"Regional School District 18","=""2180012""","Grade","11",112,72.6,112,67.7,"N/A","N/A"
"Regional School District 18","=""2180012""","High Needs (F/R, EL or SWD)","High Needs",128,65.1,127,64.3,50,53.5
"Regional School District 18","=""2180012""","High Needs (F/R, EL or SWD)","Not High Needs",533,82.2,532,80.2,251,66.5
"Regional School District 18","=""2180012""","Free/Reduced Price Meal Eligibility (2-level)","Eligible For Free Or Reduced Price Meals",43,67.1,42,70.1,17,"*"
"Regional School District 18","=""2180012""","Free/Reduced Price Meal Eligibility (2-level)","Not Eligible For Free Or Reduced Price Meals",618,79.7,617,77.6,284,65.2
"Regional School District 18","=""2180012""","Race/Ethnicity","American Indian or Alaska Native","N/A","N/A","N/A","N/A","*","*"
"Regional School District 18","=""2180012""","Race/Ethnicity","Asian",24,83.0,24,82.6,6,"*"
"Regional School District 18","=""2180012""","Race/Ethnicity","Black or African American",7,"*",7,"*","*","*"
"Regional School District 18","=""2180012""","Race/Ethnicity","Hispanic or Latino",32,71.4,32,69.6,17,"*"
"Regional School District 18","=""2180012""","Race/Ethnicity","Two or More Races",11,"*",11,"*","*","*"
"Regional School District 18","=""2180012""","Race/Ethnicity","White",587,79.1,585,77.4,269,64.9
"Regional School District 18","=""2180012""","Special Education Status (SWD)","Students with Disabilities",90,61.1,89,59.4,42,53.3
"Regional School District 18","=""2180012""","Special Education Status (SWD)","Students without Disabilities",571,81.6,570,79.9,259,66.1
"Regional School District 19","=""2190012""","All Students","District",299,66.2,299,66.2,288,61.6
"Regional School District 19","=""2190012""","English Language Learners (EL)","English Learners",6,"*",6,"*",8,"*"
"Regional School District 19","=""2190012""","English Language Learners (EL)","Not English Learners",293,66.2,293,66.1,280,62.3
"Regional School District 19","=""2190012""","Gender","Female",165,69.2,165,66.4,146,62.2
"Regional School District 19","=""2190012""","Gender","Male",134,62.4,134,65.9,142,61.1
"Regional School District 19","=""2190012""","Grade","10","N/A","N/A","N/A","N/A",288,61.6
"Regional School District 19","=""2190012""","Grade","11",299,66.2,299,66.2,"N/A","N/A"
"Regional School District 19","=""2190012""","High Needs (F/R, EL or SWD)","High Needs",85,55.2,85,56.1,93,50.4
"Regional School District 19","=""2190012""","High Needs (F/R, EL or SWD)","Not High Needs",214,70.5,214,70.2,195,67.0
"Regional School District 19","=""2190012""","Free/Reduced Price Meal Eligibility (2-level)","Eligible For Free Or Reduced Price Meals",51,56.4,51,59.5,60,52.6
"Regional School District 19","=""2190012""","Free/Reduced Price Meal Eligibility (2-level)","Not Eligible For Free Or Reduced Price Meals",248,68.2,248,67.6,228,64.0
"Regional School District 19","=""2190012""","Race/Ethnicity","American Indian or Alaska Native","N/A","N/A","N/A","N/A","*","*"
"Regional School District 19","=""2190012""","Race/Ethnicity","Asian",12,"*",12,"*",12,"*"
"Regional School District 19","=""2190012""","Race/Ethnicity","Black or African American","*","*","*","*",11,"*"
"Regional School District 19","=""2190012""","Race/Ethnicity","Hispanic or Latino",31,60.7,31,64.3,22,50.3
"Regional School District 19","=""2190012""","Race/Ethnicity","Native Hawaiian or Other Pacific Islander","*","*","*","*","N/A","N/A"
"Regional School District 19","=""2190012""","Race/Ethnicity","Two or More Races",9,"*",9,"*","*","*"
"Regional School District 19","=""2190012""","Race/Ethnicity","White",243,66.2,243,65.3,234,62.6
"Regional School District 19","=""2190012""","Special Education Status (SWD)","Students with Disabilities",46,48.4,46,49.5,41,45.8
"Regional School District 19","=""2190012""","Special Education Status (SWD)","Students without Disabilities",253,69.4,253,69.2,247,64.3
"Capitol Region Education Council","=""2410014""","All Students","District",3922,63.1,3903,56.4,1608,50.9
"Capitol Region Education Council","=""2410014""","English Language Learners (EL)","English Learners",357,51.3,355,47.2,103,41.9
"Capitol Region Education Council","=""2410014""","English Language Learners (EL)","Not English Learners",3565,64.3,3548,57.3,1505,51.5
"Capitol Region Education Council","=""2410014""","Gender","Female",1876,65.6,1870,56.9,765,50.4
"Capitol Region Education Council","=""2410014""","Gender","Male",2046,60.8,2033,55.9,843,51.4
"Capitol Region Education Council","=""2410014""","Grade","03",552,66.5,552,61.1,"N/A","N/A"
"Capitol Region Education Council","=""2410014""","Grade","04",458,70.4,458,66.2,"N/A","N/A"
"Capitol Region Education Council","=""2410014""","Grade","05",353,67.8,353,67.4,354,55.2
"Capitol Region Education Council","=""2410014""","Grade","06",653,62.5,649,54.6,"N/A","N/A"
"Capitol Region Education Council","=""2410014""","Grade","07",660,63.1,654,51.5,"N/A","N/A"
"Capitol Region Education Council","=""2410014""","Grade","08",680,60.7,671,53.3,679,50.7
"Capitol Region Education Council","=""2410014""","Grade","10","N/A","N/A","N/A","N/A",575,48.5
"Capitol Region Education Council","=""2410014""","Grade","11",566,54.5,566,48.4,"N/A","N/A"
"Capitol Region Education Council","=""2410014""","High Needs (F/R, EL or SWD)","High Needs",2355,56.1,2341,49.6,922,44.2
"Capitol Region Education Council","=""2410014""","High Needs (F/R, EL or SWD)","Not High Needs",1567,73.6,1562,66.6,686,59.9
"Capitol Region Education Council","=""2410014""","Free/Reduced Price Meal Eligibility (2-level)","Eligible For Free Or Reduced Price Meals",2002,57.0,1990,49.8,765,44.9
"Capitol Region Education Council","=""2410014""","Free/Reduced Price Meal Eligibility (2-level)","Not Eligible For Free Or Reduced Price Meals",1920,69.4,1913,63.2,843,56.4
"Capitol Region Education Council","=""2410014""","Race/Ethnicity","American Indian or Alaska Native",6,"*",6,"*","*","*"
"Capitol Region Education Council","=""2410014""","Race/Ethnicity","Asian",210,79.4,210,76.6,75,66.8
"Capitol Region Education Council","=""2410014""","Race/Ethnicity","Black or African American",1194,58.0,1187,49.9,466,45.6
"Capitol Region Education Council","=""2410014""","Race/Ethnicity","Hispanic or Latino",1372,58.1,1364,51.8,573,45.6
"Capitol Region Education Council","=""2410014""","Race/Ethnicity","Native Hawaiian or Other Pacific Islander",6,"*",6,"*","*","*"
"Capitol Region Education Council","=""2410014""","Race/Ethnicity","Two or More Races",171,68.2,171,58.0,72,51.7
"Capitol Region Education Council","=""2410014""","Race/Ethnicity","White",963,72.1,959,66.3,412,61.2
"Capitol Region Education Council","=""2410014""","Special Education Status (SWD)","Students with Disabilities",715,43.8,709,39.8,291,35.9
"Capitol Region Education Council","=""2410014""","Special Education Status (SWD)","Students without Disabilities",3207,67.4,3194,60.1,1317,54.2
"EdAdvance","=""2420014""","All Students","District","*","*","*","*","*","*"
"EdAdvance","=""2420014""","English Language Learners (EL)","Not English Learners","*","*","*","*","*","*"
"EdAdvance","=""2420014""","Gender","Female","N/A","N/A","N/A","N/A","N/A","N/A"
"EdAdvance","=""2420014""","Gender","Male","*","*","*","*","*","*"
"EdAdvance","=""2420014""","Grade","03","*","*","*","*","N/A","N/A"
"EdAdvance","=""2420014""","Grade","04","N/A","N/A","N/A","N/A","N/A","N/A"
"EdAdvance","=""2420014""","Grade","05","N/A","N/A","*","*","*","*"
"EdAdvance","=""2420014""","Grade","06","*","*","*","*","N/A","N/A"
"EdAdvance","=""2420014""","Grade","07","N/A","N/A","N/A","N/A","N/A","N/A"
"EdAdvance","=""2420014""","Grade","08","N/A","N/A","N/A","N/A","N/A","N/A"
"EdAdvance","=""2420014""","Grade","10","N/A","N/A","N/A","N/A","N/A","N/A"
"EdAdvance","=""2420014""","Grade","11","N/A","N/A","N/A","N/A","N/A","N/A"
"EdAdvance","=""2420014""","High Needs (F/R, EL or SWD)","High Needs","*","*","*","*","*","*"
"EdAdvance","=""2420014""","Free/Reduced Price Meal Eligibility (2-level)","Eligible For Free Or Reduced Price Meals","*","*","*","*","N/A","N/A"
"EdAdvance","=""2420014""","Free/Reduced Price Meal Eligibility (2-level)","Not Eligible For Free Or Reduced Price Meals","N/A","N/A","*","*","*","*"
"EdAdvance","=""2420014""","Race/Ethnicity","Black or African American","*","*","*","*","N/A","N/A"
"EdAdvance","=""2420014""","Race/Ethnicity","Hispanic or Latino","N/A","N/A","N/A","N/A","N/A","N/A"
"EdAdvance","=""2420014""","Race/Ethnicity","White","*","*","*","*","*","*"
"EdAdvance","=""2420014""","Special Education Status (SWD)","Students with Disabilities","*","*","*","*","*","*"
"Cooperative Educational Services","=""2430014""","All Students","District",366,58.3,366,53.2,151,44.4
"Cooperative Educational Services","=""2430014""","English Language Learners (EL)","English Learners",9,"*",9,"*","*","*"
"Cooperative Educational Services","=""2430014""","English Language Learners (EL)","Not English Learners",357,58.4,357,53.5,"*","*"
"Cooperative Educational Services","=""2430014""","Gender","Female",149,64.2,149,56.3,52,49.6
"Cooperative Educational Services","=""2430014""","Gender","Male",217,54.2,217,51.0,99,41.6
"Cooperative Educational Services","=""2430014""","Grade","03",48,61.0,48,50.4,"N/A","N/A"
"Cooperative Educational Services","=""2430014""","Grade","04",59,61.0,59,57.1,"N/A","N/A"
"Cooperative Educational Services","=""2430014""","Grade","05",69,60.7,69,60.6,72,50.1
"Cooperative Educational Services","=""2430014""","Grade","06",56,59.3,56,54.1,"N/A","N/A"
"Cooperative Educational Services","=""2430014""","Grade","07",67,61.7,67,51.3,"N/A","N/A"
"Cooperative Educational Services","=""2430014""","Grade","08",48,50.2,48,46.9,51,44.1
"Cooperative Educational Services","=""2430014""","Grade","10","N/A","N/A","N/A","N/A",28,30.1
"Cooperative Educational Services","=""2430014""","Grade","11",19,"*",19,"*","N/A","N/A"
"Cooperative Educational Services","=""2430014""","High Needs (F/R, EL or SWD)","High Needs",215,49.8,215,44.3,102,37.7
"Cooperative Educational Services","=""2430014""","High Needs (F/R, EL or SWD)","Not High Needs",151,70.3,151,65.7,49,58.1
"Cooperative Educational Services","=""2430014""","Free/Reduced Price Meal Eligibility (2-level)","Eligible For Free Or Reduced Price Meals",130,52.8,130,48.5,61,42.4
"Cooperative Educational Services","=""2430014""","Free/Reduced Price Meal Eligibility (2-level)","Not Eligible For Free Or Reduced Price Meals",236,61.3,236,55.7,90,45.7
"Cooperative Educational Services","=""2430014""","Race/Ethnicity","Asian",17,"*",17,"*","*","*"
"Cooperative Educational Services","=""2430014""","Race/Ethnicity","Black or African American",106,56.5,106,50.2,34,43.9
"Cooperative Educational Services","=""2430014""","Race/Ethnicity","Hispanic or Latino",138,58.0,138,55.6,59,47.1
"Cooperative Educational Services","=""2430014""","Race/Ethnicity","Two or More Races",12,"*",12,"*","*","*"
"Cooperative Educational Services","=""2430014""","Race/Ethnicity","White",93,59.7,93,51.7,47,43.2
"Cooperative Educational Services","=""2430014""","Special Education Status (SWD)","Students with Disabilities",148,41.9,148,35.1,73,30.6
"Cooperative Educational Services","=""2430014""","Special Education Status (SWD)","Students without Disabilities",218,69.4,218,65.5,78,57.2
"Area Cooperative Educational Services","=""2440014""","All Students","District",1379,57.9,1376,49.9,486,44.6
"Area Cooperative Educational Services","=""2440014""","English Language Learners (EL)","English Learners",108,49.4,108,45.4,35,38.0
"Area Cooperative Educational Services","=""2440014""","English Language Learners (EL)","Not English Learners",1271,58.7,1268,50.3,451,45.1
"Area Cooperative Educational Services","=""2440014""","Gender","Female",621,62.5,620,52.4,218,47.4
"Area Cooperative Educational Services","=""2440014""","Gender","Male",758,54.2,756,47.9,268,42.3
"Area Cooperative Educational Services","=""2440014""","Grade","03",93,57.2,93,46.7,"N/A","N/A"
"Area Cooperative Educational Services","=""2440014""","Grade","04",104,55.0,104,42.6,"N/A","N/A"
"Area Cooperative Educational Services","=""2440014""","Grade","05",115,52.2,114,43.6,115,41.9
"Area Cooperative Educational Services","=""2440014""","Grade","06",342,59.8,341,52.1,"N/A","N/A"
"Area Cooperative Educational Services","=""2440014""","Grade","07",355,60.9,355,51.9,"N/A","N/A"
"Area Cooperative Educational Services","=""2440014""","Grade","08",331,58.2,331,52.5,331,48.2
"Area Cooperative Educational Services","=""2440014""","Grade","10","N/A","N/A","N/A","N/A",40,22.4
"Area Cooperative Educational Services","=""2440014""","Grade","11",39,39.8,38,34.5,"N/A","N/A"
"Area Cooperative Educational Services","=""2440014""","High Needs (F/R, EL or SWD)","High Needs",950,52.1,947,44.5,345,39.7
"Area Cooperative Educational Services","=""2440014""","High Needs (F/R, EL or SWD)","Not High Needs",429,70.9,429,61.8,141,56.5
"Area Cooperative Educational Services","=""2440014""","Free/Reduced Price Meal Eligibility (2-level)","Eligible For Free Or Reduced Price Meals",874,52.5,871,45.2,318,40.4
"Area Cooperative Educational Services","=""2440014""","Free/Reduced Price Meal Eligibility (2-level)","Not Eligible For Free Or Reduced Price Meals",505,67.4,505,58.0,168,52.6
"Area Cooperative Educational Services","=""2440014""","Race/Ethnicity","American Indian or Alaska Native","*","*","*","*","*","*"
"Area Cooperative Educational Services","=""2440014""","Race/Ethnicity","Asian",55,69.4,55,62.2,11,"*"
"Area Cooperative Educational Services","=""2440014""","Race/Ethnicity","Black or African American",382,53.9,381,43.2,139,37.2
"Area Cooperative Educational Services","=""2440014""","Race/Ethnicity","Hispanic or Latino",489,55.7,488,48.4,174,44.9
"Area Cooperative Educational Services","=""2440014""","Race/Ethnicity","Native Hawaiian or Other Pacific Islander","*","*","*","*","*","*"
"Area Cooperative Educational Services","=""2440014""","Race/Ethnicity","Two or More Races",60,59.9,60,49.9,21,45.3
"Area Cooperative Educational Services","=""2440014""","Race/Ethnicity","White",386,62.8,385,56.3,138,51.0
"Area Cooperative Educational Services","=""2440014""","Special Education Status (SWD)","Students with Disabilities",379,39.8,376,31.4,156,28.9
"Area Cooperative Educational Services","=""2440014""","Special Education Status (SWD)","Students without Disabilities",1000,64.8,1000,56.9,330,52.0
"Learn","=""2450014""","All Students","District",683,61.3,681,53.8,325,51.8
"Learn","=""2450014""","English Language Learners (EL)","English Learners",123,54.9,123,48.7,34,41.2
"Learn","=""2450014""","English Language Learners (EL)","Not English Learners",560,62.8,558,54.9,291,53.1
"Learn","=""2450014""","Gender","Female",354,63.6,353,54.6,169,51.8
"Learn","=""2450014""","Gender","Male",329,58.9,328,52.9,156,51.8
"Learn","=""2450014""","Grade","03",159,63.2,159,53.6,"N/A","N/A"
"Learn","=""2450014""","Grade","04",98,66.1,97,61.6,"N/A","N/A"
"Learn","=""2450014""","Grade","05",83,64.6,83,59.3,85,51.5
"Learn","=""2450014""","Grade","06",52,67.4,52,54.5,"N/A","N/A"
"Learn","=""2450014""","Grade","07",49,60.6,49,52.8,"N/A","N/A"
"Learn","=""2450014""","Grade","08",50,60.1,49,48.1,50,51.1
"Learn","=""2450014""","Grade","10","N/A","N/A","N/A","N/A",190,52.2
"Learn","=""2450014""","Grade","11",192,54.8,192,49.2,"N/A","N/A"
"Learn","=""2450014""","High Needs (F/R, EL or SWD)","High Needs",421,55.3,419,47.4,175,43.0
"Learn","=""2450014""","High Needs (F/R, EL or SWD)","Not High Needs",262,71.0,262,64.0,150,62.1
"Learn","=""2450014""","Free/Reduced Price Meal Eligibility (2-level)","Eligible For Free Or Reduced Price Meals",361,55.8,360,47.8,148,43.2
"Learn","=""2450014""","Free/Reduced Price Meal Eligibility (2-level)","Not Eligible For Free Or Reduced Price Meals",322,67.5,321,60.5,177,59.0
"Learn","=""2450014""","Race/Ethnicity","American Indian or Alaska Native","*","*","*","*","N/A","N/A"
"Learn","=""2450014""","Race/Ethnicity","Asian",17,"*",17,"*","*","*"
"Learn","=""2450014""","Race/Ethnicity","Black or African American",103,51.3,103,42.5,46,36.7
"Learn","=""2450014""","Race/Ethnicity","Hispanic or Latino",267,56.9,266,48.6,118,42.8
"Learn","=""2450014""","Race/Ethnicity","Native Hawaiian or Other Pacific Islander","*","*","*","*","*","*"
"Learn","=""2450014""","Race/Ethnicity","Two or More Races",65,60.5,64,57.2,28,50.4
"Learn","=""2450014""","Race/Ethnicity","White",225,70.3,225,62.9,124,67.4
"Learn","=""2450014""","Special Education Status (SWD)","Students with Disabilities",109,41.4,107,34.3,55,36.6
"Learn","=""2450014""","Special Education Status (SWD)","Students without Disabilities",574,65.1,574,57.5,270,54.9
"Eastern Connecticut Regional Educational Service Center (EASTCONN)","=""2530014""","All Students","District",120,42.3,120,34.1,93,42.5
"Eastern Connecticut Regional Educational Service Center (EASTCONN)","=""2530014""","English Language Learners (EL)","English Learners",7,"*",7,"*","*","*"
"Eastern Connecticut Regional Educational Service Center (EASTCONN)","=""2530014""","English Language Learners (EL)","Not English Learners",113,42.9,113,34.7,"*","*"
"Eastern Connecticut Regional Educational Service Center (EASTCONN)","=""2530014""","Gender","Female",45,45.8,45,37.6,43,42.5
"Eastern Connecticut Regional Educational Service Center (EASTCONN)","=""2530014""","Gender","Male",75,40.1,75,32.1,50,42.5
"Eastern Connecticut Regional Educational Service Center (EASTCONN)","=""2530014""","Grade","03","*","*","*","*","N/A","N/A"
"Eastern Connecticut Regional Educational Service Center (EASTCONN)","=""2530014""","Grade","04",6,"*",6,"*","N/A","N/A"
"Eastern Connecticut Regional Educational Service Center (EASTCONN)","=""2530014""","Grade","05",13,"*",13,"*",13,"*"
"Eastern Connecticut Regional Educational Service Center (EASTCONN)","=""2530014""","Grade","06","*","*","*","*","N/A","N/A"
"Eastern Connecticut Regional Educational Service Center (EASTCONN)","=""2530014""","Grade","07",13,"*",13,"*","N/A","N/A"
"Eastern Connecticut Regional Educational Service Center (EASTCONN)","=""2530014""","Grade","08",11,"*",11,"*",11,"*"
"Eastern Connecticut Regional Educational Service Center (EASTCONN)","=""2530014""","Grade","10","N/A","N/A","N/A","N/A",69,45.9
"Eastern Connecticut Regional Educational Service Center (EASTCONN)","=""2530014""","Grade","11",69,50.2,69,41.8,"N/A","N/A"
"Eastern Connecticut Regional Educational Service Center (EASTCONN)","=""2530014""","High Needs (F/R, EL or SWD)","High Needs",87,37.3,87,29.7,63,35.6
"Eastern Connecticut Regional Educational Service Center (EASTCONN)","=""2530014""","High Needs (F/R, EL or SWD)","Not High Needs",33,55.4,33,45.9,30,56.9
"Eastern Connecticut Regional Educational Service Center (EASTCONN)","=""2530014""","Free/Reduced Price Meal Eligibility (2-level)","Eligible For Free Or Reduced Price Meals",57,36.6,57,31.9,44,36.5
"Eastern Connecticut Regional Educational Service Center (EASTCONN)","=""2530014""","Free/Reduced Price Meal Eligibility (2-level)","Not Eligible For Free Or Reduced Price Meals",63,47.4,63,36.2,49,47.9
"Eastern Connecticut Regional Educational Service Center (EASTCONN)","=""2530014""","Race/Ethnicity","American Indian or Alaska Native","*","*","*","*","*","*"
"Eastern Connecticut Regional Educational Service Center (EASTCONN)","=""2530014""","Race/Ethnicity","Black or African American","*","*","*","*",6,"*"
"Eastern Connecticut Regional Educational Service Center (EASTCONN)","=""2530014""","Race/Ethnicity","Hispanic or Latino",24,42.2,24,33.6,18,"*"
"Eastern Connecticut Regional Educational Service Center (EASTCONN)","=""2530014""","Race/Ethnicity","Two or More Races",7,"*",7,"*","*","*"
"Eastern Connecticut Regional Educational Service Center (EASTCONN)","=""2530014""","Race/Ethnicity","White",83,42.1,83,33.5,62,42.2
"Eastern Connecticut Regional Educational Service Center (EASTCONN)","=""2530014""","Special Education Status (SWD)","Students with Disabilities",65,33.3,65,25.4,43,31.8
"Eastern Connecticut Regional Educational Service Center (EASTCONN)","=""2530014""","Special Education Status (SWD)","Students without Disabilities",55,52.9,55,44.5,50,51.7
"Jumoke Academy District","=""2610013""","All Students","District",418,59.4,415,52.5,164,46.2
"Jumoke Academy District","=""2610013""","English Language Learners (EL)","English Learners",9,"*",9,"*","*","*"
"Jumoke Academy District","=""2610013""","English Language Learners (EL)","Not English Learners",409,59.3,406,52.4,"*","*"
"Jumoke Academy District","=""2610013""","Gender","Female",220,62.6,220,53.4,78,47.2
"Jumoke Academy District","=""2610013""","Gender","Male",198,55.7,195,51.5,86,45.3
"Jumoke Academy District","=""2610013""","Grade","03",70,63.5,67,56.9,"N/A","N/A"
"Jumoke Academy District","=""2610013""","Grade","04",70,63.4,70,60.4,"N/A","N/A"
"Jumoke Academy District","=""2610013""","Grade","05",75,55.8,75,52.4,75,45.9
"Jumoke Academy District","=""2610013""","Grade","06",69,60.1,69,51.1,"N/A","N/A"
"Jumoke Academy District","=""2610013""","Grade","07",50,63.7,50,49.9,"N/A","N/A"
"Jumoke Academy District","=""2610013""","Grade","08",73,52.9,73,44.3,73,47.0
"Jumoke Academy District","=""2610013""","Grade","10","N/A","N/A","N/A","N/A",16,"*"
"Jumoke Academy District","=""2610013""","Grade","11",11,"*",11,"*","N/A","N/A"
"Jumoke Academy District","=""2610013""","High Needs (F/R, EL or SWD)","High Needs",215,56.1,212,48.7,76,43.3
"Jumoke Academy District","=""2610013""","High Needs (F/R, EL or SWD)","Not High Needs",203,62.8,203,56.4,88,48.8
"Jumoke Academy District","=""2610013""","Free/Reduced Price Meal Eligibility (2-level)","Eligible For Free Or Reduced Price Meals",193,57.3,190,49.8,64,45.8
"Jumoke Academy District","=""2610013""","Free/Reduced Price Meal Eligibility (2-level)","Not Eligible For Free Or Reduced Price Meals",225,61.1,225,54.7,100,46.5
"Jumoke Academy District","=""2610013""","Race/Ethnicity","Asian","*","*","*","*","*","*"
"Jumoke Academy District","=""2610013""","Race/Ethnicity","Black or African American",394,59.2,391,52.1,157,46.2
"Jumoke Academy District","=""2610013""","Race/Ethnicity","Hispanic or Latino",19,"*",19,"*","*","*"
"Jumoke Academy District","=""2610013""","Race/Ethnicity","Two or More Races","*","*","*","*","*","*"
"Jumoke Academy District","=""2610013""","Special Education Status (SWD)","Students with Disabilities",35,39.1,35,31.4,20,30.7
"Jumoke Academy District","=""2610013""","Special Education Status (SWD)","Students without Disabilities",383,61.2,380,54.4,144,48.4
"Odyssey Community School District","=""2630013""","All Students","District",214,66.3,214,61.1,69,53.7
"Odyssey Community School District","=""2630013""","English Language Learners (EL)","English Learners",11,"*",11,"*","*","*"
"Odyssey Community School District","=""2630013""","English Language Learners (EL)","Not English Learners",203,66.8,203,61.3,"*","*"
"Odyssey Community School District","=""2630013""","Gender","Female",105,68.1,105,62.4,30,55.4
"Odyssey Community School District","=""2630013""","Gender","Male",109,64.6,109,59.9,39,52.4
"Odyssey Community School District","=""2630013""","Grade","03",35,66.9,35,62.6,"N/A","N/A"
"Odyssey Community School District","=""2630013""","Grade","04",37,72.3,37,69.1,"N/A","N/A"
"Odyssey Community School District","=""2630013""","Grade","05",37,61.3,37,59.3,37,48.2
"Odyssey Community School District","=""2630013""","Grade","06",37,66.9,37,60.2,"N/A","N/A"
"Odyssey Community School District","=""2630013""","Grade","07",36,65.8,36,58.8,"N/A","N/A"
"Odyssey Community School District","=""2630013""","Grade","08",32,64.6,32,56.2,32,60.0
"Odyssey Community School District","=""2630013""","High Needs (F/R, EL or SWD)","High Needs",78,59.1,78,53.3,30,49.2
"Odyssey Community School District","=""2630013""","High Needs (F/R, EL or SWD)","Not High Needs",136,70.5,136,65.6,39,57.2
"Odyssey Community School District","=""2630013""","Free/Reduced Price Meal Eligibility (2-level)","Eligible For Free Or Reduced Price Meals",63,60.9,63,54.6,26,49.7
"Odyssey Community School District","=""2630013""","Free/Reduced Price Meal Eligibility (2-level)","Not Eligible For Free Or Reduced Price Meals",151,68.6,151,63.9,43,56.1
"Odyssey Community School District","=""2630013""","Race/Ethnicity","Asian",18,"*",18,"*",6,"*"
"Odyssey Community School District","=""2630013""","Race/Ethnicity","Black or African American",42,60.9,42,56.0,14,"*"
"Odyssey Community School District","=""2630013""","Race/Ethnicity","Hispanic or Latino",36,66.5,36,59.7,16,"*"
"Odyssey Community School District","=""2630013""","Race/Ethnicity","Two or More Races",15,"*",15,"*",6,"*"
"Odyssey Community School District","=""2630013""","Race/Ethnicity","White",103,67.4,103,62.3,27,55.6
"Odyssey Community School District","=""2630013""","Special Education Status (SWD)","Students with Disabilities",14,"*",14,"*",6,"*"
"Odyssey Community School District","=""2630013""","Special Education Status (SWD)","Students without Disabilities",200,67.8,200,62.7,63,54.1
"Integrated Day Charter School District","=""2640013""","All Students","District",193,68.2,188,60.2,66,52.1
"Integrated Day Charter School District","=""2640013""","English Language Learners (EL)","English Learners",27,63.6,26,57.9,"*","*"
"Integrated Day Charter School District","=""2640013""","English Language Learners (EL)","Not English Learners",166,69.0,162,60.6,"*","*"
"Integrated Day Charter School District","=""2640013""","Gender","Female",95,69.2,94,60.0,32,50.1
"Integrated Day Charter School District","=""2640013""","Gender","Male",98,67.3,94,60.4,34,53.9
"Integrated Day Charter School District","=""2640013""","Grade","03",33,71.9,32,65.9,"N/A","N/A"
"Integrated Day Charter School District","=""2640013""","Grade","04",30,65.9,29,58.0,"N/A","N/A"
"Integrated Day Charter School District","=""2640013""","Grade","05",35,66.0,35,58.6,35,50.3
"Integrated Day Charter School District","=""2640013""","Grade","06",31,65.3,28,64.0,"N/A","N/A"
"Integrated Day Charter School District","=""2640013""","Grade","07",33,72.4,33,60.4,"N/A","N/A"
"Integrated Day Charter School District","=""2640013""","Grade","08",31,67.7,31,54.6,31,54.1
"Integrated Day Charter School District","=""2640013""","High Needs (F/R, EL or SWD)","High Needs",89,64.8,87,57.3,30,49.5
"Integrated Day Charter School District","=""2640013""","High Needs (F/R, EL or SWD)","Not High Needs",104,71.2,101,62.7,36,54.2
"Integrated Day Charter School District","=""2640013""","Free/Reduced Price Meal Eligibility (2-level)","Eligible For Free Or Reduced Price Meals",68,66.9,68,58.1,22,50.3
"Integrated Day Charter School District","=""2640013""","Free/Reduced Price Meal Eligibility (2-level)","Not Eligible For Free Or Reduced Price Meals",125,69.0,120,61.4,44,53.0
"Integrated Day Charter School District","=""2640013""","Race/Ethnicity","American Indian or Alaska Native","*","*","*","*","*","*"
"Integrated Day Charter School District","=""2640013""","Race/Ethnicity","Asian",23,74.2,22,70.8,10,"*"
"Integrated Day Charter School District","=""2640013""","Race/Ethnicity","Black or African American","*","*","*","*","*","*"
"Integrated Day Charter School District","=""2640013""","Race/Ethnicity","Hispanic or Latino",22,66.4,22,58.0,8,"*"
"Integrated Day Charter School District","=""2640013""","Race/Ethnicity","Two or More Races",21,64.6,20,55.5,7,"*"
"Integrated Day Charter School District","=""2640013""","Race/Ethnicity","White",108,69.0,105,60.9,35,51.2
"Integrated Day Charter School District","=""2640013""","Special Education Status (SWD)","Students with Disabilities",13,"*",12,"*",6,"*"
"Integrated Day Charter School District","=""2640013""","Special Education Status (SWD)","Students without Disabilities",180,69.6,176,61.4,60,52.8
"Interdistrict School for Arts and Comm District","=""2650013""","All Students","District",259,57.4,259,46.4,89,44.5
"Interdistrict School for Arts and Comm District","=""2650013""","English Language Learners (EL)","English Learners",49,44.8,49,38.1,18,"*"
"Interdistrict School for Arts and Comm District","=""2650013""","English Language Learners (EL)","Not English Learners",210,60.3,210,48.4,71,46.5
"Interdistrict School for Arts and Comm District","=""2650013""","Gender","Female",135,59.5,135,46.4,46,41.7
"Interdistrict School for Arts and Comm District","=""2650013""","Gender","Male",124,55.1,124,46.4,43,47.5
"Interdistrict School for Arts and Comm District","=""2650013""","Grade","06",84,61.7,84,48.6,"N/A","N/A"
"Interdistrict School for Arts and Comm District","=""2650013""","Grade","07",87,57.3,87,45.8,"N/A","N/A"
"Interdistrict School for Arts and Comm District","=""2650013""","Grade","08",88,53.4,88,45.0,89,44.5
"Interdistrict School for Arts and Comm District","=""2650013""","High Needs (F/R, EL or SWD)","High Needs",202,55.5,202,44.6,69,42.8
"Interdistrict School for Arts and Comm District","=""2650013""","High Needs (F/R, EL or SWD)","Not High Needs",57,64.0,57,52.7,20,50.5
"Interdistrict School for Arts and Comm District","=""2650013""","Free/Reduced Price Meal Eligibility (2-level)","Eligible For Free Or Reduced Price Meals",187,55.4,187,45.0,67,43.0
"Interdistrict School for Arts and Comm District","=""2650013""","Free/Reduced Price Meal Eligibility (2-level)","Not Eligible For Free Or Reduced Price Meals",72,62.5,72,50.2,22,49.1
"Interdistrict School for Arts and Comm District","=""2650013""","Race/Ethnicity","American Indian or Alaska Native","*","*","*","*","*","*"
"Interdistrict School for Arts and Comm District","=""2650013""","Race/Ethnicity","Asian","*","*","*","*","N/A","N/A"
"Interdistrict School for Arts and Comm District","=""2650013""","Race/Ethnicity","Black or African American",61,55.5,61,45.9,19,"*"
"Interdistrict School for Arts and Comm District","=""2650013""","Race/Ethnicity","Hispanic or Latino",128,53.2,128,42.7,46,40.8
"Interdistrict School for Arts and Comm District","=""2650013""","Race/Ethnicity","Native Hawaiian or Other Pacific Islander","*","*","*","*","*","*"
"Interdistrict School for Arts and Comm District","=""2650013""","Race/Ethnicity","Two or More Races",15,"*",15,"*",8,"*"
"Interdistrict School for Arts and Comm District","=""2650013""","Race/Ethnicity","White",48,68.9,48,56.5,13,"*"
"Interdistrict School for Arts and Comm District","=""2650013""","Special Education Status (SWD)","Students with Disabilities",34,48.1,34,35.6,"*","*"
"Interdistrict School for Arts and Comm District","=""2650013""","Special Education Status (SWD)","Students without Disabilities",225,58.8,225,48.1,"*","*"
"Common Ground High School District","=""2680013""","All Students","District",43,57.5,43,48.0,51,45.9
"Common Ground High School District","=""2680013""","English Language Learners (EL)","English Learners","*","*","*","*",7,"*"
"Common Ground High School District","=""2680013""","English Language Learners (EL)","Not English Learners","*","*","*","*",44,48.7
"Common Ground High School District","=""2680013""","Gender","Female",16,"*",16,"*",24,44.6
"Common Ground High School District","=""2680013""","Gender","Male",27,52.7,27,45.2,27,47.1
"Common Ground High School District","=""2680013""","Grade","10","N/A","N/A","N/A","N/A",51,45.9
"Common Ground High School District","=""2680013""","Grade","11",43,57.5,43,48.0,"N/A","N/A"
"Common Ground High School District","=""2680013""","High Needs (F/R, EL or SWD)","High Needs",23,50.4,23,39.7,31,40.3
"Common Ground High School District","=""2680013""","High Needs (F/R, EL or SWD)","Not High Needs",20,65.6,20,57.5,20,54.6
"Common Ground High School District","=""2680013""","Free/Reduced Price Meal Eligibility (2-level)","Eligible For Free Or Reduced Price Meals",19,"*",19,"*",25,37.9
"Common Ground High School District","=""2680013""","Free/Reduced Price Meal Eligibility (2-level)","Not Eligible For Free Or Reduced Price Meals",24,64.6,24,55.3,26,53.7
"Common Ground High School District","=""2680013""","Race/Ethnicity","Asian","N/A","N/A","N/A","N/A","*","*"
"Common Ground High School District","=""2680013""","Race/Ethnicity","Black or African American",15,"*",15,"*",20,45.0
"Common Ground High School District","=""2680013""","Race/Ethnicity","Hispanic or Latino","*","*","*","*",13,"*"
"Common Ground High School District","=""2680013""","Race/Ethnicity","Two or More Races","*","*","*","*","*","*"
"Common Ground High School District","=""2680013""","Race/Ethnicity","White",16,"*",16,"*",14,"*"
"Common Ground High School District","=""2680013""","Special Education Status (SWD)","Students with Disabilities",6,"*",6,"*",9,"*"
"Common Ground High School District","=""2680013""","Special Education Status (SWD)","Students without Disabilities",37,58.5,37,50.0,42,45.4
"The Bridge Academy District","=""2690013""","All Students","District",128,50.7,127,47.2,88,39.4
"The Bridge Academy District","=""2690013""","English Language Learners (EL)","English Learners",8,"*",8,"*",8,"*"
"The Bridge Academy District","=""2690013""","English Language Learners (EL)","Not English Learners",120,51.4,119,47.1,80,39.5
"The Bridge Academy District","=""2690013""","Gender","Female",67,52.7,66,46.6,44,38.3
"The Bridge Academy District","=""2690013""","Gender","Male",61,48.5,61,47.8,44,40.6
"The Bridge Academy District","=""2690013""","Grade","07",47,58.3,47,49.4,"N/A","N/A"
"The Bridge Academy District","=""2690013""","Grade","08",43,47.7,42,46.5,42,38.8
"The Bridge Academy District","=""2690013""","Grade","10","N/A","N/A","N/A","N/A",46,40.0
"The Bridge Academy District","=""2690013""","Grade","11",38,44.6,38,45.0,"N/A","N/A"
"The Bridge Academy District","=""2690013""","High Needs (F/R, EL or SWD)","High Needs",108,49.4,107,47.0,78,39.2
"The Bridge Academy District","=""2690013""","High Needs (F/R, EL or SWD)","Not High Needs",20,57.5,20,48.1,10,"*"
"The Bridge Academy District","=""2690013""","Free/Reduced Price Meal Eligibility (2-level)","Eligible For Free Or Reduced Price Meals",106,49.6,105,47.4,74,39.2
"The Bridge Academy District","=""2690013""","Free/Reduced Price Meal Eligibility (2-level)","Not Eligible For Free Or Reduced Price Meals",22,56.0,22,46.0,14,"*"
"The Bridge Academy District","=""2690013""","Race/Ethnicity","American Indian or Alaska Native","*","*","*","*","*","*"
"The Bridge Academy District","=""2690013""","Race/Ethnicity","Asian","*","*","*","*","*","*"
"The Bridge Academy District","=""2690013""","Race/Ethnicity","Black or African American",67,49.5,67,43.8,49,39.2
"The Bridge Academy District","=""2690013""","Race/Ethnicity","Hispanic or Latino",53,52.7,52,51.0,33,40.0
"The Bridge Academy District","=""2690013""","Race/Ethnicity","Two or More Races","N/A","N/A","N/A","N/A","*","*"
"The Bridge Academy District","=""2690013""","Race/Ethnicity","White","*","*","*","*","*","*"
"The Bridge Academy District","=""2690013""","Special Education Status (SWD)","Students with Disabilities",16,"*",16,"*",16,"*"
"The Bridge Academy District","=""2690013""","Special Education Status (SWD)","Students without Disabilities",112,53.2,111,49.9,72,40.7
"Side By Side Charter School District","=""2700013""","All Students","District",128,69.2,128,69.3,40,51.9
"Side By Side Charter School District","=""2700013""","English Language Learners (EL)","English Learners",18,"*",18,"*","*","*"
"Side By Side Charter School District","=""2700013""","English Language Learners (EL)","Not English Learners",110,71.2,110,71.3,"*","*"
"Side By Side Charter School District","=""2700013""","Gender","Female",67,67.9,67,66.9,22,46.9
"Side By Side Charter School District","=""2700013""","Gender","Male",61,70.6,61,72.0,18,"*"
"Side By Side Charter School District","=""2700013""","Grade","03",21,65.2,21,66.0,"N/A","N/A"
"Side By Side Charter School District","=""2700013""","Grade","04",23,67.9,23,62.6,"N/A","N/A"
"Side By Side Charter School District","=""2700013""","Grade","05",24,69.3,24,73.5,22,48.7
"Side By Side Charter School District","=""2700013""","Grade","06",22,71.6,22,71.5,"N/A","N/A"
"Side By Side Charter School District","=""2700013""","Grade","07",20,68.4,20,70.0,"N/A","N/A"
"Side By Side Charter School District","=""2700013""","Grade","08",18,"*",18,"*",18,"*"
"Side By Side Charter School District","=""2700013""","High Needs (F/R, EL or SWD)","High Needs",72,65.1,72,66.5,24,48.2
"Side By Side Charter School District","=""2700013""","High Needs (F/R, EL or SWD)","Not High Needs",56,74.4,56,73.0,16,"*"
"Side By Side Charter School District","=""2700013""","Free/Reduced Price Meal Eligibility (2-level)","Eligible For Free Or Reduced Price Meals",63,65.7,63,67.4,20,49.5
"Side By Side Charter School District","=""2700013""","Free/Reduced Price Meal Eligibility (2-level)","Not Eligible For Free Or Reduced Price Meals",65,72.5,65,71.2,20,54.4
"Side By Side Charter School District","=""2700013""","Race/Ethnicity","Asian","*","*","*","*","*","*"
"Side By Side Charter School District","=""2700013""","Race/Ethnicity","Black or African American",36,63.6,36,63.9,10,"*"
"Side By Side Charter School District","=""2700013""","Race/Ethnicity","Hispanic or Latino",63,69.2,63,69.2,21,53.3
"Side By Side Charter School District","=""2700013""","Race/Ethnicity","Two or More Races","*","*","*","*","*","*"
"Side By Side Charter School District","=""2700013""","Race/Ethnicity","White",18,"*",18,"*","*","*"
"Side By Side Charter School District","=""2700013""","Special Education Status (SWD)","Students with Disabilities",13,"*",13,"*",6,"*"
"Side By Side Charter School District","=""2700013""","Special Education Status (SWD)","Students without Disabilities",115,70.6,115,71.2,34,54.5
"Explorations District","=""2720013""","All Students","District",18,"*",18,"*",18,"*"
"Explorations District","=""2720013""","English Language Learners (EL)","English Learners","*","*","*","*","N/A","N/A"
"Explorations District","=""2720013""","English Language Learners (EL)","Not English Learners","*","*","*","*",18,"*"
"Explorations District","=""2720013""","Gender","Female",9,"*",9,"*","*","*"
"Explorations District","=""2720013""","Gender","Male",9,"*",9,"*","*","*"
"Explorations District","=""2720013""","Grade","10","N/A","N/A","N/A","N/A",18,"*"
"Explorations District","=""2720013""","Grade","11",18,"*",18,"*","N/A","N/A"
"Explorations District","=""2720013""","High Needs (F/R, EL or SWD)","High Needs","*","*","*","*",12,"*"
"Explorations District","=""2720013""","High Needs (F/R, EL or SWD)","Not High Needs","*","*","*","*",6,"*"
"Explorations District","=""2720013""","Free/Reduced Price Meal Eligibility (2-level)","Eligible For Free Or Reduced Price Meals",7,"*",7,"*",11,"*"
"Explorations District","=""2720013""","Free/Reduced Price Meal Eligibility (2-level)","Not Eligible For Free Or Reduced Price Meals",11,"*",11,"*",7,"*"
"Explorations District","=""2720013""","Race/Ethnicity","Hispanic or Latino","*","*","*","*","*","*"
"Explorations District","=""2720013""","Race/Ethnicity","Two or More Races","*","*","*","*","N/A","N/A"
"Explorations District","=""2720013""","Race/Ethnicity","White",14,"*",14,"*","*","*"
"Explorations District","=""2720013""","Special Education Status (SWD)","Students with Disabilities",11,"*",11,"*","*","*"
"Explorations District","=""2720013""","Special Education Status (SWD)","Students without Disabilities",7,"*",7,"*","*","*"
"Trailblazers Academy District","=""2780013""","All Students","District",117,37.5,119,33.5,32,39.4
"Trailblazers Academy District","=""2780013""","English Language Learners (EL)","English Learners",27,36.6,26,30.1,10,"*"
"Trailblazers Academy District","=""2780013""","English Language Learners (EL)","Not English Learners",90,37.8,93,34.5,22,40.3
"Trailblazers Academy District","=""2780013""","Gender","Female",48,40.9,49,34.0,13,"*"
"Trailblazers Academy District","=""2780013""","Gender","Male",69,35.1,70,33.2,19,"*"
"Trailblazers Academy District","=""2780013""","Grade","06",38,42.5,37,40.1,"N/A","N/A"
"Trailblazers Academy District","=""2780013""","Grade","07",44,32.9,46,30.4,"N/A","N/A"
"Trailblazers Academy District","=""2780013""","Grade","08",35,37.9,36,30.7,32,39.4
"Trailblazers Academy District","=""2780013""","High Needs (F/R, EL or SWD)","High Needs","*","*","*","*","*","*"
"Trailblazers Academy District","=""2780013""","High Needs (F/R, EL or SWD)","Not High Needs","*","*","*","*","*","*"
"Trailblazers Academy District","=""2780013""","Free/Reduced Price Meal Eligibility (2-level)","Eligible For Free Or Reduced Price Meals","*","*","*","*","*","*"
"Trailblazers Academy District","=""2780013""","Free/Reduced Price Meal Eligibility (2-level)","Not Eligible For Free Or Reduced Price Meals","*","*","*","*","*","*"
"Trailblazers Academy District","=""2780013""","Race/Ethnicity","Asian","*","*","*","*","*","*"
"Trailblazers Academy District","=""2780013""","Race/Ethnicity","Black or African American",60,34.4,61,31.6,"*","*"
"Trailblazers Academy District","=""2780013""","Race/Ethnicity","Hispanic or Latino",52,40.1,53,34.9,17,"*"
"Trailblazers Academy District","=""2780013""","Race/Ethnicity","Two or More Races","*","*","*","*","N/A","N/A"
"Trailblazers Academy District","=""2780013""","Race/Ethnicity","White","*","*","*","*","N/A","N/A"
"Trailblazers Academy District","=""2780013""","Special Education Status (SWD)","Students with Disabilities",40,26.1,42,22.2,9,"*"
"Trailblazers Academy District","=""2780013""","Special Education Status (SWD)","Students without Disabilities",77,43.5,77,39.7,23,43.9
"Amistad Academy District","=""2790013""","All Students","District",580,64.9,580,63.0,243,42.8
"Amistad Academy District","=""2790013""","English Language Learners (EL)","English Learners",98,63.6,98,61.6,32,34.5
"Amistad Academy District","=""2790013""","English Language Learners (EL)","Not English Learners",482,65.1,482,63.2,211,44.1
"Amistad Academy District","=""2790013""","Gender","Female",304,68.1,304,64.9,121,41.9
"Amistad Academy District","=""2790013""","Gender","Male",276,61.3,276,60.8,122,43.8
"Amistad Academy District","=""2790013""","Grade","03",88,63.3,88,59.5,"N/A","N/A"
"Amistad Academy District","=""2790013""","Grade","04",88,72.2,88,65.8,"N/A","N/A"
"Amistad Academy District","=""2790013""","Grade","05",94,67.9,94,66.7,94,43.4
"Amistad Academy District","=""2790013""","Grade","06",90,66.5,90,66.8,"N/A","N/A"
"Amistad Academy District","=""2790013""","Grade","07",87,62.7,87,61.9,"N/A","N/A"
"Amistad Academy District","=""2790013""","Grade","08",86,60.5,86,64.2,87,43.5
"Amistad Academy District","=""2790013""","Grade","10","N/A","N/A","N/A","N/A",62,41.0
"Amistad Academy District","=""2790013""","Grade","11",47,56.7,47,49.0,"N/A","N/A"
"Amistad Academy District","=""2790013""","High Needs (F/R, EL or SWD)","High Needs",440,62.9,440,61.2,161,41.1
"Amistad Academy District","=""2790013""","High Needs (F/R, EL or SWD)","Not High Needs",140,70.9,140,68.6,82,46.3
"Amistad Academy District","=""2790013""","Free/Reduced Price Meal Eligibility (2-level)","Eligible For Free Or Reduced Price Meals",424,63.0,424,61.0,151,41.2
"Amistad Academy District","=""2790013""","Free/Reduced Price Meal Eligibility (2-level)","Not Eligible For Free Or Reduced Price Meals",156,69.9,156,68.3,92,45.5
"Amistad Academy District","=""2790013""","Race/Ethnicity","American Indian or Alaska Native","*","*","*","*","N/A","N/A"
"Amistad Academy District","=""2790013""","Race/Ethnicity","Black or African American",354,65.0,354,62.1,149,42.5
"Amistad Academy District","=""2790013""","Race/Ethnicity","Hispanic or Latino",204,64.0,204,64.3,85,41.9
"Amistad Academy District","=""2790013""","Race/Ethnicity","Two or More Races",12,"*",12,"*","*","*"
"Amistad Academy District","=""2790013""","Race/Ethnicity","White","*","*","*","*","*","*"
"Amistad Academy District","=""2790013""","Special Education Status (SWD)","Students with Disabilities",41,38.8,41,33.4,20,28.4
"Amistad Academy District","=""2790013""","Special Education Status (SWD)","Students without Disabilities",539,66.8,539,65.2,223,44.1
"New Beginnings Inc Family Academy District","=""2800013""","All Students","District",245,56.8,245,47.4,57,44.2
"New Beginnings Inc Family Academy District","=""2800013""","English Language Learners (EL)","English Learners","*","*","*","*","*","*"
"New Beginnings Inc Family Academy District","=""2800013""","English Language Learners (EL)","Not English Learners","*","*","*","*","*","*"
"New Beginnings Inc Family Academy District","=""2800013""","Gender","Female",124,59.1,124,48.0,27,44.5
"New Beginnings Inc Family Academy District","=""2800013""","Gender","Male",121,54.3,121,46.9,30,43.9
"New Beginnings Inc Family Academy District","=""2800013""","Grade","03",51,55.1,51,44.4,"N/A","N/A"
"New Beginnings Inc Family Academy District","=""2800013""","Grade","04",62,58.1,62,49.2,"N/A","N/A"
"New Beginnings Inc Family Academy District","=""2800013""","Grade","05",34,53.7,34,50.9,34,43.8
"New Beginnings Inc Family Academy District","=""2800013""","Grade","06",43,55.1,43,46.7,"N/A","N/A"
"New Beginnings Inc Family Academy District","=""2800013""","Grade","07",32,62.7,32,50.3,"N/A","N/A"
"New Beginnings Inc Family Academy District","=""2800013""","Grade","08",23,56.1,23,41.5,23,44.7
"New Beginnings Inc Family Academy District","=""2800013""","High Needs (F/R, EL or SWD)","High Needs",237,56.4,237,47.0,"*","*"
"New Beginnings Inc Family Academy District","=""2800013""","High Needs (F/R, EL or SWD)","Not High Needs",8,"*",8,"*","*","*"
"New Beginnings Inc Family Academy District","=""2800013""","Free/Reduced Price Meal Eligibility (2-level)","Eligible For Free Or Reduced Price Meals",237,56.4,237,47.0,"*","*"
"New Beginnings Inc Family Academy District","=""2800013""","Free/Reduced Price Meal Eligibility (2-level)","Not Eligible For Free Or Reduced Price Meals",8,"*",8,"*","*","*"
"New Beginnings Inc Family Academy District","=""2800013""","Race/Ethnicity","Black or African American",164,57.1,164,47.9,41,45.1
"New Beginnings Inc Family Academy District","=""2800013""","Race/Ethnicity","Hispanic or Latino",71,54.9,71,45.7,"*","*"
"New Beginnings Inc Family Academy District","=""2800013""","Race/Ethnicity","Two or More Races","*","*","*","*","N/A","N/A"
"New Beginnings Inc Family Academy District","=""2800013""","Race/Ethnicity","White","*","*","*","*","*","*"
"New Beginnings Inc Family Academy District","=""2800013""","Special Education Status (SWD)","Students with Disabilities",16,"*",16,"*","*","*"
"New Beginnings Inc Family Academy District","=""2800013""","Special Education Status (SWD)","Students without Disabilities",229,58.3,229,48.8,"*","*"
"Stamford Academy District","=""2820013""","All Students","District",19,"*",19,"*",18,"*"
"Stamford Academy District","=""2820013""","English Language Learners (EL)","English Learners","*","*","*","*","*","*"
"Stamford Academy District","=""2820013""","English Language Learners (EL)","Not English Learners","*","*","*","*","*","*"
"Stamford Academy District","=""2820013""","Gender","Female",6,"*",6,"*",10,"*"
"Stamford Academy District","=""2820013""","Gender","Male",13,"*",13,"*",8,"*"
"Stamford Academy District","=""2820013""","Grade","10","N/A","N/A","N/A","N/A",18,"*"
"Stamford Academy District","=""2820013""","Grade","11",19,"*",19,"*","N/A","N/A"
"Stamford Academy District","=""2820013""","High Needs (F/R, EL or SWD)","High Needs",19,"*",19,"*","*","*"
"Stamford Academy District","=""2820013""","High Needs (F/R, EL or SWD)","Not High Needs","N/A","N/A","N/A","N/A","*","*"
"Stamford Academy District","=""2820013""","Free/Reduced Price Meal Eligibility (2-level)","Eligible For Free Or Reduced Price Meals","*","*","*","*","*","*"
"Stamford Academy District","=""2820013""","Free/Reduced Price Meal Eligibility (2-level)","Not Eligible For Free Or Reduced Price Meals","*","*","*","*","*","*"
"Stamford Academy District","=""2820013""","Race/Ethnicity","Black or African American",9,"*",9,"*",10,"*"
"Stamford Academy District","=""2820013""","Race/Ethnicity","Hispanic or Latino","*","*","*","*",8,"*"
"Stamford Academy District","=""2820013""","Race/Ethnicity","Two or More Races","N/A","N/A","N/A","N/A","N/A","N/A"
"Stamford Academy District","=""2820013""","Race/Ethnicity","White","*","*","*","*","N/A","N/A"
"Stamford Academy District","=""2820013""","Special Education Status (SWD)","Students with Disabilities",6,"*",6,"*","*","*"
"Stamford Academy District","=""2820013""","Special Education Status (SWD)","Students without Disabilities",13,"*",13,"*","*","*"
"Park City Prep Charter School District","=""2830013""","All Students","District",343,59.4,339,49.9,167,47.3
"Park City Prep Charter School District","=""2830013""","English Language Learners (EL)","English Learners",35,56.0,35,48.5,27,44.4
"Park City Prep Charter School District","=""2830013""","English Language Learners (EL)","Not English Learners",308,59.8,304,50.1,140,47.9
"Park City Prep Charter School District","=""2830013""","Gender","Female",160,64.8,158,52.9,75,49.4
"Park City Prep Charter School District","=""2830013""","Gender","Male",183,54.7,181,47.4,92,45.7
"Park City Prep Charter School District","=""2830013""","Grade","05",97,56.8,97,53.8,94,46.0
"Park City Prep Charter School District","=""2830013""","Grade","06",88,59.3,87,44.7,"N/A","N/A"
"Park City Prep Charter School District","=""2830013""","Grade","07",82,59.8,80,49.9,"N/A","N/A"
"Park City Prep Charter School District","=""2830013""","Grade","08",76,62.4,75,51.1,73,49.0
"Park City Prep Charter School District","=""2830013""","High Needs (F/R, EL or SWD)","High Needs",272,58.1,269,48.4,131,45.8
"Park City Prep Charter School District","=""2830013""","High Needs (F/R, EL or SWD)","Not High Needs",71,64.6,70,55.8,36,53.1
"Park City Prep Charter School District","=""2830013""","Free/Reduced Price Meal Eligibility (2-level)","Eligible For Free Or Reduced Price Meals",265,58.2,262,48.7,126,45.7
"Park City Prep Charter School District","=""2830013""","Free/Reduced Price Meal Eligibility (2-level)","Not Eligible For Free Or Reduced Price Meals",78,63.5,77,54.2,41,52.2
"Park City Prep Charter School District","=""2830013""","Race/Ethnicity","Asian","*","*","*","*","*","*"
"Park City Prep Charter School District","=""2830013""","Race/Ethnicity","Black or African American",174,56.0,171,47.6,86,44.7
"Park City Prep Charter School District","=""2830013""","Race/Ethnicity","Hispanic or Latino",142,62.7,141,51.1,68,49.3
"Park City Prep Charter School District","=""2830013""","Race/Ethnicity","Two or More Races","*","*","*","*","*","*"
"Park City Prep Charter School District","=""2830013""","Race/Ethnicity","White",21,64.0,21,58.2,9,"*"
"Park City Prep Charter School District","=""2830013""","Special Education Status (SWD)","Students with Disabilities",37,34.4,36,29.1,21,34.5
"Park City Prep Charter School District","=""2830013""","Special Education Status (SWD)","Students without Disabilities",306,62.4,303,52.4,146,49.2
"Achievement First Bridgeport Academy District","=""2850013""","All Students","District",560,64.8,560,62.6,235,43.1
"Achievement First Bridgeport Academy District","=""2850013""","English Language Learners (EL)","English Learners",94,61.8,94,63.5,36,42.4
"Achievement First Bridgeport Academy District","=""2850013""","English Language Learners (EL)","Not English Learners",466,65.4,466,62.4,199,43.3
"Achievement First Bridgeport Academy District","=""2850013""","Gender","Female",288,68.0,288,63.9,116,44.3
"Achievement First Bridgeport Academy District","=""2850013""","Gender","Male",272,61.4,272,61.2,119,42.0
"Achievement First Bridgeport Academy District","=""2850013""","Grade","03",82,82.6,82,83.0,"N/A","N/A"
"Achievement First Bridgeport Academy District","=""2850013""","Grade","04",88,80.4,88,79.7,"N/A","N/A"
"Achievement First Bridgeport Academy District","=""2850013""","Grade","05",91,58.9,91,60.2,95,42.0
"Achievement First Bridgeport Academy District","=""2850013""","Grade","06",93,59.9,93,52.1,"N/A","N/A"
"Achievement First Bridgeport Academy District","=""2850013""","Grade","07",87,56.6,87,52.1,"N/A","N/A"
"Achievement First Bridgeport Academy District","=""2850013""","Grade","08",85,54.5,85,55.3,86,43.8
"Achievement First Bridgeport Academy District","=""2850013""","Grade","10","N/A","N/A","N/A","N/A",54,44.1
"Achievement First Bridgeport Academy District","=""2850013""","Grade","11",34,57.0,34,49.3,"N/A","N/A"
"Achievement First Bridgeport Academy District","=""2850013""","High Needs (F/R, EL or SWD)","High Needs",388,64.9,388,62.8,149,42.6
"Achievement First Bridgeport Academy District","=""2850013""","High Needs (F/R, EL or SWD)","Not High Needs",172,64.4,172,62.0,86,44.1
"Achievement First Bridgeport Academy District","=""2850013""","Free/Reduced Price Meal Eligibility (2-level)","Eligible For Free Or Reduced Price Meals",343,65.9,343,63.9,122,43.1
"Achievement First Bridgeport Academy District","=""2850013""","Free/Reduced Price Meal Eligibility (2-level)","Not Eligible For Free Or Reduced Price Meals",217,63.0,217,60.4,113,43.1
"Achievement First Bridgeport Academy District","=""2850013""","Race/Ethnicity","American Indian or Alaska Native","*","*","*","*","*","*"
"Achievement First Bridgeport Academy District","=""2850013""","Race/Ethnicity","Asian",7,"*",7,"*","*","*"
"Achievement First Bridgeport Academy District","=""2850013""","Race/Ethnicity","Black or African American",303,63.4,303,61.3,124,42.5
"Achievement First Bridgeport Academy District","=""2850013""","Race/Ethnicity","Hispanic or Latino",235,65.7,235,62.9,101,43.6
"Achievement First Bridgeport Academy District","=""2850013""","Race/Ethnicity","Two or More Races","*","*","*","*","*","*"
"Achievement First Bridgeport Academy District","=""2850013""","Race/Ethnicity","White",9,"*",9,"*","*","*"
"Achievement First Bridgeport Academy District","=""2850013""","Special Education Status (SWD)","Students with Disabilities",53,45.6,53,43.5,34,34.4
"Achievement First Bridgeport Academy District","=""2850013""","Special Education Status (SWD)","Students without Disabilities",507,66.8,507,64.6,201,44.6
"Highville Charter School District","=""2860013""","All Students","District",233,54.9,233,50.5,89,39.6
"Highville Charter School District","=""2860013""","English Language Learners (EL)","English Learners","*","*","*","*","*","*"
"Highville Charter School District","=""2860013""","English Language Learners (EL)","Not English Learners","*","*","*","*","*","*"
"Highville Charter School District","=""2860013""","Gender","Female",124,57.7,124,52.8,52,40.5
"Highville Charter School District","=""2860013""","Gender","Male",109,51.7,109,47.9,37,38.5
"Highville Charter School District","=""2860013""","Grade","03",34,57.6,34,52.7,"N/A","N/A"
"Highville Charter School District","=""2860013""","Grade","04",37,59.3,37,53.9,"N/A","N/A"
"Highville Charter School District","=""2860013""","Grade","05",41,52.5,41,44.9,41,37.1
"Highville Charter School District","=""2860013""","Grade","06",32,58.7,32,56.6,"N/A","N/A"
"Highville Charter School District","=""2860013""","Grade","07",36,53.3,36,47.8,"N/A","N/A"
"Highville Charter School District","=""2860013""","Grade","08",31,56.0,31,57.1,31,45.4
"Highville Charter School District","=""2860013""","Grade","10","N/A","N/A","N/A","N/A",17,"*"
"Highville Charter School District","=""2860013""","Grade","11",22,43.1,22,38.1,"N/A","N/A"
"Highville Charter School District","=""2860013""","High Needs (F/R, EL or SWD)","High Needs",171,53.7,171,49.8,61,37.7
"Highville Charter School District","=""2860013""","High Needs (F/R, EL or SWD)","Not High Needs",62,58.3,62,52.6,28,44.0
"Highville Charter School District","=""2860013""","Free/Reduced Price Meal Eligibility (2-level)","Eligible For Free Or Reduced Price Meals",161,54.0,161,50.1,56,38.1
"Highville Charter School District","=""2860013""","Free/Reduced Price Meal Eligibility (2-level)","Not Eligible For Free Or Reduced Price Meals",72,56.7,72,51.4,33,42.3
"Highville Charter School District","=""2860013""","Race/Ethnicity","Black or African American",226,54.5,226,50.3,"*","*"
"Highville Charter School District","=""2860013""","Race/Ethnicity","Hispanic or Latino","*","*","*","*","*","*"
"Highville Charter School District","=""2860013""","Race/Ethnicity","Two or More Races","N/A","N/A","N/A","N/A","N/A","N/A"
"Highville Charter School District","=""2860013""","Race/Ethnicity","White","*","*","*","*","N/A","N/A"
"Highville Charter School District","=""2860013""","Special Education Status (SWD)","Students with Disabilities",17,"*",17,"*","*","*"
"Highville Charter School District","=""2860013""","Special Education Status (SWD)","Students without Disabilities",216,56.3,216,52.0,"*","*"
"Achievement First Hartford Academy District","=""2880013""","All Students","District",653,65.7,652,60.0,231,40.6
"Achievement First Hartford Academy District","=""2880013""","English Language Learners (EL)","English Learners",62,55.7,62,52.1,27,35.0
"Achievement First Hartford Academy District","=""2880013""","English Language Learners (EL)","Not English Learners",591,66.8,590,60.8,204,41.3
"Achievement First Hartford Academy District","=""2880013""","Gender","Female",341,67.8,341,60.3,126,40.2
"Achievement First Hartford Academy District","=""2880013""","Gender","Male",312,63.5,311,59.6,105,41.1
"Achievement First Hartford Academy District","=""2880013""","Grade","03",83,75.7,83,76.5,"N/A","N/A"
"Achievement First Hartford Academy District","=""2880013""","Grade","04",87,78.9,87,78.5,"N/A","N/A"
"Achievement First Hartford Academy District","=""2880013""","Grade","05",134,58.3,133,53.9,136,38.9
"Achievement First Hartford Academy District","=""2880013""","Grade","06",120,65.6,120,56.3,"N/A","N/A"
"Achievement First Hartford Academy District","=""2880013""","Grade","07",133,61.7,133,51.7,"N/A","N/A"
"Achievement First Hartford Academy District","=""2880013""","Grade","08",57,67.5,57,54.2,56,44.8
"Achievement First Hartford Academy District","=""2880013""","Grade","10","N/A","N/A","N/A","N/A",39,40.7
"Achievement First Hartford Academy District","=""2880013""","Grade","11",39,52.7,39,52.5,"N/A","N/A"
"Achievement First Hartford Academy District","=""2880013""","High Needs (F/R, EL or SWD)","High Needs",653,65.7,652,60.0,231,40.6
"Achievement First Hartford Academy District","=""2880013""","Free/Reduced Price Meal Eligibility (2-level)","Eligible For Free Or Reduced Price Meals",653,65.7,652,60.0,231,40.6
"Achievement First Hartford Academy District","=""2880013""","Race/Ethnicity","American Indian or Alaska Native","*","*","*","*","N/A","N/A"
"Achievement First Hartford Academy District","=""2880013""","Race/Ethnicity","Asian","*","*","*","*","*","*"
"Achievement First Hartford Academy District","=""2880013""","Race/Ethnicity","Black or African American",464,66.8,463,60.1,168,40.5
"Achievement First Hartford Academy District","=""2880013""","Race/Ethnicity","Hispanic or Latino",173,61.5,173,57.8,60,39.6
"Achievement First Hartford Academy District","=""2880013""","Race/Ethnicity","Native Hawaiian or Other Pacific Islander","*","*","*","*","*","*"
"Achievement First Hartford Academy District","=""2880013""","Race/Ethnicity","Two or More Races",7,"*",7,"*","*","*"
"Achievement First Hartford Academy District","=""2880013""","Race/Ethnicity","White","*","*","*","*","N/A","N/A"
"Achievement First Hartford Academy District","=""2880013""","Special Education Status (SWD)","Students with Disabilities",72,45.0,72,40.1,31,25.6
"Achievement First Hartford Academy District","=""2880013""","Special Education Status (SWD)","Students without Disabilities",581,68.3,580,62.5,200,42.9
"Elm City College Preparatory School District","=""2890013""","All Students","District",407,68.4,406,63.4,154,44.6
"Elm City College Preparatory School District","=""2890013""","English Language Learners (EL)","English Learners",62,69.4,62,67.8,16,"*"
"Elm City College Preparatory School District","=""2890013""","English Language Learners (EL)","Not English Learners",345,68.3,344,62.6,138,44.3
"Elm City College Preparatory School District","=""2890013""","Gender","Female",228,71.0,228,64.1,84,42.6
"Elm City College Preparatory School District","=""2890013""","Gender","Male",179,65.1,178,62.5,70,47.1
"Elm City College Preparatory School District","=""2890013""","Grade","03",65,71.9,65,65.1,"N/A","N/A"
"Elm City College Preparatory School District","=""2890013""","Grade","04",64,70.0,63,65.7,"N/A","N/A"
"Elm City College Preparatory School District","=""2890013""","Grade","05",61,72.1,61,68.2,62,44.7
"Elm City College Preparatory School District","=""2890013""","Grade","06",62,72.1,62,63.5,"N/A","N/A"
"Elm City College Preparatory School District","=""2890013""","Grade","07",65,65.0,65,60.0,"N/A","N/A"
"Elm City College Preparatory School District","=""2890013""","Grade","08",61,64.9,61,62.3,61,46.8
"Elm City College Preparatory School District","=""2890013""","Grade","10","N/A","N/A","N/A","N/A",31,40.3
"Elm City College Preparatory School District","=""2890013""","Grade","11",29,56.8,29,54.7,"N/A","N/A"
"Elm City College Preparatory School District","=""2890013""","High Needs (F/R, EL or SWD)","High Needs",325,67.5,324,62.2,106,43.7
"Elm City College Preparatory School District","=""2890013""","High Needs (F/R, EL or SWD)","Not High Needs",82,72.3,82,68.2,48,46.6
"Elm City College Preparatory School District","=""2890013""","Free/Reduced Price Meal Eligibility (2-level)","Eligible For Free Or Reduced Price Meals",308,67.7,307,62.0,101,43.8
"Elm City College Preparatory School District","=""2890013""","Free/Reduced Price Meal Eligibility (2-level)","Not Eligible For Free Or Reduced Price Meals",99,70.8,99,67.7,53,46.2
"Elm City College Preparatory School District","=""2890013""","Race/Ethnicity","American Indian or Alaska Native","*","*","*","*","N/A","N/A"
"Elm City College Preparatory School District","=""2890013""","Race/Ethnicity","Asian","*","*","*","*","N/A","N/A"
"Elm City College Preparatory School District","=""2890013""","Race/Ethnicity","Black or African American",293,67.7,292,61.5,116,44.5
"Elm City College Preparatory School District","=""2890013""","Race/Ethnicity","Hispanic or Latino",104,70.2,104,68.0,36,44.2
"Elm City College Preparatory School District","=""2890013""","Race/Ethnicity","Two or More Races","*","*","*","*","*","*"
"Elm City College Preparatory School District","=""2890013""","Race/Ethnicity","White",6,"*",6,"*","*","*"
"Elm City College Preparatory School District","=""2890013""","Special Education Status (SWD)","Students with Disabilities",36,41.9,36,38.8,14,"*"
"Elm City College Preparatory School District","=""2890013""","Special Education Status (SWD)","Students without Disabilities",371,71.0,370,65.8,140,45.6
"Brass City Charter School District","=""2900013""","All Students","District",76,79.3,76,69.7,"N/A","N/A"
"Brass City Charter School District","=""2900013""","English Language Learners (EL)","English Learners","*","*","*","*","N/A","N/A"
"Brass City Charter School District","=""2900013""","English Language Learners (EL)","Not English Learners","*","*","*","*","N/A","N/A"
"Brass City Charter School District","=""2900013""","Gender","Female",40,80.4,40,67.8,"N/A","N/A"
"Brass City Charter School District","=""2900013""","Gender","Male",36,78.1,36,71.9,"N/A","N/A"
"Brass City Charter School District","=""2900013""","Grade","03",38,81.3,38,76.2,"N/A","N/A"
"Brass City Charter School District","=""2900013""","Grade","04",38,77.3,38,63.3,"N/A","N/A"
"Brass City Charter School District","=""2900013""","High Needs (F/R, EL or SWD)","High Needs",53,76.9,53,67.3,"N/A","N/A"
"Brass City Charter School District","=""2900013""","High Needs (F/R, EL or SWD)","Not High Needs",23,84.8,23,75.2,"N/A","N/A"
"Brass City Charter School District","=""2900013""","Free/Reduced Price Meal Eligibility (2-level)","Eligible For Free Or Reduced Price Meals",50,77.9,50,68.1,"N/A","N/A"
"Brass City Charter School District","=""2900013""","Free/Reduced Price Meal Eligibility (2-level)","Not Eligible For Free Or Reduced Price Meals",26,81.9,26,72.8,"N/A","N/A"
"Brass City Charter School District","=""2900013""","Race/Ethnicity","Asian","*","*","*","*","N/A","N/A"
"Brass City Charter School District","=""2900013""","Race/Ethnicity","Black or African American",26,77.8,26,69.5,"N/A","N/A"
"Brass City Charter School District","=""2900013""","Race/Ethnicity","Hispanic or Latino",29,75.6,29,65.3,"N/A","N/A"
"Brass City Charter School District","=""2900013""","Race/Ethnicity","Two or More Races",10,"*",10,"*","N/A","N/A"
"Brass City Charter School District","=""2900013""","Race/Ethnicity","White","*","*","*","*","N/A","N/A"
"Brass City Charter School District","=""2900013""","Special Education Status (SWD)","Students with Disabilities",10,"*",10,"*","N/A","N/A"
"Brass City Charter School District","=""2900013""","Special Education Status (SWD)","Students without Disabilities",66,81.5,66,72.4,"N/A","N/A"
"Path Academy District","=""2930013""","All Students","District",14,"*",14,"*",11,"*"
"Path Academy District","=""2930013""","English Language Learners (EL)","English Learners","*","*","*","*","*","*"
"Path Academy District","=""2930013""","English Language Learners (EL)","Not English Learners","*","*","*","*","*","*"
"Path Academy District","=""2930013""","Gender","Female",6,"*",6,"*","*","*"
"Path Academy District","=""2930013""","Gender","Male",8,"*",8,"*","*","*"
"Path Academy District","=""2930013""","Grade","10","N/A","N/A","N/A","N/A",11,"*"
"Path Academy District","=""2930013""","Grade","11",14,"*",14,"*","N/A","N/A"
"Path Academy District","=""2930013""","High Needs (F/R, EL or SWD)","High Needs","*","*","*","*",11,"*"
"Path Academy District","=""2930013""","High Needs (F/R, EL or SWD)","Not High Needs","*","*","*","*","N/A","N/A"
"Path Academy District","=""2930013""","Free/Reduced Price Meal Eligibility (2-level)","Eligible For Free Or Reduced Price Meals","*","*","*","*",11,"*"
"Path Academy District","=""2930013""","Free/Reduced Price Meal Eligibility (2-level)","Not Eligible For Free Or Reduced Price Meals","*","*","*","*","N/A","N/A"
"Path Academy District","=""2930013""","Race/Ethnicity","Asian","N/A","N/A","N/A","N/A","N/A","N/A"
"Path Academy District","=""2930013""","Race/Ethnicity","Black or African American","*","*","*","*","*","*"
"Path Academy District","=""2930013""","Race/Ethnicity","Hispanic or Latino",6,"*",6,"*",9,"*"
"Path Academy District","=""2930013""","Race/Ethnicity","Two or More Races","N/A","N/A","N/A","N/A","N/A","N/A"
"Path Academy District","=""2930013""","Race/Ethnicity","White","*","*","*","*","*","*"
"Path Academy District","=""2930013""","Special Education Status (SWD)","Students with Disabilities","*","*","*","*","*","*"
"Path Academy District","=""2930013""","Special Education Status (SWD)","Students without Disabilities","*","*","*","*","*","*"
"Great Oaks Charter School District","=""2940013""","All Students","District",298,47.0,294,43.2,101,39.1
"Great Oaks Charter School District","=""2940013""","English Language Learners (EL)","English Learners",69,50.0,68,50.1,17,"*"
"Great Oaks Charter School District","=""2940013""","English Language Learners (EL)","Not English Learners",229,46.1,226,41.2,84,39.4
"Great Oaks Charter School District","=""2940013""","Gender","Female",141,48.2,139,42.8,57,40.1
"Great Oaks Charter School District","=""2940013""","Gender","Male",157,45.9,155,43.6,44,37.7
"Great Oaks Charter School District","=""2940013""","Grade","06",103,53.9,101,49.2,"N/A","N/A"
"Great Oaks Charter School District","=""2940013""","Grade","07",93,41.3,91,40.4,"N/A","N/A"
"Great Oaks Charter School District","=""2940013""","Grade","08",102,45.2,102,39.8,101,39.1
"Great Oaks Charter School District","=""2940013""","High Needs (F/R, EL or SWD)","High Needs",251,45.8,247,42.5,84,38.5
"Great Oaks Charter School District","=""2940013""","High Needs (F/R, EL or SWD)","Not High Needs",47,53.4,47,47.0,17,"*"
"Great Oaks Charter School District","=""2940013""","Free/Reduced Price Meal Eligibility (2-level)","Eligible For Free Or Reduced Price Meals",224,45.8,220,42.6,77,38.4
"Great Oaks Charter School District","=""2940013""","Free/Reduced Price Meal Eligibility (2-level)","Not Eligible For Free Or Reduced Price Meals",74,50.7,74,45.1,24,41.3
"Great Oaks Charter School District","=""2940013""","Race/Ethnicity","Asian","*","*","*","*","N/A","N/A"
"Great Oaks Charter School District","=""2940013""","Race/Ethnicity","Black or African American",139,44.2,138,40.6,56,37.8
"Great Oaks Charter School District","=""2940013""","Race/Ethnicity","Hispanic or Latino",139,48.8,136,45.4,41,39.2
"Great Oaks Charter School District","=""2940013""","Race/Ethnicity","Native Hawaiian or Other Pacific Islander","*","*","*","*","N/A","N/A"
"Great Oaks Charter School District","=""2940013""","Race/Ethnicity","Two or More Races","*","*","*","*","*","*"
"Great Oaks Charter School District","=""2940013""","Race/Ethnicity","White",11,"*",11,"*","*","*"
"Great Oaks Charter School District","=""2940013""","Special Education Status (SWD)","Students with Disabilities",53,32.5,52,27.4,12,"*"
"Great Oaks Charter School District","=""2940013""","Special Education Status (SWD)","Students without Disabilities",245,50.1,242,46.6,89,40.8
"Booker T. Washington Academy District","=""2950013""","All Students","District",30,75.2,30,75.4,"N/A","N/A"
"Booker T. Washington Academy District","=""2950013""","English Language Learners (EL)","Not English Learners",30,75.2,30,75.4,"N/A","N/A"
"Booker T. Washington Academy District","=""2950013""","Gender","Female",13,"*",13,"*","N/A","N/A"
"Booker T. Washington Academy District","=""2950013""","Gender","Male",17,"*",17,"*","N/A","N/A"
"Booker T. Washington Academy District","=""2950013""","Grade","03",30,75.2,30,75.4,"N/A","N/A"
"Booker T. Washington Academy District","=""2950013""","High Needs (F/R, EL or SWD)","High Needs","*","*","*","*","N/A","N/A"
"Booker T. Washington Academy District","=""2950013""","High Needs (F/R, EL or SWD)","Not High Needs","*","*","*","*","N/A","N/A"
"Booker T. Washington Academy District","=""2950013""","Free/Reduced Price Meal Eligibility (2-level)","Eligible For Free Or Reduced Price Meals","*","*","*","*","N/A","N/A"
"Booker T. Washington Academy District","=""2950013""","Free/Reduced Price Meal Eligibility (2-level)","Not Eligible For Free Or Reduced Price Meals","*","*","*","*","N/A","N/A"
"Booker T. Washington Academy District","=""2950013""","Race/Ethnicity","Black or African American","*","*","*","*","N/A","N/A"
"Booker T. Washington Academy District","=""2950013""","Race/Ethnicity","Hispanic or Latino","*","*","*","*","N/A","N/A"
"Booker T. Washington Academy District","=""2950013""","Race/Ethnicity","Two or More Races","N/A","N/A","N/A","N/A","N/A","N/A"
"Booker T. Washington Academy District","=""2950013""","Special Education Status (SWD)","Students without Disabilities",30,75.2,30,75.4,"N/A","N/A"
"Capital Preparatory Harbor School District","=""2970013""","All Students","District",143,59.6,143,52.1,69,47.3
"Capital Preparatory Harbor School District","=""2970013""","English Language Learners (EL)","English Learners",9,"*",9,"*","*","*"
"Capital Preparatory Harbor School District","=""2970013""","English Language Learners (EL)","Not English Learners",134,60.0,134,52.4,"*","*"
"Capital Preparatory Harbor School District","=""2970013""","Gender","Female",74,63.7,74,55.6,34,46.9
"Capital Preparatory Harbor School District","=""2970013""","Gender","Male",69,55.1,69,48.2,35,47.7
"Capital Preparatory Harbor School District","=""2970013""","Grade","06",35,61.9,35,54.5,"N/A","N/A"
"Capital Preparatory Harbor School District","=""2970013""","Grade","07",39,63.6,39,54.5,"N/A","N/A"
"Capital Preparatory Harbor School District","=""2970013""","Grade","08",38,65.6,38,57.2,38,50.6
"Capital Preparatory Harbor School District","=""2970013""","Grade","10","N/A","N/A","N/A","N/A",31,43.3
"Capital Preparatory Harbor School District","=""2970013""","Grade","11",31,44.5,31,39.9,"N/A","N/A"
"Capital Preparatory Harbor School District","=""2970013""","High Needs (F/R, EL or SWD)","High Needs",86,57.5,86,49.2,46,45.5
"Capital Preparatory Harbor School District","=""2970013""","High Needs (F/R, EL or SWD)","Not High Needs",57,62.7,57,56.5,23,51.0
"Capital Preparatory Harbor School District","=""2970013""","Free/Reduced Price Meal Eligibility (2-level)","Eligible For Free Or Reduced Price Meals",83,58.3,83,49.8,45,45.6
"Capital Preparatory Harbor School District","=""2970013""","Free/Reduced Price Meal Eligibility (2-level)","Not Eligible For Free Or Reduced Price Meals",60,61.3,60,55.2,24,50.5
"Capital Preparatory Harbor School District","=""2970013""","Race/Ethnicity","Black or African American",110,59.1,110,52.5,51,47.5
"Capital Preparatory Harbor School District","=""2970013""","Race/Ethnicity","Hispanic or Latino",30,60.9,30,50.3,"*","*"
"Capital Preparatory Harbor School District","=""2970013""","Race/Ethnicity","Two or More Races","*","*","*","*","*","*"
"Capital Preparatory Harbor School District","=""2970013""","Race/Ethnicity","White","*","*","*","*","N/A","N/A"
"Capital Preparatory Harbor School District","=""2970013""","Special Education Status (SWD)","Students with Disabilities",11,"*",11,"*",6,"*"
"Capital Preparatory Harbor School District","=""2970013""","Special Education Status (SWD)","Students without Disabilities",132,61.1,132,53.7,63,48.2
"Department of Mental Health and Addiction Services","=""3370015""","All Students","District","N/A","N/A","N/A","N/A","N/A","N/A"
"Department of Mental Health and Addiction Services","=""3370015""","English Language Learners (EL)","Not English Learners","N/A","N/A","N/A","N/A","N/A","N/A"
"Department of Mental Health and Addiction Services","=""3370015""","Gender","Male","N/A","N/A","N/A","N/A","N/A","N/A"
"Department of Mental Health and Addiction Services","=""3370015""","Grade","10","N/A","N/A","N/A","N/A","N/A","N/A"
"Department of Mental Health and Addiction Services","=""3370015""","High Needs (F/R, EL or SWD)","High Needs","N/A","N/A","N/A","N/A","N/A","N/A"
"Department of Mental Health and Addiction Services","=""3370015""","Free/Reduced Price Meal Eligibility (2-level)","Eligible For Free Or Reduced Price Meals","N/A","N/A","N/A","N/A","N/A","N/A"
"Department of Mental Health and Addiction Services","=""3370015""","Race/Ethnicity","White","N/A","N/A","N/A","N/A","N/A","N/A"
"Department of Mental Health and Addiction Services","=""3370015""","Special Education Status (SWD)","Students with Disabilities","N/A","N/A","N/A","N/A","N/A","N/A"
"Unified School District #2","=""3470015""","All Students","District",10,"*",9,"*",16,"*"
"Unified School District #2","=""3470015""","English Language Learners (EL)","English Learners","*","*","*","*","N/A","N/A"
"Unified School District #2","=""3470015""","English Language Learners (EL)","Not English Learners","*","*","*","*",16,"*"
"Unified School District #2","=""3470015""","Gender","Female","*","*","*","*","*","*"
"Unified School District #2","=""3470015""","Gender","Male","*","*","*","*","*","*"
"Unified School District #2","=""3470015""","Grade","04","*","*","*","*","N/A","N/A"
"Unified School District #2","=""3470015""","Grade","07","N/A","N/A","N/A","N/A","N/A","N/A"
"Unified School District #2","=""3470015""","Grade","08","*","*","*","*","*","*"
"Unified School District #2","=""3470015""","Grade","10","N/A","N/A","N/A","N/A","*","*"
"Unified School District #2","=""3470015""","Grade","11",6,"*",6,"*","N/A","N/A"
"Unified School District #2","=""3470015""","High Needs (F/R, EL or SWD)","High Needs",10,"*",9,"*",16,"*"
"Unified School District #2","=""3470015""","Free/Reduced Price Meal Eligibility (2-level)","Eligible For Free Or Reduced Price Meals",10,"*",9,"*",16,"*"
"Unified School District #2","=""3470015""","Race/Ethnicity","Asian","N/A","N/A","N/A","N/A","N/A","N/A"
"Unified School District #2","=""3470015""","Race/Ethnicity","Black or African American","*","*","*","*","*","*"
"Unified School District #2","=""3470015""","Race/Ethnicity","Hispanic or Latino","*","*","*","*",7,"*"
"Unified School District #2","=""3470015""","Race/Ethnicity","Native Hawaiian or Other Pacific Islander","*","*","*","*","N/A","N/A"
"Unified School District #2","=""3470015""","Race/Ethnicity","Two or More Races","N/A","N/A","N/A","N/A","N/A","N/A"
"Unified School District #2","=""3470015""","Race/Ethnicity","White","*","*","*","*","*","*"
"Unified School District #2","=""3470015""","Special Education Status (SWD)","Students with Disabilities","*","*","*","*",10,"*"
"Unified School District #2","=""3470015""","Special Education Status (SWD)","Students without Disabilities","*","*","*","*",6,"*"
"Connecticut Technical Education and Career System","=""9000016""","All Students","District",2476,49.9,2476,46.3,2639,49.7
"Connecticut Technical Education and Career System","=""9000016""","English Language Learners (EL)","English Learners",160,40.4,160,39.3,255,37.9
"Connecticut Technical Education and Career System","=""9000016""","English Language Learners (EL)","Not English Learners",2316,50.6,2316,46.8,2384,51.0
"Connecticut Technical Education and Career System","=""9000016""","Gender","Female",977,50.3,977,44.3,1119,46.4
"Connecticut Technical Education and Career System","=""9000016""","Gender","Male",1499,49.6,1499,47.6,1520,52.2
"Connecticut Technical Education and Career System","=""9000016""","Grade","10","N/A","N/A","N/A","N/A",2639,49.7
"Connecticut Technical Education and Career System","=""9000016""","Grade","11",2476,49.9,2476,46.3,"N/A","N/A"
"Connecticut Technical Education and Career System","=""9000016""","High Needs (F/R, EL or SWD)","High Needs",1285,47.6,1285,43.8,1578,45.4
"Connecticut Technical Education and Career System","=""9000016""","High Needs (F/R, EL or SWD)","Not High Needs",1191,52.4,1191,49.0,1061,56.1
"Connecticut Technical Education and Career System","=""9000016""","Free/Reduced Price Meal Eligibility (2-level)","Eligible For Free Or Reduced Price Meals",1144,48.3,1144,44.4,1367,46.2
"Connecticut Technical Education and Career System","=""9000016""","Free/Reduced Price Meal Eligibility (2-level)","Not Eligible For Free Or Reduced Price Meals",1332,51.3,1332,47.9,1272,53.6
"Connecticut Technical Education and Career System","=""9000016""","Race/Ethnicity","American Indian or Alaska Native","*","*","*","*",8,"*"
"Connecticut Technical Education and Career System","=""9000016""","Race/Ethnicity","Asian",32,52.3,32,48.6,29,54.2
"Connecticut Technical Education and Career System","=""9000016""","Race/Ethnicity","Black or African American",298,46.1,298,39.7,301,42.2
"Connecticut Technical Education and Career System","=""9000016""","Race/Ethnicity","Hispanic or Latino",794,47.3,794,43.4,1006,44.8
"Connecticut Technical Education and Career System","=""9000016""","Race/Ethnicity","Native Hawaiian or Other Pacific Islander","*","*","*","*",8,"*"
"Connecticut Technical Education and Career System","=""9000016""","Race/Ethnicity","Two or More Races",71,55.1,71,50.1,92,51.2
"Connecticut Technical Education and Career System","=""9000016""","Race/Ethnicity","White",1268,52.1,1268,49.4,1195,55.5
"Connecticut Technical Education and Career System","=""9000016""","Special Education Status (SWD)","Students with Disabilities",189,40.5,189,37.7,288,39.2
"Connecticut Technical Education and Career System","=""9000016""","Special Education Status (SWD)","Students without Disabilities",2287,50.7,2287,47.0,2351,51.0
"Norwich Free Academy District","=""9010022""","All Students","District",523,56.6,523,53.7,529,51.0
"Norwich Free Academy District","=""9010022""","English Language Learners (EL)","English Learners",48,40.1,48,41.8,56,32.4
"Norwich Free Academy District","=""9010022""","English Language Learners (EL)","Not English Learners",475,58.2,475,54.9,473,53.2
"Norwich Free Academy District","=""9010022""","Gender","Female",259,59.1,259,54.3,275,51.5
"Norwich Free Academy District","=""9010022""","Gender","Male",264,54.1,264,53.1,254,50.4
"Norwich Free Academy District","=""9010022""","Grade","10","N/A","N/A","N/A","N/A",529,51.0
"Norwich Free Academy District","=""9010022""","Grade","11",523,56.6,523,53.7,"N/A","N/A"
"Norwich Free Academy District","=""9010022""","High Needs (F/R, EL or SWD)","High Needs",247,45.3,247,43.8,304,44.3
"Norwich Free Academy District","=""9010022""","High Needs (F/R, EL or SWD)","Not High Needs",276,66.7,276,62.5,225,60.1
"Norwich Free Academy District","=""9010022""","Free/Reduced Price Meal Eligibility (2-level)","Eligible For Free Or Reduced Price Meals",220,45.8,220,44.2,284,44.9
"Norwich Free Academy District","=""9010022""","Free/Reduced Price Meal Eligibility (2-level)","Not Eligible For Free Or Reduced Price Meals",303,64.4,303,60.5,245,58.1
"Norwich Free Academy District","=""9010022""","Race/Ethnicity","American Indian or Alaska Native",10,"*",10,"*","*","*"
"Norwich Free Academy District","=""9010022""","Race/Ethnicity","Asian",53,61.0,53,72.1,42,54.6
"Norwich Free Academy District","=""9010022""","Race/Ethnicity","Black or African American",85,44.1,85,40.5,83,35.4
"Norwich Free Academy District","=""9010022""","Race/Ethnicity","Hispanic or Latino",70,44.9,70,41.8,105,42.9
"Norwich Free Academy District","=""9010022""","Race/Ethnicity","Native Hawaiian or Other Pacific Islander",10,"*",10,"*","*","*"
"Norwich Free Academy District","=""9010022""","Race/Ethnicity","Two or More Races",11,"*",11,"*",33,52.9
"Norwich Free Academy District","=""9010022""","Race/Ethnicity","White",284,62.5,284,57.6,255,58.7
"Norwich Free Academy District","=""9010022""","Special Education Status (SWD)","Students with Disabilities",44,35.9,44,35.4,63,33.0
"Norwich Free Academy District","=""9010022""","Special Education Status (SWD)","Students without Disabilities",479,58.5,479,55.3,466,53.4
"The Gilbert School District","=""9020022""","All Students","District",240,58.0,239,51.1,186,51.3
"The Gilbert School District","=""9020022""","English Language Learners (EL)","English Learners",10,"*",10,"*","*","*"
"The Gilbert School District","=""9020022""","English Language Learners (EL)","Not English Learners",230,58.5,229,51.7,"*","*"
"The Gilbert School District","=""9020022""","Gender","Female",104,61.6,104,50.6,78,50.4
"The Gilbert School District","=""9020022""","Gender","Male",136,55.3,135,51.4,108,51.9
"The Gilbert School District","=""9020022""","Grade","07",79,60.2,79,46.4,"N/A","N/A"
"The Gilbert School District","=""9020022""","Grade","08",79,61.2,78,49.4,78,57.3
"The Gilbert School District","=""9020022""","Grade","10","N/A","N/A","N/A","N/A",108,46.9
"The Gilbert School District","=""9020022""","Grade","11",82,52.9,82,57.2,"N/A","N/A"
"The Gilbert School District","=""9020022""","High Needs (F/R, EL or SWD)","High Needs",129,54.1,128,42.6,81,51.0
"The Gilbert School District","=""9020022""","High Needs (F/R, EL or SWD)","Not High Needs",111,62.6,111,60.8,105,51.4
"The Gilbert School District","=""9020022""","Free/Reduced Price Meal Eligibility (2-level)","Eligible For Free Or Reduced Price Meals",109,56.6,108,44.1,67,52.3
"The Gilbert School District","=""9020022""","Free/Reduced Price Meal Eligibility (2-level)","Not Eligible For Free Or Reduced Price Meals",131,59.2,131,56.9,119,50.7
"The Gilbert School District","=""9020022""","Race/Ethnicity","American Indian or Alaska Native","*","*","*","*","N/A","N/A"
"The Gilbert School District","=""9020022""","Race/Ethnicity","Asian",27,48.3,27,75.0,23,38.4
"The Gilbert School District","=""9020022""","Race/Ethnicity","Black or African American","*","*","*","*","*","*"
"The Gilbert School District","=""9020022""","Race/Ethnicity","Hispanic or Latino",28,56.2,28,40.8,21,47.2
"The Gilbert School District","=""9020022""","Race/Ethnicity","Two or More Races",10,"*",10,"*","*","*"
"The Gilbert School District","=""9020022""","Race/Ethnicity","White",169,59.6,168,49.3,134,54.2
"The Gilbert School District","=""9020022""","Special Education Status (SWD)","Students with Disabilities",41,39.2,41,31.4,23,44.1
"The Gilbert School District","=""9020022""","Special Education Status (SWD)","Students without Disabilities",199,61.9,198,55.2,163,52.3
"The Woodstock Academy District","=""9030022""","All Students","District",241,65.3,241,61.3,288,59.6
"The Woodstock Academy District","=""9030022""","English Language Learners (EL)","English Learners","*","*","*","*","N/A","N/A"
"The Woodstock Academy District","=""9030022""","English Language Learners (EL)","Not English Learners","*","*","*","*",288,59.6
"The Woodstock Academy District","=""9030022""","Gender","Female",129,66.2,129,60.3,152,57.6
"The Woodstock Academy District","=""9030022""","Gender","Male",112,64.4,112,62.5,136,61.9
"The Woodstock Academy District","=""9030022""","Grade","10","N/A","N/A","N/A","N/A",288,59.6
"The Woodstock Academy District","=""9030022""","Grade","11",241,65.3,241,61.3,"N/A","N/A"
"The Woodstock Academy District","=""9030022""","High Needs (F/R, EL or SWD)","High Needs",25,47.3,25,43.5,21,49.8
"The Woodstock Academy District","=""9030022""","High Needs (F/R, EL or SWD)","Not High Needs",216,67.4,216,63.4,267,60.4
"The Woodstock Academy District","=""9030022""","Free/Reduced Price Meal Eligibility (2-level)","Eligible For Free Or Reduced Price Meals",10,"*",10,"*",6,"*"
"The Woodstock Academy District","=""9030022""","Free/Reduced Price Meal Eligibility (2-level)","Not Eligible For Free Or Reduced Price Meals",231,65.7,231,61.9,282,59.6
"The Woodstock Academy District","=""9030022""","Race/Ethnicity","Asian",19,"*",19,"*",31,45.6
"The Woodstock Academy District","=""9030022""","Race/Ethnicity","Black or African American","*","*","*","*","*","*"
"The Woodstock Academy District","=""9030022""","Race/Ethnicity","Hispanic or Latino",8,"*",8,"*",9,"*"
"The Woodstock Academy District","=""9030022""","Race/Ethnicity","Two or More Races","*","*","*","*","*","*"
"The Woodstock Academy District","=""9030022""","Race/Ethnicity","White",206,66.3,206,59.5,243,62.0
"The Woodstock Academy District","=""9030022""","Special Education Status (SWD)","Students with Disabilities",17,"*",17,"*",16,"*"
"The Woodstock Academy District","=""9030022""","Special Education Status (SWD)","Students without Disabilities",224,67.1,224,63.3,272,60.5

